id_grupo,tamano,clase_objetivo,n_clases_distintas,split_asignado,ejemplo_texto
G-ORIG-0001,3,Desgaste de pastillas y zapatas de freno,1,TRAIN,siento un chillido agudo al frenar
G-ORIG-0002,1,Desgaste de pastillas y zapatas de freno,1,DEV,hola maestro siento un chillido agudo al frenar al andar
G-ORIG-0003,2,Desgaste de pastillas y zapatas de freno,1,TRAIN,el carro chilla bastante cuando piso el freno
G-ORIG-0004,1,Desgaste de pastillas y zapatas de freno,1,TRAIN,buenas tardes maestro el carro chilla bastante cuando piso el freno ultimamente
G-ORIG-0005,1,Desgaste de pastillas y zapatas de freno,1,TRAIN,sabes que el carro chilla bastante cuando piso el freno al andar
G-ORIG-0006,3,Desgaste de pastillas y zapatas de freno,1,TRAIN,suena como metal chocando en la llanta cuando freno
G-ORIG-0007,1,Desgaste de pastillas y zapatas de freno,1,TRAIN,hola maestro suena como metal chocando en la llanta cuando freno en carabayllo
G-ORIG-0008,2,Desgaste de pastillas y zapatas de freno,1,TRAIN,se escucha un chirrido feo al frenar en la esquina
G-ORIG-0009,1,Desgaste de pastillas y zapatas de freno,1,TRAIN,hola maestro se escucha un chirrido feo al frenar en la esquina ultimamente
G-ORIG-0010,1,Desgaste de pastillas y zapatas de freno,1,DEV,buenas tardes maestro se escucha un chirrido feo al frenar en la esquina en la pista
G-ORIG-0011,3,Desgaste de pastillas y zapatas de freno,1,DEV,el freno chilla feo a baja velocidad
G-ORIG-0012,1,Desgaste de pastillas y zapatas de freno,1,DEV,sabes que el freno chilla feo a baja velocidad al andar
G-ORIG-0013,4,Fuga hidraulica o aire en el sistema de frenos,1,DEV,el pedal de freno se va hasta el fondo y esta esponjoso
G-ORIG-0014,4,Fuga hidraulica o aire en el sistema de frenos,1,TRAIN,el freno esta muy largo y no frena casi nada
G-ORIG-0015,2,Fuga hidraulica o aire en el sistema de frenos,1,TRAIN,tengo que pisar hasta el fondo el pedal para que pare
G-ORIG-0016,1,Fuga hidraulica o aire en el sistema de frenos,1,TRAIN,buenas tardes maestro tengo que pisar hasta el fondo el pedal para que pare ultimamente
G-ORIG-0017,1,Fuga hidraulica o aire en el sistema de frenos,1,TRAIN,hola maestro tengo que pisar hasta el fondo el pedal para que pare en carabayllo
G-ORIG-0018,4,Fuga hidraulica o aire en el sistema de frenos,1,TRAIN,siento el pedal de freno blando y el nivel de liquido bajo
G-ORIG-0019,4,Fuga hidraulica o aire en el sistema de frenos,1,TRAIN,el pedal de freno se hunde solo al mantenerlo pisado
G-ORIG-0020,3,Falla en bujias o bobinas de encendido (misfire),1,TRAIN,el motor cascabelea fuerte cuando subo una cuesta
G-ORIG-0021,1,Falla en bujias o bobinas de encendido (misfire),1,DEV,resulta que el motor cascabelea fuerte cuando subo una cuesta al andar
G-ORIG-0022,4,Falla en bujias o bobinas de encendido (misfire),1,TRAIN,siento un cascabeleo en el motor al acelerar fuerte
G-ORIG-0023,1,Falla en bujias o bobinas de encendido (misfire),1,DEV,el carro cascabelea y pierde fuerza en la subida
G-ORIG-0024,1,Falla en bujias o bobinas de encendido (misfire),1,DEV,hola maestro el carro cascabelea y pierde fuerza en la subida al andar
G-ORIG-0025,1,Falla en bujias o bobinas de encendido (misfire),1,TRAIN,buenas tardes maestro el carro cascabelea y pierde fuerza en la subida desde ayer
G-ORIG-0026,1,Falla en bujias o bobinas de encendido (misfire),1,TRAIN,hola maestro el carro cascabelea y pierde fuerza en la subida ultimamente
G-ORIG-0027,3,Falla en bujias o bobinas de encendido (misfire),1,TRAIN,escucho un sonajero o cascabeleo en el motor al pisar el acelerador
G-ORIG-0028,1,Falla en bujias o bobinas de encendido (misfire),1,DEV,amigo una consulta escucho un sonajero o cascabeleo en el motor al pisar el acelerador al andar
G-ORIG-0029,3,Falla en bujias o bobinas de encendido (misfire),1,TRAIN,el motor cabecea y cascabelea en tercera marcha
G-ORIG-0030,1,Falla en bujias o bobinas de encendido (misfire),1,TRAIN,buenas tardes maestro el motor cabecea y cascabelea en tercera marcha desde ayer
G-ORIG-0031,3,Bateria descargada o bornes sulfatados,1,TRAIN,el carro no arranca solo hace un click click al girar la llave
G-ORIG-0032,1,Bateria descargada o bornes sulfatados,1,TRAIN,sabes que el carro no arranca solo hace un click click al girar la llave al andar
G-ORIG-0033,2,Bateria descargada o bornes sulfatados,1,TRAIN,no prende el auto no da arranque y las luces estan tenues
G-ORIG-0034,1,Bateria descargada o bornes sulfatados,1,TRAIN,mi carro presenta no prende el auto no da arranque y las luces estan tenues al andar
G-ORIG-0035,1,Bateria descargada o bornes sulfatados,1,TRAIN,buenas tardes maestro no prende el auto no da arranque y las luces estan tenues en la pista
G-ORIG-0036,2,Bateria descargada o bornes sulfatados,1,TRAIN,giro la llave y no hace nada la bateria esta muerta
G-ORIG-0037,1,Bateria descargada o bornes sulfatados,1,TRAIN,buenas tardes maestro giro la llave y no hace nada la bateria esta muerta cuando salgo a trabajar
G-ORIG-0038,1,Bateria descargada o bornes sulfatados,1,TRAIN,sabes que giro la llave y no hace nada la bateria esta muerta al andar
G-ORIG-0039,4,Bateria descargada o bornes sulfatados,1,TRAIN,el carro no da marcha y el tablero parpadea
G-ORIG-0040,3,Bateria descargada o bornes sulfatados,1,TRAIN,no arranca en las mañanas solo suena un tacc seco
G-ORIG-0041,1,Bateria descargada o bornes sulfatados,1,TRAIN,buenas tardes maestro no arranca en las mañanas solo suena un tacc seco en carabayllo
G-ORIG-0042,2,Llantas desbalanceadas o desalineadas,1,DEV,el timon tiembla bastante a mas de 80 kilometros por hora
G-ORIG-0043,1,Llantas desbalanceadas o desalineadas,1,TRAIN,buenas tardes maestro el timon tiembla bastante a mas de 80 kilometros por hora al andar
G-ORIG-0044,2,Llantas desbalanceadas o desalineadas,1,TRAIN,vibra la direccion del carro cuando voy por la panamericana
G-ORIG-0045,1,Llantas desbalanceadas o desalineadas,1,TRAIN,buenas tardes maestro vibra la direccion del carro cuando voy por la panamericana al andar
G-ORIG-0046,1,Llantas desbalanceadas o desalineadas,1,TRAIN,hola maestro vibra la direccion del carro cuando voy por la panamericana cuando salgo a trabajar
G-ORIG-0047,3,Llantas desbalanceadas o desalineadas,1,TRAIN,el timon zapatea fuerte a alta velocidad
G-ORIG-0048,2,Llantas desbalanceadas o desalineadas,1,TRAIN,siento que la direccion vibra entre 70 y 90 km/h
G-ORIG-0049,1,Llantas desbalanceadas o desalineadas,1,TRAIN,sabes que siento que la direccion vibra entre 70 y 90 km/h al andar
G-ORIG-0050,1,Llantas desbalanceadas o desalineadas,1,DEV,hola maestro siento que la direccion vibra entre 70 y 90 km/h al andar
G-ORIG-0051,3,Llantas desbalanceadas o desalineadas,1,DEV,el carro se jala para un lado y tiembla el timon
G-ORIG-0052,1,Llantas desbalanceadas o desalineadas,1,TRAIN,resulta que el carro se jala para un lado y tiembla el timon al andar
G-ORIG-0053,2,Amortiguadores reventados o bujes de suspension gastados,1,TRAIN,suena un golpe seco en la llanta al pasar un rompemuelles
G-ORIG-0054,1,Amortiguadores reventados o bujes de suspension gastados,1,TRAIN,buenas tardes maestro suena un golpe seco en la llanta al pasar un rompemuelles cuando salgo a trabajar
G-ORIG-0055,1,Amortiguadores reventados o bujes de suspension gastados,1,DEV,hola maestro suena un golpe seco en la llanta al pasar un rompemuelles al andar
G-ORIG-0056,4,Amortiguadores reventados o bujes de suspension gastados,1,TRAIN,escucho un trancazo seco en la suspension al pasar por baches
G-ORIG-0057,2,Amortiguadores reventados o bujes de suspension gastados,1,TRAIN,el carro golpea feo abajo al cruzar un bache en carabayllo
G-ORIG-0058,2,Amortiguadores reventados o bujes de suspension gastados,1,DEV,resulta que el carro golpea feo abajo al cruzar un bache en carabayllo al andar
G-ORIG-0059,3,Amortiguadores reventados o bujes de suspension gastados,1,DEV,suena un golpe fuerte en la rueda delantera derecha al caer en hueco
G-ORIG-0060,1,Amortiguadores reventados o bujes de suspension gastados,1,TRAIN,buenas tardes maestro suena un golpe fuerte en la rueda delantera derecha al caer en hueco ultimamente
G-ORIG-0061,2,Amortiguadores reventados o bujes de suspension gastados,1,TRAIN,la suspension suena suelta y golpea al andar
G-ORIG-0062,2,Amortiguadores reventados o bujes de suspension gastados,1,TRAIN,hola maestro la suspension suena suelta y golpea al andar en la pista
G-ORIG-0063,2,Juntas homocineticas o palieres danados,1,DEV,suena un clac clac fuerte al girar todo el timon para doblar
G-ORIG-0064,2,Juntas homocineticas o palieres danados,1,TRAIN,buenas tardes maestro suena un clac clac fuerte al girar todo el timon para doblar en carabayllo
G-ORIG-0065,3,Juntas homocineticas o palieres danados,1,TRAIN,cuando doblo toda la esquina suena un crujido en la llanta
G-ORIG-0066,1,Juntas homocineticas o palieres danados,1,TRAIN,hola maestro cuando doblo toda la esquina suena un crujido en la llanta en carabayllo
G-ORIG-0067,3,Juntas homocineticas o palieres danados,1,TRAIN,suena clac clac en las ruedas delanteras cuando giro a la izquierda
G-ORIG-0068,1,Juntas homocineticas o palieres danados,1,TRAIN,buenas tardes maestro suena clac clac en las ruedas delanteras cuando giro a la izquierda al andar
G-ORIG-0069,3,Juntas homocineticas o palieres danados,1,TRAIN,al dar vuelta en u se escucha un traqueteo en el palier
G-ORIG-0070,1,Juntas homocineticas o palieres danados,1,DEV,buenas tardes maestro al dar vuelta en u se escucha un traqueteo en el palier desde ayer
G-ORIG-0071,3,Juntas homocineticas o palieres danados,1,TRAIN,suena un chasquido continuo cuando doblo el timon
G-ORIG-0072,1,Juntas homocineticas o palieres danados,1,TRAIN,mi carro presenta suena un chasquido continuo cuando doblo el timon al andar
G-ORIG-0073,2,Inyectores sucios o filtro de combustible obstruido,1,TRAIN,el carro se aguanta o pierde fuerza cuando acelero
G-ORIG-0074,1,Inyectores sucios o filtro de combustible obstruido,1,TRAIN,amigo una consulta el carro se aguanta o pierde fuerza cuando acelero al andar
G-ORIG-0075,3,Inyectores sucios o filtro de combustible obstruido,1,DEV,siento que el auto se chupa y no responde al acelerador
G-ORIG-0076,1,Inyectores sucios o filtro de combustible obstruido,1,TRAIN,buenas tardes maestro siento que el auto se chupa y no responde al acelerador ultimamente
G-ORIG-0077,2,Inyectores sucios o filtro de combustible obstruido,1,TRAIN,el carro se atranca al querer adelantar un bus
G-ORIG-0078,2,Inyectores sucios o filtro de combustible obstruido,1,TRAIN,hola maestro el carro se atranca al querer adelantar un bus desde ayer
G-ORIG-0079,2,Inyectores sucios o filtro de combustible obstruido,1,DEV,acelero y el carro no avanza se queda aguantado
G-ORIG-0080,1,Inyectores sucios o filtro de combustible obstruido,1,TRAIN,hola maestro acelero y el carro no avanza se queda aguantado en carabayllo
G-ORIG-0081,1,Inyectores sucios o filtro de combustible obstruido,1,TRAIN,sabes que acelero y el carro no avanza se queda aguantado al andar
G-ORIG-0082,2,Inyectores sucios o filtro de combustible obstruido,1,DEV,pierde potencia de la nada cuando acelero en pista
G-ORIG-0083,2,Inyectores sucios o filtro de combustible obstruido,1,TRAIN,hola maestro pierde potencia de la nada cuando acelero en pista ultimamente
G-ORIG-0084,2,Falla en sensor de oxigeno o mezcla rica,1,TRAIN,el carro esta consumiendo demasiada gasolina ultimamente
G-ORIG-0085,1,Falla en sensor de oxigeno o mezcla rica,1,TRAIN,hola maestro el carro esta consumiendo demasiada gasolina ultimamente en la pista
G-ORIG-0086,1,Falla en sensor de oxigeno o mezcla rica,1,TRAIN,buenas tardes maestro el carro esta consumiendo demasiada gasolina ultimamente desde ayer
G-ORIG-0087,2,Falla en sensor de oxigeno o mezcla rica,1,TRAIN,esta tragando combustible como loco y huele raro
G-ORIG-0088,1,Falla en sensor de oxigeno o mezcla rica,1,TRAIN,buenas tardes maestro esta tragando combustible como loco y huele raro en la pista
G-ORIG-0089,1,Falla en sensor de oxigeno o mezcla rica,1,TRAIN,buenas tardes maestro esta tragando combustible como loco y huele raro al andar
G-ORIG-0090,3,Falla en sensor de oxigeno o mezcla rica,1,DEV,el consumo de gasolina se disparo al doble este mes
G-ORIG-0091,2,Falla en sensor de oxigeno o mezcla rica,1,TRAIN,huele mal el escape y consume mucha gasolina
G-ORIG-0092,1,Falla en sensor de oxigeno o mezcla rica,1,TRAIN,buenas tardes maestro huele mal el escape y consume mucha gasolina en carabayllo
G-ORIG-0093,1,Falla en sensor de oxigeno o mezcla rica,1,DEV,hola maestro huele mal el escape y consume mucha gasolina al andar
G-ORIG-0094,2,Falla en sensor de oxigeno o mezcla rica,1,DEV,el tanque de gasolina se rinde muy rapido
G-ORIG-0095,1,Falla en sensor de oxigeno o mezcla rica,1,TRAIN,amigo una consulta el tanque de gasolina se rinde muy rapido al andar
G-ORIG-0096,1,Falla en sensor de oxigeno o mezcla rica,1,TRAIN,hola maestro el tanque de gasolina se rinde muy rapido al andar
G-ORIG-0097,1,Falla en sensor de oxigeno o mezcla rica,1,TRAIN,esta botando humo negro espeso por el tubo de escape
G-ORIG-0098,2,Falla en sensor de oxigeno o mezcla rica,1,TRAIN,sabes que esta botando humo negro espeso por el tubo de escape al andar
G-ORIG-0099,1,Falla en sensor de oxigeno o mezcla rica,1,TRAIN,hola maestro esta botando humo negro espeso por el tubo de escape en carabayllo
G-ORIG-0100,2,Falla en sensor de oxigeno o mezcla rica,1,TRAIN,sale humo negro y mancha de hollin el suelo al acelerar
G-ORIG-0101,2,Falla en sensor de oxigeno o mezcla rica,1,TRAIN,buenas tardes maestro sale humo negro y mancha de hollin el suelo al acelerar ultimamente
G-ORIG-0102,3,Falla en sensor de oxigeno o mezcla rica,1,DEV,bota humo oscuro y carbon por el escape
G-ORIG-0103,2,Falla en sensor de oxigeno o mezcla rica,1,DEV,sale humo negro con olor a gasolina mal quemada
G-ORIG-0104,1,Falla en sensor de oxigeno o mezcla rica,1,TRAIN,buenas tardes maestro sale humo negro con olor a gasolina mal quemada en carabayllo
G-ORIG-0105,1,Falla en sensor de oxigeno o mezcla rica,1,DEV,hola maestro sale humo negro con olor a gasolina mal quemada en carabayllo
G-ORIG-0106,3,Falla en sensor de oxigeno o mezcla rica,1,DEV,al acelerar a fondo bota una nube de humo negro
G-ORIG-0107,1,Falla en sensor de oxigeno o mezcla rica,1,TRAIN,hola maestro al acelerar a fondo bota una nube de humo negro ultimamente
G-ORIG-0108,2,Consumo de aceite por desgaste de anillos o retenes,1,TRAIN,sale humo azul con olor a aceite quemado por el escape
G-ORIG-0109,1,Consumo de aceite por desgaste de anillos o retenes,1,TRAIN,buenas tardes maestro sale humo azul con olor a aceite quemado por el escape cuando salgo a trabajar
G-ORIG-0110,3,Consumo de aceite por desgaste de anillos o retenes,1,TRAIN,bota humo azuloso continuo cuando acelero
G-ORIG-0111,1,Consumo de aceite por desgaste de anillos o retenes,1,DEV,hola maestro bota humo azuloso continuo cuando acelero ultimamente
G-ORIG-0112,3,Consumo de aceite por desgaste de anillos o retenes,1,TRAIN,el motor consume aceite y bota humo azul por el tubo
G-ORIG-0113,1,Consumo de aceite por desgaste de anillos o retenes,1,DEV,sabes que el motor consume aceite y bota humo azul por el tubo al andar
G-ORIG-0114,3,Consumo de aceite por desgaste de anillos o retenes,1,TRAIN,bota humo garzo azulado al salir en primera
G-ORIG-0115,1,Consumo de aceite por desgaste de anillos o retenes,1,DEV,sabes que bota humo garzo azulado al salir en primera al andar
G-ORIG-0116,1,Consumo de aceite por desgaste de anillos o retenes,1,TRAIN,tengo que rellenar aceite cada semana y bota humo azul
G-ORIG-0117,2,Consumo de aceite por desgaste de anillos o retenes,1,TRAIN,buenas tardes maestro tengo que rellenar aceite cada semana y bota humo azul desde ayer
G-ORIG-0118,1,Consumo de aceite por desgaste de anillos o retenes,1,TRAIN,mi carro presenta tengo que rellenar aceite cada semana y bota humo azul al andar
G-ORIG-0119,3,Empaque de culata soplado o danado,1,TRAIN,sale bastante humo blanco espeso por el tubo de escape
G-ORIG-0120,1,Empaque de culata soplado o danado,1,TRAIN,hola maestro sale bastante humo blanco espeso por el tubo de escape en carabayllo
G-ORIG-0121,3,Empaque de culata soplado o danado,1,TRAIN,bota humo blanco como vapor y se consume el agua del radiador
G-ORIG-0122,1,Empaque de culata soplado o danado,1,TRAIN,buenas tardes maestro bota humo blanco como vapor y se consume el agua del radiador en carabayllo
G-ORIG-0123,3,Empaque de culata soplado o danado,1,TRAIN,el motor calienta y bota humo blanco espeso constante
G-ORIG-0124,1,Empaque de culata soplado o danado,1,TRAIN,hola maestro el motor calienta y bota humo blanco espeso constante en la pista
G-ORIG-0125,3,Empaque de culata soplado o danado,1,DEV,se mezcla el agua con el aceite y bota humo blanco
G-ORIG-0126,1,Empaque de culata soplado o danado,1,TRAIN,hola maestro se mezcla el agua con el aceite y bota humo blanco al andar
G-ORIG-0127,3,Empaque de culata soplado o danado,1,TRAIN,bota bastante vapor y agua por el tubo de escape
G-ORIG-0128,1,Empaque de culata soplado o danado,1,DEV,hola maestro bota bastante vapor y agua por el tubo de escape en la pista
G-ORIG-0129,3,Alternador defectuoso o placa de diodos quemada,1,TRAIN,suena un chillido agudo de faja debajo del capo
G-ORIG-0130,1,Alternador defectuoso o placa de diodos quemada,1,TRAIN,hola maestro suena un chillido agudo de faja debajo del capo cuando salgo a trabajar
G-ORIG-0131,3,Alternador defectuoso o placa de diodos quemada,1,DEV,el motor chilla feo al encenderlo en las mañanas
G-ORIG-0132,1,Alternador defectuoso o placa de diodos quemada,1,TRAIN,buenas tardes maestro el motor chilla feo al encenderlo en las mañanas al andar
G-ORIG-0133,2,Alternador defectuoso o placa de diodos quemada,1,TRAIN,suena un silbido agudo continuo en la faja del alternador
G-ORIG-0134,1,Alternador defectuoso o placa de diodos quemada,1,TRAIN,buenas tardes maestro suena un silbido agudo continuo en la faja del alternador desde ayer
G-ORIG-0135,1,Alternador defectuoso o placa de diodos quemada,1,TRAIN,sabes que suena un silbido agudo continuo en la faja del alternador al andar
G-ORIG-0136,3,Alternador defectuoso o placa de diodos quemada,1,TRAIN,prende la luz de la bateria en el tablero y chilla la faja
G-ORIG-0137,1,Alternador defectuoso o placa de diodos quemada,1,TRAIN,hola maestro prende la luz de la bateria en el tablero y chilla la faja cuando salgo a trabajar
G-ORIG-0138,3,Alternador defectuoso o placa de diodos quemada,1,TRAIN,chilla la faja al prender las luces altas o aire
G-ORIG-0139,1,Alternador defectuoso o placa de diodos quemada,1,DEV,hola maestro chilla la faja al prender las luces altas o aire en carabayllo
G-ORIG-0140,2,Cuerpo de aceleracion o valvula IAC sucia,1,TRAIN,el motor se apaga solo cuando bajo la velocidad o freno
G-ORIG-0141,1,Cuerpo de aceleracion o valvula IAC sucia,1,TRAIN,buenas tardes maestro el motor se apaga solo cuando bajo la velocidad o freno desde ayer
G-ORIG-0142,1,Cuerpo de aceleracion o valvula IAC sucia,1,TRAIN,hola maestro el motor se apaga solo cuando bajo la velocidad o freno ultimamente
G-ORIG-0143,3,Cuerpo de aceleracion o valvula IAC sucia,1,TRAIN,al llegar a una esquina o semaforo el carro se apaga de la nada
G-ORIG-0144,1,Cuerpo de aceleracion o valvula IAC sucia,1,DEV,buenas tardes maestro al llegar a una esquina o semaforo el carro se apaga de la nada cuando salgo a trabajar
G-ORIG-0145,3,Cuerpo de aceleracion o valvula IAC sucia,1,TRAIN,se apaga el motor al poner neutro o soltar el acelerador
G-ORIG-0146,1,Cuerpo de aceleracion o valvula IAC sucia,1,DEV,mi carro presenta se apaga el motor al poner neutro o soltar el acelerador al andar
G-ORIG-0147,2,Cuerpo de aceleracion o valvula IAC sucia,1,TRAIN,el minimo esta inestable y el carro se apaga solo
G-ORIG-0148,1,Cuerpo de aceleracion o valvula IAC sucia,1,TRAIN,tengo un problema el minimo esta inestable y el carro se apaga solo al andar
G-ORIG-0149,1,Cuerpo de aceleracion o valvula IAC sucia,1,TRAIN,hola maestro el minimo esta inestable y el carro se apaga solo ultimamente
G-ORIG-0150,3,Cuerpo de aceleracion o valvula IAC sucia,1,TRAIN,se apaga en cada rompemuelles si no lo mantengo acelerado
G-ORIG-0151,1,Cuerpo de aceleracion o valvula IAC sucia,1,TRAIN,hola maestro se apaga en cada rompemuelles si no lo mantengo acelerado al andar
G-ORIG-0152,1,Falla electrica del cierre centralizado o actuador de puerta,1,TRAIN,pasa que al cerrar la puerta de mi auto y al aplastar el control de la puerta este no lo abre y sigue bloqueada
G-ORIG-0153,1,"Cerradura, chapa o pestillo mecanico de puerta trabado o desalineado",1,TRAIN,la chapa de la puerta esta inclinada para el costado y no abre
G-ORIG-0154,1,"Cerradura, chapa o pestillo mecanico de puerta trabado o desalineado",1,TRAIN,el seguro mecanico de la puerta se quedo trabado o chueco
G-ORIG-0155,1,"Cerradura, chapa o pestillo mecanico de puerta trabado o desalineado",1,TRAIN,la chapa de la puerta no encaja ni cierra bien
G-ORIG-0156,1,"Cerradura, chapa o pestillo mecanico de puerta trabado o desalineado",1,TRAIN,el pestillo de la puerta esta doblado y la chapa no responde
G-ORIG-0157,1,"Cerradura, chapa o pestillo mecanico de puerta trabado o desalineado",1,TRAIN,la cerradura de la puerta se quedo trabada hacia un lado
G-ORIG-0158,1,Falla electrica del cierre centralizado o actuador de puerta,1,TRAIN,aplasto el control y el seguro de la puerta se queda trabado
G-ORIG-0159,5,Desgaste de pastillas y zapatas de freno,1,TRAIN,chillido feo al frenar
G-ORIG-0160,1,Desgaste de pastillas y zapatas de freno,1,DEV,siento que chillido feo al frenar cuando voy manejando
G-ORIG-0161,2,Desgaste de pastillas y zapatas de freno,1,DEV,al salir a trabajar chillido feo al frenar al pasar un rompemuelles
G-ORIG-0162,7,Desgaste de pastillas y zapatas de freno,1,TRAIN,ruido de metal con metal en las ruedas al pisar el freno
G-ORIG-0163,1,Desgaste de pastillas y zapatas de freno,1,TRAIN,al salir a trabajar ruido de metal con metal en las ruedas al pisar el freno de la nada
G-ORIG-0164,1,Desgaste de pastillas y zapatas de freno,1,TRAIN,siento que ruido de metal con metal en las ruedas al pisar el freno al acelerar
G-ORIG-0165,9,Desgaste de pastillas y zapatas de freno,1,TRAIN,chilla la rueda delantera cuando freno
G-ORIG-0166,7,Desgaste de pastillas y zapatas de freno,1,TRAIN,chirrido agudo en el pedal de freno
G-ORIG-0167,1,Desgaste de pastillas y zapatas de freno,1,TRAIN,al salir a trabajar chirrido agudo en el pedal de freno cuando voy manejando
G-ORIG-0168,1,Desgaste de pastillas y zapatas de freno,1,TRAIN,siento que chirrido agudo en el pedal de freno en carabayllo
G-ORIG-0169,6,Fuga hidraulica o aire en el sistema de frenos,1,TRAIN,pedal de freno esponjoso y se hunde hasta el fondo
G-ORIG-0170,2,Fuga hidraulica o aire en el sistema de frenos,1,DEV,al salir a trabajar pedal de freno esponjoso y se hunde hasta el fondo cuando voy manejando
G-ORIG-0171,1,Fuga hidraulica o aire en el sistema de frenos,1,TRAIN,siento que pedal de freno esponjoso y se hunde hasta el fondo al acelerar
G-ORIG-0172,6,Fuga hidraulica o aire en el sistema de frenos,1,TRAIN,freno muy largo y no frena casi nada
G-ORIG-0173,1,Fuga hidraulica o aire en el sistema de frenos,1,TRAIN,siento que freno muy largo y no frena casi nada al pasar un rompemuelles
G-ORIG-0174,1,Fuga hidraulica o aire en el sistema de frenos,1,TRAIN,al salir a trabajar freno muy largo y no frena casi nada de la nada
G-ORIG-0175,7,Fuga hidraulica o aire en el sistema de frenos,1,TRAIN,el nivel de liquido de frenos baja solo
G-ORIG-0176,2,Fuga hidraulica o aire en el sistema de frenos,1,TRAIN,siento que el nivel de liquido de frenos baja solo en las mañanas
G-ORIG-0177,9,Fuga hidraulica o aire en el sistema de frenos,1,TRAIN,tengo que bombear el freno para que agarre
G-ORIG-0178,15,Falla en servofreno (booster) o linea de vacio,1,TRAIN,pedal de freno duro como una piedra y no frena
G-ORIG-0179,2,Falla en servofreno (booster) o linea de vacio,1,DEV,al salir a trabajar pedal de freno duro como una piedra y no frena al pasar un rompemuelles
G-ORIG-0180,8,Falla en servofreno (booster) o linea de vacio,1,TRAIN,tengo que hacer mucha fuerza con la pierna para frenar
G-ORIG-0181,1,Falla en servofreno (booster) o linea de vacio,1,DEV,siento que tengo que hacer mucha fuerza con la pierna para frenar al acelerar
G-ORIG-0182,6,Falla en servofreno (booster) o linea de vacio,1,TRAIN,el freno esta hiper duro
G-ORIG-0183,1,Falla en servofreno (booster) o linea de vacio,1,TRAIN,al salir a trabajar el freno esta hiper duro de la nada
G-ORIG-0184,7,Discos de freno alabeados o desgastados,1,DEV,el timon y el pedal de freno vibran bastante al frenar a alta velocidad
G-ORIG-0185,2,Discos de freno alabeados o desgastados,1,DEV,siento que el timon y el pedal de freno vibran bastante al frenar a alta velocidad cuando voy manejando
G-ORIG-0186,6,Discos de freno alabeados o desgastados,1,TRAIN,tiembla el pedal cuando piso el freno despacio
G-ORIG-0187,2,Discos de freno alabeados o desgastados,1,TRAIN,al salir a trabajar tiembla el pedal cuando piso el freno despacio al acelerar
G-ORIG-0188,1,Discos de freno alabeados o desgastados,1,TRAIN,siento que tiembla el pedal cuando piso el freno despacio al pasar un rompemuelles
G-ORIG-0189,7,Amortiguadores reventados o bujes de suspension gastados,1,TRAIN,golpe seco o trancazo en la llanta al pasar por rompemuelles
G-ORIG-0190,1,Amortiguadores reventados o bujes de suspension gastados,1,TRAIN,al salir a trabajar golpe seco o trancazo en la llanta al pasar por rompemuelles en la pista
G-ORIG-0191,14,Amortiguadores reventados o bujes de suspension gastados,1,TRAIN,ruido de cazoleta en huecos
G-ORIG-0192,3,Amortiguadores reventados o bujes de suspension gastados,1,TRAIN,al salir a trabajar ruido de cazoleta en huecos al acelerar
G-ORIG-0193,1,Amortiguadores reventados o bujes de suspension gastados,1,TRAIN,siento que ruido de cazoleta en huecos al pasar un rompemuelles
G-ORIG-0194,6,Amortiguadores reventados o bujes de suspension gastados,1,TRAIN,la suspension golpea feo abajo
G-ORIG-0195,1,Amortiguadores reventados o bujes de suspension gastados,1,DEV,siento que la suspension golpea feo abajo en carabayllo
G-ORIG-0196,6,Amortiguadores reventados o bujes de suspension gastados,1,TRAIN,el carro se hamaca demasiado al frenar
G-ORIG-0197,2,Amortiguadores reventados o bujes de suspension gastados,1,TRAIN,siento que el carro se hamaca demasiado al frenar cuando voy manejando
G-ORIG-0198,1,Amortiguadores reventados o bujes de suspension gastados,1,TRAIN,al salir a trabajar el carro se hamaca demasiado al frenar cuando voy manejando
G-ORIG-0199,7,Juntas homocineticas o palieres danados,1,TRAIN,suena clac clac fuerte al girar todo el timon para doblar
G-ORIG-0200,1,Juntas homocineticas o palieres danados,1,TRAIN,siento que suena clac clac fuerte al girar todo el timon para doblar en carabayllo
G-ORIG-0201,16,Juntas homocineticas o palieres danados,1,TRAIN,crujido en la llanta al dar vuelta en U
G-ORIG-0202,1,Juntas homocineticas o palieres danados,1,TRAIN,siento que crujido en la llanta al dar vuelta en U en las mañanas
G-ORIG-0203,7,Juntas homocineticas o palieres danados,1,DEV,traqueteo en el palier delantero al doblar la esquina
G-ORIG-0204,1,Juntas homocineticas o palieres danados,1,TRAIN,al salir a trabajar traqueteo en el palier delantero al doblar la esquina en las mañanas
G-ORIG-0205,7,Llantas desbalanceadas o desalineadas,1,TRAIN,el timon tiembla bastante a mas de 80 km/h
G-ORIG-0206,1,Llantas desbalanceadas o desalineadas,1,DEV,al salir a trabajar el timon tiembla bastante a mas de 80 km/h en la pista
G-ORIG-0207,8,Llantas desbalanceadas o desalineadas,1,TRAIN,direccion vibra en la autopista
G-ORIG-0208,1,Llantas desbalanceadas o desalineadas,1,TRAIN,al salir a trabajar direccion vibra en la autopista de la nada
G-ORIG-0209,7,Llantas desbalanceadas o desalineadas,1,TRAIN,el carro se jala solo hacia un lado en pista recta
G-ORIG-0210,2,Llantas desbalanceadas o desalineadas,1,TRAIN,al salir a trabajar el carro se jala solo hacia un lado en pista recta en las mañanas
G-ORIG-0211,7,Cremallera de direccion asistida con holgura o fuga,1,TRAIN,timon duro para girar y suena un zumbido al doblar
G-ORIG-0212,1,Cremallera de direccion asistida con holgura o fuga,1,TRAIN,al salir a trabajar timon duro para girar y suena un zumbido al doblar al acelerar
G-ORIG-0213,1,Cremallera de direccion asistida con holgura o fuga,1,TRAIN,siento que timon duro para girar y suena un zumbido al doblar en carabayllo
G-ORIG-0214,15,Cremallera de direccion asistida con holgura o fuga,1,TRAIN,fuga de aceite de direccion en el suelo
G-ORIG-0215,3,Cremallera de direccion asistida con holgura o fuga,1,TRAIN,al salir a trabajar fuga de aceite de direccion en el suelo al acelerar
G-ORIG-0216,5,Cremallera de direccion asistida con holgura o fuga,1,TRAIN,la direccion hidraulica esta durisima
G-ORIG-0217,3,Cremallera de direccion asistida con holgura o fuga,1,TRAIN,al salir a trabajar la direccion hidraulica esta durisima al pasar un rompemuelles
G-ORIG-0218,1,Cremallera de direccion asistida con holgura o fuga,1,TRAIN,siento que la direccion hidraulica esta durisima en carabayllo
G-ORIG-0219,8,Disco de embrague desgastado o patinando,1,TRAIN,el motor revoluciona alto pero el carro no avanza con fuerza
G-ORIG-0220,1,Disco de embrague desgastado o patinando,1,TRAIN,siento que el motor revoluciona alto pero el carro no avanza con fuerza en la pista
G-ORIG-0221,7,Disco de embrague desgastado o patinando,1,DEV,el carro se queda sin fuerza en subidas y huele a quemado
G-ORIG-0222,1,Disco de embrague desgastado o patinando,1,TRAIN,siento que el carro se queda sin fuerza en subidas y huele a quemado cuando voy manejando
G-ORIG-0223,4,Disco de embrague desgastado o patinando,1,TRAIN,el embrague patina al cambiar de marcha
G-ORIG-0224,4,Disco de embrague desgastado o patinando,1,TRAIN,al salir a trabajar el embrague patina al cambiar de marcha en carabayllo
G-ORIG-0225,9,Falla en bombin o bomba hidraulica de embrague,1,TRAIN,los cambios rascados o duros de entrar
G-ORIG-0226,9,Falla en bombin o bomba hidraulica de embrague,1,TRAIN,el pedal de embrague no regresa bien
G-ORIG-0227,7,Falla en bombin o bomba hidraulica de embrague,1,TRAIN,cuesta meter primera y retroceso
G-ORIG-0228,7,Falta o degradacion de aceite de caja de cambios,1,TRAIN,zumbido constante en la caja de cambios al andar
G-ORIG-0229,1,Falta o degradacion de aceite de caja de cambios,1,TRAIN,al salir a trabajar zumbido constante en la caja de cambios al andar en la pista
G-ORIG-0230,8,Falta o degradacion de aceite de caja de cambios,1,TRAIN,suena un canto feo en la caja en neutro
G-ORIG-0231,1,Falta o degradacion de aceite de caja de cambios,1,TRAIN,siento que suena un canto feo en la caja en neutro de la nada
G-ORIG-0232,6,Falta o degradacion de aceite de caja de cambios,1,DEV,los cambios botan la marcha solos
G-ORIG-0233,2,Falta o degradacion de aceite de caja de cambios,1,TRAIN,siento que los cambios botan la marcha solos cuando voy manejando
G-ORIG-0234,1,Falta o degradacion de aceite de caja de cambios,1,TRAIN,al salir a trabajar los cambios botan la marcha solos de la nada
G-ORIG-0235,7,"Cerradura, chapa o pestillo mecanico de puerta trabado o desalineado",1,TRAIN,la chapa de la puerta esta inclinada o trabada y no abre
G-ORIG-0236,1,"Cerradura, chapa o pestillo mecanico de puerta trabado o desalineado",1,TRAIN,al salir a trabajar la chapa de la puerta esta inclinada o trabada y no abre al acelerar
G-ORIG-0237,16,Falla electrica del cierre centralizado o actuador de puerta,1,TRAIN,al aplastar el control la puerta sigue bloqueada
G-ORIG-0238,2,Falla electrica del cierre centralizado o actuador de puerta,1,TRAIN,al salir a trabajar al aplastar el control la puerta sigue bloqueada en las mañanas
G-ORIG-0239,1,Falla electrica del cierre centralizado o actuador de puerta,1,TRAIN,siento que al aplastar el control la puerta sigue bloqueada cuando voy manejando
G-ORIG-0240,8,"Cerradura, chapa o pestillo mecanico de puerta trabado o desalineado",1,TRAIN,el pestillo de la puerta se quedo chueco
G-ORIG-0241,1,"Cerradura, chapa o pestillo mecanico de puerta trabado o desalineado",1,TRAIN,siento que el pestillo de la puerta se quedo chueco al acelerar
G-ORIG-0242,8,"Cerradura, chapa o pestillo mecanico de puerta trabado o desalineado",1,DEV,la cerradura no encaja ni abre
G-ORIG-0243,1,"Cerradura, chapa o pestillo mecanico de puerta trabado o desalineado",1,DEV,siento que la cerradura no encaja ni abre en la pista
G-ORIG-0244,17,Elevalunas electrico o guaya de alzacristales rota o trabada,1,TRAIN,la ventana del carro no sube ni baja
G-ORIG-0245,7,Elevalunas electrico o guaya de alzacristales rota o trabada,1,DEV,se escucho un chasquido y el vidrio cayo al fondo de la puerta
G-ORIG-0246,1,Elevalunas electrico o guaya de alzacristales rota o trabada,1,TRAIN,al salir a trabajar se escucho un chasquido y el vidrio cayo al fondo de la puerta al acelerar
G-ORIG-0247,6,Elevalunas electrico o guaya de alzacristales rota o trabada,1,TRAIN,el motor del elevador de ventana no responde
G-ORIG-0248,2,Elevalunas electrico o guaya de alzacristales rota o trabada,1,TRAIN,al salir a trabajar el motor del elevador de ventana no responde de la nada
G-ORIG-0249,1,Elevalunas electrico o guaya de alzacristales rota o trabada,1,DEV,siento que el motor del elevador de ventana no responde de la nada
G-ORIG-0250,16,Limpiaparabrisas o motor pluma quemado,1,DEV,las plumas del limpiaparabrisas no se mueven
G-ORIG-0251,2,Limpiaparabrisas o motor pluma quemado,1,TRAIN,al salir a trabajar las plumas del limpiaparabrisas no se mueven en carabayllo
G-ORIG-0252,16,Limpiaparabrisas o motor pluma quemado,1,TRAIN,el agua del limpiaparabrisas no sale
G-ORIG-0253,1,Limpiaparabrisas o motor pluma quemado,1,TRAIN,siento que el agua del limpiaparabrisas no sale al pasar un rompemuelles
G-ORIG-0254,6,Limpiaparabrisas o motor pluma quemado,1,TRAIN,las plumas se quedaron trabadas a la mitad
G-ORIG-0255,2,Limpiaparabrisas o motor pluma quemado,1,TRAIN,siento que las plumas se quedaron trabadas a la mitad en la pista
G-ORIG-0256,7,Bateria descargada o bornes sulfatados,1,TRAIN,el carro no arranca solo hace un click seco
G-ORIG-0257,1,Bateria descargada o bornes sulfatados,1,TRAIN,al salir a trabajar el carro no arranca solo hace un click seco al pasar un rompemuelles
G-ORIG-0258,1,Bateria descargada o bornes sulfatados,1,TRAIN,siento que el carro no arranca solo hace un click seco en las mañanas
G-ORIG-0259,7,Bateria descargada o bornes sulfatados,1,TRAIN,tablero tenue y no da marcha
G-ORIG-0260,1,Bateria descargada o bornes sulfatados,1,DEV,al salir a trabajar tablero tenue y no da marcha cuando voy manejando
G-ORIG-0261,1,Bateria descargada o bornes sulfatados,1,TRAIN,siento que tablero tenue y no da marcha de la nada
G-ORIG-0262,7,Bateria descargada o bornes sulfatados,1,TRAIN,bateria totalmente muerta
G-ORIG-0263,1,Bateria descargada o bornes sulfatados,1,TRAIN,al salir a trabajar bateria totalmente muerta en carabayllo
G-ORIG-0264,1,Bateria descargada o bornes sulfatados,1,TRAIN,siento que bateria totalmente muerta en las mañanas
G-ORIG-0265,8,Bateria descargada o bornes sulfatados,1,DEV,el arrancador gira pesado
G-ORIG-0266,1,Bateria descargada o bornes sulfatados,1,TRAIN,al salir a trabajar el arrancador gira pesado de la nada
G-ORIG-0267,5,Alternador defectuoso o placa de diodos quemada,1,TRAIN,luz de bateria prendida en el tablero
G-ORIG-0268,1,Alternador defectuoso o placa de diodos quemada,1,DEV,siento que luz de bateria prendida en el tablero en carabayllo
G-ORIG-0269,1,Alternador defectuoso o placa de diodos quemada,1,TRAIN,al salir a trabajar luz de bateria prendida en el tablero en las mañanas
G-ORIG-0270,7,Alternador defectuoso o placa de diodos quemada,1,TRAIN,faja del alternador chilla feo al encender
G-ORIG-0271,2,Alternador defectuoso o placa de diodos quemada,1,TRAIN,al salir a trabajar faja del alternador chilla feo al encender al acelerar
G-ORIG-0272,6,Alternador defectuoso o placa de diodos quemada,1,DEV,las luces del carro van bajando de intensidad al andar
G-ORIG-0273,1,Alternador defectuoso o placa de diodos quemada,1,TRAIN,al salir a trabajar las luces del carro van bajando de intensidad al andar en las mañanas
G-ORIG-0274,1,Alternador defectuoso o placa de diodos quemada,1,TRAIN,siento que las luces del carro van bajando de intensidad al andar al acelerar
G-ORIG-0275,7,Falla en termostato o motoventilador de radiador,1,TRAIN,el electroventilador no prende y el agua hierve
G-ORIG-0276,1,Falla en termostato o motoventilador de radiador,1,TRAIN,al salir a trabajar el electroventilador no prende y el agua hierve al acelerar
G-ORIG-0277,1,Falla en termostato o motoventilador de radiador,1,TRAIN,siento que el electroventilador no prende y el agua hierve cuando voy manejando
G-ORIG-0278,6,Falla en termostato o motoventilador de radiador,1,TRAIN,el ventilador se queda prendido directo y agota la bateria
G-ORIG-0279,3,Falla en termostato o motoventilador de radiador,1,TRAIN,siento que el ventilador se queda prendido directo y agota la bateria al pasar un rompemuelles
G-ORIG-0280,16,Falla en bujias o bobinas de encendido (misfire),1,TRAIN,motor cascabelea en subidas
G-ORIG-0281,1,Falla en bujias o bobinas de encendido (misfire),1,TRAIN,siento que motor cascabelea en subidas en las mañanas
G-ORIG-0282,7,Falla en bujias o bobinas de encendido (misfire),1,TRAIN,el carro tiembla y se chupa al acelerar
G-ORIG-0283,1,Falla en bujias o bobinas de encendido (misfire),1,TRAIN,siento que el carro tiembla y se chupa al acelerar al pasar un rompemuelles
G-ORIG-0284,1,Falla en bujias o bobinas de encendido (misfire),1,TRAIN,al salir a trabajar el carro tiembla y se chupa al acelerar en carabayllo
G-ORIG-0285,15,Falla en bujias o bobinas de encendido (misfire),1,DEV,falla de cilindro y perdida de potencia
G-ORIG-0286,3,Falla en bujias o bobinas de encendido (misfire),1,TRAIN,al salir a trabajar falla de cilindro y perdida de potencia en carabayllo
G-ORIG-0287,6,Inyectores sucios o filtro de combustible obstruido,1,TRAIN,el carro se agunta al acelerar fuerte
G-ORIG-0288,2,Inyectores sucios o filtro de combustible obstruido,1,TRAIN,siento que el carro se agunta al acelerar fuerte en la pista
G-ORIG-0289,1,Inyectores sucios o filtro de combustible obstruido,1,TRAIN,al salir a trabajar el carro se agunta al acelerar fuerte al pasar un rompemuelles
G-ORIG-0290,14,Inyectores sucios o filtro de combustible obstruido,1,TRAIN,se atranca al acelerar
G-ORIG-0291,4,Inyectores sucios o filtro de combustible obstruido,1,DEV,al salir a trabajar se atranca al acelerar de la nada
G-ORIG-0292,14,Inyectores sucios o filtro de combustible obstruido,1,TRAIN,falta de pique y respuesta floja
G-ORIG-0293,1,Inyectores sucios o filtro de combustible obstruido,1,TRAIN,siento que falta de pique y respuesta floja en la pista
G-ORIG-0294,2,Inyectores sucios o filtro de combustible obstruido,1,DEV,al salir a trabajar falta de pique y respuesta floja al acelerar
G-ORIG-0295,7,Bomba de gasolina quemada o con baja presion,1,TRAIN,el carro da arranque pero no llega a encender
G-ORIG-0296,1,Bomba de gasolina quemada o con baja presion,1,DEV,al salir a trabajar el carro da arranque pero no llega a encender al acelerar
G-ORIG-0297,7,Bomba de gasolina quemada o con baja presion,1,TRAIN,la bomba de gasolina no suena al girar la llave
G-ORIG-0298,1,Bomba de gasolina quemada o con baja presion,1,TRAIN,siento que la bomba de gasolina no suena al girar la llave de la nada
G-ORIG-0299,1,Bomba de gasolina quemada o con baja presion,1,TRAIN,al salir a trabajar la bomba de gasolina no suena al girar la llave de la nada
G-ORIG-0300,5,Bomba de gasolina quemada o con baja presion,1,TRAIN,se apaga el carro en marcha por falta de gasolina
G-ORIG-0301,3,Bomba de gasolina quemada o con baja presion,1,TRAIN,siento que se apaga el carro en marcha por falta de gasolina al pasar un rompemuelles
G-ORIG-0302,16,Falla en sensor de oxigeno o mezcla rica,1,TRAIN,alto consumo de gasolina y bota humo negro
G-ORIG-0303,7,Falla en sensor de oxigeno o mezcla rica,1,TRAIN,el carro traga demasiado combustible
G-ORIG-0304,1,Falla en sensor de oxigeno o mezcla rica,1,DEV,al salir a trabajar el carro traga demasiado combustible en carabayllo
G-ORIG-0305,1,Falla en sensor de oxigeno o mezcla rica,1,TRAIN,siento que el carro traga demasiado combustible de la nada
G-ORIG-0306,15,Falla en sensor de oxigeno o mezcla rica,1,TRAIN,luz de check engine por mezcla rica
G-ORIG-0307,1,Falla en sensor de oxigeno o mezcla rica,1,DEV,siento que luz de check engine por mezcla rica en carabayllo
G-ORIG-0308,14,Empaque de culata soplado o danado,1,TRAIN,sale humo blanco espeso por el tubo de escape
G-ORIG-0309,1,Empaque de culata soplado o danado,1,TRAIN,siento que sale humo blanco espeso por el tubo de escape cuando voy manejando
G-ORIG-0310,3,Empaque de culata soplado o danado,1,TRAIN,al salir a trabajar sale humo blanco espeso por el tubo de escape en la pista
G-ORIG-0311,15,Empaque de culata soplado o danado,1,TRAIN,se mezcla el agua con el aceite
G-ORIG-0312,2,Empaque de culata soplado o danado,1,DEV,al salir a trabajar se mezcla el agua con el aceite en la pista
G-ORIG-0313,7,Empaque de culata soplado o danado,1,DEV,el radiador bota burbujas y consume agua
G-ORIG-0314,1,Empaque de culata soplado o danado,1,DEV,siento que el radiador bota burbujas y consume agua en las mañanas
G-ORIG-0315,1,Empaque de culata soplado o danado,1,TRAIN,al salir a trabajar el radiador bota burbujas y consume agua al acelerar
G-ORIG-0316,16,Consumo de aceite por desgaste de anillos o retenes,1,DEV,bota humo azul con olor a aceite quemado
G-ORIG-0317,2,Consumo de aceite por desgaste de anillos o retenes,1,TRAIN,al salir a trabajar bota humo azul con olor a aceite quemado en la pista
G-ORIG-0318,14,Consumo de aceite por desgaste de anillos o retenes,1,TRAIN,tengo que echarle un litro de aceite cada semana
G-ORIG-0319,1,Consumo de aceite por desgaste de anillos o retenes,1,TRAIN,siento que tengo que echarle un litro de aceite cada semana al acelerar
G-ORIG-0320,2,Consumo de aceite por desgaste de anillos o retenes,1,TRAIN,al salir a trabajar tengo que echarle un litro de aceite cada semana al pasar un rompemuelles
G-ORIG-0321,8,Consumo de aceite por desgaste de anillos o retenes,1,TRAIN,bota humo azul al acelerar
G-ORIG-0322,1,Consumo de aceite por desgaste de anillos o retenes,1,TRAIN,siento que bota humo azul al acelerar al pasar un rompemuelles
G-ORIG-0323,6,Fuga en mangueras de refrigerante o radiador picado,1,TRAIN,el motor calienta rapido y charco de agua abajo
G-ORIG-0324,1,Fuga en mangueras de refrigerante o radiador picado,1,TRAIN,siento que el motor calienta rapido y charco de agua abajo en la pista
G-ORIG-0325,1,Fuga en mangueras de refrigerante o radiador picado,1,DEV,al salir a trabajar el motor calienta rapido y charco de agua abajo al pasar un rompemuelles
G-ORIG-0326,7,Fuga en mangueras de refrigerante o radiador picado,1,TRAIN,el nivel de refrigerante baja sin razon aparente
G-ORIG-0327,1,Fuga en mangueras de refrigerante o radiador picado,1,DEV,al salir a trabajar el nivel de refrigerante baja sin razon aparente en las mañanas
G-ORIG-0328,8,Cuerpo de aceleracion o valvula IAC sucia,1,TRAIN,el carro se apaga solo al soltar el acelerador o en semaforos
G-ORIG-0329,8,Cuerpo de aceleracion o valvula IAC sucia,1,TRAIN,el minimo oscila sube y baja solo
G-ORIG-0330,1,Cuerpo de aceleracion o valvula IAC sucia,1,DEV,siento que el minimo oscila sube y baja solo al pasar un rompemuelles
G-ORIG-0331,1,Fugas de aire o fallos en el sistema de frenos neumático (Camiones),1,TRAIN,escucho un soplido continuo de aire en los tanques del camion
G-ORIG-0332,1,Fugas de aire o fallos en el sistema de frenos neumático (Camiones),1,TRAIN,maestro una consulta escucho un soplido continuo de aire en los tanques del camion al cargar la bateria
G-ORIG-0333,1,Fugas de aire o fallos en el sistema de frenos neumático (Camiones),1,TRAIN,tengo un vehiculo pesado escucho un soplido continuo de aire en los tanques del camion al acelerar
G-ORIG-0334,1,Fugas de aire o fallos en el sistema de frenos neumático (Camiones),1,TRAIN,resulta que mi pickup diesel escucho un soplido continuo de aire en los tanques del camion en carretera
G-ORIG-0335,1,Fugas de aire o fallos en el sistema de frenos neumático (Camiones),1,TRAIN,tengo un camion escucho un soplido continuo de aire en los tanques del camion al acelerar
G-ORIG-0336,1,Fugas de aire o fallos en el sistema de frenos neumático (Camiones),1,TRAIN,en mi auto hibrido escucho un soplido continuo de aire en los tanques del camion al acelerar
G-ORIG-0337,2,Fugas de aire o fallos en el sistema de frenos neumático (Camiones),1,TRAIN,el pedal de freno de aire esta duro y la presion de aire no sube en los relojes
G-ORIG-0338,1,Fugas de aire o fallos en el sistema de frenos neumático (Camiones),1,TRAIN,tengo un vehiculo pesado el pedal de freno de aire esta duro y la presion de aire no sube en los relojes en carabayllo
G-ORIG-0339,1,Fugas de aire o fallos en el sistema de frenos neumático (Camiones),1,TRAIN,en mi auto hibrido el pedal de freno de aire esta duro y la presion de aire no sube en los relojes al acelerar
G-ORIG-0340,1,Fugas de aire o fallos en el sistema de frenos neumático (Camiones),1,TRAIN,en mi auto hibrido el pedal de freno de aire esta duro y la presion de aire no sube en los relojes con carga pesada
G-ORIG-0341,1,Fugas de aire o fallos en el sistema de frenos neumático (Camiones),1,TRAIN,maestro una consulta el pedal de freno de aire esta duro y la presion de aire no sube en los relojes en carretera
G-ORIG-0342,1,Fugas de aire o fallos en el sistema de frenos neumático (Camiones),1,TRAIN,mi auto electrico el pedal de freno de aire esta duro y la presion de aire no sube en los relojes en carretera
G-ORIG-0343,1,Fugas de aire o fallos en el sistema de frenos neumático (Camiones),1,TRAIN,los frenos de aire del camion se quedan clavados
G-ORIG-0344,1,Fugas de aire o fallos en el sistema de frenos neumático (Camiones),1,TRAIN,en mi auto hibrido los frenos de aire del camion se quedan clavados en carretera
G-ORIG-0345,1,Fugas de aire o fallos en el sistema de frenos neumático (Camiones),1,TRAIN,resulta que mi pickup diesel los frenos de aire del camion se quedan clavados en ruta larga
G-ORIG-0346,1,Fugas de aire o fallos en el sistema de frenos neumático (Camiones),1,TRAIN,resulta que mi pickup diesel los frenos de aire del camion se quedan clavados al cargar la bateria
G-ORIG-0347,1,Fugas de aire o fallos en el sistema de frenos neumático (Camiones),1,TRAIN,tengo un camion los frenos de aire del camion se quedan clavados en ruta larga
G-ORIG-0348,1,Fugas de aire o fallos en el sistema de frenos neumático (Camiones),1,TRAIN,mi auto electrico los frenos de aire del camion se quedan clavados al cargar la bateria
G-ORIG-0349,1,Fugas de aire o fallos en el sistema de frenos neumático (Camiones),1,TRAIN,mi auto electrico los frenos de aire del camion se quedan clavados en ruta larga
G-ORIG-0350,2,Fugas de aire o fallos en el sistema de frenos neumático (Camiones),1,TRAIN,fuga de aire en la valvula de purga del camion
G-ORIG-0351,1,Fugas de aire o fallos en el sistema de frenos neumático (Camiones),1,TRAIN,resulta que mi pickup diesel fuga de aire en la valvula de purga del camion al acelerar
G-ORIG-0352,1,Fugas de aire o fallos en el sistema de frenos neumático (Camiones),1,TRAIN,resulta que mi pickup diesel fuga de aire en la valvula de purga del camion en carretera
G-ORIG-0353,1,Fugas de aire o fallos en el sistema de frenos neumático (Camiones),1,TRAIN,resulta que mi pickup diesel fuga de aire en la valvula de purga del camion al cargar la bateria
G-ORIG-0354,1,Fugas de aire o fallos en el sistema de frenos neumático (Camiones),1,TRAIN,tengo un vehiculo pesado fuga de aire en la valvula de purga del camion al cargar la bateria
G-ORIG-0355,1,Fugas de aire o fallos en el sistema de frenos neumático (Camiones),1,TRAIN,mi auto electrico fuga de aire en la valvula de purga del camion en ruta larga
G-ORIG-0356,2,Fuga en mangueras de intercooler o turbocompresor danado,1,TRAIN,el camion bota humo negro denso y no tiene fuerza para jalar carga
G-ORIG-0357,1,Fuga en mangueras de intercooler o turbocompresor danado,1,TRAIN,tengo un camion el camion bota humo negro denso y no tiene fuerza para jalar carga en carabayllo
G-ORIG-0358,1,Fuga en mangueras de intercooler o turbocompresor danado,1,TRAIN,resulta que mi pickup diesel el camion bota humo negro denso y no tiene fuerza para jalar carga en carabayllo
G-ORIG-0359,1,Fuga en mangueras de intercooler o turbocompresor danado,1,TRAIN,tengo un vehiculo pesado el camion bota humo negro denso y no tiene fuerza para jalar carga al cargar la bateria
G-ORIG-0360,1,Fuga en mangueras de intercooler o turbocompresor danado,1,TRAIN,mi auto electrico el camion bota humo negro denso y no tiene fuerza para jalar carga al cargar la bateria
G-ORIG-0361,1,Fuga en mangueras de intercooler o turbocompresor danado,1,TRAIN,en mi auto hibrido el camion bota humo negro denso y no tiene fuerza para jalar carga en ruta larga
G-ORIG-0362,1,Fuga en mangueras de intercooler o turbocompresor danado,1,DEV,zumbido fuerte en el turbo al acelerar el camion
G-ORIG-0363,1,Fuga en mangueras de intercooler o turbocompresor danado,1,TRAIN,maestro una consulta zumbido fuerte en el turbo al acelerar el camion en ruta larga
G-ORIG-0364,1,Fuga en mangueras de intercooler o turbocompresor danado,1,TRAIN,tengo un vehiculo pesado zumbido fuerte en el turbo al acelerar el camion al acelerar
G-ORIG-0365,1,Fuga en mangueras de intercooler o turbocompresor danado,1,DEV,en mi auto hibrido zumbido fuerte en el turbo al acelerar el camion en carretera
G-ORIG-0366,1,Fuga en mangueras de intercooler o turbocompresor danado,1,TRAIN,en mi auto hibrido zumbido fuerte en el turbo al acelerar el camion al acelerar
G-ORIG-0367,1,Fuga en mangueras de intercooler o turbocompresor danado,1,DEV,tengo un vehiculo pesado zumbido fuerte en el turbo al acelerar el camion en ruta larga
G-ORIG-0368,3,Fuga en mangueras de intercooler o turbocompresor danado,1,TRAIN,fuga de aceite en las mangueras del intercooler del camion
G-ORIG-0369,1,Fuga en mangueras de intercooler o turbocompresor danado,1,TRAIN,mi auto electrico fuga de aceite en las mangueras del intercooler del camion en ruta larga
G-ORIG-0370,1,Fuga en mangueras de intercooler o turbocompresor danado,1,TRAIN,tengo un vehiculo pesado fuga de aceite en las mangueras del intercooler del camion en ruta larga
G-ORIG-0371,1,Fuga en mangueras de intercooler o turbocompresor danado,1,TRAIN,tengo un vehiculo pesado fuga de aceite en las mangueras del intercooler del camion al acelerar
G-ORIG-0372,1,Fuga en mangueras de intercooler o turbocompresor danado,1,DEV,tengo un camion fuga de aceite en las mangueras del intercooler del camion con carga pesada
G-ORIG-0373,2,Fuga en mangueras de intercooler o turbocompresor danado,1,DEV,el camion pierde presion de sobrealimentacion en subidas
G-ORIG-0374,1,Fuga en mangueras de intercooler o turbocompresor danado,1,TRAIN,tengo un vehiculo pesado el camion pierde presion de sobrealimentacion en subidas en carabayllo
G-ORIG-0375,1,Fuga en mangueras de intercooler o turbocompresor danado,1,TRAIN,tengo un vehiculo pesado el camion pierde presion de sobrealimentacion en subidas en ruta larga
G-ORIG-0376,1,Fuga en mangueras de intercooler o turbocompresor danado,1,TRAIN,en mi auto hibrido el camion pierde presion de sobrealimentacion en subidas con carga pesada
G-ORIG-0377,1,Fuga o baja presion en sistema Common Rail Diesel (Camiones/Pickups),1,DEV,el camion demora bastante en arrancar en frio
G-ORIG-0378,1,Fuga o baja presion en sistema Common Rail Diesel (Camiones/Pickups),1,TRAIN,resulta que mi pickup diesel el camion demora bastante en arrancar en frio en ruta larga
G-ORIG-0379,1,Fuga o baja presion en sistema Common Rail Diesel (Camiones/Pickups),1,TRAIN,resulta que mi pickup diesel el camion demora bastante en arrancar en frio al acelerar
G-ORIG-0380,1,Fuga o baja presion en sistema Common Rail Diesel (Camiones/Pickups),1,TRAIN,mi auto electrico el camion demora bastante en arrancar en frio al acelerar
G-ORIG-0381,1,Fuga o baja presion en sistema Common Rail Diesel (Camiones/Pickups),1,DEV,en mi auto hibrido el camion demora bastante en arrancar en frio en carabayllo
G-ORIG-0382,9,Fuga o baja presion en sistema Common Rail Diesel (Camiones/Pickups),1,TRAIN,cascabelea el motor diesel bajo carga pesada
G-ORIG-0383,1,Fuga o baja presion en sistema Common Rail Diesel (Camiones/Pickups),1,TRAIN,resulta que mi pickup diesel cascabelea el motor diesel bajo carga pesada al acelerar
G-ORIG-0384,1,Fuga o baja presion en sistema Common Rail Diesel (Camiones/Pickups),1,DEV,resulta que mi pickup diesel cascabelea el motor diesel bajo carga pesada en ruta larga
G-ORIG-0385,1,Fuga o baja presion en sistema Common Rail Diesel (Camiones/Pickups),1,TRAIN,en mi auto hibrido cascabelea el motor diesel bajo carga pesada en ruta larga
G-ORIG-0386,1,Fuga o baja presion en sistema Common Rail Diesel (Camiones/Pickups),1,DEV,tengo un camion cascabelea el motor diesel bajo carga pesada al cargar la bateria
G-ORIG-0387,1,Fuga o baja presion en sistema Common Rail Diesel (Camiones/Pickups),1,TRAIN,mi auto electrico cascabelea el motor diesel bajo carga pesada en carretera
G-ORIG-0388,1,Fuga o baja presion en sistema Common Rail Diesel (Camiones/Pickups),1,TRAIN,maestro una consulta cascabelea el motor diesel bajo carga pesada con carga pesada
G-ORIG-0389,1,Fuga o baja presion en sistema Common Rail Diesel (Camiones/Pickups),1,TRAIN,inyectores diesel goteando y bota humo blanco con olor a petroleo
G-ORIG-0390,1,Fuga o baja presion en sistema Common Rail Diesel (Camiones/Pickups),1,TRAIN,resulta que mi pickup diesel inyectores diesel goteando y bota humo blanco con olor a petroleo al acelerar
G-ORIG-0391,1,Fuga o baja presion en sistema Common Rail Diesel (Camiones/Pickups),1,DEV,en mi auto hibrido inyectores diesel goteando y bota humo blanco con olor a petroleo al acelerar
G-ORIG-0392,1,Fuga o baja presion en sistema Common Rail Diesel (Camiones/Pickups),1,TRAIN,en mi auto hibrido inyectores diesel goteando y bota humo blanco con olor a petroleo al cargar la bateria
G-ORIG-0393,1,Fuga o baja presion en sistema Common Rail Diesel (Camiones/Pickups),1,TRAIN,tengo un camion inyectores diesel goteando y bota humo blanco con olor a petroleo al cargar la bateria
G-ORIG-0394,1,Fuga o baja presion en sistema Common Rail Diesel (Camiones/Pickups),1,TRAIN,resulta que mi pickup diesel inyectores diesel goteando y bota humo blanco con olor a petroleo en ruta larga
G-ORIG-0395,1,Fuga o baja presion en sistema Common Rail Diesel (Camiones/Pickups),1,TRAIN,fuga en el riel de alta presion de petroleo
G-ORIG-0396,1,Fuga o baja presion en sistema Common Rail Diesel (Camiones/Pickups),1,TRAIN,en mi auto hibrido fuga en el riel de alta presion de petroleo en ruta larga
G-ORIG-0397,1,Fuga o baja presion en sistema Common Rail Diesel (Camiones/Pickups),1,DEV,tengo un vehiculo pesado fuga en el riel de alta presion de petroleo en carabayllo
G-ORIG-0398,1,Fuga o baja presion en sistema Common Rail Diesel (Camiones/Pickups),1,TRAIN,maestro una consulta fuga en el riel de alta presion de petroleo al cargar la bateria
G-ORIG-0399,1,Fuga o baja presion en sistema Common Rail Diesel (Camiones/Pickups),1,TRAIN,mi auto electrico fuga en el riel de alta presion de petroleo en ruta larga
G-ORIG-0400,1,Fuga o baja presion en sistema Common Rail Diesel (Camiones/Pickups),1,DEV,maestro una consulta fuga en el riel de alta presion de petroleo en ruta larga
G-ORIG-0401,1,Fuga o baja presion en sistema Common Rail Diesel (Camiones/Pickups),1,TRAIN,resulta que mi pickup diesel fuga en el riel de alta presion de petroleo en carabayllo
G-ORIG-0402,1,Degradacion o falla en paquete de bateria de alto voltaje (EV / Hibridos),1,DEV,la autonomia de la bateria del auto electrico cae bruscamente
G-ORIG-0403,1,Degradacion o falla en paquete de bateria de alto voltaje (EV / Hibridos),1,DEV,tengo un vehiculo pesado la autonomia de la bateria del auto electrico cae bruscamente al cargar la bateria
G-ORIG-0404,1,Degradacion o falla en paquete de bateria de alto voltaje (EV / Hibridos),1,DEV,en mi auto hibrido la autonomia de la bateria del auto electrico cae bruscamente con carga pesada
G-ORIG-0405,1,Degradacion o falla en paquete de bateria de alto voltaje (EV / Hibridos),1,TRAIN,en mi auto hibrido la autonomia de la bateria del auto electrico cae bruscamente en carabayllo
G-ORIG-0406,1,Degradacion o falla en paquete de bateria de alto voltaje (EV / Hibridos),1,TRAIN,en mi auto hibrido la autonomia de la bateria del auto electrico cae bruscamente en carretera
G-ORIG-0407,1,Degradacion o falla en paquete de bateria de alto voltaje (EV / Hibridos),1,TRAIN,resulta que mi pickup diesel la autonomia de la bateria del auto electrico cae bruscamente al cargar la bateria
G-ORIG-0408,1,Degradacion o falla en paquete de bateria de alto voltaje (EV / Hibridos),1,TRAIN,en mi auto hibrido la autonomia de la bateria del auto electrico cae bruscamente al cargar la bateria
G-ORIG-0409,9,Degradacion o falla en paquete de bateria de alto voltaje (EV / Hibridos),1,TRAIN,luz de advertencia de sistema hibrido en el tablero
G-ORIG-0410,1,Degradacion o falla en paquete de bateria de alto voltaje (EV / Hibridos),1,TRAIN,maestro una consulta luz de advertencia de sistema hibrido en el tablero con carga pesada
G-ORIG-0411,1,Degradacion o falla en paquete de bateria de alto voltaje (EV / Hibridos),1,TRAIN,resulta que mi pickup diesel luz de advertencia de sistema hibrido en el tablero en ruta larga
G-ORIG-0412,1,Degradacion o falla en paquete de bateria de alto voltaje (EV / Hibridos),1,TRAIN,tengo un camion luz de advertencia de sistema hibrido en el tablero en ruta larga
G-ORIG-0413,1,Degradacion o falla en paquete de bateria de alto voltaje (EV / Hibridos),1,DEV,maestro una consulta luz de advertencia de sistema hibrido en el tablero en carretera
G-ORIG-0414,1,Degradacion o falla en paquete de bateria de alto voltaje (EV / Hibridos),1,TRAIN,maestro una consulta luz de advertencia de sistema hibrido en el tablero en ruta larga
G-ORIG-0415,1,Degradacion o falla en paquete de bateria de alto voltaje (EV / Hibridos),1,TRAIN,tengo un vehiculo pesado luz de advertencia de sistema hibrido en el tablero al acelerar
G-ORIG-0416,2,Degradacion o falla en paquete de bateria de alto voltaje (EV / Hibridos),1,DEV,el auto electrico no acepta la carga rapida
G-ORIG-0417,1,Degradacion o falla en paquete de bateria de alto voltaje (EV / Hibridos),1,TRAIN,tengo un camion el auto electrico no acepta la carga rapida con carga pesada
G-ORIG-0418,1,Degradacion o falla en paquete de bateria de alto voltaje (EV / Hibridos),1,TRAIN,mi auto electrico el auto electrico no acepta la carga rapida en carabayllo
G-ORIG-0419,1,Degradacion o falla en paquete de bateria de alto voltaje (EV / Hibridos),1,TRAIN,resulta que mi pickup diesel el auto electrico no acepta la carga rapida al cargar la bateria
G-ORIG-0420,1,Degradacion o falla en paquete de bateria de alto voltaje (EV / Hibridos),1,TRAIN,el indicador de bateria del auto hibrido pasa de lleno a vacio rapido
G-ORIG-0421,1,Degradacion o falla en paquete de bateria de alto voltaje (EV / Hibridos),1,DEV,tengo un camion el indicador de bateria del auto hibrido pasa de lleno a vacio rapido en carretera
G-ORIG-0422,1,Degradacion o falla en paquete de bateria de alto voltaje (EV / Hibridos),1,TRAIN,mi auto electrico el indicador de bateria del auto hibrido pasa de lleno a vacio rapido en carabayllo
G-ORIG-0423,1,Degradacion o falla en paquete de bateria de alto voltaje (EV / Hibridos),1,TRAIN,tengo un vehiculo pesado el indicador de bateria del auto hibrido pasa de lleno a vacio rapido al acelerar
G-ORIG-0424,1,Degradacion o falla en paquete de bateria de alto voltaje (EV / Hibridos),1,DEV,en mi auto hibrido el indicador de bateria del auto hibrido pasa de lleno a vacio rapido en carabayllo
G-ORIG-0425,1,Degradacion o falla en paquete de bateria de alto voltaje (EV / Hibridos),1,DEV,resulta que mi pickup diesel el indicador de bateria del auto hibrido pasa de lleno a vacio rapido con carga pesada
G-ORIG-0426,1,Degradacion o falla en paquete de bateria de alto voltaje (EV / Hibridos),1,TRAIN,tengo un vehiculo pesado el indicador de bateria del auto hibrido pasa de lleno a vacio rapido con carga pesada
G-ORIG-0427,1,Fallo en inversor de corriente IGBT o motor electrico (EV),1,TRAIN,el auto electrico no pasa a modo ready y no avanza
G-ORIG-0428,2,Fallo en inversor de corriente IGBT o motor electrico (EV),1,TRAIN,en mi auto hibrido el auto electrico no pasa a modo ready y no avanza al acelerar
G-ORIG-0429,1,Fallo en inversor de corriente IGBT o motor electrico (EV),1,TRAIN,tengo un camion el auto electrico no pasa a modo ready y no avanza al acelerar
G-ORIG-0430,1,Fallo en inversor de corriente IGBT o motor electrico (EV),1,TRAIN,resulta que mi pickup diesel el auto electrico no pasa a modo ready y no avanza al acelerar
G-ORIG-0431,1,Fallo en inversor de corriente IGBT o motor electrico (EV),1,TRAIN,mi auto electrico el auto electrico no pasa a modo ready y no avanza en carretera
G-ORIG-0432,1,Fallo en inversor de corriente IGBT o motor electrico (EV),1,TRAIN,tengo un camion el auto electrico no pasa a modo ready y no avanza con carga pesada
G-ORIG-0433,10,Fallo en inversor de corriente IGBT o motor electrico (EV),1,TRAIN,zumbido agudo inusual en el motor electrico al acelerar
G-ORIG-0434,1,Fallo en inversor de corriente IGBT o motor electrico (EV),1,TRAIN,tengo un vehiculo pesado zumbido agudo inusual en el motor electrico al acelerar al cargar la bateria
G-ORIG-0435,1,Fallo en inversor de corriente IGBT o motor electrico (EV),1,TRAIN,tengo un vehiculo pesado zumbido agudo inusual en el motor electrico al acelerar en ruta larga
G-ORIG-0436,1,Fallo en inversor de corriente IGBT o motor electrico (EV),1,TRAIN,en mi auto hibrido zumbido agudo inusual en el motor electrico al acelerar con carga pesada
G-ORIG-0437,1,Fallo en inversor de corriente IGBT o motor electrico (EV),1,TRAIN,tengo un vehiculo pesado zumbido agudo inusual en el motor electrico al acelerar con carga pesada
G-ORIG-0438,1,Fallo en inversor de corriente IGBT o motor electrico (EV),1,TRAIN,en mi auto hibrido zumbido agudo inusual en el motor electrico al acelerar en carretera
G-ORIG-0439,1,Fallo en inversor de corriente IGBT o motor electrico (EV),1,TRAIN,maestro una consulta zumbido agudo inusual en el motor electrico al acelerar en ruta larga
G-ORIG-0440,2,Fallo en inversor de corriente IGBT o motor electrico (EV),1,TRAIN,falla de aislamiento de alto voltaje en el inversor
G-ORIG-0441,1,Fallo en inversor de corriente IGBT o motor electrico (EV),1,TRAIN,maestro una consulta falla de aislamiento de alto voltaje en el inversor en carretera
G-ORIG-0442,1,Fallo en inversor de corriente IGBT o motor electrico (EV),1,DEV,mi auto electrico falla de aislamiento de alto voltaje en el inversor en carabayllo
G-ORIG-0443,1,Fallo en inversor de corriente IGBT o motor electrico (EV),1,DEV,mi auto electrico falla de aislamiento de alto voltaje en el inversor en carretera
G-ORIG-0444,1,Fallo en inversor de corriente IGBT o motor electrico (EV),1,TRAIN,en mi auto hibrido falla de aislamiento de alto voltaje en el inversor al cargar la bateria
G-ORIG-0445,1,Fallo en inversor de corriente IGBT o motor electrico (EV),1,TRAIN,resulta que mi pickup diesel falla de aislamiento de alto voltaje en el inversor al cargar la bateria
G-ORIG-0446,1,Fallo en inversor de corriente IGBT o motor electrico (EV),1,TRAIN,el vehiculo hibrido no conmuta al motor de gasolina
G-ORIG-0447,1,Fallo en inversor de corriente IGBT o motor electrico (EV),1,DEV,en mi auto hibrido el vehiculo hibrido no conmuta al motor de gasolina al cargar la bateria
G-ORIG-0448,1,Fallo en inversor de corriente IGBT o motor electrico (EV),1,TRAIN,maestro una consulta el vehiculo hibrido no conmuta al motor de gasolina en ruta larga
G-ORIG-0449,1,Fallo en inversor de corriente IGBT o motor electrico (EV),1,TRAIN,en mi auto hibrido el vehiculo hibrido no conmuta al motor de gasolina al acelerar
G-ORIG-0450,1,Fallo en inversor de corriente IGBT o motor electrico (EV),1,TRAIN,tengo un vehiculo pesado el vehiculo hibrido no conmuta al motor de gasolina con carga pesada
G-ORIG-0451,1,Fallo en inversor de corriente IGBT o motor electrico (EV),1,TRAIN,tengo un camion el vehiculo hibrido no conmuta al motor de gasolina al acelerar
G-ORIG-0452,2,Falla en sistema de frenado regenerativo (EV / Hibridos),1,TRAIN,el freno regenerativo no retiene el auto al soltar el acelerador
G-ORIG-0453,1,Falla en sistema de frenado regenerativo (EV / Hibridos),1,TRAIN,en mi auto hibrido el freno regenerativo no retiene el auto al soltar el acelerador al acelerar
G-ORIG-0454,1,Falla en sistema de frenado regenerativo (EV / Hibridos),1,TRAIN,mi auto electrico el freno regenerativo no retiene el auto al soltar el acelerador en ruta larga
G-ORIG-0455,1,Falla en sistema de frenado regenerativo (EV / Hibridos),1,TRAIN,tengo un vehiculo pesado el freno regenerativo no retiene el auto al soltar el acelerador con carga pesada
G-ORIG-0456,1,Falla en sistema de frenado regenerativo (EV / Hibridos),1,TRAIN,resulta que mi pickup diesel el freno regenerativo no retiene el auto al soltar el acelerador en carabayllo
G-ORIG-0457,1,Falla en sistema de frenado regenerativo (EV / Hibridos),1,TRAIN,en mi auto hibrido el freno regenerativo no retiene el auto al soltar el acelerador en carretera
G-ORIG-0458,1,Falla en sistema de frenado regenerativo (EV / Hibridos),1,DEV,sensacion brusca o jalón al frenar en el auto hibrido
G-ORIG-0459,1,Falla en sistema de frenado regenerativo (EV / Hibridos),1,DEV,tengo un camion sensacion brusca o jalón al frenar en el auto hibrido en carabayllo
G-ORIG-0460,1,Falla en sistema de frenado regenerativo (EV / Hibridos),1,DEV,tengo un camion sensacion brusca o jalón al frenar en el auto hibrido en carretera
G-ORIG-0461,1,Falla en sistema de frenado regenerativo (EV / Hibridos),1,TRAIN,resulta que mi pickup diesel sensacion brusca o jalón al frenar en el auto hibrido al acelerar
G-ORIG-0462,1,Falla en sistema de frenado regenerativo (EV / Hibridos),1,TRAIN,maestro una consulta sensacion brusca o jalón al frenar en el auto hibrido en ruta larga
G-ORIG-0463,1,Falla en sistema de frenado regenerativo (EV / Hibridos),1,DEV,resulta que mi pickup diesel sensacion brusca o jalón al frenar en el auto hibrido con carga pesada
G-ORIG-0464,1,Falla en sistema de frenado regenerativo (EV / Hibridos),1,DEV,en mi auto hibrido sensacion brusca o jalón al frenar en el auto hibrido en carabayllo
G-ORIG-0465,1,Falla en sistema de frenado regenerativo (EV / Hibridos),1,TRAIN,luz de advertencia de frenos regenerativos encendida
G-ORIG-0466,1,Falla en sistema de frenado regenerativo (EV / Hibridos),1,DEV,resulta que mi pickup diesel luz de advertencia de frenos regenerativos encendida en carretera
G-ORIG-0467,1,Falla en sistema de frenado regenerativo (EV / Hibridos),1,TRAIN,tengo un camion luz de advertencia de frenos regenerativos encendida en carabayllo
G-ORIG-0468,1,Falla en sistema de frenado regenerativo (EV / Hibridos),1,TRAIN,tengo un vehiculo pesado luz de advertencia de frenos regenerativos encendida con carga pesada
G-ORIG-0469,1,Falla en sistema de frenado regenerativo (EV / Hibridos),1,DEV,tengo un camion luz de advertencia de frenos regenerativos encendida en ruta larga
G-ORIG-0470,9,Foco o falla en sistema de refrigeracion de bateria/inversor (EV),1,DEV,mensaje de sobrecalentamiento de la bateria de alto voltaje
G-ORIG-0471,1,Foco o falla en sistema de refrigeracion de bateria/inversor (EV),1,TRAIN,mi auto electrico mensaje de sobrecalentamiento de la bateria de alto voltaje en ruta larga
G-ORIG-0472,1,Foco o falla en sistema de refrigeracion de bateria/inversor (EV),1,TRAIN,tengo un vehiculo pesado mensaje de sobrecalentamiento de la bateria de alto voltaje en ruta larga
G-ORIG-0473,1,Foco o falla en sistema de refrigeracion de bateria/inversor (EV),1,TRAIN,maestro una consulta mensaje de sobrecalentamiento de la bateria de alto voltaje en ruta larga
G-ORIG-0474,1,Foco o falla en sistema de refrigeracion de bateria/inversor (EV),1,TRAIN,mi auto electrico mensaje de sobrecalentamiento de la bateria de alto voltaje con carga pesada
G-ORIG-0475,1,Foco o falla en sistema de refrigeracion de bateria/inversor (EV),1,DEV,bomba de agua del inversor no circula refrigerante especial
G-ORIG-0476,1,Foco o falla en sistema de refrigeracion de bateria/inversor (EV),1,TRAIN,en mi auto hibrido bomba de agua del inversor no circula refrigerante especial en ruta larga
G-ORIG-0477,1,Foco o falla en sistema de refrigeracion de bateria/inversor (EV),1,DEV,mi auto electrico bomba de agua del inversor no circula refrigerante especial en ruta larga
G-ORIG-0478,1,Foco o falla en sistema de refrigeracion de bateria/inversor (EV),1,TRAIN,tengo un camion bomba de agua del inversor no circula refrigerante especial al cargar la bateria
G-ORIG-0479,1,Foco o falla en sistema de refrigeracion de bateria/inversor (EV),1,TRAIN,tengo un vehiculo pesado bomba de agua del inversor no circula refrigerante especial en ruta larga
G-ORIG-0480,1,Foco o falla en sistema de refrigeracion de bateria/inversor (EV),1,TRAIN,en mi auto hibrido bomba de agua del inversor no circula refrigerante especial en carretera
G-ORIG-0481,1,Foco o falla en sistema de refrigeracion de bateria/inversor (EV),1,TRAIN,tengo un vehiculo pesado bomba de agua del inversor no circula refrigerante especial al acelerar
G-ORIG-0482,1,Foco o falla en sistema de refrigeracion de bateria/inversor (EV),1,TRAIN,el auto electrico limita la potencia por alta temperatura en la bateria
G-ORIG-0483,1,Foco o falla en sistema de refrigeracion de bateria/inversor (EV),1,TRAIN,mi auto electrico el auto electrico limita la potencia por alta temperatura en la bateria en carretera
G-ORIG-0484,1,Foco o falla en sistema de refrigeracion de bateria/inversor (EV),1,TRAIN,tengo un camion el auto electrico limita la potencia por alta temperatura en la bateria con carga pesada
G-ORIG-0485,1,Foco o falla en sistema de refrigeracion de bateria/inversor (EV),1,TRAIN,maestro una consulta el auto electrico limita la potencia por alta temperatura en la bateria en carretera
G-ORIG-0486,1,Foco o falla en sistema de refrigeracion de bateria/inversor (EV),1,TRAIN,en mi auto hibrido el auto electrico limita la potencia por alta temperatura en la bateria en carabayllo
G-ORIG-0487,1,Foco o falla en sistema de refrigeracion de bateria/inversor (EV),1,TRAIN,mi auto electrico el auto electrico limita la potencia por alta temperatura en la bateria en ruta larga
G-ORIG-0488,1,Foco o falla en sistema de refrigeracion de bateria/inversor (EV),1,TRAIN,tengo un vehiculo pesado el auto electrico limita la potencia por alta temperatura en la bateria en carabayllo
G-ORIG-0489,11,Desgaste de pastillas y zapatas de freno,1,TRAIN,chillido agudo al frenar
G-ORIG-0490,1,Desgaste de pastillas y zapatas de freno,1,TRAIN,al salir a trabajar en carabayllo chillido agudo al frenar
G-ORIG-0491,1,Desgaste de pastillas y zapatas de freno,1,DEV,tengo un problema con mi caña chillido agudo al frenar
G-ORIG-0492,1,Desgaste de pastillas y zapatas de freno,1,TRAIN,en la panamericana norte chillido agudo al frenar
G-ORIG-0493,11,Desgaste de pastillas y zapatas de freno,1,DEV,ruido de metal feo en la rueda al pisar freno
G-ORIG-0494,1,Desgaste de pastillas y zapatas de freno,1,TRAIN,resulta que mi auto ruido de metal feo en la rueda al pisar freno
G-ORIG-0495,1,Desgaste de pastillas y zapatas de freno,1,DEV,al salir a trabajar en carabayllo ruido de metal feo en la rueda al pisar freno
G-ORIG-0496,1,Desgaste de pastillas y zapatas de freno,1,TRAIN,en la panamericana norte ruido de metal feo en la rueda al pisar freno
G-ORIG-0497,1,Desgaste de pastillas y zapatas de freno,1,TRAIN,tengo un problema con mi caña ruido de metal feo en la rueda al pisar freno
G-ORIG-0498,11,Desgaste de pastillas y zapatas de freno,1,TRAIN,chilla el freno al detenerse
G-ORIG-0499,1,Desgaste de pastillas y zapatas de freno,1,TRAIN,en la panamericana norte chilla el freno al detenerse
G-ORIG-0500,1,Desgaste de pastillas y zapatas de freno,1,TRAIN,resulta que mi auto chilla el freno al detenerse
G-ORIG-0501,1,Desgaste de pastillas y zapatas de freno,1,DEV,tengo un problema con mi caña chilla el freno al detenerse
G-ORIG-0502,1,Desgaste de pastillas y zapatas de freno,1,TRAIN,al salir a trabajar en carabayllo chilla el freno al detenerse
G-ORIG-0503,11,Fuga hidraulica o aire en el sistema de frenos,1,TRAIN,pedal de freno esponjoso se hunde al fondo
G-ORIG-0504,1,Fuga hidraulica o aire en el sistema de frenos,1,TRAIN,en la panamericana norte pedal de freno esponjoso se hunde al fondo
G-ORIG-0505,1,Fuga hidraulica o aire en el sistema de frenos,1,TRAIN,al salir a trabajar en carabayllo pedal de freno esponjoso se hunde al fondo
G-ORIG-0506,1,Fuga hidraulica o aire en el sistema de frenos,1,TRAIN,resulta que mi auto pedal de freno esponjoso se hunde al fondo
G-ORIG-0507,1,Fuga hidraulica o aire en el sistema de frenos,1,TRAIN,tengo un problema con mi caña pedal de freno esponjoso se hunde al fondo
G-ORIG-0508,11,Fuga hidraulica o aire en el sistema de frenos,1,DEV,no frena casi nada pedal largo
G-ORIG-0509,1,Fuga hidraulica o aire en el sistema de frenos,1,TRAIN,tengo un problema con mi caña no frena casi nada pedal largo
G-ORIG-0510,1,Fuga hidraulica o aire en el sistema de frenos,1,TRAIN,al salir a trabajar en carabayllo no frena casi nada pedal largo
G-ORIG-0511,1,Fuga hidraulica o aire en el sistema de frenos,1,TRAIN,resulta que mi auto no frena casi nada pedal largo
G-ORIG-0512,1,Fuga hidraulica o aire en el sistema de frenos,1,TRAIN,en la panamericana norte no frena casi nada pedal largo
G-ORIG-0513,11,Fuga hidraulica o aire en el sistema de frenos,1,TRAIN,nivel de liquido de freno bajo
G-ORIG-0514,1,Fuga hidraulica o aire en el sistema de frenos,1,TRAIN,en la panamericana norte nivel de liquido de freno bajo
G-ORIG-0515,1,Fuga hidraulica o aire en el sistema de frenos,1,DEV,resulta que mi auto nivel de liquido de freno bajo
G-ORIG-0516,1,Fuga hidraulica o aire en el sistema de frenos,1,TRAIN,tengo un problema con mi caña nivel de liquido de freno bajo
G-ORIG-0517,1,Fuga hidraulica o aire en el sistema de frenos,1,TRAIN,al salir a trabajar en carabayllo nivel de liquido de freno bajo
G-ORIG-0518,5,Falla en bujias o bobinas de encendido (misfire),1,TRAIN,motor cascabelea feo en subida
G-ORIG-0519,1,Falla en bujias o bobinas de encendido (misfire),1,TRAIN,en la panamericana norte motor cascabelea feo en subida
G-ORIG-0520,1,Falla en bujias o bobinas de encendido (misfire),1,TRAIN,al salir a trabajar en carabayllo motor cascabelea feo en subida
G-ORIG-0521,1,Falla en bujias o bobinas de encendido (misfire),1,TRAIN,tengo un problema con mi caña motor cascabelea feo en subida
G-ORIG-0522,1,Falla en bujias o bobinas de encendido (misfire),1,TRAIN,resulta que mi auto motor cascabelea feo en subida
G-ORIG-0523,5,Falla en bujias o bobinas de encendido (misfire),1,TRAIN,cascabeleo fuerte al pisar el acelerador
G-ORIG-0524,1,Falla en bujias o bobinas de encendido (misfire),1,TRAIN,en la panamericana norte cascabeleo fuerte al pisar el acelerador
G-ORIG-0525,1,Falla en bujias o bobinas de encendido (misfire),1,TRAIN,resulta que mi auto cascabeleo fuerte al pisar el acelerador
G-ORIG-0526,1,Falla en bujias o bobinas de encendido (misfire),1,TRAIN,al salir a trabajar en carabayllo cascabeleo fuerte al pisar el acelerador
G-ORIG-0527,1,Falla en bujias o bobinas de encendido (misfire),1,TRAIN,tengo un problema con mi caña cascabeleo fuerte al pisar el acelerador
G-ORIG-0528,4,Falla en bujias o bobinas de encendido (misfire),1,TRAIN,tiembla el motor y cascabelea
G-ORIG-0529,1,Falla en bujias o bobinas de encendido (misfire),1,TRAIN,resulta que mi auto tiembla el motor y cascabelea
G-ORIG-0530,1,Falla en bujias o bobinas de encendido (misfire),1,TRAIN,al salir a trabajar en carabayllo tiembla el motor y cascabelea
G-ORIG-0531,1,Falla en bujias o bobinas de encendido (misfire),1,TRAIN,tengo un problema con mi caña tiembla el motor y cascabelea
G-ORIG-0532,1,Falla en bujias o bobinas de encendido (misfire),1,TRAIN,en la panamericana norte tiembla el motor y cascabelea
G-ORIG-0533,5,Bateria descargada o bornes sulfatados,1,TRAIN,no da arranque solo hace click click
G-ORIG-0534,1,Bateria descargada o bornes sulfatados,1,TRAIN,al salir a trabajar en carabayllo no da arranque solo hace click click
G-ORIG-0535,1,Bateria descargada o bornes sulfatados,1,TRAIN,resulta que mi auto no da arranque solo hace click click
G-ORIG-0536,1,Bateria descargada o bornes sulfatados,1,DEV,en la panamericana norte no da arranque solo hace click click
G-ORIG-0537,1,Bateria descargada o bornes sulfatados,1,TRAIN,tengo un problema con mi caña no da arranque solo hace click click
G-ORIG-0538,5,Bateria descargada o bornes sulfatados,1,TRAIN,bateria muerta luces tenues
G-ORIG-0539,1,Bateria descargada o bornes sulfatados,1,TRAIN,en la panamericana norte bateria muerta luces tenues
G-ORIG-0540,1,Bateria descargada o bornes sulfatados,1,TRAIN,al salir a trabajar en carabayllo bateria muerta luces tenues
G-ORIG-0541,1,Bateria descargada o bornes sulfatados,1,TRAIN,tengo un problema con mi caña bateria muerta luces tenues
G-ORIG-0542,1,Bateria descargada o bornes sulfatados,1,TRAIN,resulta que mi auto bateria muerta luces tenues
G-ORIG-0543,4,Bateria descargada o bornes sulfatados,1,TRAIN,girar la llave y no hace nada
G-ORIG-0544,1,Bateria descargada o bornes sulfatados,1,TRAIN,resulta que mi auto girar la llave y no hace nada
G-ORIG-0545,1,Bateria descargada o bornes sulfatados,1,TRAIN,al salir a trabajar en carabayllo girar la llave y no hace nada
G-ORIG-0546,1,Bateria descargada o bornes sulfatados,1,TRAIN,en la panamericana norte girar la llave y no hace nada
G-ORIG-0547,1,Bateria descargada o bornes sulfatados,1,TRAIN,tengo un problema con mi caña girar la llave y no hace nada
G-ORIG-0548,5,Llantas desbalanceadas o desalineadas,1,TRAIN,timon tiembla fuerte a mas de 80 km/h
G-ORIG-0549,1,Llantas desbalanceadas o desalineadas,1,TRAIN,resulta que mi auto timon tiembla fuerte a mas de 80 km/h
G-ORIG-0550,1,Llantas desbalanceadas o desalineadas,1,TRAIN,al salir a trabajar en carabayllo timon tiembla fuerte a mas de 80 km/h
G-ORIG-0551,1,Llantas desbalanceadas o desalineadas,1,TRAIN,tengo un problema con mi caña timon tiembla fuerte a mas de 80 km/h
G-ORIG-0552,1,Llantas desbalanceadas o desalineadas,1,TRAIN,en la panamericana norte timon tiembla fuerte a mas de 80 km/h
G-ORIG-0553,11,Llantas desbalanceadas o desalineadas,1,DEV,direccion vibra en la pista
G-ORIG-0554,1,Llantas desbalanceadas o desalineadas,1,TRAIN,al salir a trabajar en carabayllo direccion vibra en la pista
G-ORIG-0555,1,Llantas desbalanceadas o desalineadas,1,TRAIN,tengo un problema con mi caña direccion vibra en la pista
G-ORIG-0556,1,Llantas desbalanceadas o desalineadas,1,TRAIN,resulta que mi auto direccion vibra en la pista
G-ORIG-0557,1,Llantas desbalanceadas o desalineadas,1,TRAIN,en la panamericana norte direccion vibra en la pista
G-ORIG-0558,4,Llantas desbalanceadas o desalineadas,1,TRAIN,carro se jala a la derecha
G-ORIG-0559,1,Llantas desbalanceadas o desalineadas,1,TRAIN,tengo un problema con mi caña carro se jala a la derecha
G-ORIG-0560,1,Llantas desbalanceadas o desalineadas,1,TRAIN,al salir a trabajar en carabayllo carro se jala a la derecha
G-ORIG-0561,1,Llantas desbalanceadas o desalineadas,1,TRAIN,en la panamericana norte carro se jala a la derecha
G-ORIG-0562,1,Llantas desbalanceadas o desalineadas,1,DEV,resulta que mi auto carro se jala a la derecha
G-ORIG-0563,5,Juntas homocineticas o palieres danados,1,TRAIN,suena clac clac fuerte al girar el timon
G-ORIG-0564,1,Juntas homocineticas o palieres danados,1,TRAIN,en la panamericana norte suena clac clac fuerte al girar el timon
G-ORIG-0565,1,Juntas homocineticas o palieres danados,1,TRAIN,al salir a trabajar en carabayllo suena clac clac fuerte al girar el timon
G-ORIG-0566,1,Juntas homocineticas o palieres danados,1,TRAIN,tengo un problema con mi caña suena clac clac fuerte al girar el timon
G-ORIG-0567,1,Juntas homocineticas o palieres danados,1,TRAIN,resulta que mi auto suena clac clac fuerte al girar el timon
G-ORIG-0568,5,Juntas homocineticas o palieres danados,1,DEV,crujido en la llanta al doblar la esquina
G-ORIG-0569,1,Juntas homocineticas o palieres danados,1,DEV,al salir a trabajar en carabayllo crujido en la llanta al doblar la esquina
G-ORIG-0570,1,Juntas homocineticas o palieres danados,1,TRAIN,tengo un problema con mi caña crujido en la llanta al doblar la esquina
G-ORIG-0571,1,Juntas homocineticas o palieres danados,1,TRAIN,resulta que mi auto crujido en la llanta al doblar la esquina
G-ORIG-0572,1,Juntas homocineticas o palieres danados,1,TRAIN,en la panamericana norte crujido en la llanta al doblar la esquina
G-ORIG-0573,11,Juntas homocineticas o palieres danados,1,TRAIN,traqueteo en el palier
G-ORIG-0574,1,Juntas homocineticas o palieres danados,1,DEV,resulta que mi auto traqueteo en el palier
G-ORIG-0575,1,Juntas homocineticas o palieres danados,1,TRAIN,en la panamericana norte traqueteo en el palier
G-ORIG-0576,1,Juntas homocineticas o palieres danados,1,TRAIN,tengo un problema con mi caña traqueteo en el palier
G-ORIG-0577,1,Juntas homocineticas o palieres danados,1,DEV,al salir a trabajar en carabayllo traqueteo en el palier
G-ORIG-0578,5,"Cerradura, chapa o pestillo mecanico de puerta trabado o desalineado",1,TRAIN,la chapa de la puerta esta chueca no abre
G-ORIG-0579,1,"Cerradura, chapa o pestillo mecanico de puerta trabado o desalineado",1,TRAIN,tengo un problema con mi caña la chapa de la puerta esta chueca no abre
G-ORIG-0580,1,"Cerradura, chapa o pestillo mecanico de puerta trabado o desalineado",1,TRAIN,al salir a trabajar en carabayllo la chapa de la puerta esta chueca no abre
G-ORIG-0581,1,"Cerradura, chapa o pestillo mecanico de puerta trabado o desalineado",1,TRAIN,en la panamericana norte la chapa de la puerta esta chueca no abre
G-ORIG-0582,1,"Cerradura, chapa o pestillo mecanico de puerta trabado o desalineado",1,TRAIN,resulta que mi auto la chapa de la puerta esta chueca no abre
G-ORIG-0583,1,Falla electrica del cierre centralizado o actuador de puerta,1,TRAIN,tengo un problema con mi caña al aplastar el control la puerta sigue bloqueada
G-ORIG-0584,1,Falla electrica del cierre centralizado o actuador de puerta,1,TRAIN,en la panamericana norte al aplastar el control la puerta sigue bloqueada
G-ORIG-0585,1,Falla electrica del cierre centralizado o actuador de puerta,1,TRAIN,resulta que mi auto al aplastar el control la puerta sigue bloqueada
G-ORIG-0586,5,"Cerradura, chapa o pestillo mecanico de puerta trabado o desalineado",1,DEV,el seguro de la puerta se quedo trabado
G-ORIG-0587,1,"Cerradura, chapa o pestillo mecanico de puerta trabado o desalineado",1,TRAIN,al salir a trabajar en carabayllo el seguro de la puerta se quedo trabado
G-ORIG-0588,1,"Cerradura, chapa o pestillo mecanico de puerta trabado o desalineado",1,TRAIN,resulta que mi auto el seguro de la puerta se quedo trabado
G-ORIG-0589,1,"Cerradura, chapa o pestillo mecanico de puerta trabado o desalineado",1,TRAIN,en la panamericana norte el seguro de la puerta se quedo trabado
G-ORIG-0590,1,"Cerradura, chapa o pestillo mecanico de puerta trabado o desalineado",1,TRAIN,tengo un problema con mi caña el seguro de la puerta se quedo trabado
G-ORIG-0591,1,Falla en servofreno (booster) o linea de vacio,1,TRAIN,en la panamericana norte pedal de freno duro como una piedra y no frena
G-ORIG-0592,9,Falla en servofreno (booster) o linea de vacio,1,TRAIN,hacer mucha fuerza con la pierna para frenar
G-ORIG-0593,1,Falla en servofreno (booster) o linea de vacio,1,TRAIN,al salir a trabajar en carabayllo hacer mucha fuerza con la pierna para frenar
G-ORIG-0594,1,Falla en servofreno (booster) o linea de vacio,1,TRAIN,en la panamericana norte hacer mucha fuerza con la pierna para frenar
G-ORIG-0595,9,Discos de freno alabeados o desgastados,1,TRAIN,timon y pedal de freno vibran bastante al frenar a alta velocidad
G-ORIG-0596,1,Discos de freno alabeados o desgastados,1,TRAIN,al salir a trabajar en carabayllo timon y pedal de freno vibran bastante al frenar a alta velocidad
G-ORIG-0597,1,Discos de freno alabeados o desgastados,1,TRAIN,en la panamericana norte timon y pedal de freno vibran bastante al frenar a alta velocidad
G-ORIG-0598,9,Discos de freno alabeados o desgastados,1,TRAIN,tiembla el pedal cuando piso el freno
G-ORIG-0599,1,Discos de freno alabeados o desgastados,1,TRAIN,en la panamericana norte tiembla el pedal cuando piso el freno
G-ORIG-0600,1,Discos de freno alabeados o desgastados,1,TRAIN,al salir a trabajar en carabayllo tiembla el pedal cuando piso el freno
G-ORIG-0601,9,Amortiguadores reventados o bujes de suspension gastados,1,DEV,golpe seco en la llanta al pasar por rompemuelles
G-ORIG-0602,1,Amortiguadores reventados o bujes de suspension gastados,1,TRAIN,en la panamericana norte golpe seco en la llanta al pasar por rompemuelles
G-ORIG-0603,1,Amortiguadores reventados o bujes de suspension gastados,1,TRAIN,al salir a trabajar en carabayllo golpe seco en la llanta al pasar por rompemuelles
G-ORIG-0604,1,Amortiguadores reventados o bujes de suspension gastados,1,TRAIN,en la panamericana norte ruido de cazoleta en huecos
G-ORIG-0605,9,Amortiguadores reventados o bujes de suspension gastados,1,TRAIN,suspension golpea feo abajo
G-ORIG-0606,1,Amortiguadores reventados o bujes de suspension gastados,1,TRAIN,al salir a trabajar en carabayllo suspension golpea feo abajo
G-ORIG-0607,1,Amortiguadores reventados o bujes de suspension gastados,1,TRAIN,en la panamericana norte suspension golpea feo abajo
G-ORIG-0608,9,Juntas homocineticas o palieres danados,1,TRAIN,suena clac clac fuerte al girar el timon para doblar
G-ORIG-0609,1,Juntas homocineticas o palieres danados,1,TRAIN,en la panamericana norte suena clac clac fuerte al girar el timon para doblar
G-ORIG-0610,1,Juntas homocineticas o palieres danados,1,TRAIN,al salir a trabajar en carabayllo suena clac clac fuerte al girar el timon para doblar
G-ORIG-0611,1,Juntas homocineticas o palieres danados,1,TRAIN,al salir a trabajar en carabayllo crujido en la llanta al dar vuelta en U
G-ORIG-0612,1,Juntas homocineticas o palieres danados,1,DEV,en la panamericana norte crujido en la llanta al dar vuelta en U
G-ORIG-0613,9,Llantas desbalanceadas o desalineadas,1,TRAIN,timon tiembla bastante a mas de 80 km/h
G-ORIG-0614,1,Llantas desbalanceadas o desalineadas,1,TRAIN,en la panamericana norte timon tiembla bastante a mas de 80 km/h
G-ORIG-0615,1,Llantas desbalanceadas o desalineadas,1,TRAIN,al salir a trabajar en carabayllo timon tiembla bastante a mas de 80 km/h
G-ORIG-0616,9,Llantas desbalanceadas o desalineadas,1,TRAIN,carro se jala solo a la derecha
G-ORIG-0617,1,Llantas desbalanceadas o desalineadas,1,TRAIN,al salir a trabajar en carabayllo carro se jala solo a la derecha
G-ORIG-0618,1,Llantas desbalanceadas o desalineadas,1,TRAIN,en la panamericana norte carro se jala solo a la derecha
G-ORIG-0619,9,Cremallera de direccion asistida con holgura o fuga,1,DEV,timon duro para girar y suena zumbido al doblar
G-ORIG-0620,1,Cremallera de direccion asistida con holgura o fuga,1,TRAIN,en la panamericana norte timon duro para girar y suena zumbido al doblar
G-ORIG-0621,1,Cremallera de direccion asistida con holgura o fuga,1,DEV,al salir a trabajar en carabayllo timon duro para girar y suena zumbido al doblar
G-ORIG-0622,1,Cremallera de direccion asistida con holgura o fuga,1,TRAIN,en la panamericana norte fuga de aceite de direccion en el suelo
G-ORIG-0623,9,"Cerradura, chapa o pestillo mecanico de puerta trabado o desalineado",1,TRAIN,la chapa de la puerta esta inclinada o trabada no abre
G-ORIG-0624,1,"Cerradura, chapa o pestillo mecanico de puerta trabado o desalineado",1,TRAIN,al salir a trabajar en carabayllo la chapa de la puerta esta inclinada o trabada no abre
G-ORIG-0625,1,"Cerradura, chapa o pestillo mecanico de puerta trabado o desalineado",1,TRAIN,en la panamericana norte la chapa de la puerta esta inclinada o trabada no abre
G-ORIG-0626,9,"Cerradura, chapa o pestillo mecanico de puerta trabado o desalineado",1,TRAIN,pestillo de la puerta se quedo chueco
G-ORIG-0627,1,"Cerradura, chapa o pestillo mecanico de puerta trabado o desalineado",1,TRAIN,en la panamericana norte pestillo de la puerta se quedo chueco
G-ORIG-0628,1,"Cerradura, chapa o pestillo mecanico de puerta trabado o desalineado",1,DEV,al salir a trabajar en carabayllo pestillo de la puerta se quedo chueco
G-ORIG-0629,1,Elevalunas electrico o guaya de alzacristales rota o trabada,1,TRAIN,al salir a trabajar en carabayllo la ventana del carro no sube ni baja
G-ORIG-0630,1,Elevalunas electrico o guaya de alzacristales rota o trabada,1,TRAIN,en la panamericana norte la ventana del carro no sube ni baja
G-ORIG-0631,9,Elevalunas electrico o guaya de alzacristales rota o trabada,1,TRAIN,se escucho chasquido y el vidrio cayo al fondo de la puerta
G-ORIG-0632,1,Elevalunas electrico o guaya de alzacristales rota o trabada,1,TRAIN,en la panamericana norte se escucho chasquido y el vidrio cayo al fondo de la puerta
G-ORIG-0633,1,Elevalunas electrico o guaya de alzacristales rota o trabada,1,TRAIN,al salir a trabajar en carabayllo se escucho chasquido y el vidrio cayo al fondo de la puerta
G-ORIG-0634,1,Limpiaparabrisas o motor pluma quemado,1,TRAIN,en la panamericana norte las plumas del limpiaparabrisas no se mueven
G-ORIG-0635,1,Limpiaparabrisas o motor pluma quemado,1,TRAIN,en la panamericana norte el agua del limpiaparabrisas no sale
G-ORIG-0636,1,Limpiaparabrisas o motor pluma quemado,1,TRAIN,al salir a trabajar en carabayllo el agua del limpiaparabrisas no sale
G-ORIG-0637,1,Falla en bujias o bobinas de encendido (misfire),1,DEV,en la panamericana norte motor cascabelea en subidas
G-ORIG-0638,1,Falla en bujias o bobinas de encendido (misfire),1,TRAIN,al salir a trabajar en carabayllo motor cascabelea en subidas
G-ORIG-0639,9,Falla en bujias o bobinas de encendido (misfire),1,TRAIN,carro tiembla y se chupa al acelerar
G-ORIG-0640,1,Falla en bujias o bobinas de encendido (misfire),1,TRAIN,en la panamericana norte carro tiembla y se chupa al acelerar
G-ORIG-0641,1,Falla en bujias o bobinas de encendido (misfire),1,TRAIN,al salir a trabajar en carabayllo carro tiembla y se chupa al acelerar
G-ORIG-0642,1,Falla en bujias o bobinas de encendido (misfire),1,TRAIN,en la panamericana norte falla de cilindro y perdida de potencia
G-ORIG-0643,9,Inyectores sucios o filtro de combustible obstruido,1,TRAIN,carro se agunta al acelerar fuerte
G-ORIG-0644,1,Inyectores sucios o filtro de combustible obstruido,1,TRAIN,en la panamericana norte carro se agunta al acelerar fuerte
G-ORIG-0645,1,Inyectores sucios o filtro de combustible obstruido,1,TRAIN,al salir a trabajar en carabayllo carro se agunta al acelerar fuerte
G-ORIG-0646,1,Inyectores sucios o filtro de combustible obstruido,1,TRAIN,en la panamericana norte se atranca al acelerar
G-ORIG-0647,1,Inyectores sucios o filtro de combustible obstruido,1,TRAIN,en la panamericana norte falta de pique y respuesta floja
G-ORIG-0648,9,Bomba de gasolina quemada o con baja presion,1,DEV,carro da arranque pero no llega a encender
G-ORIG-0649,1,Bomba de gasolina quemada o con baja presion,1,TRAIN,al salir a trabajar en carabayllo carro da arranque pero no llega a encender
G-ORIG-0650,1,Bomba de gasolina quemada o con baja presion,1,TRAIN,en la panamericana norte carro da arranque pero no llega a encender
G-ORIG-0651,9,Bomba de gasolina quemada o con baja presion,1,TRAIN,bomba de gasolina no suena al girar llave
G-ORIG-0652,1,Bomba de gasolina quemada o con baja presion,1,TRAIN,en la panamericana norte bomba de gasolina no suena al girar llave
G-ORIG-0653,1,Bomba de gasolina quemada o con baja presion,1,TRAIN,al salir a trabajar en carabayllo bomba de gasolina no suena al girar llave
G-ORIG-0654,1,Falla en sensor de oxigeno o mezcla rica,1,TRAIN,en la panamericana norte alto consumo de gasolina y bota humo negro
G-ORIG-0655,1,Falla en sensor de oxigeno o mezcla rica,1,TRAIN,al salir a trabajar en carabayllo alto consumo de gasolina y bota humo negro
G-ORIG-0656,9,Falla en sensor de oxigeno o mezcla rica,1,TRAIN,carro traga demasiado combustible
G-ORIG-0657,1,Falla en sensor de oxigeno o mezcla rica,1,DEV,al salir a trabajar en carabayllo carro traga demasiado combustible
G-ORIG-0658,1,Falla en sensor de oxigeno o mezcla rica,1,TRAIN,en la panamericana norte carro traga demasiado combustible
G-ORIG-0659,1,Falla en sensor de oxigeno o mezcla rica,1,TRAIN,al salir a trabajar en carabayllo luz de check engine por mezcla rica
G-ORIG-0660,1,Falla en sensor de oxigeno o mezcla rica,1,TRAIN,en la panamericana norte luz de check engine por mezcla rica
G-ORIG-0661,1,Empaque de culata soplado o danado,1,TRAIN,en la panamericana norte sale humo blanco espeso por el tubo de escape
G-ORIG-0662,1,Empaque de culata soplado o danado,1,TRAIN,en la panamericana norte se mezcla el agua con el aceite
G-ORIG-0663,8,Empaque de culata soplado o danado,1,TRAIN,radiador bota burbujas
G-ORIG-0664,1,Empaque de culata soplado o danado,1,TRAIN,en la panamericana norte radiador bota burbujas
G-ORIG-0665,1,Empaque de culata soplado o danado,1,TRAIN,al salir a trabajar en carabayllo radiador bota burbujas
G-ORIG-0666,1,Consumo de aceite por desgaste de anillos o retenes,1,TRAIN,en la panamericana norte bota humo azul con olor a aceite quemado
G-ORIG-0667,1,Consumo de aceite por desgaste de anillos o retenes,1,TRAIN,en la panamericana norte tengo que echarle un litro de aceite cada semana
G-ORIG-0668,9,Cuerpo de aceleracion o valvula IAC sucia,1,DEV,carro se apaga solo al soltar acelerador en semaforos
G-ORIG-0669,1,Cuerpo de aceleracion o valvula IAC sucia,1,TRAIN,en la panamericana norte carro se apaga solo al soltar acelerador en semaforos
G-ORIG-0670,1,Cuerpo de aceleracion o valvula IAC sucia,1,DEV,al salir a trabajar en carabayllo carro se apaga solo al soltar acelerador en semaforos
G-ORIG-0671,9,Cuerpo de aceleracion o valvula IAC sucia,1,TRAIN,minimo oscila sube y baja solo
G-ORIG-0672,1,Cuerpo de aceleracion o valvula IAC sucia,1,DEV,en la panamericana norte minimo oscila sube y baja solo
G-ORIG-0673,1,Cuerpo de aceleracion o valvula IAC sucia,1,DEV,al salir a trabajar en carabayllo minimo oscila sube y baja solo
G-ORIG-0674,9,Fugas de aire o fallos en el sistema de frenos neumático (Camiones),1,DEV,soplido continuo de aire en los tanques del camion
G-ORIG-0675,1,Fugas de aire o fallos en el sistema de frenos neumático (Camiones),1,TRAIN,al salir a trabajar en carabayllo soplido continuo de aire en los tanques del camion
G-ORIG-0676,1,Fugas de aire o fallos en el sistema de frenos neumático (Camiones),1,TRAIN,en la panamericana norte soplido continuo de aire en los tanques del camion
G-ORIG-0677,9,Fugas de aire o fallos en el sistema de frenos neumático (Camiones),1,TRAIN,pedal de freno de aire duro presion no sube
G-ORIG-0678,1,Fugas de aire o fallos en el sistema de frenos neumático (Camiones),1,TRAIN,en la panamericana norte pedal de freno de aire duro presion no sube
G-ORIG-0679,1,Fugas de aire o fallos en el sistema de frenos neumático (Camiones),1,TRAIN,al salir a trabajar en carabayllo pedal de freno de aire duro presion no sube
G-ORIG-0680,9,Fuga en mangueras de intercooler o turbocompresor danado,1,TRAIN,camion bota humo negro denso y no tiene fuerza para jalar carga
G-ORIG-0681,1,Fuga en mangueras de intercooler o turbocompresor danado,1,TRAIN,al salir a trabajar en carabayllo camion bota humo negro denso y no tiene fuerza para jalar carga
G-ORIG-0682,1,Fuga en mangueras de intercooler o turbocompresor danado,1,TRAIN,en la panamericana norte camion bota humo negro denso y no tiene fuerza para jalar carga
G-ORIG-0683,9,Fuga en mangueras de intercooler o turbocompresor danado,1,TRAIN,zumbido fuerte en el turbo al acelerar
G-ORIG-0684,1,Fuga en mangueras de intercooler o turbocompresor danado,1,TRAIN,al salir a trabajar en carabayllo zumbido fuerte en el turbo al acelerar
G-ORIG-0685,1,Fuga en mangueras de intercooler o turbocompresor danado,1,TRAIN,en la panamericana norte zumbido fuerte en el turbo al acelerar
G-ORIG-0686,9,Fuga o baja presion en sistema Common Rail Diesel (Camiones/Pickups),1,TRAIN,camion demora bastante en arrancar en frio
G-ORIG-0687,1,Fuga o baja presion en sistema Common Rail Diesel (Camiones/Pickups),1,DEV,al salir a trabajar en carabayllo camion demora bastante en arrancar en frio
G-ORIG-0688,1,Fuga o baja presion en sistema Common Rail Diesel (Camiones/Pickups),1,TRAIN,en la panamericana norte camion demora bastante en arrancar en frio
G-ORIG-0689,1,Fuga o baja presion en sistema Common Rail Diesel (Camiones/Pickups),1,TRAIN,al salir a trabajar en carabayllo cascabelea el motor diesel bajo carga pesada
G-ORIG-0690,1,Fuga o baja presion en sistema Common Rail Diesel (Camiones/Pickups),1,TRAIN,en la panamericana norte cascabelea el motor diesel bajo carga pesada
G-ORIG-0691,9,Degradacion o falla en paquete de bateria de alto voltaje (EV / Hibridos),1,TRAIN,autonomia de la bateria del auto electrico cae bruscamente
G-ORIG-0692,1,Degradacion o falla en paquete de bateria de alto voltaje (EV / Hibridos),1,TRAIN,al salir a trabajar en carabayllo autonomia de la bateria del auto electrico cae bruscamente
G-ORIG-0693,1,Degradacion o falla en paquete de bateria de alto voltaje (EV / Hibridos),1,TRAIN,en la panamericana norte autonomia de la bateria del auto electrico cae bruscamente
G-ORIG-0694,1,Degradacion o falla en paquete de bateria de alto voltaje (EV / Hibridos),1,DEV,al salir a trabajar en carabayllo luz de advertencia de sistema hibrido en el tablero
G-ORIG-0695,1,Degradacion o falla en paquete de bateria de alto voltaje (EV / Hibridos),1,TRAIN,en la panamericana norte luz de advertencia de sistema hibrido en el tablero
G-ORIG-0696,9,Fallo en inversor de corriente IGBT o motor electrico (EV),1,DEV,auto electrico no pasa a modo ready y no avanza
G-ORIG-0697,1,Fallo en inversor de corriente IGBT o motor electrico (EV),1,TRAIN,al salir a trabajar en carabayllo auto electrico no pasa a modo ready y no avanza
G-ORIG-0698,1,Fallo en inversor de corriente IGBT o motor electrico (EV),1,TRAIN,en la panamericana norte auto electrico no pasa a modo ready y no avanza
G-ORIG-0699,1,Fallo en inversor de corriente IGBT o motor electrico (EV),1,TRAIN,al salir a trabajar en carabayllo zumbido agudo inusual en el motor electrico
G-ORIG-0700,1,Fallo en inversor de corriente IGBT o motor electrico (EV),1,DEV,en la panamericana norte zumbido agudo inusual en el motor electrico
G-ORIG-0701,9,Falla en sistema de frenado regenerativo (EV / Hibridos),1,TRAIN,freno regenerativo no retiene el auto al soltar acelerador
G-ORIG-0702,1,Falla en sistema de frenado regenerativo (EV / Hibridos),1,TRAIN,al salir a trabajar en carabayllo freno regenerativo no retiene el auto al soltar acelerador
G-ORIG-0703,1,Falla en sistema de frenado regenerativo (EV / Hibridos),1,TRAIN,en la panamericana norte freno regenerativo no retiene el auto al soltar acelerador
G-ORIG-0704,9,Falla en sistema de frenado regenerativo (EV / Hibridos),1,TRAIN,sensacion brusca al frenar en auto hibrido
G-ORIG-0705,1,Falla en sistema de frenado regenerativo (EV / Hibridos),1,DEV,en la panamericana norte sensacion brusca al frenar en auto hibrido
G-ORIG-0706,1,Falla en sistema de frenado regenerativo (EV / Hibridos),1,TRAIN,al salir a trabajar en carabayllo sensacion brusca al frenar en auto hibrido
G-ORIG-0707,1,Foco o falla en sistema de refrigeracion de bateria/inversor (EV),1,TRAIN,al salir a trabajar en carabayllo mensaje de sobrecalentamiento de la bateria de alto voltaje
G-ORIG-0708,1,Foco o falla en sistema de refrigeracion de bateria/inversor (EV),1,TRAIN,en la panamericana norte mensaje de sobrecalentamiento de la bateria de alto voltaje
G-ORIG-0709,9,Foco o falla en sistema de refrigeracion de bateria/inversor (EV),1,TRAIN,bomba de agua del inversor no circula refrigerante
G-ORIG-0710,1,Foco o falla en sistema de refrigeracion de bateria/inversor (EV),1,TRAIN,al salir a trabajar en carabayllo bomba de agua del inversor no circula refrigerante
G-ORIG-0711,1,Foco o falla en sistema de refrigeracion de bateria/inversor (EV),1,TRAIN,en la panamericana norte bomba de agua del inversor no circula refrigerante
G-ORIG-0712,3,Empaque de culata soplado o danado,1,TRAIN,bota vapor blanco por el escape y junta agua con aceite
G-ORIG-0713,1,Empaque de culata soplado o danado,1,TRAIN,tengo una falla en mi carro bota vapor blanco por el escape y junta agua con aceite
G-ORIG-0714,1,Empaque de culata soplado o danado,1,TRAIN,al andar por carabayllo bota vapor blanco por el escape y junta agua con aceite
G-ORIG-0715,1,Empaque de culata soplado o danado,1,TRAIN,en la panamericana norte bota vapor blanco por el escape y junta agua con aceite
G-ORIG-0716,1,Empaque de culata soplado o danado,1,TRAIN,maestro mi caña bota vapor blanco por el escape y junta agua con aceite
G-ORIG-0717,1,Empaque de culata soplado o danado,1,DEV,buenas tardes maestro bota vapor blanco por el escape y junta agua con aceite
G-ORIG-0718,1,Empaque de culata soplado o danado,1,TRAIN,mi auto presenta bota vapor blanco por el escape y junta agua con aceite
G-ORIG-0719,1,Empaque de culata soplado o danado,1,TRAIN,en el taller me dijeron que bota vapor blanco por el escape y junta agua con aceite
G-ORIG-0720,3,Empaque de culata soplado o danado,1,DEV,el radiador bota burbujas con el motor encendido
G-ORIG-0721,1,Empaque de culata soplado o danado,1,TRAIN,mi auto presenta el radiador bota burbujas con el motor encendido
G-ORIG-0722,1,Empaque de culata soplado o danado,1,TRAIN,buenas tardes maestro el radiador bota burbujas con el motor encendido
G-ORIG-0723,1,Empaque de culata soplado o danado,1,DEV,en el taller me dijeron que el radiador bota burbujas con el motor encendido
G-ORIG-0724,1,Empaque de culata soplado o danado,1,TRAIN,maestro mi caña el radiador bota burbujas con el motor encendido
G-ORIG-0725,1,Empaque de culata soplado o danado,1,TRAIN,en la panamericana norte el radiador bota burbujas con el motor encendido
G-ORIG-0726,1,Empaque de culata soplado o danado,1,DEV,al andar por carabayllo el radiador bota burbujas con el motor encendido
G-ORIG-0727,1,Empaque de culata soplado o danado,1,TRAIN,tengo una falla en mi carro el radiador bota burbujas con el motor encendido
G-ORIG-0728,3,Empaque de culata soplado o danado,1,TRAIN,aceite de motor parece leche con cafe chocolatada
G-ORIG-0729,1,Empaque de culata soplado o danado,1,TRAIN,tengo una falla en mi carro aceite de motor parece leche con cafe chocolatada
G-ORIG-0730,1,Empaque de culata soplado o danado,1,TRAIN,buenas tardes maestro aceite de motor parece leche con cafe chocolatada
G-ORIG-0731,1,Empaque de culata soplado o danado,1,TRAIN,al andar por carabayllo aceite de motor parece leche con cafe chocolatada
G-ORIG-0732,1,Empaque de culata soplado o danado,1,DEV,en la panamericana norte aceite de motor parece leche con cafe chocolatada
G-ORIG-0733,1,Empaque de culata soplado o danado,1,TRAIN,maestro mi caña aceite de motor parece leche con cafe chocolatada
G-ORIG-0734,1,Empaque de culata soplado o danado,1,TRAIN,mi auto presenta aceite de motor parece leche con cafe chocolatada
G-ORIG-0735,1,Empaque de culata soplado o danado,1,TRAIN,en el taller me dijeron que aceite de motor parece leche con cafe chocolatada
G-ORIG-0736,3,Faja o cadena de distribucion destensada o con salto de punto,1,DEV,motor hizo un ruido seco feo y se apago al instante no vuelve a arrancar
G-ORIG-0737,1,Faja o cadena de distribucion destensada o con salto de punto,1,TRAIN,al andar por carabayllo motor hizo un ruido seco feo y se apago al instante no vuelve a arrancar
G-ORIG-0738,1,Faja o cadena de distribucion destensada o con salto de punto,1,TRAIN,en el taller me dijeron que motor hizo un ruido seco feo y se apago al instante no vuelve a arrancar
G-ORIG-0739,1,Faja o cadena de distribucion destensada o con salto de punto,1,TRAIN,en la panamericana norte motor hizo un ruido seco feo y se apago al instante no vuelve a arrancar
G-ORIG-0740,1,Faja o cadena de distribucion destensada o con salto de punto,1,TRAIN,tengo una falla en mi carro motor hizo un ruido seco feo y se apago al instante no vuelve a arrancar
G-ORIG-0741,1,Faja o cadena de distribucion destensada o con salto de punto,1,TRAIN,mi auto presenta motor hizo un ruido seco feo y se apago al instante no vuelve a arrancar
G-ORIG-0742,1,Faja o cadena de distribucion destensada o con salto de punto,1,TRAIN,buenas tardes maestro motor hizo un ruido seco feo y se apago al instante no vuelve a arrancar
G-ORIG-0743,1,Faja o cadena de distribucion destensada o con salto de punto,1,TRAIN,maestro mi caña motor hizo un ruido seco feo y se apago al instante no vuelve a arrancar
G-ORIG-0744,3,Faja o cadena de distribucion destensada o con salto de punto,1,TRAIN,ruido de latigazo en la tapa de distribucion
G-ORIG-0745,1,Faja o cadena de distribucion destensada o con salto de punto,1,TRAIN,en el taller me dijeron que ruido de latigazo en la tapa de distribucion
G-ORIG-0746,1,Faja o cadena de distribucion destensada o con salto de punto,1,TRAIN,tengo una falla en mi carro ruido de latigazo en la tapa de distribucion
G-ORIG-0747,1,Faja o cadena de distribucion destensada o con salto de punto,1,TRAIN,buenas tardes maestro ruido de latigazo en la tapa de distribucion
G-ORIG-0748,1,Faja o cadena de distribucion destensada o con salto de punto,1,TRAIN,en la panamericana norte ruido de latigazo en la tapa de distribucion
G-ORIG-0749,1,Faja o cadena de distribucion destensada o con salto de punto,1,TRAIN,al andar por carabayllo ruido de latigazo en la tapa de distribucion
G-ORIG-0750,1,Faja o cadena de distribucion destensada o con salto de punto,1,TRAIN,mi auto presenta ruido de latigazo en la tapa de distribucion
G-ORIG-0751,1,Faja o cadena de distribucion destensada o con salto de punto,1,TRAIN,maestro mi caña ruido de latigazo en la tapa de distribucion
G-ORIG-0752,3,Faja o cadena de distribucion destensada o con salto de punto,1,TRAIN,arbol de levas no gira al dar arranque
G-ORIG-0753,1,Faja o cadena de distribucion destensada o con salto de punto,1,TRAIN,mi auto presenta arbol de levas no gira al dar arranque
G-ORIG-0754,1,Faja o cadena de distribucion destensada o con salto de punto,1,TRAIN,al andar por carabayllo arbol de levas no gira al dar arranque
G-ORIG-0755,1,Faja o cadena de distribucion destensada o con salto de punto,1,TRAIN,en la panamericana norte arbol de levas no gira al dar arranque
G-ORIG-0756,1,Faja o cadena de distribucion destensada o con salto de punto,1,DEV,en el taller me dijeron que arbol de levas no gira al dar arranque
G-ORIG-0757,1,Faja o cadena de distribucion destensada o con salto de punto,1,TRAIN,tengo una falla en mi carro arbol de levas no gira al dar arranque
G-ORIG-0758,1,Faja o cadena de distribucion destensada o con salto de punto,1,TRAIN,buenas tardes maestro arbol de levas no gira al dar arranque
G-ORIG-0759,1,Faja o cadena de distribucion destensada o con salto de punto,1,TRAIN,maestro mi caña arbol de levas no gira al dar arranque
G-ORIG-0760,3,Baja presion de aceite o bomba de aceite defectuosa,1,TRAIN,testigo de la aceitera se prende en rojo en el tablero
G-ORIG-0761,1,Baja presion de aceite o bomba de aceite defectuosa,1,DEV,al andar por carabayllo testigo de la aceitera se prende en rojo en el tablero
G-ORIG-0762,1,Baja presion de aceite o bomba de aceite defectuosa,1,DEV,tengo una falla en mi carro testigo de la aceitera se prende en rojo en el tablero
G-ORIG-0763,1,Baja presion de aceite o bomba de aceite defectuosa,1,DEV,maestro mi caña testigo de la aceitera se prende en rojo en el tablero
G-ORIG-0764,1,Baja presion de aceite o bomba de aceite defectuosa,1,TRAIN,mi auto presenta testigo de la aceitera se prende en rojo en el tablero
G-ORIG-0765,1,Baja presion de aceite o bomba de aceite defectuosa,1,TRAIN,en el taller me dijeron que testigo de la aceitera se prende en rojo en el tablero
G-ORIG-0766,1,Baja presion de aceite o bomba de aceite defectuosa,1,TRAIN,en la panamericana norte testigo de la aceitera se prende en rojo en el tablero
G-ORIG-0767,1,Baja presion de aceite o bomba de aceite defectuosa,1,TRAIN,buenas tardes maestro testigo de la aceitera se prende en rojo en el tablero
G-ORIG-0768,3,Baja presion de aceite o bomba de aceite defectuosa,1,TRAIN,ruido de buzos y taques sonando como maquina de coser
G-ORIG-0769,1,Baja presion de aceite o bomba de aceite defectuosa,1,TRAIN,tengo una falla en mi carro ruido de buzos y taques sonando como maquina de coser
G-ORIG-0770,1,Baja presion de aceite o bomba de aceite defectuosa,1,TRAIN,mi auto presenta ruido de buzos y taques sonando como maquina de coser
G-ORIG-0771,1,Baja presion de aceite o bomba de aceite defectuosa,1,TRAIN,al andar por carabayllo ruido de buzos y taques sonando como maquina de coser
G-ORIG-0772,1,Baja presion de aceite o bomba de aceite defectuosa,1,TRAIN,buenas tardes maestro ruido de buzos y taques sonando como maquina de coser
G-ORIG-0773,1,Baja presion de aceite o bomba de aceite defectuosa,1,TRAIN,maestro mi caña ruido de buzos y taques sonando como maquina de coser
G-ORIG-0774,1,Baja presion de aceite o bomba de aceite defectuosa,1,TRAIN,en la panamericana norte ruido de buzos y taques sonando como maquina de coser
G-ORIG-0775,1,Baja presion de aceite o bomba de aceite defectuosa,1,TRAIN,en el taller me dijeron que ruido de buzos y taques sonando como maquina de coser
G-ORIG-0776,3,Baja presion de aceite o bomba de aceite defectuosa,1,DEV,presion de aceite cae a cero en caliente
G-ORIG-0777,1,Baja presion de aceite o bomba de aceite defectuosa,1,TRAIN,mi auto presenta presion de aceite cae a cero en caliente
G-ORIG-0778,1,Baja presion de aceite o bomba de aceite defectuosa,1,TRAIN,en la panamericana norte presion de aceite cae a cero en caliente
G-ORIG-0779,1,Baja presion de aceite o bomba de aceite defectuosa,1,TRAIN,tengo una falla en mi carro presion de aceite cae a cero en caliente
G-ORIG-0780,1,Baja presion de aceite o bomba de aceite defectuosa,1,TRAIN,buenas tardes maestro presion de aceite cae a cero en caliente
G-ORIG-0781,1,Baja presion de aceite o bomba de aceite defectuosa,1,TRAIN,maestro mi caña presion de aceite cae a cero en caliente
G-ORIG-0782,1,Baja presion de aceite o bomba de aceite defectuosa,1,TRAIN,en el taller me dijeron que presion de aceite cae a cero en caliente
G-ORIG-0783,1,Baja presion de aceite o bomba de aceite defectuosa,1,DEV,al andar por carabayllo presion de aceite cae a cero en caliente
G-ORIG-0784,3,Disco de embrague desgastado o patinando,1,TRAIN,el motor acelera y ruge pero el carro no agarra velocidad en subida
G-ORIG-0785,1,Disco de embrague desgastado o patinando,1,TRAIN,maestro mi caña el motor acelera y ruge pero el carro no agarra velocidad en subida
G-ORIG-0786,1,Disco de embrague desgastado o patinando,1,TRAIN,al andar por carabayllo el motor acelera y ruge pero el carro no agarra velocidad en subida
G-ORIG-0787,1,Disco de embrague desgastado o patinando,1,TRAIN,en el taller me dijeron que el motor acelera y ruge pero el carro no agarra velocidad en subida
G-ORIG-0788,1,Disco de embrague desgastado o patinando,1,TRAIN,en la panamericana norte el motor acelera y ruge pero el carro no agarra velocidad en subida
G-ORIG-0789,1,Disco de embrague desgastado o patinando,1,TRAIN,mi auto presenta el motor acelera y ruge pero el carro no agarra velocidad en subida
G-ORIG-0790,1,Disco de embrague desgastado o patinando,1,TRAIN,tengo una falla en mi carro el motor acelera y ruge pero el carro no agarra velocidad en subida
G-ORIG-0791,1,Disco de embrague desgastado o patinando,1,TRAIN,buenas tardes maestro el motor acelera y ruge pero el carro no agarra velocidad en subida
G-ORIG-0792,3,Disco de embrague desgastado o patinando,1,TRAIN,embrague resbala al pasar cambios
G-ORIG-0793,1,Disco de embrague desgastado o patinando,1,TRAIN,buenas tardes maestro embrague resbala al pasar cambios
G-ORIG-0794,1,Disco de embrague desgastado o patinando,1,DEV,tengo una falla en mi carro embrague resbala al pasar cambios
G-ORIG-0795,1,Disco de embrague desgastado o patinando,1,TRAIN,en el taller me dijeron que embrague resbala al pasar cambios
G-ORIG-0796,1,Disco de embrague desgastado o patinando,1,DEV,en la panamericana norte embrague resbala al pasar cambios
G-ORIG-0797,1,Disco de embrague desgastado o patinando,1,TRAIN,mi auto presenta embrague resbala al pasar cambios
G-ORIG-0798,1,Disco de embrague desgastado o patinando,1,TRAIN,al andar por carabayllo embrague resbala al pasar cambios
G-ORIG-0799,1,Disco de embrague desgastado o patinando,1,TRAIN,maestro mi caña embrague resbala al pasar cambios
G-ORIG-0800,3,Disco de embrague desgastado o patinando,1,TRAIN,olor a quemado feo al soltar el pedal de embrague
G-ORIG-0801,1,Disco de embrague desgastado o patinando,1,DEV,en la panamericana norte olor a quemado feo al soltar el pedal de embrague
G-ORIG-0802,1,Disco de embrague desgastado o patinando,1,TRAIN,tengo una falla en mi carro olor a quemado feo al soltar el pedal de embrague
G-ORIG-0803,1,Disco de embrague desgastado o patinando,1,TRAIN,maestro mi caña olor a quemado feo al soltar el pedal de embrague
G-ORIG-0804,1,Disco de embrague desgastado o patinando,1,TRAIN,buenas tardes maestro olor a quemado feo al soltar el pedal de embrague
G-ORIG-0805,1,Disco de embrague desgastado o patinando,1,DEV,al andar por carabayllo olor a quemado feo al soltar el pedal de embrague
G-ORIG-0806,1,Disco de embrague desgastado o patinando,1,TRAIN,mi auto presenta olor a quemado feo al soltar el pedal de embrague
G-ORIG-0807,1,Disco de embrague desgastado o patinando,1,TRAIN,en el taller me dijeron que olor a quemado feo al soltar el pedal de embrague
G-ORIG-0808,3,Sobrecalentamiento o solenoides en caja automatica CVT / DSG,1,DEV,caja automatica da tirones y golpes al pasar de P a D
G-ORIG-0809,1,Sobrecalentamiento o solenoides en caja automatica CVT / DSG,1,TRAIN,al andar por carabayllo caja automatica da tirones y golpes al pasar de P a D
G-ORIG-0810,1,Sobrecalentamiento o solenoides en caja automatica CVT / DSG,1,TRAIN,en la panamericana norte caja automatica da tirones y golpes al pasar de P a D
G-ORIG-0811,1,Sobrecalentamiento o solenoides en caja automatica CVT / DSG,1,TRAIN,tengo una falla en mi carro caja automatica da tirones y golpes al pasar de P a D
G-ORIG-0812,1,Sobrecalentamiento o solenoides en caja automatica CVT / DSG,1,TRAIN,buenas tardes maestro caja automatica da tirones y golpes al pasar de P a D
G-ORIG-0813,1,Sobrecalentamiento o solenoides en caja automatica CVT / DSG,1,TRAIN,mi auto presenta caja automatica da tirones y golpes al pasar de P a D
G-ORIG-0814,1,Sobrecalentamiento o solenoides en caja automatica CVT / DSG,1,DEV,en el taller me dijeron que caja automatica da tirones y golpes al pasar de P a D
G-ORIG-0815,1,Sobrecalentamiento o solenoides en caja automatica CVT / DSG,1,TRAIN,maestro mi caña caja automatica da tirones y golpes al pasar de P a D
G-ORIG-0816,3,Sobrecalentamiento o solenoides en caja automatica CVT / DSG,1,TRAIN,cambios automaticos no entran o se queda trabado en segunda
G-ORIG-0817,1,Sobrecalentamiento o solenoides en caja automatica CVT / DSG,1,DEV,en la panamericana norte cambios automaticos no entran o se queda trabado en segunda
G-ORIG-0818,1,Sobrecalentamiento o solenoides en caja automatica CVT / DSG,1,DEV,mi auto presenta cambios automaticos no entran o se queda trabado en segunda
G-ORIG-0819,1,Sobrecalentamiento o solenoides en caja automatica CVT / DSG,1,TRAIN,al andar por carabayllo cambios automaticos no entran o se queda trabado en segunda
G-ORIG-0820,1,Sobrecalentamiento o solenoides en caja automatica CVT / DSG,1,TRAIN,maestro mi caña cambios automaticos no entran o se queda trabado en segunda
G-ORIG-0821,1,Sobrecalentamiento o solenoides en caja automatica CVT / DSG,1,TRAIN,en el taller me dijeron que cambios automaticos no entran o se queda trabado en segunda
G-ORIG-0822,1,Sobrecalentamiento o solenoides en caja automatica CVT / DSG,1,TRAIN,buenas tardes maestro cambios automaticos no entran o se queda trabado en segunda
G-ORIG-0823,1,Sobrecalentamiento o solenoides en caja automatica CVT / DSG,1,DEV,tengo una falla en mi carro cambios automaticos no entran o se queda trabado en segunda
G-ORIG-0824,3,Sobrecalentamiento o solenoides en caja automatica CVT / DSG,1,TRAIN,luz de alerta de transmision automatica encendida
G-ORIG-0825,1,Sobrecalentamiento o solenoides en caja automatica CVT / DSG,1,TRAIN,maestro mi caña luz de alerta de transmision automatica encendida
G-ORIG-0826,1,Sobrecalentamiento o solenoides en caja automatica CVT / DSG,1,TRAIN,tengo una falla en mi carro luz de alerta de transmision automatica encendida
G-ORIG-0827,1,Sobrecalentamiento o solenoides en caja automatica CVT / DSG,1,TRAIN,en la panamericana norte luz de alerta de transmision automatica encendida
G-ORIG-0828,1,Sobrecalentamiento o solenoides en caja automatica CVT / DSG,1,TRAIN,al andar por carabayllo luz de alerta de transmision automatica encendida
G-ORIG-0829,1,Sobrecalentamiento o solenoides en caja automatica CVT / DSG,1,TRAIN,en el taller me dijeron que luz de alerta de transmision automatica encendida
G-ORIG-0830,1,Sobrecalentamiento o solenoides en caja automatica CVT / DSG,1,TRAIN,buenas tardes maestro luz de alerta de transmision automatica encendida
G-ORIG-0831,1,Sobrecalentamiento o solenoides en caja automatica CVT / DSG,1,TRAIN,mi auto presenta luz de alerta de transmision automatica encendida
G-ORIG-0832,3,Rodajes de caja mecanica o diferencial gastados,1,DEV,zumbido fuerte en la caja de cambios que aumenta con la velocidad
G-ORIG-0833,1,Rodajes de caja mecanica o diferencial gastados,1,TRAIN,mi auto presenta zumbido fuerte en la caja de cambios que aumenta con la velocidad
G-ORIG-0834,1,Rodajes de caja mecanica o diferencial gastados,1,TRAIN,tengo una falla en mi carro zumbido fuerte en la caja de cambios que aumenta con la velocidad
G-ORIG-0835,1,Rodajes de caja mecanica o diferencial gastados,1,TRAIN,buenas tardes maestro zumbido fuerte en la caja de cambios que aumenta con la velocidad
G-ORIG-0836,1,Rodajes de caja mecanica o diferencial gastados,1,TRAIN,al andar por carabayllo zumbido fuerte en la caja de cambios que aumenta con la velocidad
G-ORIG-0837,1,Rodajes de caja mecanica o diferencial gastados,1,TRAIN,maestro mi caña zumbido fuerte en la caja de cambios que aumenta con la velocidad
G-ORIG-0838,1,Rodajes de caja mecanica o diferencial gastados,1,TRAIN,en la panamericana norte zumbido fuerte en la caja de cambios que aumenta con la velocidad
G-ORIG-0839,1,Rodajes de caja mecanica o diferencial gastados,1,DEV,en el taller me dijeron que zumbido fuerte en la caja de cambios que aumenta con la velocidad
G-ORIG-0840,3,Rodajes de caja mecanica o diferencial gastados,1,TRAIN,suena como avion al andar a mas de 60 km/h en quinta
G-ORIG-0841,1,Rodajes de caja mecanica o diferencial gastados,1,TRAIN,buenas tardes maestro suena como avion al andar a mas de 60 km/h en quinta
G-ORIG-0842,1,Rodajes de caja mecanica o diferencial gastados,1,TRAIN,mi auto presenta suena como avion al andar a mas de 60 km/h en quinta
G-ORIG-0843,1,Rodajes de caja mecanica o diferencial gastados,1,TRAIN,en el taller me dijeron que suena como avion al andar a mas de 60 km/h en quinta
G-ORIG-0844,1,Rodajes de caja mecanica o diferencial gastados,1,TRAIN,en la panamericana norte suena como avion al andar a mas de 60 km/h en quinta
G-ORIG-0845,1,Rodajes de caja mecanica o diferencial gastados,1,DEV,tengo una falla en mi carro suena como avion al andar a mas de 60 km/h en quinta
G-ORIG-0846,1,Rodajes de caja mecanica o diferencial gastados,1,TRAIN,maestro mi caña suena como avion al andar a mas de 60 km/h en quinta
G-ORIG-0847,1,Rodajes de caja mecanica o diferencial gastados,1,DEV,al andar por carabayllo suena como avion al andar a mas de 60 km/h en quinta
G-ORIG-0848,3,Rodajes de caja mecanica o diferencial gastados,1,TRAIN,caja de cambios vibra e palanca tiembla
G-ORIG-0849,1,Rodajes de caja mecanica o diferencial gastados,1,DEV,al andar por carabayllo caja de cambios vibra e palanca tiembla
G-ORIG-0850,1,Rodajes de caja mecanica o diferencial gastados,1,TRAIN,mi auto presenta caja de cambios vibra e palanca tiembla
G-ORIG-0851,1,Rodajes de caja mecanica o diferencial gastados,1,DEV,maestro mi caña caja de cambios vibra e palanca tiembla
G-ORIG-0852,1,Rodajes de caja mecanica o diferencial gastados,1,TRAIN,buenas tardes maestro caja de cambios vibra e palanca tiembla
G-ORIG-0853,1,Rodajes de caja mecanica o diferencial gastados,1,TRAIN,en el taller me dijeron que caja de cambios vibra e palanca tiembla
G-ORIG-0854,1,Rodajes de caja mecanica o diferencial gastados,1,TRAIN,tengo una falla en mi carro caja de cambios vibra e palanca tiembla
G-ORIG-0855,1,Rodajes de caja mecanica o diferencial gastados,1,DEV,en la panamericana norte caja de cambios vibra e palanca tiembla
G-ORIG-0856,3,Desgaste de pastillas y zapatas de freno,1,TRAIN,chillido de fierro con fierro al pisar el freno en la rueda
G-ORIG-0857,1,Desgaste de pastillas y zapatas de freno,1,TRAIN,maestro mi caña chillido de fierro con fierro al pisar el freno en la rueda
G-ORIG-0858,1,Desgaste de pastillas y zapatas de freno,1,TRAIN,buenas tardes maestro chillido de fierro con fierro al pisar el freno en la rueda
G-ORIG-0859,1,Desgaste de pastillas y zapatas de freno,1,TRAIN,tengo una falla en mi carro chillido de fierro con fierro al pisar el freno en la rueda
G-ORIG-0860,1,Desgaste de pastillas y zapatas de freno,1,TRAIN,en la panamericana norte chillido de fierro con fierro al pisar el freno en la rueda
G-ORIG-0861,1,Desgaste de pastillas y zapatas de freno,1,TRAIN,al andar por carabayllo chillido de fierro con fierro al pisar el freno en la rueda
G-ORIG-0862,1,Desgaste de pastillas y zapatas de freno,1,TRAIN,en el taller me dijeron que chillido de fierro con fierro al pisar el freno en la rueda
G-ORIG-0863,1,Desgaste de pastillas y zapatas de freno,1,TRAIN,mi auto presenta chillido de fierro con fierro al pisar el freno en la rueda
G-ORIG-0864,3,Desgaste de pastillas y zapatas de freno,1,TRAIN,ruido metalico agudo al detenerse
G-ORIG-0865,1,Desgaste de pastillas y zapatas de freno,1,TRAIN,mi auto presenta ruido metalico agudo al detenerse
G-ORIG-0866,1,Desgaste de pastillas y zapatas de freno,1,TRAIN,maestro mi caña ruido metalico agudo al detenerse
G-ORIG-0867,1,Desgaste de pastillas y zapatas de freno,1,TRAIN,en la panamericana norte ruido metalico agudo al detenerse
G-ORIG-0868,1,Desgaste de pastillas y zapatas de freno,1,TRAIN,tengo una falla en mi carro ruido metalico agudo al detenerse
G-ORIG-0869,1,Desgaste de pastillas y zapatas de freno,1,TRAIN,en el taller me dijeron que ruido metalico agudo al detenerse
G-ORIG-0870,1,Desgaste de pastillas y zapatas de freno,1,TRAIN,buenas tardes maestro ruido metalico agudo al detenerse
G-ORIG-0871,1,Desgaste de pastillas y zapatas de freno,1,TRAIN,al andar por carabayllo ruido metalico agudo al detenerse
G-ORIG-0872,3,Desgaste de pastillas y zapatas de freno,1,DEV,freno no agarra bien y chirria seco
G-ORIG-0873,1,Desgaste de pastillas y zapatas de freno,1,TRAIN,maestro mi caña freno no agarra bien y chirria seco
G-ORIG-0874,1,Desgaste de pastillas y zapatas de freno,1,TRAIN,tengo una falla en mi carro freno no agarra bien y chirria seco
G-ORIG-0875,1,Desgaste de pastillas y zapatas de freno,1,TRAIN,al andar por carabayllo freno no agarra bien y chirria seco
G-ORIG-0876,1,Desgaste de pastillas y zapatas de freno,1,TRAIN,en el taller me dijeron que freno no agarra bien y chirria seco
G-ORIG-0877,1,Desgaste de pastillas y zapatas de freno,1,TRAIN,buenas tardes maestro freno no agarra bien y chirria seco
G-ORIG-0878,1,Desgaste de pastillas y zapatas de freno,1,DEV,en la panamericana norte freno no agarra bien y chirria seco
G-ORIG-0879,1,Desgaste de pastillas y zapatas de freno,1,TRAIN,mi auto presenta freno no agarra bien y chirria seco
G-ORIG-0880,3,Discos de freno alabeados o desgastados,1,TRAIN,pedal de freno y timon tiemblan bastante al frenar bajando pendiente
G-ORIG-0881,1,Discos de freno alabeados o desgastados,1,DEV,en el taller me dijeron que pedal de freno y timon tiemblan bastante al frenar bajando pendiente
G-ORIG-0882,1,Discos de freno alabeados o desgastados,1,TRAIN,buenas tardes maestro pedal de freno y timon tiemblan bastante al frenar bajando pendiente
G-ORIG-0883,1,Discos de freno alabeados o desgastados,1,TRAIN,en la panamericana norte pedal de freno y timon tiemblan bastante al frenar bajando pendiente
G-ORIG-0884,1,Discos de freno alabeados o desgastados,1,TRAIN,mi auto presenta pedal de freno y timon tiemblan bastante al frenar bajando pendiente
G-ORIG-0885,1,Discos de freno alabeados o desgastados,1,TRAIN,maestro mi caña pedal de freno y timon tiemblan bastante al frenar bajando pendiente
G-ORIG-0886,1,Discos de freno alabeados o desgastados,1,TRAIN,al andar por carabayllo pedal de freno y timon tiemblan bastante al frenar bajando pendiente
G-ORIG-0887,1,Discos de freno alabeados o desgastados,1,TRAIN,tengo una falla en mi carro pedal de freno y timon tiemblan bastante al frenar bajando pendiente
G-ORIG-0888,3,Discos de freno alabeados o desgastados,1,TRAIN,vibracion fuerte en la pierna al pisar el freno
G-ORIG-0889,1,Discos de freno alabeados o desgastados,1,TRAIN,al andar por carabayllo vibracion fuerte en la pierna al pisar el freno
G-ORIG-0890,1,Discos de freno alabeados o desgastados,1,TRAIN,buenas tardes maestro vibracion fuerte en la pierna al pisar el freno
G-ORIG-0891,1,Discos de freno alabeados o desgastados,1,TRAIN,tengo una falla en mi carro vibracion fuerte en la pierna al pisar el freno
G-ORIG-0892,1,Discos de freno alabeados o desgastados,1,TRAIN,maestro mi caña vibracion fuerte en la pierna al pisar el freno
G-ORIG-0893,1,Discos de freno alabeados o desgastados,1,TRAIN,en el taller me dijeron que vibracion fuerte en la pierna al pisar el freno
G-ORIG-0894,1,Discos de freno alabeados o desgastados,1,TRAIN,mi auto presenta vibracion fuerte en la pierna al pisar el freno
G-ORIG-0895,1,Discos de freno alabeados o desgastados,1,TRAIN,en la panamericana norte vibracion fuerte en la pierna al pisar el freno
G-ORIG-0896,3,Discos de freno alabeados o desgastados,1,TRAIN,freno zapatea feo
G-ORIG-0897,1,Discos de freno alabeados o desgastados,1,TRAIN,maestro mi caña freno zapatea feo
G-ORIG-0898,1,Discos de freno alabeados o desgastados,1,TRAIN,en la panamericana norte freno zapatea feo
G-ORIG-0899,1,Discos de freno alabeados o desgastados,1,TRAIN,buenas tardes maestro freno zapatea feo
G-ORIG-0900,1,Discos de freno alabeados o desgastados,1,TRAIN,mi auto presenta freno zapatea feo
G-ORIG-0901,1,Discos de freno alabeados o desgastados,1,TRAIN,al andar por carabayllo freno zapatea feo
G-ORIG-0902,1,Discos de freno alabeados o desgastados,1,TRAIN,en el taller me dijeron que freno zapatea feo
G-ORIG-0903,1,Discos de freno alabeados o desgastados,1,DEV,tengo una falla en mi carro freno zapatea feo
G-ORIG-0904,3,Falla en sensor de velocidad de rueda ABS,1,DEV,testigo de ABS y freno de mano encendidos juntos en el tablero
G-ORIG-0905,1,Falla en sensor de velocidad de rueda ABS,1,TRAIN,buenas tardes maestro testigo de ABS y freno de mano encendidos juntos en el tablero
G-ORIG-0906,1,Falla en sensor de velocidad de rueda ABS,1,TRAIN,maestro mi caña testigo de ABS y freno de mano encendidos juntos en el tablero
G-ORIG-0907,1,Falla en sensor de velocidad de rueda ABS,1,TRAIN,al andar por carabayllo testigo de ABS y freno de mano encendidos juntos en el tablero
G-ORIG-0908,1,Falla en sensor de velocidad de rueda ABS,1,TRAIN,en la panamericana norte testigo de ABS y freno de mano encendidos juntos en el tablero
G-ORIG-0909,1,Falla en sensor de velocidad de rueda ABS,1,DEV,tengo una falla en mi carro testigo de ABS y freno de mano encendidos juntos en el tablero
G-ORIG-0910,1,Falla en sensor de velocidad de rueda ABS,1,TRAIN,mi auto presenta testigo de ABS y freno de mano encendidos juntos en el tablero
G-ORIG-0911,1,Falla en sensor de velocidad de rueda ABS,1,DEV,en el taller me dijeron que testigo de ABS y freno de mano encendidos juntos en el tablero
G-ORIG-0912,3,Falla en sensor de velocidad de rueda ABS,1,TRAIN,freno patea brusco al detenerse despacio
G-ORIG-0913,1,Falla en sensor de velocidad de rueda ABS,1,TRAIN,al andar por carabayllo freno patea brusco al detenerse despacio
G-ORIG-0914,1,Falla en sensor de velocidad de rueda ABS,1,TRAIN,mi auto presenta freno patea brusco al detenerse despacio
G-ORIG-0915,1,Falla en sensor de velocidad de rueda ABS,1,DEV,maestro mi caña freno patea brusco al detenerse despacio
G-ORIG-0916,1,Falla en sensor de velocidad de rueda ABS,1,TRAIN,en el taller me dijeron que freno patea brusco al detenerse despacio
G-ORIG-0917,1,Falla en sensor de velocidad de rueda ABS,1,TRAIN,tengo una falla en mi carro freno patea brusco al detenerse despacio
G-ORIG-0918,1,Falla en sensor de velocidad de rueda ABS,1,TRAIN,en la panamericana norte freno patea brusco al detenerse despacio
G-ORIG-0919,1,Falla en sensor de velocidad de rueda ABS,1,TRAIN,buenas tardes maestro freno patea brusco al detenerse despacio
G-ORIG-0920,3,Falla en sensor de velocidad de rueda ABS,1,TRAIN,codigo DTC C0035 de sensor de rueda
G-ORIG-0921,1,Falla en sensor de velocidad de rueda ABS,1,TRAIN,en la panamericana norte codigo DTC C0035 de sensor de rueda
G-ORIG-0922,1,Falla en sensor de velocidad de rueda ABS,1,TRAIN,al andar por carabayllo codigo DTC C0035 de sensor de rueda
G-ORIG-0923,1,Falla en sensor de velocidad de rueda ABS,1,TRAIN,tengo una falla en mi carro codigo DTC C0035 de sensor de rueda
G-ORIG-0924,1,Falla en sensor de velocidad de rueda ABS,1,TRAIN,mi auto presenta codigo DTC C0035 de sensor de rueda
G-ORIG-0925,1,Falla en sensor de velocidad de rueda ABS,1,TRAIN,buenas tardes maestro codigo DTC C0035 de sensor de rueda
G-ORIG-0926,1,Falla en sensor de velocidad de rueda ABS,1,TRAIN,maestro mi caña codigo DTC C0035 de sensor de rueda
G-ORIG-0927,1,Falla en sensor de velocidad de rueda ABS,1,TRAIN,en el taller me dijeron que codigo DTC C0035 de sensor de rueda
G-ORIG-0928,3,Cremallera de direccion asistida con holgura o fuga,1,TRAIN,timon duro como piedra para doblar en esquinas
G-ORIG-0929,1,Cremallera de direccion asistida con holgura o fuga,1,TRAIN,buenas tardes maestro timon duro como piedra para doblar en esquinas
G-ORIG-0930,1,Cremallera de direccion asistida con holgura o fuga,1,DEV,al andar por carabayllo timon duro como piedra para doblar en esquinas
G-ORIG-0931,1,Cremallera de direccion asistida con holgura o fuga,1,TRAIN,en la panamericana norte timon duro como piedra para doblar en esquinas
G-ORIG-0932,1,Cremallera de direccion asistida con holgura o fuga,1,TRAIN,en el taller me dijeron que timon duro como piedra para doblar en esquinas
G-ORIG-0933,1,Cremallera de direccion asistida con holgura o fuga,1,TRAIN,mi auto presenta timon duro como piedra para doblar en esquinas
G-ORIG-0934,1,Cremallera de direccion asistida con holgura o fuga,1,TRAIN,tengo una falla en mi carro timon duro como piedra para doblar en esquinas
G-ORIG-0935,1,Cremallera de direccion asistida con holgura o fuga,1,TRAIN,maestro mi caña timon duro como piedra para doblar en esquinas
G-ORIG-0936,3,Cremallera de direccion asistida con holgura o fuga,1,TRAIN,golpeteo en el volante al andar en pista afirmada
G-ORIG-0937,1,Cremallera de direccion asistida con holgura o fuga,1,TRAIN,al andar por carabayllo golpeteo en el volante al andar en pista afirmada
G-ORIG-0938,1,Cremallera de direccion asistida con holgura o fuga,1,DEV,maestro mi caña golpeteo en el volante al andar en pista afirmada
G-ORIG-0939,1,Cremallera de direccion asistida con holgura o fuga,1,TRAIN,en la panamericana norte golpeteo en el volante al andar en pista afirmada
G-ORIG-0940,1,Cremallera de direccion asistida con holgura o fuga,1,TRAIN,tengo una falla en mi carro golpeteo en el volante al andar en pista afirmada
G-ORIG-0941,1,Cremallera de direccion asistida con holgura o fuga,1,TRAIN,en el taller me dijeron que golpeteo en el volante al andar en pista afirmada
G-ORIG-0942,1,Cremallera de direccion asistida con holgura o fuga,1,DEV,mi auto presenta golpeteo en el volante al andar en pista afirmada
G-ORIG-0943,1,Cremallera de direccion asistida con holgura o fuga,1,TRAIN,buenas tardes maestro golpeteo en el volante al andar en pista afirmada
G-ORIG-0944,3,Cremallera de direccion asistida con holgura o fuga,1,TRAIN,fuga de fluido de direccion en el guardapolvo
G-ORIG-0945,1,Cremallera de direccion asistida con holgura o fuga,1,TRAIN,en el taller me dijeron que fuga de fluido de direccion en el guardapolvo
G-ORIG-0946,1,Cremallera de direccion asistida con holgura o fuga,1,TRAIN,buenas tardes maestro fuga de fluido de direccion en el guardapolvo
G-ORIG-0947,1,Cremallera de direccion asistida con holgura o fuga,1,DEV,tengo una falla en mi carro fuga de fluido de direccion en el guardapolvo
G-ORIG-0948,1,Cremallera de direccion asistida con holgura o fuga,1,DEV,maestro mi caña fuga de fluido de direccion en el guardapolvo
G-ORIG-0949,1,Cremallera de direccion asistida con holgura o fuga,1,TRAIN,al andar por carabayllo fuga de fluido de direccion en el guardapolvo
G-ORIG-0950,1,Cremallera de direccion asistida con holgura o fuga,1,TRAIN,en la panamericana norte fuga de fluido de direccion en el guardapolvo
G-ORIG-0951,1,Cremallera de direccion asistida con holgura o fuga,1,TRAIN,mi auto presenta fuga de fluido de direccion en el guardapolvo
G-ORIG-0952,3,Amortiguadores reventados o bujes de suspension gastados,1,DEV,llanta rebota como pelota al pasar rompemuelles
G-ORIG-0953,1,Amortiguadores reventados o bujes de suspension gastados,1,DEV,mi auto presenta llanta rebota como pelota al pasar rompemuelles
G-ORIG-0954,1,Amortiguadores reventados o bujes de suspension gastados,1,DEV,en el taller me dijeron que llanta rebota como pelota al pasar rompemuelles
G-ORIG-0955,1,Amortiguadores reventados o bujes de suspension gastados,1,TRAIN,en la panamericana norte llanta rebota como pelota al pasar rompemuelles
G-ORIG-0956,1,Amortiguadores reventados o bujes de suspension gastados,1,DEV,tengo una falla en mi carro llanta rebota como pelota al pasar rompemuelles
G-ORIG-0957,1,Amortiguadores reventados o bujes de suspension gastados,1,TRAIN,al andar por carabayllo llanta rebota como pelota al pasar rompemuelles
G-ORIG-0958,1,Amortiguadores reventados o bujes de suspension gastados,1,DEV,maestro mi caña llanta rebota como pelota al pasar rompemuelles
G-ORIG-0959,1,Amortiguadores reventados o bujes de suspension gastados,1,TRAIN,buenas tardes maestro llanta rebota como pelota al pasar rompemuelles
G-ORIG-0960,3,Amortiguadores reventados o bujes de suspension gastados,1,TRAIN,carro se hamaca feo en curvas
G-ORIG-0961,1,Amortiguadores reventados o bujes de suspension gastados,1,TRAIN,en la panamericana norte carro se hamaca feo en curvas
G-ORIG-0962,1,Amortiguadores reventados o bujes de suspension gastados,1,TRAIN,buenas tardes maestro carro se hamaca feo en curvas
G-ORIG-0963,1,Amortiguadores reventados o bujes de suspension gastados,1,TRAIN,en el taller me dijeron que carro se hamaca feo en curvas
G-ORIG-0964,1,Amortiguadores reventados o bujes de suspension gastados,1,TRAIN,al andar por carabayllo carro se hamaca feo en curvas
G-ORIG-0965,1,Amortiguadores reventados o bujes de suspension gastados,1,TRAIN,mi auto presenta carro se hamaca feo en curvas
G-ORIG-0966,1,Amortiguadores reventados o bujes de suspension gastados,1,DEV,tengo una falla en mi carro carro se hamaca feo en curvas
G-ORIG-0967,1,Amortiguadores reventados o bujes de suspension gastados,1,TRAIN,maestro mi caña carro se hamaca feo en curvas
G-ORIG-0968,3,Amortiguadores reventados o bujes de suspension gastados,1,TRAIN,golpe seco al caer en baches
G-ORIG-0969,1,Amortiguadores reventados o bujes de suspension gastados,1,TRAIN,al andar por carabayllo golpe seco al caer en baches
G-ORIG-0970,1,Amortiguadores reventados o bujes de suspension gastados,1,TRAIN,maestro mi caña golpe seco al caer en baches
G-ORIG-0971,1,Amortiguadores reventados o bujes de suspension gastados,1,TRAIN,buenas tardes maestro golpe seco al caer en baches
G-ORIG-0972,1,Amortiguadores reventados o bujes de suspension gastados,1,TRAIN,en la panamericana norte golpe seco al caer en baches
G-ORIG-0973,1,Amortiguadores reventados o bujes de suspension gastados,1,TRAIN,en el taller me dijeron que golpe seco al caer en baches
G-ORIG-0974,1,Amortiguadores reventados o bujes de suspension gastados,1,TRAIN,mi auto presenta golpe seco al caer en baches
G-ORIG-0975,1,Amortiguadores reventados o bujes de suspension gastados,1,TRAIN,tengo una falla en mi carro golpe seco al caer en baches
G-ORIG-0976,3,Juntas homocineticas o palieres danados,1,TRAIN,suena traca traca traca muy fuerte al dar vuelta en U
G-ORIG-0977,1,Juntas homocineticas o palieres danados,1,TRAIN,buenas tardes maestro suena traca traca traca muy fuerte al dar vuelta en U
G-ORIG-0978,1,Juntas homocineticas o palieres danados,1,DEV,tengo una falla en mi carro suena traca traca traca muy fuerte al dar vuelta en U
G-ORIG-0979,1,Juntas homocineticas o palieres danados,1,TRAIN,maestro mi caña suena traca traca traca muy fuerte al dar vuelta en U
G-ORIG-0980,1,Juntas homocineticas o palieres danados,1,TRAIN,mi auto presenta suena traca traca traca muy fuerte al dar vuelta en U
G-ORIG-0981,1,Juntas homocineticas o palieres danados,1,TRAIN,en la panamericana norte suena traca traca traca muy fuerte al dar vuelta en U
G-ORIG-0982,1,Juntas homocineticas o palieres danados,1,DEV,en el taller me dijeron que suena traca traca traca muy fuerte al dar vuelta en U
G-ORIG-0983,1,Juntas homocineticas o palieres danados,1,TRAIN,al andar por carabayllo suena traca traca traca muy fuerte al dar vuelta en U
G-ORIG-0984,3,Juntas homocineticas o palieres danados,1,DEV,crujido feo en la rueda delantera al acelerar doblando
G-ORIG-0985,1,Juntas homocineticas o palieres danados,1,TRAIN,buenas tardes maestro crujido feo en la rueda delantera al acelerar doblando
G-ORIG-0986,1,Juntas homocineticas o palieres danados,1,TRAIN,maestro mi caña crujido feo en la rueda delantera al acelerar doblando
G-ORIG-0987,1,Juntas homocineticas o palieres danados,1,TRAIN,en la panamericana norte crujido feo en la rueda delantera al acelerar doblando
G-ORIG-0988,1,Juntas homocineticas o palieres danados,1,TRAIN,mi auto presenta crujido feo en la rueda delantera al acelerar doblando
G-ORIG-0989,1,Juntas homocineticas o palieres danados,1,TRAIN,tengo una falla en mi carro crujido feo en la rueda delantera al acelerar doblando
G-ORIG-0990,1,Juntas homocineticas o palieres danados,1,TRAIN,al andar por carabayllo crujido feo en la rueda delantera al acelerar doblando
G-ORIG-0991,1,Juntas homocineticas o palieres danados,1,TRAIN,en el taller me dijeron que crujido feo en la rueda delantera al acelerar doblando
G-ORIG-0992,3,Juntas homocineticas o palieres danados,1,TRAIN,grasa de palier botada por el guardapolvo roto
G-ORIG-0993,1,Juntas homocineticas o palieres danados,1,DEV,al andar por carabayllo grasa de palier botada por el guardapolvo roto
G-ORIG-0994,1,Juntas homocineticas o palieres danados,1,DEV,buenas tardes maestro grasa de palier botada por el guardapolvo roto
G-ORIG-0995,1,Juntas homocineticas o palieres danados,1,TRAIN,mi auto presenta grasa de palier botada por el guardapolvo roto
G-ORIG-0996,1,Juntas homocineticas o palieres danados,1,TRAIN,maestro mi caña grasa de palier botada por el guardapolvo roto
G-ORIG-0997,1,Juntas homocineticas o palieres danados,1,TRAIN,en el taller me dijeron que grasa de palier botada por el guardapolvo roto
G-ORIG-0998,1,Juntas homocineticas o palieres danados,1,DEV,tengo una falla en mi carro grasa de palier botada por el guardapolvo roto
G-ORIG-0999,1,Juntas homocineticas o palieres danados,1,TRAIN,en la panamericana norte grasa de palier botada por el guardapolvo roto
G-ORIG-1000,3,Alternador defectuoso o placa de diodos quemada,1,TRAIN,testigo de bateria prendido y las luces se bajan en la noche
G-ORIG-1001,1,Alternador defectuoso o placa de diodos quemada,1,TRAIN,en la panamericana norte testigo de bateria prendido y las luces se bajan en la noche
G-ORIG-1002,1,Alternador defectuoso o placa de diodos quemada,1,DEV,al andar por carabayllo testigo de bateria prendido y las luces se bajan en la noche
G-ORIG-1003,1,Alternador defectuoso o placa de diodos quemada,1,TRAIN,tengo una falla en mi carro testigo de bateria prendido y las luces se bajan en la noche
G-ORIG-1004,1,Alternador defectuoso o placa de diodos quemada,1,TRAIN,en el taller me dijeron que testigo de bateria prendido y las luces se bajan en la noche
G-ORIG-1005,1,Alternador defectuoso o placa de diodos quemada,1,TRAIN,buenas tardes maestro testigo de bateria prendido y las luces se bajan en la noche
G-ORIG-1006,1,Alternador defectuoso o placa de diodos quemada,1,TRAIN,mi auto presenta testigo de bateria prendido y las luces se bajan en la noche
G-ORIG-1007,1,Alternador defectuoso o placa de diodos quemada,1,TRAIN,maestro mi caña testigo de bateria prendido y las luces se bajan en la noche
G-ORIG-1008,3,Alternador defectuoso o placa de diodos quemada,1,TRAIN,bateria nueva se descarga sola en dos dias
G-ORIG-1009,1,Alternador defectuoso o placa de diodos quemada,1,TRAIN,maestro mi caña bateria nueva se descarga sola en dos dias
G-ORIG-1010,1,Alternador defectuoso o placa de diodos quemada,1,DEV,buenas tardes maestro bateria nueva se descarga sola en dos dias
G-ORIG-1011,1,Alternador defectuoso o placa de diodos quemada,1,TRAIN,tengo una falla en mi carro bateria nueva se descarga sola en dos dias
G-ORIG-1012,1,Alternador defectuoso o placa de diodos quemada,1,TRAIN,en el taller me dijeron que bateria nueva se descarga sola en dos dias
G-ORIG-1013,1,Alternador defectuoso o placa de diodos quemada,1,TRAIN,al andar por carabayllo bateria nueva se descarga sola en dos dias
G-ORIG-1014,1,Alternador defectuoso o placa de diodos quemada,1,TRAIN,en la panamericana norte bateria nueva se descarga sola en dos dias
G-ORIG-1015,1,Alternador defectuoso o placa de diodos quemada,1,TRAIN,mi auto presenta bateria nueva se descarga sola en dos dias
G-ORIG-1016,3,Alternador defectuoso o placa de diodos quemada,1,TRAIN,voltimetro marca menos de 12 voltios andando
G-ORIG-1017,1,Alternador defectuoso o placa de diodos quemada,1,TRAIN,buenas tardes maestro voltimetro marca menos de 12 voltios andando
G-ORIG-1018,1,Alternador defectuoso o placa de diodos quemada,1,DEV,en la panamericana norte voltimetro marca menos de 12 voltios andando
G-ORIG-1019,1,Alternador defectuoso o placa de diodos quemada,1,TRAIN,al andar por carabayllo voltimetro marca menos de 12 voltios andando
G-ORIG-1020,1,Alternador defectuoso o placa de diodos quemada,1,TRAIN,maestro mi caña voltimetro marca menos de 12 voltios andando
G-ORIG-1021,1,Alternador defectuoso o placa de diodos quemada,1,DEV,tengo una falla en mi carro voltimetro marca menos de 12 voltios andando
G-ORIG-1022,1,Alternador defectuoso o placa de diodos quemada,1,DEV,en el taller me dijeron que voltimetro marca menos de 12 voltios andando
G-ORIG-1023,1,Alternador defectuoso o placa de diodos quemada,1,TRAIN,mi auto presenta voltimetro marca menos de 12 voltios andando
G-ORIG-1024,3,Falla en compresor de aire acondicionado o fuga de gas R134a,1,TRAIN,aire acondicionado bota aire caliente y no me enfria nada
G-ORIG-1025,1,Falla en compresor de aire acondicionado o fuga de gas R134a,1,TRAIN,tengo una falla en mi carro aire acondicionado bota aire caliente y no me enfria nada
G-ORIG-1026,1,Falla en compresor de aire acondicionado o fuga de gas R134a,1,TRAIN,al andar por carabayllo aire acondicionado bota aire caliente y no me enfria nada
G-ORIG-1027,1,Falla en compresor de aire acondicionado o fuga de gas R134a,1,TRAIN,en el taller me dijeron que aire acondicionado bota aire caliente y no me enfria nada
G-ORIG-1028,1,Falla en compresor de aire acondicionado o fuga de gas R134a,1,TRAIN,buenas tardes maestro aire acondicionado bota aire caliente y no me enfria nada
G-ORIG-1029,1,Falla en compresor de aire acondicionado o fuga de gas R134a,1,TRAIN,mi auto presenta aire acondicionado bota aire caliente y no me enfria nada
G-ORIG-1030,1,Falla en compresor de aire acondicionado o fuga de gas R134a,1,TRAIN,en la panamericana norte aire acondicionado bota aire caliente y no me enfria nada
G-ORIG-1031,1,Falla en compresor de aire acondicionado o fuga de gas R134a,1,TRAIN,maestro mi caña aire acondicionado bota aire caliente y no me enfria nada
G-ORIG-1032,3,Falla en compresor de aire acondicionado o fuga de gas R134a,1,DEV,suena chillido feo al prender el botón A/C
G-ORIG-1033,1,Falla en compresor de aire acondicionado o fuga de gas R134a,1,TRAIN,en la panamericana norte suena chillido feo al prender el botón A/C
G-ORIG-1034,1,Falla en compresor de aire acondicionado o fuga de gas R134a,1,TRAIN,tengo una falla en mi carro suena chillido feo al prender el botón A/C
G-ORIG-1035,1,Falla en compresor de aire acondicionado o fuga de gas R134a,1,DEV,al andar por carabayllo suena chillido feo al prender el botón A/C
G-ORIG-1036,1,Falla en compresor de aire acondicionado o fuga de gas R134a,1,TRAIN,buenas tardes maestro suena chillido feo al prender el botón A/C
G-ORIG-1037,1,Falla en compresor de aire acondicionado o fuga de gas R134a,1,TRAIN,en el taller me dijeron que suena chillido feo al prender el botón A/C
G-ORIG-1038,1,Falla en compresor de aire acondicionado o fuga de gas R134a,1,TRAIN,mi auto presenta suena chillido feo al prender el botón A/C
G-ORIG-1039,1,Falla en compresor de aire acondicionado o fuga de gas R134a,1,TRAIN,maestro mi caña suena chillido feo al prender el botón A/C
G-ORIG-1040,3,Falla en compresor de aire acondicionado o fuga de gas R134a,1,TRAIN,compresor de aire no engancha el embrague magnetico
G-ORIG-1041,1,Falla en compresor de aire acondicionado o fuga de gas R134a,1,DEV,al andar por carabayllo compresor de aire no engancha el embrague magnetico
G-ORIG-1042,1,Falla en compresor de aire acondicionado o fuga de gas R134a,1,DEV,buenas tardes maestro compresor de aire no engancha el embrague magnetico
G-ORIG-1043,1,Falla en compresor de aire acondicionado o fuga de gas R134a,1,TRAIN,mi auto presenta compresor de aire no engancha el embrague magnetico
G-ORIG-1044,1,Falla en compresor de aire acondicionado o fuga de gas R134a,1,TRAIN,en el taller me dijeron que compresor de aire no engancha el embrague magnetico
G-ORIG-1045,1,Falla en compresor de aire acondicionado o fuga de gas R134a,1,TRAIN,en la panamericana norte compresor de aire no engancha el embrague magnetico
G-ORIG-1046,1,Falla en compresor de aire acondicionado o fuga de gas R134a,1,TRAIN,maestro mi caña compresor de aire no engancha el embrague magnetico
G-ORIG-1047,1,Falla en compresor de aire acondicionado o fuga de gas R134a,1,TRAIN,tengo una falla en mi carro compresor de aire no engancha el embrague magnetico
G-ORIG-1048,3,Bateria descargada o bornes sulfatados,1,TRAIN,al girar la llave solo suena un clack seco y no da marcha
G-ORIG-1049,1,Bateria descargada o bornes sulfatados,1,TRAIN,mi auto presenta al girar la llave solo suena un clack seco y no da marcha
G-ORIG-1050,1,Bateria descargada o bornes sulfatados,1,TRAIN,tengo una falla en mi carro al girar la llave solo suena un clack seco y no da marcha
G-ORIG-1051,1,Bateria descargada o bornes sulfatados,1,TRAIN,en la panamericana norte al girar la llave solo suena un clack seco y no da marcha
G-ORIG-1052,1,Bateria descargada o bornes sulfatados,1,TRAIN,maestro mi caña al girar la llave solo suena un clack seco y no da marcha
G-ORIG-1053,1,Bateria descargada o bornes sulfatados,1,TRAIN,al andar por carabayllo al girar la llave solo suena un clack seco y no da marcha
G-ORIG-1054,1,Bateria descargada o bornes sulfatados,1,TRAIN,en el taller me dijeron que al girar la llave solo suena un clack seco y no da marcha
G-ORIG-1055,1,Bateria descargada o bornes sulfatados,1,TRAIN,buenas tardes maestro al girar la llave solo suena un clack seco y no da marcha
G-ORIG-1056,3,Bateria descargada o bornes sulfatados,1,DEV,arrancador arrastra lento como sin fuerza
G-ORIG-1057,1,Bateria descargada o bornes sulfatados,1,TRAIN,en la panamericana norte arrancador arrastra lento como sin fuerza
G-ORIG-1058,1,Bateria descargada o bornes sulfatados,1,TRAIN,maestro mi caña arrancador arrastra lento como sin fuerza
G-ORIG-1059,1,Bateria descargada o bornes sulfatados,1,TRAIN,buenas tardes maestro arrancador arrastra lento como sin fuerza
G-ORIG-1060,1,Bateria descargada o bornes sulfatados,1,TRAIN,mi auto presenta arrancador arrastra lento como sin fuerza
G-ORIG-1061,1,Bateria descargada o bornes sulfatados,1,TRAIN,tengo una falla en mi carro arrancador arrastra lento como sin fuerza
G-ORIG-1062,1,Bateria descargada o bornes sulfatados,1,TRAIN,al andar por carabayllo arrancador arrastra lento como sin fuerza
G-ORIG-1063,1,Bateria descargada o bornes sulfatados,1,TRAIN,en el taller me dijeron que arrancador arrastra lento como sin fuerza
G-ORIG-1064,3,Bateria descargada o bornes sulfatados,1,DEV,solenoide no empuja el bendix
G-ORIG-1065,1,Bateria descargada o bornes sulfatados,1,TRAIN,al andar por carabayllo solenoide no empuja el bendix
G-ORIG-1066,1,Bateria descargada o bornes sulfatados,1,TRAIN,buenas tardes maestro solenoide no empuja el bendix
G-ORIG-1067,1,Bateria descargada o bornes sulfatados,1,TRAIN,en el taller me dijeron que solenoide no empuja el bendix
G-ORIG-1068,1,Bateria descargada o bornes sulfatados,1,DEV,mi auto presenta solenoide no empuja el bendix
G-ORIG-1069,1,Bateria descargada o bornes sulfatados,1,DEV,tengo una falla en mi carro solenoide no empuja el bendix
G-ORIG-1070,1,Bateria descargada o bornes sulfatados,1,TRAIN,maestro mi caña solenoide no empuja el bendix
G-ORIG-1071,1,Bateria descargada o bornes sulfatados,1,DEV,en la panamericana norte solenoide no empuja el bendix
G-ORIG-1072,3,"Cerradura, chapa o pestillo mecanico de puerta trabado o desalineado",1,TRAIN,la chapa de la puerta esta inclinada y no encaja en el marco
G-ORIG-1073,1,"Cerradura, chapa o pestillo mecanico de puerta trabado o desalineado",1,TRAIN,maestro mi caña la chapa de la puerta esta inclinada y no encaja en el marco
G-ORIG-1074,1,"Cerradura, chapa o pestillo mecanico de puerta trabado o desalineado",1,TRAIN,mi auto presenta la chapa de la puerta esta inclinada y no encaja en el marco
G-ORIG-1075,1,"Cerradura, chapa o pestillo mecanico de puerta trabado o desalineado",1,TRAIN,en la panamericana norte la chapa de la puerta esta inclinada y no encaja en el marco
G-ORIG-1076,1,"Cerradura, chapa o pestillo mecanico de puerta trabado o desalineado",1,TRAIN,tengo una falla en mi carro la chapa de la puerta esta inclinada y no encaja en el marco
G-ORIG-1077,1,"Cerradura, chapa o pestillo mecanico de puerta trabado o desalineado",1,DEV,en el taller me dijeron que la chapa de la puerta esta inclinada y no encaja en el marco
G-ORIG-1078,1,"Cerradura, chapa o pestillo mecanico de puerta trabado o desalineado",1,DEV,al andar por carabayllo la chapa de la puerta esta inclinada y no encaja en el marco
G-ORIG-1079,1,"Cerradura, chapa o pestillo mecanico de puerta trabado o desalineado",1,DEV,buenas tardes maestro la chapa de la puerta esta inclinada y no encaja en el marco
G-ORIG-1080,3,"Cerradura, chapa o pestillo mecanico de puerta trabado o desalineado",1,TRAIN,la puerta no abre por dentro ni por fuera
G-ORIG-1081,1,"Cerradura, chapa o pestillo mecanico de puerta trabado o desalineado",1,TRAIN,maestro mi caña la puerta no abre por dentro ni por fuera
G-ORIG-1082,1,"Cerradura, chapa o pestillo mecanico de puerta trabado o desalineado",1,TRAIN,en el taller me dijeron que la puerta no abre por dentro ni por fuera
G-ORIG-1083,1,"Cerradura, chapa o pestillo mecanico de puerta trabado o desalineado",1,TRAIN,tengo una falla en mi carro la puerta no abre por dentro ni por fuera
G-ORIG-1084,1,"Cerradura, chapa o pestillo mecanico de puerta trabado o desalineado",1,TRAIN,buenas tardes maestro la puerta no abre por dentro ni por fuera
G-ORIG-1085,1,"Cerradura, chapa o pestillo mecanico de puerta trabado o desalineado",1,TRAIN,al andar por carabayllo la puerta no abre por dentro ni por fuera
G-ORIG-1086,1,"Cerradura, chapa o pestillo mecanico de puerta trabado o desalineado",1,DEV,mi auto presenta la puerta no abre por dentro ni por fuera
G-ORIG-1087,1,"Cerradura, chapa o pestillo mecanico de puerta trabado o desalineado",1,TRAIN,en la panamericana norte la puerta no abre por dentro ni por fuera
G-ORIG-1088,3,Falla electrica del cierre centralizado o actuador de puerta,1,TRAIN,pestillo electrico salta y no traba la chapa
G-ORIG-1089,1,Falla electrica del cierre centralizado o actuador de puerta,1,TRAIN,tengo una falla en mi carro pestillo electrico salta y no traba la chapa
G-ORIG-1090,1,Falla electrica del cierre centralizado o actuador de puerta,1,TRAIN,al andar por carabayllo pestillo electrico salta y no traba la chapa
G-ORIG-1091,1,Falla electrica del cierre centralizado o actuador de puerta,1,TRAIN,mi auto presenta pestillo electrico salta y no traba la chapa
G-ORIG-1092,1,Falla electrica del cierre centralizado o actuador de puerta,1,TRAIN,en la panamericana norte pestillo electrico salta y no traba la chapa
G-ORIG-1093,1,Falla electrica del cierre centralizado o actuador de puerta,1,TRAIN,buenas tardes maestro pestillo electrico salta y no traba la chapa
G-ORIG-1094,1,Falla electrica del cierre centralizado o actuador de puerta,1,TRAIN,en el taller me dijeron que pestillo electrico salta y no traba la chapa
G-ORIG-1095,1,Falla electrica del cierre centralizado o actuador de puerta,1,DEV,maestro mi caña pestillo electrico salta y no traba la chapa
G-ORIG-1096,3,Elevalunas electrico o guaya de alzacristales rota o trabada,1,TRAIN,vidrio de la ventana cayo al fondo del tapizado de la puerta
G-ORIG-1097,1,Elevalunas electrico o guaya de alzacristales rota o trabada,1,DEV,en la panamericana norte vidrio de la ventana cayo al fondo del tapizado de la puerta
G-ORIG-1098,1,Elevalunas electrico o guaya de alzacristales rota o trabada,1,TRAIN,al andar por carabayllo vidrio de la ventana cayo al fondo del tapizado de la puerta
G-ORIG-1099,1,Elevalunas electrico o guaya de alzacristales rota o trabada,1,TRAIN,mi auto presenta vidrio de la ventana cayo al fondo del tapizado de la puerta
G-ORIG-1100,1,Elevalunas electrico o guaya de alzacristales rota o trabada,1,TRAIN,maestro mi caña vidrio de la ventana cayo al fondo del tapizado de la puerta
G-ORIG-1101,1,Elevalunas electrico o guaya de alzacristales rota o trabada,1,DEV,buenas tardes maestro vidrio de la ventana cayo al fondo del tapizado de la puerta
G-ORIG-1102,1,Elevalunas electrico o guaya de alzacristales rota o trabada,1,TRAIN,tengo una falla en mi carro vidrio de la ventana cayo al fondo del tapizado de la puerta
G-ORIG-1103,1,Elevalunas electrico o guaya de alzacristales rota o trabada,1,TRAIN,en el taller me dijeron que vidrio de la ventana cayo al fondo del tapizado de la puerta
G-ORIG-1104,3,Elevalunas electrico o guaya de alzacristales rota o trabada,1,TRAIN,motor del elevalunas suena pero la luna no sube
G-ORIG-1105,1,Elevalunas electrico o guaya de alzacristales rota o trabada,1,TRAIN,al andar por carabayllo motor del elevalunas suena pero la luna no sube
G-ORIG-1106,1,Elevalunas electrico o guaya de alzacristales rota o trabada,1,TRAIN,maestro mi caña motor del elevalunas suena pero la luna no sube
G-ORIG-1107,1,Elevalunas electrico o guaya de alzacristales rota o trabada,1,TRAIN,tengo una falla en mi carro motor del elevalunas suena pero la luna no sube
G-ORIG-1108,1,Elevalunas electrico o guaya de alzacristales rota o trabada,1,DEV,en la panamericana norte motor del elevalunas suena pero la luna no sube
G-ORIG-1109,1,Elevalunas electrico o guaya de alzacristales rota o trabada,1,TRAIN,mi auto presenta motor del elevalunas suena pero la luna no sube
G-ORIG-1110,1,Elevalunas electrico o guaya de alzacristales rota o trabada,1,DEV,buenas tardes maestro motor del elevalunas suena pero la luna no sube
G-ORIG-1111,1,Elevalunas electrico o guaya de alzacristales rota o trabada,1,TRAIN,en el taller me dijeron que motor del elevalunas suena pero la luna no sube
G-ORIG-1112,3,Elevalunas electrico o guaya de alzacristales rota o trabada,1,TRAIN,vidrio sube chueco y se traba
G-ORIG-1113,1,Elevalunas electrico o guaya de alzacristales rota o trabada,1,TRAIN,mi auto presenta vidrio sube chueco y se traba
G-ORIG-1114,1,Elevalunas electrico o guaya de alzacristales rota o trabada,1,DEV,en la panamericana norte vidrio sube chueco y se traba
G-ORIG-1115,1,Elevalunas electrico o guaya de alzacristales rota o trabada,1,DEV,tengo una falla en mi carro vidrio sube chueco y se traba
G-ORIG-1116,1,Elevalunas electrico o guaya de alzacristales rota o trabada,1,DEV,buenas tardes maestro vidrio sube chueco y se traba
G-ORIG-1117,1,Elevalunas electrico o guaya de alzacristales rota o trabada,1,TRAIN,en el taller me dijeron que vidrio sube chueco y se traba
G-ORIG-1118,1,Elevalunas electrico o guaya de alzacristales rota o trabada,1,TRAIN,al andar por carabayllo vidrio sube chueco y se traba
G-ORIG-1119,1,Elevalunas electrico o guaya de alzacristales rota o trabada,1,TRAIN,maestro mi caña vidrio sube chueco y se traba
G-ORIG-1120,3,Válvula de freno de aire o secador APS obstruido (Camiones),1,TRAIN,presion de aire en los tanques del camion no llega a 8 bares
G-ORIG-1121,1,Válvula de freno de aire o secador APS obstruido (Camiones),1,TRAIN,maestro mi caña presion de aire en los tanques del camion no llega a 8 bares
G-ORIG-1122,1,Válvula de freno de aire o secador APS obstruido (Camiones),1,TRAIN,mi auto presenta presion de aire en los tanques del camion no llega a 8 bares
G-ORIG-1123,1,Válvula de freno de aire o secador APS obstruido (Camiones),1,DEV,en el taller me dijeron que presion de aire en los tanques del camion no llega a 8 bares
G-ORIG-1124,1,Válvula de freno de aire o secador APS obstruido (Camiones),1,TRAIN,tengo una falla en mi carro presion de aire en los tanques del camion no llega a 8 bares
G-ORIG-1125,1,Válvula de freno de aire o secador APS obstruido (Camiones),1,DEV,buenas tardes maestro presion de aire en los tanques del camion no llega a 8 bares
G-ORIG-1126,1,Válvula de freno de aire o secador APS obstruido (Camiones),1,DEV,en la panamericana norte presion de aire en los tanques del camion no llega a 8 bares
G-ORIG-1127,1,Válvula de freno de aire o secador APS obstruido (Camiones),1,TRAIN,al andar por carabayllo presion de aire en los tanques del camion no llega a 8 bares
G-ORIG-1128,3,Válvula de freno de aire o secador APS obstruido (Camiones),1,TRAIN,freno de pedal de camión duro y fuga constante por la purga
G-ORIG-1129,1,Válvula de freno de aire o secador APS obstruido (Camiones),1,TRAIN,buenas tardes maestro freno de pedal de camión duro y fuga constante por la purga
G-ORIG-1130,1,Válvula de freno de aire o secador APS obstruido (Camiones),1,DEV,maestro mi caña freno de pedal de camión duro y fuga constante por la purga
G-ORIG-1131,1,Válvula de freno de aire o secador APS obstruido (Camiones),1,TRAIN,mi auto presenta freno de pedal de camión duro y fuga constante por la purga
G-ORIG-1132,1,Válvula de freno de aire o secador APS obstruido (Camiones),1,TRAIN,al andar por carabayllo freno de pedal de camión duro y fuga constante por la purga
G-ORIG-1133,1,Válvula de freno de aire o secador APS obstruido (Camiones),1,TRAIN,en el taller me dijeron que freno de pedal de camión duro y fuga constante por la purga
G-ORIG-1134,1,Válvula de freno de aire o secador APS obstruido (Camiones),1,TRAIN,en la panamericana norte freno de pedal de camión duro y fuga constante por la purga
G-ORIG-1135,1,Válvula de freno de aire o secador APS obstruido (Camiones),1,TRAIN,tengo una falla en mi carro freno de pedal de camión duro y fuga constante por la purga
G-ORIG-1136,3,Válvula de freno de aire o secador APS obstruido (Camiones),1,DEV,camion bloqueado en los muelles de parqueo
G-ORIG-1137,1,Válvula de freno de aire o secador APS obstruido (Camiones),1,TRAIN,en la panamericana norte camion bloqueado en los muelles de parqueo
G-ORIG-1138,1,Válvula de freno de aire o secador APS obstruido (Camiones),1,TRAIN,al andar por carabayllo camion bloqueado en los muelles de parqueo
G-ORIG-1139,1,Válvula de freno de aire o secador APS obstruido (Camiones),1,DEV,buenas tardes maestro camion bloqueado en los muelles de parqueo
G-ORIG-1140,1,Válvula de freno de aire o secador APS obstruido (Camiones),1,TRAIN,mi auto presenta camion bloqueado en los muelles de parqueo
G-ORIG-1141,1,Válvula de freno de aire o secador APS obstruido (Camiones),1,TRAIN,tengo una falla en mi carro camion bloqueado en los muelles de parqueo
G-ORIG-1142,1,Válvula de freno de aire o secador APS obstruido (Camiones),1,TRAIN,maestro mi caña camion bloqueado en los muelles de parqueo
G-ORIG-1143,1,Válvula de freno de aire o secador APS obstruido (Camiones),1,TRAIN,en el taller me dijeron que camion bloqueado en los muelles de parqueo
G-ORIG-1144,3,Fuga en mangueras de intercooler o turbocompresor danado,1,TRAIN,camion pierde torque en subidas pesadas y bota humo negro
G-ORIG-1145,1,Fuga en mangueras de intercooler o turbocompresor danado,1,TRAIN,mi auto presenta camion pierde torque en subidas pesadas y bota humo negro
G-ORIG-1146,1,Fuga en mangueras de intercooler o turbocompresor danado,1,DEV,en el taller me dijeron que camion pierde torque en subidas pesadas y bota humo negro
G-ORIG-1147,1,Fuga en mangueras de intercooler o turbocompresor danado,1,TRAIN,tengo una falla en mi carro camion pierde torque en subidas pesadas y bota humo negro
G-ORIG-1148,1,Fuga en mangueras de intercooler o turbocompresor danado,1,TRAIN,al andar por carabayllo camion pierde torque en subidas pesadas y bota humo negro
G-ORIG-1149,1,Fuga en mangueras de intercooler o turbocompresor danado,1,TRAIN,en la panamericana norte camion pierde torque en subidas pesadas y bota humo negro
G-ORIG-1150,1,Fuga en mangueras de intercooler o turbocompresor danado,1,TRAIN,maestro mi caña camion pierde torque en subidas pesadas y bota humo negro
G-ORIG-1151,1,Fuga en mangueras de intercooler o turbocompresor danado,1,TRAIN,buenas tardes maestro camion pierde torque en subidas pesadas y bota humo negro
G-ORIG-1152,3,Fuga en mangueras de intercooler o turbocompresor danado,1,TRAIN,silbido de fuga de aire en mangueras de turbo
G-ORIG-1153,1,Fuga en mangueras de intercooler o turbocompresor danado,1,DEV,en la panamericana norte silbido de fuga de aire en mangueras de turbo
G-ORIG-1154,1,Fuga en mangueras de intercooler o turbocompresor danado,1,TRAIN,mi auto presenta silbido de fuga de aire en mangueras de turbo
G-ORIG-1155,1,Fuga en mangueras de intercooler o turbocompresor danado,1,TRAIN,maestro mi caña silbido de fuga de aire en mangueras de turbo
G-ORIG-1156,1,Fuga en mangueras de intercooler o turbocompresor danado,1,TRAIN,buenas tardes maestro silbido de fuga de aire en mangueras de turbo
G-ORIG-1157,1,Fuga en mangueras de intercooler o turbocompresor danado,1,TRAIN,en el taller me dijeron que silbido de fuga de aire en mangueras de turbo
G-ORIG-1158,1,Fuga en mangueras de intercooler o turbocompresor danado,1,TRAIN,al andar por carabayllo silbido de fuga de aire en mangueras de turbo
G-ORIG-1159,1,Fuga en mangueras de intercooler o turbocompresor danado,1,DEV,tengo una falla en mi carro silbido de fuga de aire en mangueras de turbo
G-ORIG-1160,3,Fuga en mangueras de intercooler o turbocompresor danado,1,DEV,geometria variable del turbo pegada
G-ORIG-1161,1,Fuga en mangueras de intercooler o turbocompresor danado,1,TRAIN,en el taller me dijeron que geometria variable del turbo pegada
G-ORIG-1162,1,Fuga en mangueras de intercooler o turbocompresor danado,1,DEV,al andar por carabayllo geometria variable del turbo pegada
G-ORIG-1163,1,Fuga en mangueras de intercooler o turbocompresor danado,1,DEV,maestro mi caña geometria variable del turbo pegada
G-ORIG-1164,1,Fuga en mangueras de intercooler o turbocompresor danado,1,TRAIN,tengo una falla en mi carro geometria variable del turbo pegada
G-ORIG-1165,1,Fuga en mangueras de intercooler o turbocompresor danado,1,TRAIN,en la panamericana norte geometria variable del turbo pegada
G-ORIG-1166,1,Fuga en mangueras de intercooler o turbocompresor danado,1,TRAIN,buenas tardes maestro geometria variable del turbo pegada
G-ORIG-1167,1,Fuga en mangueras de intercooler o turbocompresor danado,1,DEV,mi auto presenta geometria variable del turbo pegada
G-ORIG-1168,3,Degradacion o falla en paquete de bateria de alto voltaje (EV / Hibridos),1,TRAIN,ventilador de la bateria de alto voltaje suena fuerte todo el tiempo
G-ORIG-1169,1,Degradacion o falla en paquete de bateria de alto voltaje (EV / Hibridos),1,TRAIN,en el taller me dijeron que ventilador de la bateria de alto voltaje suena fuerte todo el tiempo
G-ORIG-1170,1,Degradacion o falla en paquete de bateria de alto voltaje (EV / Hibridos),1,TRAIN,al andar por carabayllo ventilador de la bateria de alto voltaje suena fuerte todo el tiempo
G-ORIG-1171,1,Degradacion o falla en paquete de bateria de alto voltaje (EV / Hibridos),1,DEV,maestro mi caña ventilador de la bateria de alto voltaje suena fuerte todo el tiempo
G-ORIG-1172,1,Degradacion o falla en paquete de bateria de alto voltaje (EV / Hibridos),1,TRAIN,buenas tardes maestro ventilador de la bateria de alto voltaje suena fuerte todo el tiempo
G-ORIG-1173,1,Degradacion o falla en paquete de bateria de alto voltaje (EV / Hibridos),1,DEV,en la panamericana norte ventilador de la bateria de alto voltaje suena fuerte todo el tiempo
G-ORIG-1174,1,Degradacion o falla en paquete de bateria de alto voltaje (EV / Hibridos),1,TRAIN,mi auto presenta ventilador de la bateria de alto voltaje suena fuerte todo el tiempo
G-ORIG-1175,1,Degradacion o falla en paquete de bateria de alto voltaje (EV / Hibridos),1,TRAIN,tengo una falla en mi carro ventilador de la bateria de alto voltaje suena fuerte todo el tiempo
G-ORIG-1176,3,Degradacion o falla en paquete de bateria de alto voltaje (EV / Hibridos),1,TRAIN,luz de triangulo rojo de averia del sistema hibrido
G-ORIG-1177,1,Degradacion o falla en paquete de bateria de alto voltaje (EV / Hibridos),1,TRAIN,maestro mi caña luz de triangulo rojo de averia del sistema hibrido
G-ORIG-1178,1,Degradacion o falla en paquete de bateria de alto voltaje (EV / Hibridos),1,TRAIN,mi auto presenta luz de triangulo rojo de averia del sistema hibrido
G-ORIG-1179,1,Degradacion o falla en paquete de bateria de alto voltaje (EV / Hibridos),1,TRAIN,al andar por carabayllo luz de triangulo rojo de averia del sistema hibrido
G-ORIG-1180,1,Degradacion o falla en paquete de bateria de alto voltaje (EV / Hibridos),1,DEV,buenas tardes maestro luz de triangulo rojo de averia del sistema hibrido
G-ORIG-1181,1,Degradacion o falla en paquete de bateria de alto voltaje (EV / Hibridos),1,TRAIN,en la panamericana norte luz de triangulo rojo de averia del sistema hibrido
G-ORIG-1182,1,Degradacion o falla en paquete de bateria de alto voltaje (EV / Hibridos),1,TRAIN,en el taller me dijeron que luz de triangulo rojo de averia del sistema hibrido
G-ORIG-1183,1,Degradacion o falla en paquete de bateria de alto voltaje (EV / Hibridos),1,TRAIN,tengo una falla en mi carro luz de triangulo rojo de averia del sistema hibrido
G-ORIG-1184,3,Degradacion o falla en paquete de bateria de alto voltaje (EV / Hibridos),1,DEV,bateria HV se descarga en 2 minutos de uso
G-ORIG-1185,1,Degradacion o falla en paquete de bateria de alto voltaje (EV / Hibridos),1,TRAIN,en el taller me dijeron que bateria HV se descarga en 2 minutos de uso
G-ORIG-1186,1,Degradacion o falla en paquete de bateria de alto voltaje (EV / Hibridos),1,TRAIN,en la panamericana norte bateria HV se descarga en 2 minutos de uso
G-ORIG-1187,1,Degradacion o falla en paquete de bateria de alto voltaje (EV / Hibridos),1,TRAIN,buenas tardes maestro bateria HV se descarga en 2 minutos de uso
G-ORIG-1188,1,Degradacion o falla en paquete de bateria de alto voltaje (EV / Hibridos),1,TRAIN,mi auto presenta bateria HV se descarga en 2 minutos de uso
G-ORIG-1189,1,Degradacion o falla en paquete de bateria de alto voltaje (EV / Hibridos),1,TRAIN,tengo una falla en mi carro bateria HV se descarga en 2 minutos de uso
G-ORIG-1190,1,Degradacion o falla en paquete de bateria de alto voltaje (EV / Hibridos),1,TRAIN,al andar por carabayllo bateria HV se descarga en 2 minutos de uso
G-ORIG-1191,1,Degradacion o falla en paquete de bateria de alto voltaje (EV / Hibridos),1,TRAIN,maestro mi caña bateria HV se descarga en 2 minutos de uso
G-ORIG-1192,3,Fallo en inversor de corriente IGBT o motor electrico (EV),1,TRAIN,vehiculo electrico marca Check EV y no entra en modo Ready
G-ORIG-1193,1,Fallo en inversor de corriente IGBT o motor electrico (EV),1,TRAIN,buenas tardes maestro vehiculo electrico marca Check EV y no entra en modo Ready
G-ORIG-1194,1,Fallo en inversor de corriente IGBT o motor electrico (EV),1,TRAIN,en el taller me dijeron que vehiculo electrico marca Check EV y no entra en modo Ready
G-ORIG-1195,1,Fallo en inversor de corriente IGBT o motor electrico (EV),1,TRAIN,al andar por carabayllo vehiculo electrico marca Check EV y no entra en modo Ready
G-ORIG-1196,1,Fallo en inversor de corriente IGBT o motor electrico (EV),1,DEV,mi auto presenta vehiculo electrico marca Check EV y no entra en modo Ready
G-ORIG-1197,1,Fallo en inversor de corriente IGBT o motor electrico (EV),1,TRAIN,maestro mi caña vehiculo electrico marca Check EV y no entra en modo Ready
G-ORIG-1198,1,Fallo en inversor de corriente IGBT o motor electrico (EV),1,TRAIN,tengo una falla en mi carro vehiculo electrico marca Check EV y no entra en modo Ready
G-ORIG-1199,1,Fallo en inversor de corriente IGBT o motor electrico (EV),1,TRAIN,en la panamericana norte vehiculo electrico marca Check EV y no entra en modo Ready
G-ORIG-1200,3,Fallo en inversor de corriente IGBT o motor electrico (EV),1,TRAIN,sobrecalentamiento en modulo inversor de corriente
G-ORIG-1201,1,Fallo en inversor de corriente IGBT o motor electrico (EV),1,TRAIN,en el taller me dijeron que sobrecalentamiento en modulo inversor de corriente
G-ORIG-1202,1,Fallo en inversor de corriente IGBT o motor electrico (EV),1,TRAIN,al andar por carabayllo sobrecalentamiento en modulo inversor de corriente
G-ORIG-1203,1,Fallo en inversor de corriente IGBT o motor electrico (EV),1,DEV,maestro mi caña sobrecalentamiento en modulo inversor de corriente
G-ORIG-1204,1,Fallo en inversor de corriente IGBT o motor electrico (EV),1,TRAIN,buenas tardes maestro sobrecalentamiento en modulo inversor de corriente
G-ORIG-1205,1,Fallo en inversor de corriente IGBT o motor electrico (EV),1,TRAIN,en la panamericana norte sobrecalentamiento en modulo inversor de corriente
G-ORIG-1206,1,Fallo en inversor de corriente IGBT o motor electrico (EV),1,TRAIN,mi auto presenta sobrecalentamiento en modulo inversor de corriente
G-ORIG-1207,1,Fallo en inversor de corriente IGBT o motor electrico (EV),1,TRAIN,tengo una falla en mi carro sobrecalentamiento en modulo inversor de corriente
G-ORIG-1208,3,Fallo en inversor de corriente IGBT o motor electrico (EV),1,TRAIN,codigo DTC P0A1B de inversor electrico
G-ORIG-1209,1,Fallo en inversor de corriente IGBT o motor electrico (EV),1,TRAIN,en la panamericana norte codigo DTC P0A1B de inversor electrico
G-ORIG-1210,1,Fallo en inversor de corriente IGBT o motor electrico (EV),1,TRAIN,maestro mi caña codigo DTC P0A1B de inversor electrico
G-ORIG-1211,1,Fallo en inversor de corriente IGBT o motor electrico (EV),1,TRAIN,tengo una falla en mi carro codigo DTC P0A1B de inversor electrico
G-ORIG-1212,1,Fallo en inversor de corriente IGBT o motor electrico (EV),1,TRAIN,al andar por carabayllo codigo DTC P0A1B de inversor electrico
G-ORIG-1213,1,Fallo en inversor de corriente IGBT o motor electrico (EV),1,TRAIN,buenas tardes maestro codigo DTC P0A1B de inversor electrico
G-ORIG-1214,1,Fallo en inversor de corriente IGBT o motor electrico (EV),1,TRAIN,en el taller me dijeron que codigo DTC P0A1B de inversor electrico
G-ORIG-1215,1,Fallo en inversor de corriente IGBT o motor electrico (EV),1,TRAIN,mi auto presenta codigo DTC P0A1B de inversor electrico
G-ORIG-1216,2,Falla en sistema Flex / Bi-combustible (Alcohol/Etanol),1,DEV,carro brasilero falla en frio al cambiar de gasolina a etanol alcohol
G-ORIG-1217,1,Falla en sistema Flex / Bi-combustible (Alcohol/Etanol),1,TRAIN,tengo una falla en mi carro carro brasilero falla en frio al cambiar de gasolina a etanol alcohol
G-ORIG-1218,1,Falla en sistema Flex / Bi-combustible (Alcohol/Etanol),1,TRAIN,en la escaner salio carro brasilero falla en frio al cambiar de gasolina a etanol alcohol
G-ORIG-1219,1,Falla en sistema Flex / Bi-combustible (Alcohol/Etanol),1,TRAIN,hola buenas tardes carro brasilero falla en frio al cambiar de gasolina a etanol alcohol
G-ORIG-1220,1,Falla en sistema Flex / Bi-combustible (Alcohol/Etanol),1,DEV,maestro mi caña carro brasilero falla en frio al cambiar de gasolina a etanol alcohol
G-ORIG-1221,1,Falla en sistema Flex / Bi-combustible (Alcohol/Etanol),1,TRAIN,amigo en subida carro brasilero falla en frio al cambiar de gasolina a etanol alcohol
G-ORIG-1222,1,Falla en sistema Flex / Bi-combustible (Alcohol/Etanol),1,TRAIN,mi auto brasilero presenta carro brasilero falla en frio al cambiar de gasolina a etanol alcohol
G-ORIG-1223,1,Falla en sistema Flex / Bi-combustible (Alcohol/Etanol),1,TRAIN,el mecanico de carabayllo dice que carro brasilero falla en frio al cambiar de gasolina a etanol alcohol
G-ORIG-1224,2,Falla en sistema Flex / Bi-combustible (Alcohol/Etanol),1,TRAIN,sensor de AF (Air Fuel Ratio) no reconoce mezcla de etanol
G-ORIG-1225,1,Falla en sistema Flex / Bi-combustible (Alcohol/Etanol),1,DEV,tengo una falla en mi carro sensor de AF (Air Fuel Ratio) no reconoce mezcla de etanol
G-ORIG-1226,1,Falla en sistema Flex / Bi-combustible (Alcohol/Etanol),1,DEV,maestro mi caña sensor de AF (Air Fuel Ratio) no reconoce mezcla de etanol
G-ORIG-1227,1,Falla en sistema Flex / Bi-combustible (Alcohol/Etanol),1,TRAIN,el mecanico de carabayllo dice que sensor de AF (Air Fuel Ratio) no reconoce mezcla de etanol
G-ORIG-1228,1,Falla en sistema Flex / Bi-combustible (Alcohol/Etanol),1,TRAIN,mi auto brasilero presenta sensor de AF (Air Fuel Ratio) no reconoce mezcla de etanol
G-ORIG-1229,1,Falla en sistema Flex / Bi-combustible (Alcohol/Etanol),1,TRAIN,hola buenas tardes sensor de AF (Air Fuel Ratio) no reconoce mezcla de etanol
G-ORIG-1230,1,Falla en sistema Flex / Bi-combustible (Alcohol/Etanol),1,TRAIN,en la escaner salio sensor de AF (Air Fuel Ratio) no reconoce mezcla de etanol
G-ORIG-1231,1,Falla en sistema Flex / Bi-combustible (Alcohol/Etanol),1,TRAIN,amigo en subida sensor de AF (Air Fuel Ratio) no reconoce mezcla de etanol
G-ORIG-1232,2,Falla en sistema Flex / Bi-combustible (Alcohol/Etanol),1,TRAIN,bico injetor sujo em motor flex
G-ORIG-1233,1,Falla en sistema Flex / Bi-combustible (Alcohol/Etanol),1,TRAIN,mi auto brasilero presenta bico injetor sujo em motor flex
G-ORIG-1234,1,Falla en sistema Flex / Bi-combustible (Alcohol/Etanol),1,TRAIN,tengo una falla en mi carro bico injetor sujo em motor flex
G-ORIG-1235,1,Falla en sistema Flex / Bi-combustible (Alcohol/Etanol),1,DEV,en la escaner salio bico injetor sujo em motor flex
G-ORIG-1236,1,Falla en sistema Flex / Bi-combustible (Alcohol/Etanol),1,TRAIN,amigo en subida bico injetor sujo em motor flex
G-ORIG-1237,1,Falla en sistema Flex / Bi-combustible (Alcohol/Etanol),1,TRAIN,maestro mi caña bico injetor sujo em motor flex
G-ORIG-1238,1,Falla en sistema Flex / Bi-combustible (Alcohol/Etanol),1,TRAIN,hola buenas tardes bico injetor sujo em motor flex
G-ORIG-1239,1,Falla en sistema Flex / Bi-combustible (Alcohol/Etanol),1,DEV,el mecanico de carabayllo dice que bico injetor sujo em motor flex
G-ORIG-1240,2,Falla en caja robotizada Dualogic / I-Motion / Easytronic (Fiat / VW),1,TRAIN,caja dualogic parpadea en N y se desengancha sola en semaforo
G-ORIG-1241,1,Falla en caja robotizada Dualogic / I-Motion / Easytronic (Fiat / VW),1,TRAIN,hola buenas tardes caja dualogic parpadea en N y se desengancha sola en semaforo
G-ORIG-1242,1,Falla en caja robotizada Dualogic / I-Motion / Easytronic (Fiat / VW),1,TRAIN,el mecanico de carabayllo dice que caja dualogic parpadea en N y se desengancha sola en semaforo
G-ORIG-1243,1,Falla en caja robotizada Dualogic / I-Motion / Easytronic (Fiat / VW),1,TRAIN,mi auto brasilero presenta caja dualogic parpadea en N y se desengancha sola en semaforo
G-ORIG-1244,1,Falla en caja robotizada Dualogic / I-Motion / Easytronic (Fiat / VW),1,TRAIN,en la escaner salio caja dualogic parpadea en N y se desengancha sola en semaforo
G-ORIG-1245,1,Falla en caja robotizada Dualogic / I-Motion / Easytronic (Fiat / VW),1,DEV,maestro mi caña caja dualogic parpadea en N y se desengancha sola en semaforo
G-ORIG-1246,1,Falla en caja robotizada Dualogic / I-Motion / Easytronic (Fiat / VW),1,DEV,amigo en subida caja dualogic parpadea en N y se desengancha sola en semaforo
G-ORIG-1247,1,Falla en caja robotizada Dualogic / I-Motion / Easytronic (Fiat / VW),1,TRAIN,tengo una falla en mi carro caja dualogic parpadea en N y se desengancha sola en semaforo
G-ORIG-1248,2,Falla en caja robotizada Dualogic / I-Motion / Easytronic (Fiat / VW),1,TRAIN,bomba de presion del robot i-motion suena sin parar
G-ORIG-1249,1,Falla en caja robotizada Dualogic / I-Motion / Easytronic (Fiat / VW),1,DEV,mi auto brasilero presenta bomba de presion del robot i-motion suena sin parar
G-ORIG-1250,1,Falla en caja robotizada Dualogic / I-Motion / Easytronic (Fiat / VW),1,TRAIN,en la escaner salio bomba de presion del robot i-motion suena sin parar
G-ORIG-1251,1,Falla en caja robotizada Dualogic / I-Motion / Easytronic (Fiat / VW),1,TRAIN,hola buenas tardes bomba de presion del robot i-motion suena sin parar
G-ORIG-1252,1,Falla en caja robotizada Dualogic / I-Motion / Easytronic (Fiat / VW),1,TRAIN,amigo en subida bomba de presion del robot i-motion suena sin parar
G-ORIG-1253,1,Falla en caja robotizada Dualogic / I-Motion / Easytronic (Fiat / VW),1,TRAIN,tengo una falla en mi carro bomba de presion del robot i-motion suena sin parar
G-ORIG-1254,1,Falla en caja robotizada Dualogic / I-Motion / Easytronic (Fiat / VW),1,TRAIN,el mecanico de carabayllo dice que bomba de presion del robot i-motion suena sin parar
G-ORIG-1255,1,Falla en caja robotizada Dualogic / I-Motion / Easytronic (Fiat / VW),1,TRAIN,maestro mi caña bomba de presion del robot i-motion suena sin parar
G-ORIG-1256,2,Falla en caja robotizada Dualogic / I-Motion / Easytronic (Fiat / VW),1,DEV,falta de presion hidraulica en robotizador de caja automatizada
G-ORIG-1257,1,Falla en caja robotizada Dualogic / I-Motion / Easytronic (Fiat / VW),1,TRAIN,en la escaner salio falta de presion hidraulica en robotizador de caja automatizada
G-ORIG-1258,1,Falla en caja robotizada Dualogic / I-Motion / Easytronic (Fiat / VW),1,TRAIN,mi auto brasilero presenta falta de presion hidraulica en robotizador de caja automatizada
G-ORIG-1259,1,Falla en caja robotizada Dualogic / I-Motion / Easytronic (Fiat / VW),1,TRAIN,el mecanico de carabayllo dice que falta de presion hidraulica en robotizador de caja automatizada
G-ORIG-1260,1,Falla en caja robotizada Dualogic / I-Motion / Easytronic (Fiat / VW),1,TRAIN,hola buenas tardes falta de presion hidraulica en robotizador de caja automatizada
G-ORIG-1261,1,Falla en caja robotizada Dualogic / I-Motion / Easytronic (Fiat / VW),1,TRAIN,tengo una falla en mi carro falta de presion hidraulica en robotizador de caja automatizada
G-ORIG-1262,1,Falla en caja robotizada Dualogic / I-Motion / Easytronic (Fiat / VW),1,TRAIN,maestro mi caña falta de presion hidraulica en robotizador de caja automatizada
G-ORIG-1263,1,Falla en caja robotizada Dualogic / I-Motion / Easytronic (Fiat / VW),1,TRAIN,amigo en subida falta de presion hidraulica en robotizador de caja automatizada
G-ORIG-1264,2,Falla de correa dentada banada en aceite (Motor Ford 1.0 Dragon / GM Turbo),1,TRAIN,correa de distribucion desprendio caucho y tupio coladera de bomba de aceite
G-ORIG-1265,1,Falla de correa dentada banada en aceite (Motor Ford 1.0 Dragon / GM Turbo),1,TRAIN,hola buenas tardes correa de distribucion desprendio caucho y tupio coladera de bomba de aceite
G-ORIG-1266,1,Falla de correa dentada banada en aceite (Motor Ford 1.0 Dragon / GM Turbo),1,TRAIN,en la escaner salio correa de distribucion desprendio caucho y tupio coladera de bomba de aceite
G-ORIG-1267,1,Falla de correa dentada banada en aceite (Motor Ford 1.0 Dragon / GM Turbo),1,DEV,mi auto brasilero presenta correa de distribucion desprendio caucho y tupio coladera de bomba de aceite
G-ORIG-1268,1,Falla de correa dentada banada en aceite (Motor Ford 1.0 Dragon / GM Turbo),1,TRAIN,maestro mi caña correa de distribucion desprendio caucho y tupio coladera de bomba de aceite
G-ORIG-1269,1,Falla de correa dentada banada en aceite (Motor Ford 1.0 Dragon / GM Turbo),1,DEV,el mecanico de carabayllo dice que correa de distribucion desprendio caucho y tupio coladera de bomba de aceite
G-ORIG-1270,1,Falla de correa dentada banada en aceite (Motor Ford 1.0 Dragon / GM Turbo),1,TRAIN,tengo una falla en mi carro correa de distribucion desprendio caucho y tupio coladera de bomba de aceite
G-ORIG-1271,1,Falla de correa dentada banada en aceite (Motor Ford 1.0 Dragon / GM Turbo),1,TRAIN,amigo en subida correa de distribucion desprendio caucho y tupio coladera de bomba de aceite
G-ORIG-1272,2,Falla de correa dentada banada en aceite (Motor Ford 1.0 Dragon / GM Turbo),1,TRAIN,baja presion de aceite por restos de faja bañada en aceite
G-ORIG-1273,1,Falla de correa dentada banada en aceite (Motor Ford 1.0 Dragon / GM Turbo),1,TRAIN,el mecanico de carabayllo dice que baja presion de aceite por restos de faja bañada en aceite
G-ORIG-1274,1,Falla de correa dentada banada en aceite (Motor Ford 1.0 Dragon / GM Turbo),1,TRAIN,mi auto brasilero presenta baja presion de aceite por restos de faja bañada en aceite
G-ORIG-1275,1,Falla de correa dentada banada en aceite (Motor Ford 1.0 Dragon / GM Turbo),1,TRAIN,maestro mi caña baja presion de aceite por restos de faja bañada en aceite
G-ORIG-1276,1,Falla de correa dentada banada en aceite (Motor Ford 1.0 Dragon / GM Turbo),1,TRAIN,amigo en subida baja presion de aceite por restos de faja bañada en aceite
G-ORIG-1277,1,Falla de correa dentada banada en aceite (Motor Ford 1.0 Dragon / GM Turbo),1,TRAIN,tengo una falla en mi carro baja presion de aceite por restos de faja bañada en aceite
G-ORIG-1278,1,Falla de correa dentada banada en aceite (Motor Ford 1.0 Dragon / GM Turbo),1,TRAIN,hola buenas tardes baja presion de aceite por restos de faja bañada en aceite
G-ORIG-1279,1,Falla de correa dentada banada en aceite (Motor Ford 1.0 Dragon / GM Turbo),1,TRAIN,en la escaner salio baja presion de aceite por restos de faja bañada en aceite
G-ORIG-1280,2,Falla de correa dentada banada en aceite (Motor Ford 1.0 Dragon / GM Turbo),1,TRAIN,ruido de taques en motor 3 cilindros turbo
G-ORIG-1281,1,Falla de correa dentada banada en aceite (Motor Ford 1.0 Dragon / GM Turbo),1,TRAIN,amigo en subida ruido de taques en motor 3 cilindros turbo
G-ORIG-1282,1,Falla de correa dentada banada en aceite (Motor Ford 1.0 Dragon / GM Turbo),1,TRAIN,en la escaner salio ruido de taques en motor 3 cilindros turbo
G-ORIG-1283,1,Falla de correa dentada banada en aceite (Motor Ford 1.0 Dragon / GM Turbo),1,TRAIN,el mecanico de carabayllo dice que ruido de taques en motor 3 cilindros turbo
G-ORIG-1284,1,Falla de correa dentada banada en aceite (Motor Ford 1.0 Dragon / GM Turbo),1,TRAIN,tengo una falla en mi carro ruido de taques en motor 3 cilindros turbo
G-ORIG-1285,1,Falla de correa dentada banada en aceite (Motor Ford 1.0 Dragon / GM Turbo),1,DEV,hola buenas tardes ruido de taques en motor 3 cilindros turbo
G-ORIG-1286,1,Falla de correa dentada banada en aceite (Motor Ford 1.0 Dragon / GM Turbo),1,TRAIN,maestro mi caña ruido de taques en motor 3 cilindros turbo
G-ORIG-1287,1,Falla de correa dentada banada en aceite (Motor Ford 1.0 Dragon / GM Turbo),1,DEV,mi auto brasilero presenta ruido de taques en motor 3 cilindros turbo
G-ORIG-1288,2,Falla en actuador de turbocompresor o VGT en motores alemanes TSI / TFSI,1,TRAIN,perdió potencia brusca el motor TSI y prendió testigo EPC
G-ORIG-1289,1,Falla en actuador de turbocompresor o VGT en motores alemanes TSI / TFSI,1,TRAIN,mi auto brasilero presenta perdió potencia brusca el motor TSI y prendió testigo EPC
G-ORIG-1290,1,Falla en actuador de turbocompresor o VGT en motores alemanes TSI / TFSI,1,TRAIN,el mecanico de carabayllo dice que perdió potencia brusca el motor TSI y prendió testigo EPC
G-ORIG-1291,1,Falla en actuador de turbocompresor o VGT en motores alemanes TSI / TFSI,1,TRAIN,tengo una falla en mi carro perdió potencia brusca el motor TSI y prendió testigo EPC
G-ORIG-1292,1,Falla en actuador de turbocompresor o VGT en motores alemanes TSI / TFSI,1,DEV,maestro mi caña perdió potencia brusca el motor TSI y prendió testigo EPC
G-ORIG-1293,1,Falla en actuador de turbocompresor o VGT en motores alemanes TSI / TFSI,1,DEV,hola buenas tardes perdió potencia brusca el motor TSI y prendió testigo EPC
G-ORIG-1294,1,Falla en actuador de turbocompresor o VGT en motores alemanes TSI / TFSI,1,TRAIN,amigo en subida perdió potencia brusca el motor TSI y prendió testigo EPC
G-ORIG-1295,1,Falla en actuador de turbocompresor o VGT en motores alemanes TSI / TFSI,1,TRAIN,en la escaner salio perdió potencia brusca el motor TSI y prendió testigo EPC
G-ORIG-1296,2,Falla en actuador de turbocompresor o VGT en motores alemanes TSI / TFSI,1,TRAIN,wastegate de turbo con juego y DTC P0299 bajo presion de sobrealimentacion
G-ORIG-1297,1,Falla en actuador de turbocompresor o VGT en motores alemanes TSI / TFSI,1,TRAIN,en la escaner salio wastegate de turbo con juego y DTC P0299 bajo presion de sobrealimentacion
G-ORIG-1298,1,Falla en actuador de turbocompresor o VGT en motores alemanes TSI / TFSI,1,DEV,hola buenas tardes wastegate de turbo con juego y DTC P0299 bajo presion de sobrealimentacion
G-ORIG-1299,1,Falla en actuador de turbocompresor o VGT en motores alemanes TSI / TFSI,1,DEV,tengo una falla en mi carro wastegate de turbo con juego y DTC P0299 bajo presion de sobrealimentacion
G-ORIG-1300,1,Falla en actuador de turbocompresor o VGT en motores alemanes TSI / TFSI,1,TRAIN,mi auto brasilero presenta wastegate de turbo con juego y DTC P0299 bajo presion de sobrealimentacion
G-ORIG-1301,1,Falla en actuador de turbocompresor o VGT en motores alemanes TSI / TFSI,1,TRAIN,amigo en subida wastegate de turbo con juego y DTC P0299 bajo presion de sobrealimentacion
G-ORIG-1302,1,Falla en actuador de turbocompresor o VGT en motores alemanes TSI / TFSI,1,TRAIN,maestro mi caña wastegate de turbo con juego y DTC P0299 bajo presion de sobrealimentacion
G-ORIG-1303,1,Falla en actuador de turbocompresor o VGT en motores alemanes TSI / TFSI,1,TRAIN,el mecanico de carabayllo dice que wastegate de turbo con juego y DTC P0299 bajo presion de sobrealimentacion
G-ORIG-1304,2,Falla en actuador de turbocompresor o VGT en motores alemanes TSI / TFSI,1,TRAIN,actuador electronico de turbo trabado
G-ORIG-1305,1,Falla en actuador de turbocompresor o VGT en motores alemanes TSI / TFSI,1,DEV,mi auto brasilero presenta actuador electronico de turbo trabado
G-ORIG-1306,1,Falla en actuador de turbocompresor o VGT en motores alemanes TSI / TFSI,1,DEV,maestro mi caña actuador electronico de turbo trabado
G-ORIG-1307,1,Falla en actuador de turbocompresor o VGT en motores alemanes TSI / TFSI,1,TRAIN,el mecanico de carabayllo dice que actuador electronico de turbo trabado
G-ORIG-1308,1,Falla en actuador de turbocompresor o VGT en motores alemanes TSI / TFSI,1,DEV,tengo una falla en mi carro actuador electronico de turbo trabado
G-ORIG-1309,1,Falla en actuador de turbocompresor o VGT en motores alemanes TSI / TFSI,1,TRAIN,en la escaner salio actuador electronico de turbo trabado
G-ORIG-1310,1,Falla en actuador de turbocompresor o VGT en motores alemanes TSI / TFSI,1,DEV,amigo en subida actuador electronico de turbo trabado
G-ORIG-1311,1,Falla en actuador de turbocompresor o VGT en motores alemanes TSI / TFSI,1,TRAIN,hola buenas tardes actuador electronico de turbo trabado
G-ORIG-1312,2,Falla de descarbonizacion e inyeccion directa GDI (acumulacion de carbon en valvulas),1,TRAIN,motor inyeccion directa GDI tiembla en minimo y cabecea en frio
G-ORIG-1313,1,Falla de descarbonizacion e inyeccion directa GDI (acumulacion de carbon en valvulas),1,TRAIN,amigo en subida motor inyeccion directa GDI tiembla en minimo y cabecea en frio
G-ORIG-1314,1,Falla de descarbonizacion e inyeccion directa GDI (acumulacion de carbon en valvulas),1,TRAIN,maestro mi caña motor inyeccion directa GDI tiembla en minimo y cabecea en frio
G-ORIG-1315,1,Falla de descarbonizacion e inyeccion directa GDI (acumulacion de carbon en valvulas),1,TRAIN,el mecanico de carabayllo dice que motor inyeccion directa GDI tiembla en minimo y cabecea en frio
G-ORIG-1316,1,Falla de descarbonizacion e inyeccion directa GDI (acumulacion de carbon en valvulas),1,TRAIN,en la escaner salio motor inyeccion directa GDI tiembla en minimo y cabecea en frio
G-ORIG-1317,1,Falla de descarbonizacion e inyeccion directa GDI (acumulacion de carbon en valvulas),1,TRAIN,hola buenas tardes motor inyeccion directa GDI tiembla en minimo y cabecea en frio
G-ORIG-1318,1,Falla de descarbonizacion e inyeccion directa GDI (acumulacion de carbon en valvulas),1,TRAIN,mi auto brasilero presenta motor inyeccion directa GDI tiembla en minimo y cabecea en frio
G-ORIG-1319,1,Falla de descarbonizacion e inyeccion directa GDI (acumulacion de carbon en valvulas),1,TRAIN,tengo una falla en mi carro motor inyeccion directa GDI tiembla en minimo y cabecea en frio
G-ORIG-1320,2,Falla de descarbonizacion e inyeccion directa GDI (acumulacion de carbon en valvulas),1,TRAIN,acumulacion severa de carbonilla en valvulas de admision GDI
G-ORIG-1321,1,Falla de descarbonizacion e inyeccion directa GDI (acumulacion de carbon en valvulas),1,TRAIN,hola buenas tardes acumulacion severa de carbonilla en valvulas de admision GDI
G-ORIG-1322,1,Falla de descarbonizacion e inyeccion directa GDI (acumulacion de carbon en valvulas),1,TRAIN,tengo una falla en mi carro acumulacion severa de carbonilla en valvulas de admision GDI
G-ORIG-1323,1,Falla de descarbonizacion e inyeccion directa GDI (acumulacion de carbon en valvulas),1,TRAIN,maestro mi caña acumulacion severa de carbonilla en valvulas de admision GDI
G-ORIG-1324,1,Falla de descarbonizacion e inyeccion directa GDI (acumulacion de carbon en valvulas),1,TRAIN,el mecanico de carabayllo dice que acumulacion severa de carbonilla en valvulas de admision GDI
G-ORIG-1325,1,Falla de descarbonizacion e inyeccion directa GDI (acumulacion de carbon en valvulas),1,TRAIN,en la escaner salio acumulacion severa de carbonilla en valvulas de admision GDI
G-ORIG-1326,1,Falla de descarbonizacion e inyeccion directa GDI (acumulacion de carbon en valvulas),1,TRAIN,mi auto brasilero presenta acumulacion severa de carbonilla en valvulas de admision GDI
G-ORIG-1327,1,Falla de descarbonizacion e inyeccion directa GDI (acumulacion de carbon en valvulas),1,TRAIN,amigo en subida acumulacion severa de carbonilla en valvulas de admision GDI
G-ORIG-1328,2,Falla de descarbonizacion e inyeccion directa GDI (acumulacion de carbon en valvulas),1,TRAIN,codigo de misfire P0300 en motor inyeccion directa
G-ORIG-1329,1,Falla de descarbonizacion e inyeccion directa GDI (acumulacion de carbon en valvulas),1,DEV,maestro mi caña codigo de misfire P0300 en motor inyeccion directa
G-ORIG-1330,1,Falla de descarbonizacion e inyeccion directa GDI (acumulacion de carbon en valvulas),1,TRAIN,en la escaner salio codigo de misfire P0300 en motor inyeccion directa
G-ORIG-1331,1,Falla de descarbonizacion e inyeccion directa GDI (acumulacion de carbon en valvulas),1,TRAIN,tengo una falla en mi carro codigo de misfire P0300 en motor inyeccion directa
G-ORIG-1332,1,Falla de descarbonizacion e inyeccion directa GDI (acumulacion de carbon en valvulas),1,TRAIN,mi auto brasilero presenta codigo de misfire P0300 en motor inyeccion directa
G-ORIG-1333,1,Falla de descarbonizacion e inyeccion directa GDI (acumulacion de carbon en valvulas),1,TRAIN,amigo en subida codigo de misfire P0300 en motor inyeccion directa
G-ORIG-1334,1,Falla de descarbonizacion e inyeccion directa GDI (acumulacion de carbon en valvulas),1,TRAIN,el mecanico de carabayllo dice que codigo de misfire P0300 en motor inyeccion directa
G-ORIG-1335,1,Falla de descarbonizacion e inyeccion directa GDI (acumulacion de carbon en valvulas),1,TRAIN,hola buenas tardes codigo de misfire P0300 en motor inyeccion directa
G-ORIG-1336,2,Falla en sistema de sincronizacion variable de valvulas (VVT / VVT-i / Valvetronic),1,TRAIN,solenoide de actuador de levas ruidoso al encender en frio
G-ORIG-1337,1,Falla en sistema de sincronizacion variable de valvulas (VVT / VVT-i / Valvetronic),1,TRAIN,el mecanico de carabayllo dice que solenoide de actuador de levas ruidoso al encender en frio
G-ORIG-1338,1,Falla en sistema de sincronizacion variable de valvulas (VVT / VVT-i / Valvetronic),1,TRAIN,maestro mi caña solenoide de actuador de levas ruidoso al encender en frio
G-ORIG-1339,1,Falla en sistema de sincronizacion variable de valvulas (VVT / VVT-i / Valvetronic),1,TRAIN,mi auto brasilero presenta solenoide de actuador de levas ruidoso al encender en frio
G-ORIG-1340,1,Falla en sistema de sincronizacion variable de valvulas (VVT / VVT-i / Valvetronic),1,TRAIN,en la escaner salio solenoide de actuador de levas ruidoso al encender en frio
G-ORIG-1341,1,Falla en sistema de sincronizacion variable de valvulas (VVT / VVT-i / Valvetronic),1,TRAIN,tengo una falla en mi carro solenoide de actuador de levas ruidoso al encender en frio
G-ORIG-1342,1,Falla en sistema de sincronizacion variable de valvulas (VVT / VVT-i / Valvetronic),1,TRAIN,amigo en subida solenoide de actuador de levas ruidoso al encender en frio
G-ORIG-1343,1,Falla en sistema de sincronizacion variable de valvulas (VVT / VVT-i / Valvetronic),1,DEV,hola buenas tardes solenoide de actuador de levas ruidoso al encender en frio
G-ORIG-1344,2,Falla en sistema de sincronizacion variable de valvulas (VVT / VVT-i / Valvetronic),1,TRAIN,ruido de matraca al dar arranque en el piñon VVT
G-ORIG-1345,1,Falla en sistema de sincronizacion variable de valvulas (VVT / VVT-i / Valvetronic),1,TRAIN,el mecanico de carabayllo dice que ruido de matraca al dar arranque en el piñon VVT
G-ORIG-1346,1,Falla en sistema de sincronizacion variable de valvulas (VVT / VVT-i / Valvetronic),1,TRAIN,maestro mi caña ruido de matraca al dar arranque en el piñon VVT
G-ORIG-1347,1,Falla en sistema de sincronizacion variable de valvulas (VVT / VVT-i / Valvetronic),1,TRAIN,tengo una falla en mi carro ruido de matraca al dar arranque en el piñon VVT
G-ORIG-1348,1,Falla en sistema de sincronizacion variable de valvulas (VVT / VVT-i / Valvetronic),1,TRAIN,mi auto brasilero presenta ruido de matraca al dar arranque en el piñon VVT
G-ORIG-1349,1,Falla en sistema de sincronizacion variable de valvulas (VVT / VVT-i / Valvetronic),1,TRAIN,hola buenas tardes ruido de matraca al dar arranque en el piñon VVT
G-ORIG-1350,1,Falla en sistema de sincronizacion variable de valvulas (VVT / VVT-i / Valvetronic),1,DEV,amigo en subida ruido de matraca al dar arranque en el piñon VVT
G-ORIG-1351,1,Falla en sistema de sincronizacion variable de valvulas (VVT / VVT-i / Valvetronic),1,TRAIN,en la escaner salio ruido de matraca al dar arranque en el piñon VVT
G-ORIG-1352,2,Falla en sistema de sincronizacion variable de valvulas (VVT / VVT-i / Valvetronic),1,TRAIN,codigo DTC P0011 / P0014 avance de levas fuera de rango
G-ORIG-1353,1,Falla en sistema de sincronizacion variable de valvulas (VVT / VVT-i / Valvetronic),1,TRAIN,en la escaner salio codigo DTC P0011 / P0014 avance de levas fuera de rango
G-ORIG-1354,1,Falla en sistema de sincronizacion variable de valvulas (VVT / VVT-i / Valvetronic),1,TRAIN,amigo en subida codigo DTC P0011 / P0014 avance de levas fuera de rango
G-ORIG-1355,1,Falla en sistema de sincronizacion variable de valvulas (VVT / VVT-i / Valvetronic),1,TRAIN,mi auto brasilero presenta codigo DTC P0011 / P0014 avance de levas fuera de rango
G-ORIG-1356,1,Falla en sistema de sincronizacion variable de valvulas (VVT / VVT-i / Valvetronic),1,TRAIN,tengo una falla en mi carro codigo DTC P0011 / P0014 avance de levas fuera de rango
G-ORIG-1357,1,Falla en sistema de sincronizacion variable de valvulas (VVT / VVT-i / Valvetronic),1,TRAIN,maestro mi caña codigo DTC P0011 / P0014 avance de levas fuera de rango
G-ORIG-1358,1,Falla en sistema de sincronizacion variable de valvulas (VVT / VVT-i / Valvetronic),1,DEV,el mecanico de carabayllo dice que codigo DTC P0011 / P0014 avance de levas fuera de rango
G-ORIG-1359,1,Falla en sistema de sincronizacion variable de valvulas (VVT / VVT-i / Valvetronic),1,TRAIN,hola buenas tardes codigo DTC P0011 / P0014 avance de levas fuera de rango
G-ORIG-1360,2,Falla en filtro de particulas DPF / FAP y sistema AdBlue DEF (Diesel Euro 5/6),1,DEV,mensaje de regeneracion DPF saturado en tablero de camioneta diesel
G-ORIG-1361,1,Falla en filtro de particulas DPF / FAP y sistema AdBlue DEF (Diesel Euro 5/6),1,TRAIN,hola buenas tardes mensaje de regeneracion DPF saturado en tablero de camioneta diesel
G-ORIG-1362,1,Falla en filtro de particulas DPF / FAP y sistema AdBlue DEF (Diesel Euro 5/6),1,DEV,amigo en subida mensaje de regeneracion DPF saturado en tablero de camioneta diesel
G-ORIG-1363,1,Falla en filtro de particulas DPF / FAP y sistema AdBlue DEF (Diesel Euro 5/6),1,TRAIN,tengo una falla en mi carro mensaje de regeneracion DPF saturado en tablero de camioneta diesel
G-ORIG-1364,1,Falla en filtro de particulas DPF / FAP y sistema AdBlue DEF (Diesel Euro 5/6),1,DEV,mi auto brasilero presenta mensaje de regeneracion DPF saturado en tablero de camioneta diesel
G-ORIG-1365,1,Falla en filtro de particulas DPF / FAP y sistema AdBlue DEF (Diesel Euro 5/6),1,DEV,maestro mi caña mensaje de regeneracion DPF saturado en tablero de camioneta diesel
G-ORIG-1366,1,Falla en filtro de particulas DPF / FAP y sistema AdBlue DEF (Diesel Euro 5/6),1,TRAIN,en la escaner salio mensaje de regeneracion DPF saturado en tablero de camioneta diesel
G-ORIG-1367,1,Falla en filtro de particulas DPF / FAP y sistema AdBlue DEF (Diesel Euro 5/6),1,DEV,el mecanico de carabayllo dice que mensaje de regeneracion DPF saturado en tablero de camioneta diesel
G-ORIG-1368,2,Falla en filtro de particulas DPF / FAP y sistema AdBlue DEF (Diesel Euro 5/6),1,TRAIN,nivel de adblue no sube y contador de arranque bloqueado
G-ORIG-1369,1,Falla en filtro de particulas DPF / FAP y sistema AdBlue DEF (Diesel Euro 5/6),1,TRAIN,tengo una falla en mi carro nivel de adblue no sube y contador de arranque bloqueado
G-ORIG-1370,1,Falla en filtro de particulas DPF / FAP y sistema AdBlue DEF (Diesel Euro 5/6),1,TRAIN,mi auto brasilero presenta nivel de adblue no sube y contador de arranque bloqueado
G-ORIG-1371,1,Falla en filtro de particulas DPF / FAP y sistema AdBlue DEF (Diesel Euro 5/6),1,TRAIN,el mecanico de carabayllo dice que nivel de adblue no sube y contador de arranque bloqueado
G-ORIG-1372,1,Falla en filtro de particulas DPF / FAP y sistema AdBlue DEF (Diesel Euro 5/6),1,TRAIN,en la escaner salio nivel de adblue no sube y contador de arranque bloqueado
G-ORIG-1373,1,Falla en filtro de particulas DPF / FAP y sistema AdBlue DEF (Diesel Euro 5/6),1,DEV,maestro mi caña nivel de adblue no sube y contador de arranque bloqueado
G-ORIG-1374,1,Falla en filtro de particulas DPF / FAP y sistema AdBlue DEF (Diesel Euro 5/6),1,DEV,amigo en subida nivel de adblue no sube y contador de arranque bloqueado
G-ORIG-1375,1,Falla en filtro de particulas DPF / FAP y sistema AdBlue DEF (Diesel Euro 5/6),1,TRAIN,hola buenas tardes nivel de adblue no sube y contador de arranque bloqueado
G-ORIG-1376,2,Falla en filtro de particulas DPF / FAP y sistema AdBlue DEF (Diesel Euro 5/6),1,TRAIN,humo denso y bloqueo de potencia por filtro de particulas tapado
G-ORIG-1377,1,Falla en filtro de particulas DPF / FAP y sistema AdBlue DEF (Diesel Euro 5/6),1,TRAIN,tengo una falla en mi carro humo denso y bloqueo de potencia por filtro de particulas tapado
G-ORIG-1378,1,Falla en filtro de particulas DPF / FAP y sistema AdBlue DEF (Diesel Euro 5/6),1,TRAIN,el mecanico de carabayllo dice que humo denso y bloqueo de potencia por filtro de particulas tapado
G-ORIG-1379,1,Falla en filtro de particulas DPF / FAP y sistema AdBlue DEF (Diesel Euro 5/6),1,TRAIN,amigo en subida humo denso y bloqueo de potencia por filtro de particulas tapado
G-ORIG-1380,1,Falla en filtro de particulas DPF / FAP y sistema AdBlue DEF (Diesel Euro 5/6),1,TRAIN,en la escaner salio humo denso y bloqueo de potencia por filtro de particulas tapado
G-ORIG-1381,1,Falla en filtro de particulas DPF / FAP y sistema AdBlue DEF (Diesel Euro 5/6),1,TRAIN,maestro mi caña humo denso y bloqueo de potencia por filtro de particulas tapado
G-ORIG-1382,1,Falla en filtro de particulas DPF / FAP y sistema AdBlue DEF (Diesel Euro 5/6),1,TRAIN,mi auto brasilero presenta humo denso y bloqueo de potencia por filtro de particulas tapado
G-ORIG-1383,1,Falla en filtro de particulas DPF / FAP y sistema AdBlue DEF (Diesel Euro 5/6),1,TRAIN,hola buenas tardes humo denso y bloqueo de potencia por filtro de particulas tapado
G-ORIG-1384,2,Falla en modulo de bomba de gasolina FSCM / PEM (Ford / Chevrolet),1,TRAIN,carro se apaga andando por sobrecalentamiento de modulo de bomba
G-ORIG-1385,1,Falla en modulo de bomba de gasolina FSCM / PEM (Ford / Chevrolet),1,DEV,en la escaner salio carro se apaga andando por sobrecalentamiento de modulo de bomba
G-ORIG-1386,1,Falla en modulo de bomba de gasolina FSCM / PEM (Ford / Chevrolet),1,TRAIN,mi auto brasilero presenta carro se apaga andando por sobrecalentamiento de modulo de bomba
G-ORIG-1387,1,Falla en modulo de bomba de gasolina FSCM / PEM (Ford / Chevrolet),1,TRAIN,hola buenas tardes carro se apaga andando por sobrecalentamiento de modulo de bomba
G-ORIG-1388,1,Falla en modulo de bomba de gasolina FSCM / PEM (Ford / Chevrolet),1,TRAIN,tengo una falla en mi carro carro se apaga andando por sobrecalentamiento de modulo de bomba
G-ORIG-1389,1,Falla en modulo de bomba de gasolina FSCM / PEM (Ford / Chevrolet),1,TRAIN,amigo en subida carro se apaga andando por sobrecalentamiento de modulo de bomba
G-ORIG-1390,1,Falla en modulo de bomba de gasolina FSCM / PEM (Ford / Chevrolet),1,DEV,maestro mi caña carro se apaga andando por sobrecalentamiento de modulo de bomba
G-ORIG-1391,1,Falla en modulo de bomba de gasolina FSCM / PEM (Ford / Chevrolet),1,DEV,el mecanico de carabayllo dice que carro se apaga andando por sobrecalentamiento de modulo de bomba
G-ORIG-1392,2,Falla en modulo de bomba de gasolina FSCM / PEM (Ford / Chevrolet),1,DEV,bomba de gasolina inoperativa por conector quemado en FSCM
G-ORIG-1393,1,Falla en modulo de bomba de gasolina FSCM / PEM (Ford / Chevrolet),1,TRAIN,el mecanico de carabayllo dice que bomba de gasolina inoperativa por conector quemado en FSCM
G-ORIG-1394,1,Falla en modulo de bomba de gasolina FSCM / PEM (Ford / Chevrolet),1,TRAIN,mi auto brasilero presenta bomba de gasolina inoperativa por conector quemado en FSCM
G-ORIG-1395,1,Falla en modulo de bomba de gasolina FSCM / PEM (Ford / Chevrolet),1,TRAIN,tengo una falla en mi carro bomba de gasolina inoperativa por conector quemado en FSCM
G-ORIG-1396,1,Falla en modulo de bomba de gasolina FSCM / PEM (Ford / Chevrolet),1,DEV,hola buenas tardes bomba de gasolina inoperativa por conector quemado en FSCM
G-ORIG-1397,1,Falla en modulo de bomba de gasolina FSCM / PEM (Ford / Chevrolet),1,TRAIN,maestro mi caña bomba de gasolina inoperativa por conector quemado en FSCM
G-ORIG-1398,1,Falla en modulo de bomba de gasolina FSCM / PEM (Ford / Chevrolet),1,TRAIN,en la escaner salio bomba de gasolina inoperativa por conector quemado en FSCM
G-ORIG-1399,1,Falla en modulo de bomba de gasolina FSCM / PEM (Ford / Chevrolet),1,TRAIN,amigo en subida bomba de gasolina inoperativa por conector quemado en FSCM
G-ORIG-1400,2,Falla en modulo de bomba de gasolina FSCM / PEM (Ford / Chevrolet),1,TRAIN,codigo P0627 circuito de control de bomba de combustible
G-ORIG-1401,1,Falla en modulo de bomba de gasolina FSCM / PEM (Ford / Chevrolet),1,TRAIN,mi auto brasilero presenta codigo P0627 circuito de control de bomba de combustible
G-ORIG-1402,1,Falla en modulo de bomba de gasolina FSCM / PEM (Ford / Chevrolet),1,TRAIN,maestro mi caña codigo P0627 circuito de control de bomba de combustible
G-ORIG-1403,1,Falla en modulo de bomba de gasolina FSCM / PEM (Ford / Chevrolet),1,TRAIN,el mecanico de carabayllo dice que codigo P0627 circuito de control de bomba de combustible
G-ORIG-1404,1,Falla en modulo de bomba de gasolina FSCM / PEM (Ford / Chevrolet),1,TRAIN,hola buenas tardes codigo P0627 circuito de control de bomba de combustible
G-ORIG-1405,1,Falla en modulo de bomba de gasolina FSCM / PEM (Ford / Chevrolet),1,TRAIN,amigo en subida codigo P0627 circuito de control de bomba de combustible
G-ORIG-1406,1,Falla en modulo de bomba de gasolina FSCM / PEM (Ford / Chevrolet),1,TRAIN,tengo una falla en mi carro codigo P0627 circuito de control de bomba de combustible
G-ORIG-1407,1,Falla en modulo de bomba de gasolina FSCM / PEM (Ford / Chevrolet),1,TRAIN,en la escaner salio codigo P0627 circuito de control de bomba de combustible
G-ORIG-1408,2,Cuerpo de aceleracion o valvula IAC sucia,1,TRAIN,pedal de acelerador no responde y tablero marca potencia de motor reducida
G-ORIG-1409,1,Cuerpo de aceleracion o valvula IAC sucia,1,TRAIN,amigo en subida pedal de acelerador no responde y tablero marca potencia de motor reducida
G-ORIG-1410,1,Cuerpo de aceleracion o valvula IAC sucia,1,TRAIN,hola buenas tardes pedal de acelerador no responde y tablero marca potencia de motor reducida
G-ORIG-1411,1,Cuerpo de aceleracion o valvula IAC sucia,1,TRAIN,mi auto brasilero presenta pedal de acelerador no responde y tablero marca potencia de motor reducida
G-ORIG-1412,1,Cuerpo de aceleracion o valvula IAC sucia,1,TRAIN,en la escaner salio pedal de acelerador no responde y tablero marca potencia de motor reducida
G-ORIG-1413,1,Cuerpo de aceleracion o valvula IAC sucia,1,TRAIN,tengo una falla en mi carro pedal de acelerador no responde y tablero marca potencia de motor reducida
G-ORIG-1414,1,Cuerpo de aceleracion o valvula IAC sucia,1,DEV,maestro mi caña pedal de acelerador no responde y tablero marca potencia de motor reducida
G-ORIG-1415,1,Cuerpo de aceleracion o valvula IAC sucia,1,TRAIN,el mecanico de carabayllo dice que pedal de acelerador no responde y tablero marca potencia de motor reducida
G-ORIG-1416,2,Cuerpo de aceleracion o valvula IAC sucia,1,TRAIN,sensor TPS de pedal descalibrado
G-ORIG-1417,1,Cuerpo de aceleracion o valvula IAC sucia,1,TRAIN,el mecanico de carabayllo dice que sensor TPS de pedal descalibrado
G-ORIG-1418,1,Cuerpo de aceleracion o valvula IAC sucia,1,TRAIN,amigo en subida sensor TPS de pedal descalibrado
G-ORIG-1419,1,Cuerpo de aceleracion o valvula IAC sucia,1,TRAIN,en la escaner salio sensor TPS de pedal descalibrado
G-ORIG-1420,1,Cuerpo de aceleracion o valvula IAC sucia,1,DEV,tengo una falla en mi carro sensor TPS de pedal descalibrado
G-ORIG-1421,1,Cuerpo de aceleracion o valvula IAC sucia,1,TRAIN,maestro mi caña sensor TPS de pedal descalibrado
G-ORIG-1422,1,Cuerpo de aceleracion o valvula IAC sucia,1,TRAIN,mi auto brasilero presenta sensor TPS de pedal descalibrado
G-ORIG-1423,1,Cuerpo de aceleracion o valvula IAC sucia,1,TRAIN,hola buenas tardes sensor TPS de pedal descalibrado
G-ORIG-1424,2,Cuerpo de aceleracion o valvula IAC sucia,1,TRAIN,cuerpo de aceleracion se queda trabado en modo limp home
G-ORIG-1425,1,Cuerpo de aceleracion o valvula IAC sucia,1,TRAIN,hola buenas tardes cuerpo de aceleracion se queda trabado en modo limp home
G-ORIG-1426,1,Cuerpo de aceleracion o valvula IAC sucia,1,TRAIN,el mecanico de carabayllo dice que cuerpo de aceleracion se queda trabado en modo limp home
G-ORIG-1427,1,Cuerpo de aceleracion o valvula IAC sucia,1,TRAIN,en la escaner salio cuerpo de aceleracion se queda trabado en modo limp home
G-ORIG-1428,1,Cuerpo de aceleracion o valvula IAC sucia,1,TRAIN,mi auto brasilero presenta cuerpo de aceleracion se queda trabado en modo limp home
G-ORIG-1429,1,Cuerpo de aceleracion o valvula IAC sucia,1,TRAIN,tengo una falla en mi carro cuerpo de aceleracion se queda trabado en modo limp home
G-ORIG-1430,1,Cuerpo de aceleracion o valvula IAC sucia,1,DEV,amigo en subida cuerpo de aceleracion se queda trabado en modo limp home
G-ORIG-1431,1,Cuerpo de aceleracion o valvula IAC sucia,1,TRAIN,maestro mi caña cuerpo de aceleracion se queda trabado en modo limp home
G-ORIG-1432,1,Falla en bombin o bomba hidraulica de embrague,1,TRAIN,dificultad para meter cambios primera y retroceso con motor encendido por bombin
G-ORIG-1433,1,Falla en bombin o bomba hidraulica de embrague,1,TRAIN,el pedal de embrague no retorna y se queda pegado en el fondo de la alfombra
G-ORIG-1434,1,Falla en bombin o bomba hidraulica de embrague,1,DEV,bomba maestra de embrague pierde presion hidraulica y no desacopla el cambio
G-ORIG-1435,1,Falla en bombin o bomba hidraulica de embrague,1,TRAIN,bombin secundario de embrague con fuga de liquido bajo la campana de transmision
G-ORIG-1436,1,Falla en bombin o bomba hidraulica de embrague,1,TRAIN,fuga de liquido de frenos por el bombin de embrague con pedal esponjoso
G-ORIG-1437,1,Falla en bombin o bomba hidraulica de embrague,1,DEV,embrague no desembraga al pisar el pedal por cilindro esclavo hidraulico danado
G-ORIG-1438,1,Falla en bombin o bomba hidraulica de embrague,1,TRAIN,pedal de embrague blando que requiere varios bombeos para poder meter primera
G-ORIG-1439,1,Falla en bombin o bomba hidraulica de embrague,1,TRAIN,bomba hidraulica de clutch pasa liquido internamente y no empuja la horquilla
G-ORIG-1440,1,Falla en bombin o bomba hidraulica de embrague,1,TRAIN,imposible meter cambios con el motor encendido pero suave con motor apagado
G-ORIG-1441,1,Falla en bombin o bomba hidraulica de embrague,1,DEV,bombin de embrague trancado impidiendo que la prensa libere el disco
G-ORIG-1442,1,Falla en bombin o bomba hidraulica de embrague,1,TRAIN,aire en el circuito hidraulico del bombin de embrague dejando el pedal abajo
G-ORIG-1443,1,Falla en bombin o bomba hidraulica de embrague,1,TRAIN,gotera de liquido hidraulico en el vastago de la bomba de embrague del pedal
G-ORIG-1444,1,Falla en bombin o bomba hidraulica de embrague,1,TRAIN,cilindro maestro de embrague sin presion para accionar la horquilla de caja
G-ORIG-1445,1,Falla en bombin o bomba hidraulica de embrague,1,TRAIN,pedal de clutch se va al piso sin resistencia por rotura de copela en bombin
G-ORIG-1446,1,Falla en bombin o bomba hidraulica de embrague,1,TRAIN,dificultad severa para desacoplar el embrague en caliente por bombin defectuoso
G-ORIG-1447,1,Falla en bombin o bomba hidraulica de embrague,1,TRAIN,fuga en racor de conexion del bombin hidraulico de embrague de caja manual
G-ORIG-1448,1,Falla en bombin o bomba hidraulica de embrague,1,TRAIN,embrague hidraulico sin retorno por resorte y embolos trabados en bomba principal
G-ORIG-1449,1,Falla en bombin o bomba hidraulica de embrague,1,TRAIN,bombin esclavo de embrague perdiendo presion al mantener pisado en el semaforo
G-ORIG-1450,1,Falla en bombin o bomba hidraulica de embrague,1,DEV,bomba de embrague con liquido oscuro y sellos de goma gastados que no bombean
G-ORIG-1451,1,Falla en bombin o bomba hidraulica de embrague,1,DEV,accionamiento hidraulico de embrague defectuoso con pedal pegado al fondo
G-ORIG-1452,1,Falta o degradacion de aceite de caja de cambios,1,TRAIN,falta de aceite de caja de cambios valvulina con cambios duros y rasposos
G-ORIG-1453,1,Falta o degradacion de aceite de caja de cambios,1,TRAIN,nivel bajo de valvulina en transmision manual produciendo dificultad de cambio
G-ORIG-1454,1,Falta o degradacion de aceite de caja de cambios,1,TRAIN,valvulina degradada y quemada con friccion excesiva en sincronizadores de caja
G-ORIG-1455,1,Falta o degradacion de aceite de caja de cambios,1,DEV,caja de cambios manual raspa al meter segunda y tercera marcha por falta de aceite
G-ORIG-1456,1,Falta o degradacion de aceite de caja de cambios,1,TRAIN,fuga de valvulina por retenes de palier dejando la caja de cambios mecanica seca
G-ORIG-1457,1,Falta o degradacion de aceite de caja de cambios,1,DEV,aceite de caja de cambios con virutas de bronce y olor a quemado en transmision
G-ORIG-1458,1,Falta o degradacion de aceite de caja de cambios,1,TRAIN,cambios de marcha excesivamente duros en frio por valvulina fuera de viscosidad
G-ORIG-1459,1,Falta o degradacion de aceite de caja de cambios,1,TRAIN,perdida de aceite de transmision manual por tapon de drenaje o junta de carter
G-ORIG-1460,1,Falta o degradacion de aceite de caja de cambios,1,TRAIN,sincronizadores de caja mecanica trabados por falta de lubricacion con valvulina
G-ORIG-1461,1,Falta o degradacion de aceite de caja de cambios,1,DEV,valvulina vencida y espumosa provocando sobrecalentamiento en la caja de cambios
G-ORIG-1462,1,Falta o degradacion de aceite de caja de cambios,1,TRAIN,caja de cambios manual ruidosa en neutro por bajo nivel de lubricante de transmision
G-ORIG-1463,1,Falta o degradacion de aceite de caja de cambios,1,TRAIN,fuga de aceite de transmision por reten de eje de mando de selectora de cambios
G-ORIG-1464,1,Falta o degradacion de aceite de caja de cambios,1,DEV,valvulina espesa con lodo en transmision manual que dificulta engranar marchas
G-ORIG-1465,1,Falta o degradacion de aceite de caja de cambios,1,TRAIN,rechinido de engranajes al cambiar de velocidad por falta de valvulina 75W90
G-ORIG-1466,1,Falta o degradacion de aceite de caja de cambios,1,TRAIN,aceite de caja de cambios filtrando por la carcasa intermedia de transmision
G-ORIG-1467,1,Falta o degradacion de aceite de caja de cambios,1,TRAIN,dificultad para meter quinta y retroceso por falta de lubricante en la caja
G-ORIG-1468,1,Falta o degradacion de aceite de caja de cambios,1,TRAIN,valvulina contaminada con agua formando emulsión lechosa en transmision manual
G-ORIG-1469,1,Falta o degradacion de aceite de caja de cambios,1,TRAIN,calentamiento excesivo de la carcasa de caja de cambios por operar sin valvulina
G-ORIG-1470,1,Falta o degradacion de aceite de caja de cambios,1,TRAIN,desgaste prematuro de anillos sincronizadores por valvulina degradada en caja
G-ORIG-1471,1,Falta o degradacion de aceite de caja de cambios,1,TRAIN,perdida de lubricacion en piñones de caja manual por reten de flecha roto
G-ORIG-1472,1,Inyectores sucios o filtro de combustible obstruido,1,TRAIN,inyectores sucios y filtro de combustible obstruido produciendo tirones al acelerar
G-ORIG-1473,1,Inyectores sucios o filtro de combustible obstruido,1,TRAIN,filtro de gasolina tapado que no deja pasar caudal e inyectores con mala pulverizacion
G-ORIG-1474,1,Inyectores sucios o filtro de combustible obstruido,1,TRAIN,motor jalonea al acelerar a fondo en subidas por inyectores tupidos de sedimentos
G-ORIG-1475,1,Inyectores sucios o filtro de combustible obstruido,1,TRAIN,falta de potencia en alta velocidad por filtro de combustible sucio e inyectores tapados
G-ORIG-1476,1,Inyectores sucios o filtro de combustible obstruido,1,TRAIN,inyectores goteando y filtro de gasolina colmatado provocando consumo y cabeceo
G-ORIG-1477,1,Inyectores sucios o filtro de combustible obstruido,1,TRAIN,microfiltros de inyectores taponados de oxido y suciedad de tanque de combustible
G-ORIG-1478,1,Inyectores sucios o filtro de combustible obstruido,1,TRAIN,motor tose y tironea en aceleracion brusca por inyectores sucios y filtro tupido
G-ORIG-1479,1,Inyectores sucios o filtro de combustible obstruido,1,TRAIN,banco de inyectores desbalanceado en caudal cc/min por suciedad en toberas
G-ORIG-1480,1,Inyectores sucios o filtro de combustible obstruido,1,DEV,perdida de respuesta al pisar el acelerador por filtro de nafta tapado e inyectores
G-ORIG-1481,1,Inyectores sucios o filtro de combustible obstruido,1,DEV,inyectores trabados por barniz de gasolina con humo negro y fallos de alimentacion
G-ORIG-1482,1,Falla en bujias o bobinas de encendido (misfire),1,TRAIN,bujias desgastadas y bobina de encendido defectuosa con misfire y temblor de motor
G-ORIG-1483,1,Falla en bujias o bobinas de encendido (misfire),1,TRAIN,bobina de encendido quemada provocando que el motor trabaje en 3 cilindros
G-ORIG-1484,1,Falla en bujias o bobinas de encendido (misfire),1,TRAIN,bujias con holgura de electrodo excesiva y bobina fallando con cascabeleo al acelerar
G-ORIG-1485,1,Falla en bujias o bobinas de encendido (misfire),1,TRAIN,chispa debil en cilindro 2 por bobina de ignicion en corto y bujia empastada
G-ORIG-1486,1,Falla en bujias o bobinas de encendido (misfire),1,TRAIN,tirones fuertes y sacudidas de motor en ralenti por bujias desgastadas y bobinas
G-ORIG-1487,1,Falla en bujias o bobinas de encendido (misfire),1,TRAIN,testigo de check engine parpadea por fallo de encendido misfire en bujias y bobina
G-ORIG-1488,1,Falla en bujias o bobinas de encendido (misfire),1,DEV,bujias carbonizadas y bobina de encendido con fuga de alta tension a masa
G-ORIG-1489,1,Falla en bujias o bobinas de encendido (misfire),1,TRAIN,motor tiembla fuertemente al acelerar en baja por bujia gastada y bobina abierta
G-ORIG-1490,1,Falla en bujias o bobinas de encendido (misfire),1,DEV,bobina de ignicion recalienta y corta chispa tras media hora de funcionamiento
G-ORIG-1491,1,Falla en bujias o bobinas de encendido (misfire),1,DEV,perdida de potencia y explosiones leves por bujias vencidas y bobina defectuosa
G-ORIG-1492,1,Falla en termostato o motoventilador de radiador,1,TRAIN,termostato pegado cerrado que hace hervir el refrigerante y subir la temperatura
G-ORIG-1493,1,Falla en termostato o motoventilador de radiador,1,TRAIN,motoventilador de radiador no enciende en trafico y el indicador sube a la zona roja
G-ORIG-1494,1,Falla en termostato o motoventilador de radiador,1,TRAIN,temperatura de motor al maximo por electroventilador quemado que no gira en caliente
G-ORIG-1495,1,Falla en termostato o motoventilador de radiador,1,TRAIN,termostato trabado dejando la manguera inferior de radiador fria y el motor hirviendo
G-ORIG-1496,1,Falla en termostato o motoventilador de radiador,1,TRAIN,rele de motoventilador defectuoso impidiendo que active la segunda velocidad
G-ORIG-1497,1,Falla en termostato o motoventilador de radiador,1,TRAIN,recalentamiento de motor al detenerse en semaforos por ventilador de radiador dañado
G-ORIG-1498,1,Falla en termostato o motoventilador de radiador,1,DEV,termostato no abre y el agua hierve saliendo por el vaso de expansion
G-ORIG-1499,1,Falla en termostato o motoventilador de radiador,1,TRAIN,sensor de temperatura activa tarde el motoventilador provocando calentamiento
G-ORIG-1500,1,Falla en termostato o motoventilador de radiador,1,TRAIN,motor recalienta en caliente por termostato atascado en su alojamiento de aluminio
G-ORIG-1501,1,Falla en termostato o motoventilador de radiador,1,TRAIN,ventilador de radiador con carbones gastados que gira muy lento sin enfriar
G-ORIG-1502,1,Fuga en mangueras de refrigerante o radiador picado,1,TRAIN,fuga de refrigerante por manguera de radiador picada dejando charco verde brillante
G-ORIG-1503,1,Fuga en mangueras de refrigerante o radiador picado,1,TRAIN,radiador de motor picado con fuga de liquido anticongelante por los paneles de aluminio
G-ORIG-1504,1,Fuga en mangueras de refrigerante o radiador picado,1,TRAIN,manguera superior de radiador rota y rajada expulsando chorro de agua caliente
G-ORIG-1505,1,Fuga en mangueras de refrigerante o radiador picado,1,TRAIN,fuga de liquido refrigerante por abrazadera suelta o manguera de calefaccion reventada
G-ORIG-1506,1,Fuga en mangueras de refrigerante o radiador picado,1,TRAIN,tanque plastico lateral de radiador fisurado con fuga continua de refrigerante
G-ORIG-1507,1,Fuga en mangueras de refrigerante o radiador picado,1,TRAIN,tapa de radiador no retiene presion y bota refrigerante por el tubo de rebose
G-ORIG-1508,1,Fuga en mangueras de refrigerante o radiador picado,1,DEV,charco de refrigerante verde o rosado bajo el vano motor por manguera picada
G-ORIG-1509,1,Fuga en mangueras de refrigerante o radiador picado,1,TRAIN,radiador goteando liquido anticongelante en las uniones de las celdas de enfriamiento
G-ORIG-1510,1,Fuga en mangueras de refrigerante o radiador picado,1,TRAIN,manguera inferior de radiador perforada dejando sin agua el circuito de motor
G-ORIG-1511,1,Fuga en mangueras de refrigerante o radiador picado,1,TRAIN,fuga visible de refrigerante por la pipa de agua termostatica y juntas de manguera
G-ORIG-1512,1,Limpiaparabrisas o motor pluma quemado,1,TRAIN,limpiaparabrisas no funciona y el motor pluma quemado no barre el agua del vidrio
G-ORIG-1513,1,Limpiaparabrisas o motor pluma quemado,1,TRAIN,las plumas del limpiaparabrisas se quedaron trabadas a mitad del recorrido
G-ORIG-1514,1,Limpiaparabrisas o motor pluma quemado,1,TRAIN,motorreductor de limpiaparabrisas quemado con olor a plastico y varillaje trabado
G-ORIG-1515,1,Limpiaparabrisas o motor pluma quemado,1,TRAIN,los brazos de plumas del limpiaparabrisas no se mueven al accionar la palanca
G-ORIG-1516,1,Limpiaparabrisas o motor pluma quemado,1,TRAIN,fusible del limpiaparabrisas se quema al activar por motor pluma en cortocircuito
G-ORIG-1517,1,Limpiaparabrisas o motor pluma quemado,1,TRAIN,escobillas de limpiaparabrisas congeladas en el parabrisas con motor averiado
G-ORIG-1518,1,Limpiaparabrisas o motor pluma quemado,1,TRAIN,varillaje de limpiaparabrisas desenganchado y motor pluma quemado sin fuerza
G-ORIG-1519,1,Limpiaparabrisas o motor pluma quemado,1,TRAIN,plumas del limpiaparabrisas barren de forma erratica y se clavan a medio parabrisas
G-ORIG-1520,1,Limpiaparabrisas o motor pluma quemado,1,TRAIN,motor de pluma de parabrisas sin fuerza que se detiene al barrer lluvia densa
G-ORIG-1521,1,Limpiaparabrisas o motor pluma quemado,1,TRAIN,limpiaparabrisas delantero no acciona en ninguna velocidad por motor quemado
G-ORIG-1522,1,Falla en bombin o bomba hidraulica de embrague,1,DEV,bombin de embrague con fuga hidraulica y el pedal se queda pegado en la alfombra
G-ORIG-1523,1,Falla en bombin o bomba hidraulica de embrague,1,TRAIN,bomba maestra de embrague pierde presion hidraulica y no desacopla el disco
G-ORIG-1524,1,Falla en bombin o bomba hidraulica de embrague,1,TRAIN,bombin esclavo de embrague perdiendo liquido de freno bajo la campana
G-ORIG-1525,1,Falla en bombin o bomba hidraulica de embrague,1,TRAIN,el pedal de embrague se hunde al fondo sin resistencia por bombin danado
G-ORIG-1526,1,Falla en bombin o bomba hidraulica de embrague,1,TRAIN,cilindro maestro de embrague con embolos gastados y pedal flojo en el piso
G-ORIG-1527,1,Falla en bombin o bomba hidraulica de embrague,1,DEV,fuga de liquido por el bombin de embrague dejando el pedal abajo sin retorno
G-ORIG-1528,1,Falla en bombin o bomba hidraulica de embrague,1,DEV,aire en la linea hidraulica del bombin de embrague con pedal blando
G-ORIG-1529,1,Falla en bombin o bomba hidraulica de embrague,1,TRAIN,bomba hidraulica de clutch pasa liquido internamente sin empujar la horquilla
G-ORIG-1530,1,Falla en bombin o bomba hidraulica de embrague,1,TRAIN,bombin secundario trancado impidiendo liberar el embrague en marcha
G-ORIG-1531,1,Falla en bombin o bomba hidraulica de embrague,1,DEV,pedal de embrague no retorna y se queda trabado abajo por bombin roto
G-ORIG-1532,1,Falta o degradacion de aceite de caja de cambios,1,TRAIN,falta de valvulina en caja de cambios manual con cambios duros y rasposos
G-ORIG-1533,1,Falta o degradacion de aceite de caja de cambios,1,TRAIN,nivel bajo de aceite de transmision mecanica produciendo friccion en piñones
G-ORIG-1534,1,Falta o degradacion de aceite de caja de cambios,1,TRAIN,valvulina 75W90 quemada y degradada en caja de cambios con virutas de bronce
G-ORIG-1535,1,Falta o degradacion de aceite de caja de cambios,1,TRAIN,fuga de aceite de transmision por reten de palier dejando la caja seca
G-ORIG-1536,1,Falta o degradacion de aceite de caja de cambios,1,TRAIN,cambios de marcha raspan al meter segunda por aceite de caja degradado
G-ORIG-1537,1,Falta o degradacion de aceite de caja de cambios,1,DEV,valvulina vencida y espumosa provocando calentamiento en la caja de cambios
G-ORIG-1538,1,Falta o degradacion de aceite de caja de cambios,1,DEV,caja de cambios manual ruidosa y dura por falta de lubricante de transmision
G-ORIG-1539,1,Falta o degradacion de aceite de caja de cambios,1,TRAIN,perdida de valvulina por tapon de drenaje flojo en la transmision manual
G-ORIG-1540,1,Falta o degradacion de aceite de caja de cambios,1,DEV,sincronizadores de caja mecanica duros por valvulina degradada y sucia
G-ORIG-1541,1,Falta o degradacion de aceite de caja de cambios,1,TRAIN,rechinido de engranajes en caja manual por operar con bajo nivel de valvulina
G-ORIG-1542,1,Alternador defectuoso o placa de diodos quemada,1,TRAIN,"Anoche venía manejando y noté que los faros y las luces del tablero bajaban de intensidad y titilaban, la radio se reiniciaba sola y hoy el carro no prendió nada"
G-ORIG-1543,1,Alternador defectuoso o placa de diodos quemada,1,TRAIN,"Venía manejando de noche y los faros titilaban, la radio se apagaba y encendía sola, y al día siguiente la batería amaneció muerta"
G-ORIG-1544,1,Alternador defectuoso o placa de diodos quemada,1,TRAIN,"Al ir conduciendo en pista las luces del tablero parpadeaban y las agujas cayeron a cero por un segundo, luego al apagarlo ya no dio arranque"
G-ORIG-1545,1,Alternador defectuoso o placa de diodos quemada,1,TRAIN,"En carretera noté que la radio se reiniciaba sola y los faros alumbraban poco, hoy en la mañana quise prender y ni las luces del tablero encendieron"
G-ORIG-1546,1,Alternador defectuoso o placa de diodos quemada,1,DEV,"Las luces titilaban en marcha y la aguja del velocímetro caía de golpe, después de estacionarlo se quedó sin corriente por completo"
G-ORIG-1547,1,Alternador defectuoso o placa de diodos quemada,1,TRAIN,"El alternador empezó a zumbar y los faros bajaban de intensidad mientras aceleraba, al apagar el motor no volvió a encender"
G-ORIG-1548,1,Alternador defectuoso o placa de diodos quemada,1,TRAIN,"Iba manejando y titilaban los faros con la radio apagándose a cada rato, en la mañana el carro amaneció muerto sin batería"
G-ORIG-1549,1,Alternador defectuoso o placa de diodos quemada,1,TRAIN,"El testigo de batería parpadeó mientras manejaba, las agujas oscilaron y al día siguiente no prendió ni una luz del tablero"
G-ORIG-1550,1,Alternador defectuoso o placa de diodos quemada,1,DEV,"Placa de diodos del alternador quemada, hace que la radio se reinicie y baje la tensión de luces en marcha hasta agotar la batería"
G-ORIG-1551,1,Alternador defectuoso o placa de diodos quemada,1,TRAIN,"Diodos rectificadores en cortocircuito meten corriente alterna, radio se resetea y luces bajan en marcha"
G-ORIG-1552,1,Alternador defectuoso o placa de diodos quemada,1,TRAIN,El alternador dejó de cargar en ruta y se consumió toda la batería hasta que los faros casi se apagaron y hoy amaneció muerto
G-ORIG-1553,1,Alternador defectuoso o placa de diodos quemada,1,TRAIN,"Faros titilan y bajan de potencia al rodar de noche, el velocímetro cayó a cero un instante y hoy amaneció sin energía"
G-ORIG-1554,1,Bateria descargada o bornes sulfatados,1,TRAIN,"El carro estuvo parado 4 días y hoy quise prender y no hace nada, la batería se descargó en reposo"
G-ORIG-1555,1,Bateria descargada o bornes sulfatados,1,TRAIN,"Amaneció sin batería, los bornes tienen sarro blanco acumulado y al pasar corriente arrancó al toque"
G-ORIG-1556,1,Bateria descargada o bornes sulfatados,1,TRAIN,Dejé la luz de cabina encendida toda la noche y en la mañana el carro no prende ni da contacto
G-ORIG-1557,1,Bateria descargada o bornes sulfatados,1,TRAIN,"Batería no retiene la carga después de varias horas estacionado, requiere puente de batería todas las mañanas"
G-ORIG-1558,1,Bateria descargada o bornes sulfatados,1,TRAIN,"Bornes sulfatados con sarro y terminal flojo, hace falso contacto en reposo pero el alternador carga a 14.2V"
G-ORIG-1559,1,Alternador defectuoso o placa de diodos quemada,1,TRAIN,"Maestro, anoche venía por la Panamericana con los faros prendidos y comenzaron a parpadear como árbol de navidad, la radio se reiniciaba a cada rato y al llegar a mi cochera lo apagué y ya no dio nada de arranque"
G-ORIG-1560,1,Alternador defectuoso o placa de diodos quemada,1,TRAIN,"Amigo una consulta, cuando voy manejando de noche noto que al acelerar los faros bajan y suben de intensidad solos, la pantalla del tablero parpadea y hoy en la mañana el carro amaneció completamente muerto sin batería"
G-ORIG-1561,1,Alternador defectuoso o placa de diodos quemada,1,TRAIN,"Buenas tardes mecánico, mi auto presenta un zumbido agudo en el motor que sube con las revoluciones, los faros alumbran bien bajito en ralentí y la aguja del tacómetro se cae a cero por segundos"
G-ORIG-1562,1,Alternador defectuoso o placa de diodos quemada,1,TRAIN,"Iba en carretera y de repente el radio se apagó y volvió a prender solo, los testigos del tablero titilaron y a los diez minutos el carro empezó a perder fuerza eléctrica hasta que se apagó rodando"
G-ORIG-1563,1,Alternador defectuoso o placa de diodos quemada,1,TRAIN,"Resulta que anoche los faros bajaban de fuerza al frenar en cada semáforo, el tablero parpadeaba y la radio se bloqueó, hoy quise encenderlo y no da ni contacto"
G-ORIG-1564,1,Alternador defectuoso o placa de diodos quemada,1,TRAIN,"Tengo un problema con mi vehículo, venía rodando y sentí un olor como a cable caliente o barniz quemado, las luces bajaron un montón y el velocímetro marcaba cero en plena marcha"
G-ORIG-1565,1,Alternador defectuoso o placa de diodos quemada,1,DEV,"Amigo mi carro empezó a fallar de noche, las luces del tablero titilaban suavemente y la radio se reseteaba sola, al día siguiente amaneció sin nada de corriente y tuve que pedir auxilio"
G-ORIG-1566,1,Alternador defectuoso o placa de diodos quemada,1,DEV,"Sabes que cuando prendo el aire acondicionado y las luces altas en marcha, el carro se chupa eléctricamente, la radio se apaga y el testigo de la batería empieza a parpadear en el tablero"
G-ORIG-1567,1,Alternador defectuoso o placa de diodos quemada,1,TRAIN,"El alternador empezó a chillar y en la pista los faros alumbraban amarillento y titilaban, al estacionarlo quise volver a prender y ya no dio ni un sonido el motor de arranque"
G-ORIG-1568,1,Alternador defectuoso o placa de diodos quemada,1,TRAIN,"Manejando en tráfico pesado noté que la aguja de temperatura y velocímetro bajaban de golpe a cero y regresaban, la radio se reseteaba y los faros alumbraban con poca fuerza"
G-ORIG-1569,1,Alternador defectuoso o placa de diodos quemada,1,TRAIN,"Placa de diodos en cortocircuito: genera ruido de corriente alterna en los parlantes de la radio, parpadeo constante de faros al acelerar y descarga total de batería al dejarlo parqueado"
G-ORIG-1570,1,Alternador defectuoso o placa de diodos quemada,1,TRAIN,"Amigo el testigo rojo de la batería se prendió tenue en el tablero mientras manejaba, las luces perdieron brillo y a los pocos kilómetros el auto se apagó y no volvió a dar marcha"
G-ORIG-1571,1,Alternador defectuoso o placa de diodos quemada,1,TRAIN,"Venía manejando y noté que los limpiaparabrisas andaban lentísimos, las luces del tablero parpadeaban y la radio se apagó, ahora ni las luces de emergencia prenden"
G-ORIG-1572,1,Alternador defectuoso o placa de diodos quemada,1,TRAIN,"El carro me dejó botado en la avenida: venía funcionando bien pero las luces del tablero empezaron a parpadear, la radio se reinició dos veces y de pronto el motor se detuvo por falta de corriente"
G-ORIG-1573,1,Alternador defectuoso o placa de diodos quemada,1,TRAIN,"Falla de alternador que no manda carga: en el multímetro marca 11.8V con el motor encendido a 2000 RPM y al acelerar cae más el voltaje, descargando la batería en marcha"
G-ORIG-1574,1,Alternador defectuoso o placa de diodos quemada,1,TRAIN,"Buenas, anoche los faros parpadeaban y la luz del techo titilaba al andar, hoy temprano metí la llave y no prende ni la luz del testigo de la puerta"
G-ORIG-1575,1,Alternador defectuoso o placa de diodos quemada,1,DEV,"Se me apagó el auto rodando a 60 km/h: primero la radio se reinició, luego los faros alumbraron muy tenue y al pisar embrague el motor se murió sin corriente"
G-ORIG-1576,1,Alternador defectuoso o placa de diodos quemada,1,TRAIN,"Cuando voy en carretera de noche noto fluctuación de voltaje en los faros principales y el tablero, titilan bastante y al apagar el carro ya no tiene fuerza para mover el arranque"
G-ORIG-1577,1,Alternador defectuoso o placa de diodos quemada,1,DEV,"Mi vehículo presenta parpadeo de faros al desacelerar y la pantalla táctil se reinicia sola en marcha, después de dejarlo parqueado toda la noche amanece sin nada de carga"
G-ORIG-1578,1,Alternador defectuoso o placa de diodos quemada,1,TRAIN,"Zumbido eléctrico en la zona de fajas y las luces titilan al acelerar en vacío, la batería es nueva de hace un mes pero amanece muerta porque el alternador no la carga en ruta"
G-ORIG-1579,1,Alternador defectuoso o placa de diodos quemada,1,TRAIN,"Anoche venía por la pista y el velocímetro caía a cero un segundo y volvía a subir, la radio se reseteó y los faros titilaban, hoy en la mañana no da contacto ni para abrir los pestillos"
G-ORIG-1580,1,Alternador defectuoso o placa de diodos quemada,1,TRAIN,"Tengo un problema, cuando voy en marcha con faros prendidos se siente que la corriente baja y sube, la radio se apaga unos segundos y al estacionar el carro murió eléctricamente"
G-ORIG-1581,1,Alternador defectuoso o placa de diodos quemada,1,TRAIN,"Diodos quemados en el alternador: meten interferencia electromagnética que vuelve loca la radio, resetea el reloj del tablero y hace titilar las luces bajas y altas en movimiento"
G-ORIG-1582,1,Alternador defectuoso o placa de diodos quemada,1,TRAIN,"Amigo una consulta, el carro rodando empezó a perder intensidad de luces en el tablero, la radio se apagó de la nada y al parar en la gasolinera ya no arrancó más"
G-ORIG-1583,1,Alternador defectuoso o placa de diodos quemada,1,TRAIN,"Venía manejando anoche y sentí que los faros bajaron casi a la mitad de su brillo de golpe y titilaban, la música se cortó y hoy el carro está completamente sin energía"
G-ORIG-1584,1,Alternador defectuoso o placa de diodos quemada,1,TRAIN,"Testigo de batería parpadea al acelerar fuerte en autopista, los faros parpadean y la radio se apaga y prende sola, el alternador está calentando demasiado al tacto"
G-ORIG-1585,1,Alternador defectuoso o placa de diodos quemada,1,TRAIN,"El carro se chupa de corriente en movimiento: faros titilan, agujas del tablero tiemblan y la radio se resetea sola hasta que la batería se vacía por completo"
G-ORIG-1586,1,Alternador defectuoso o placa de diodos quemada,1,TRAIN,"Manejando de noche los faros titilaban como si hubiera un falso contacto en marcha, la radio se apagó y al llegar a casa lo apagué y no encendió ni la luz de cabina"
G-ORIG-1587,1,Alternador defectuoso o placa de diodos quemada,1,TRAIN,Placa rectificadora con diodo abierto: voltaje de carga no pasa de 12.4V acelerando con consumidores y provoca que la radio se reinicie y los faros bajen su intensidad
G-ORIG-1588,1,Alternador defectuoso o placa de diodos quemada,1,DEV,"Iba rodando en mi taxi y noté que los faros alumbraban amarillos y titilaban, la radio se apagaba y prendía sola y a las dos cuadras el motor se apagó y no dio arranque"
G-ORIG-1589,1,Alternador defectuoso o placa de diodos quemada,1,TRAIN,"Mi auto pierde corriente en plena marcha: luces del odómetro titilan, las agujas caen por un segundo y luego de apagarlo la batería amanece en cero voltios"
G-ORIG-1590,1,Alternador defectuoso o placa de diodos quemada,1,TRAIN,"Amigo anoche venía con la lluvia y los limpiaparabrisas iban super lentos, las luces del tablero titilaban y la radio se reiniciaba, hoy el auto no hace nada al girar la llave"
G-ORIG-1591,1,Alternador defectuoso o placa de diodos quemada,1,DEV,"Falla de alternador que descarga la batería rodando: el mecánico midió 12.1V con motor prendido y faros altos, el alternador tiene los carbones gastados y la placa sulfatada"
G-ORIG-1592,1,Alternador defectuoso o placa de diodos quemada,1,DEV,"El carro venía cabeceando eléctricamente: radio se apagaba sola, los faros titilaban y las agujas del tacómetro caían, al apagarlo se quedó sin batería por completo"
G-ORIG-1593,1,Alternador defectuoso o placa de diodos quemada,1,TRAIN,"Noté que al andar a 80 km/h la luz de batería titilaba tenue, los faros bajaban de intensidad y la radio se cortaba, al día siguiente amaneció sin batería"
G-ORIG-1594,1,Bateria descargada o bornes sulfatados,1,TRAIN,"Maestro, dejé el auto estacionado 5 días porque estuve de viaje y hoy que quise encenderlo no hace nada de nada, ni las luces del tablero prenden"
G-ORIG-1595,1,Bateria descargada o bornes sulfatados,1,TRAIN,"Amigo una consulta, ayer mi hijo dejó la luz de lectura del techo prendida toda la noche y hoy la batería amaneció totalmente descargada sin dar arranque"
G-ORIG-1596,1,Bateria descargada o bornes sulfatados,1,TRAIN,"Buenas tardes, mi carro arranca perfecto cuando está caliente, pero cuando duerme toda la noche en la mañana amanece pesadísimo y solo hace clac clac"
G-ORIG-1597,1,Bateria descargada o bornes sulfatados,1,DEV,El carro estuvo guardado en la cochera desde el fin de semana y hoy al meter la llave apenas prendió la luz del aceite y se apagó todo al intentar dar arranque
G-ORIG-1598,1,Bateria descargada o bornes sulfatados,1,DEV,"Tengo los bornes de la batería llenos de sarro verde y polvo blanco, al mover el cable hace falso contacto y a veces no enciende el tablero en las mañanas"
G-ORIG-1599,1,Bateria descargada o bornes sulfatados,1,TRAIN,"La batería ya tiene más de 3 años de uso y ya no retiene carga, cada mañana tengo que pedirle a un vecino que me pase corriente con cables para arrancar"
G-ORIG-1600,1,Bateria descargada o bornes sulfatados,1,DEV,Dejé el carro parqueado con la radio prendida una hora con el motor apagado y cuando quise prender ya se había consumido toda la batería
G-ORIG-1601,1,Bateria descargada o bornes sulfatados,1,DEV,"Amigo mi auto amanece descargado los lunes si no lo uso el domingo, pero el alternador carga perfecto a 14.3V cuando el motor está en marcha"
G-ORIG-1602,1,Bateria descargada o bornes sulfatados,1,TRAIN,"Al girar la llave para dar arranque solo suena un clac en el motor y todas las luces del tablero se bajan a cero, la batería no tiene fuerza de arranque en frío"
G-ORIG-1603,1,Bateria descargada o bornes sulfatados,1,TRAIN,"El vaso de la batería está comunicado o seco de líquido, mido con el multímetro en reposo con motor apagado y apenas marca 10.4V"
G-ORIG-1604,1,Bateria descargada o bornes sulfatados,1,TRAIN,"Bornes flojos y sulfatados en la batería: al mover el borne negativo con la mano vuelve la corriente al tablero, pero al dar arranque se corta todo"
G-ORIG-1605,1,Bateria descargada o bornes sulfatados,1,DEV,Dejé la llave en contacto en posición de accesorios durante dos horas sin encender el motor y la batería se descargó por completo
G-ORIG-1606,1,Bateria descargada o bornes sulfatados,1,TRAIN,"Batería agotada por tiempo de vida: no mantiene los 12.6V en reposo, a las pocas horas de apagado cae a 11.5V y ya no mueve el motor de arranque"
G-ORIG-1607,1,Bateria descargada o bornes sulfatados,1,TRAIN,El auto estuvo parado en el taller una semana sin prender y la alarma descargó la batería lentamente hasta dejarla en cero
G-ORIG-1608,1,Bateria descargada o bornes sulfatados,1,DEV,"En las mañanas frías el arranque gira sumamente pesado y lento, como que le falta fuerza a la batería, pero una vez que calienta arranca bien el resto del día"
G-ORIG-1609,1,Bateria descargada o bornes sulfatados,1,TRAIN,"Compré una batería de poco amperaje para mi camioneta y no tiene suficiente CCA de arranque en frío, sufre para prender en las mañanas"
G-ORIG-1610,1,Bateria descargada o bornes sulfatados,1,TRAIN,La luz de la guantera se quedó encendida porque el interruptor de plástico se rompió y me vació la batería durante la noche
G-ORIG-1611,1,Bateria descargada o bornes sulfatados,1,TRAIN,"Batería hinchada en los costados y con sulfato en el poste positivo, no retiene carga y al poner el cargador hierve el ácido de inmediato"
G-ORIG-1612,1,Bateria descargada o bornes sulfatados,1,DEV,"El carro amanece sin corriente si duerme a la intemperie por el frío, le pasamos corriente con otra batería y arranca al toque sin fallar en ruta"
G-ORIG-1613,1,Bateria descargada o bornes sulfatados,1,TRAIN,Bornes sulfatados con una costra gruesa de ácido: no deja pasar la corriente hacia el arrancador aunque la batería esté cargada
G-ORIG-1614,1,Falla en bujias o bobinas de encendido (misfire),1,TRAIN,"Maestro, el auto tiembla feo en ralentí como en tres cilindros y al acelerar en segunda tironea bastante, la luz del Check Engine parpadea"
G-ORIG-1615,1,Falla en bujias o bobinas de encendido (misfire),1,TRAIN,"Amigo, una de las bobinas de encendido está fallando, cuando el motor calienta empieza a cabecear y pierde fuerza en las subidas"
G-ORIG-1616,1,Falla en bujias o bobinas de encendido (misfire),1,TRAIN,"Siento olor a gasolina cruda por el tubo de escape y el motor vibra mucho en las paradas, el escáner arrojó código de falla de encendido en cilindro 3"
G-ORIG-1617,1,Falla en bujias o bobinas de encendido (misfire),1,TRAIN,"Al exigir el acelerador en carretera el carro da tirones secos y cabecea, ya le cambié bujías pero sigue la falla en la bobina del cilindro 1"
G-ORIG-1618,1,Falla en bujias o bobinas de encendido (misfire),1,DEV,Bobina de encendido con fuga de chispa: el capuchón de jebe está rajado y salta la chispa hacia la culata produciendo cascabeleo y tironeo
G-ORIG-1619,1,"Cerradura, chapa o pestillo mecanico de puerta trabado o desalineado",1,DEV,"El pestillo eléctrico de la puerta del conductor no sube ni baja con el mando a distancia, se escucha que intenta pero se queda trabado"
G-ORIG-1620,1,"Cerradura, chapa o pestillo mecanico de puerta trabado o desalineado",1,TRAIN,"El alzacristales del lado derecho suena como que la guaya se enredó y la ventana no sube, se quedó a medio camino"
G-ORIG-1621,1,"Cerradura, chapa o pestillo mecanico de puerta trabado o desalineado",1,TRAIN,"La chapa centralizada de la puerta trasera no responde, hay que abrirla manualmente desde adentro con la palanca"
G-ORIG-1622,1,Fuga en mangueras de refrigerante o radiador picado,1,TRAIN,"Maestro, encontré un charco de líquido verde fosforescente debajo del motor en la mañana y el tanque de expansión está seco"
G-ORIG-1623,1,Fuga en mangueras de refrigerante o radiador picado,1,TRAIN,"Amigo, sale un olor dulce a refrigerante caliente cuando paro en los semáforos y veo que la manguera superior del radiador está hinchada"
G-ORIG-1624,1,Fuga en mangueras de refrigerante o radiador picado,1,TRAIN,El radiador tiene una fisura en el tanque de plástico superior y bota vapor blanco con presión al calentar en subidas
G-ORIG-1625,1,Fuga en mangueras de refrigerante o radiador picado,1,DEV,"Tengo que rellenar agua cada tres días porque baja el nivel del depósito, revisé abajo y hay una gota constante en la abrazadera inferior del radiador"
G-ORIG-1626,1,Fuga en mangueras de refrigerante o radiador picado,1,TRAIN,"Manguera del radiador cuarteada y con sudado aceitoso cerca al termostato, al acelerar chisguetea refrigerante con fuerza"
G-ORIG-1627,1,Fuga en mangueras de refrigerante o radiador picado,1,TRAIN,Se recalentó el carro en la autopista y al abrir el capó vi que el radiador estaba picado botando chorritos finos de vapor por el panal
G-ORIG-1628,1,Fuga en mangueras de refrigerante o radiador picado,1,TRAIN,"La abrazadera metálica de la manguera inferior se pudrió y se soltó en marcha, botando todo el refrigerante al suelo de golpe"
G-ORIG-1629,1,Fuga en mangueras de refrigerante o radiador picado,1,TRAIN,Pérdida de refrigerante invisible: el líquido gotea sobre el múltiple de escape caliente y se evapora al instante dejando costra blanca
G-ORIG-1630,1,Falla en modulo de bomba de gasolina FSCM / PEM (Ford / Chevrolet),1,TRAIN,"El auto se apaga de golpe en carretera como si le cortaran la corriente de combustible, luego de enfriar 15 minutos vuelve a encender normal"
G-ORIG-1631,1,Falla en modulo de bomba de gasolina FSCM / PEM (Ford / Chevrolet),1,TRAIN,Código P069E y U0109 en escáner: el módulo FSCM de control de la bomba de gasolina recalienta bajo el asiento y corta el pulso de presión
G-ORIG-1632,1,Falla en modulo de bomba de gasolina FSCM / PEM (Ford / Chevrolet),1,TRAIN,"Mi Ford se jalonea en alta velocidad y se corta la inyección de repente, el mecánico revisó la bomba y el fallo está en el módulo electrónico PEM"
G-ORIG-1633,1,Falla en modulo de bomba de gasolina FSCM / PEM (Ford / Chevrolet),1,DEV,Falla intermitente de encendido: a veces la bomba de gasolina no zumba al abrir contacto porque el módulo FSCM no recibe voltaje de activación
G-ORIG-1634,1,Falla en modulo de bomba de gasolina FSCM / PEM (Ford / Chevrolet),1,DEV,"El carro se detiene en marcha después de rodar media hora, no hay presión en el riel pero al puentear directo la bomba sí funciona: módulo PEM defectuoso"
G-ORIG-1635,1,Falla en modulo de bomba de gasolina FSCM / PEM (Ford / Chevrolet),1,TRAIN,Tironeos violentos al acelerar en calor por módulo de bomba de gasolina FSCM recalentado en el chasis
G-ORIG-1636,1,Falla en modulo de bomba de gasolina FSCM / PEM (Ford / Chevrolet),1,TRAIN,Chevrolet Cruze se apaga en ralentí con código de pérdida de comunicación con el módulo de control de combustible de la bomba
G-ORIG-1637,1,Falla en modulo de bomba de gasolina FSCM / PEM (Ford / Chevrolet),1,TRAIN,Módulo PEM con soldaduras frías internas: al pasar baches vibra y apaga la bomba de nafta momentáneamente
G-ORIG-1638,1,Falla en filtro de particulas DPF / FAP y sistema AdBlue DEF (Diesel Euro 5/6),1,TRAIN,Luz de advertencia del filtro de partículas DPF encendida fija en el tablero con pérdida notoria de fuerza y humo picante
G-ORIG-1639,1,Falla en filtro de particulas DPF / FAP y sistema AdBlue DEF (Diesel Euro 5/6),1,TRAIN,Mensaje en pantalla de arranque no permitido en 800 km por bajo nivel o cristalización de urea líquida en sistema AdBlue DEF
G-ORIG-1640,1,Falla en filtro de particulas DPF / FAP y sistema AdBlue DEF (Diesel Euro 5/6),1,TRAIN,Camioneta diesel entró en modo degradado Limp Mode sin pasar de 2000 RPM por colmatación severa de hollín en el DPF (DTC P2463)
G-ORIG-1641,1,Falla en filtro de particulas DPF / FAP y sistema AdBlue DEF (Diesel Euro 5/6),1,TRAIN,"El escáner arroja código DTC P2002 de eficiencia del filtro de partículas por debajo del umbral, intento regeneración y se cancela sola"
G-ORIG-1642,1,Falla en filtro de particulas DPF / FAP y sistema AdBlue DEF (Diesel Euro 5/6),1,DEV,"Inyector de AdBlue tupido con sarro blanco cristalizado, arroja código de falla en el sistema de reducción catalítica SCR"
G-ORIG-1643,1,Falla en filtro de particulas DPF / FAP y sistema AdBlue DEF (Diesel Euro 5/6),1,TRAIN,"Sensor de presión diferencial de gases DPF marcando valores descalibrados, la ECU cree que el filtro está tapado y limita la potencia"
G-ORIG-1644,1,Falla en filtro de particulas DPF / FAP y sistema AdBlue DEF (Diesel Euro 5/6),1,TRAIN,Humo blanco azulado constante y nivel de aceite de motor subiendo por exceso de diesel inyectado durante regeneraciones fallidas del DPF
G-ORIG-1645,1,Falla en filtro de particulas DPF / FAP y sistema AdBlue DEF (Diesel Euro 5/6),1,TRAIN,Consumo excesivo de AdBlue y advertencia de bloqueo de arranque en cuenta regresiva en camioneta Hilux Euro 6
G-ORIG-1646,1,Falla en sistema de sincronizacion variable de valvulas (VVT / VVT-i / Valvetronic),1,TRAIN,El motor cascabelea feo al subir cuestas a 2500 RPM y el escáner arroja código DTC P0011 de fase avanzada del árbol de levas
G-ORIG-1647,1,Falla en sistema de sincronizacion variable de valvulas (VVT / VVT-i / Valvetronic),1,TRAIN,"Válvula solenoide OCV del VVT-i atascada con carbón de aceite sucio, provoca que el ralentí se vuelva inestable y tiemble al frenar"
G-ORIG-1648,1,Falla en sistema de sincronizacion variable de valvulas (VVT / VVT-i / Valvetronic),1,TRAIN,Código P0014 en escape: el faser o piñón variador hidráulico no retorna a su posición de reposo por falta de presión de aceite
G-ORIG-1649,1,Falla en sistema de sincronizacion variable de valvulas (VVT / VVT-i / Valvetronic),1,DEV,"Al pisar el acelerador el motor no tiene respuesta ágil y se siente amarrado, la válvula VVT no abre los conductos de avance de levas"
G-ORIG-1650,1,Falla en sistema de sincronizacion variable de valvulas (VVT / VVT-i / Valvetronic),1,TRAIN,"Filtro de malla del solenoide VVT completamente tupido de lodo negro, bloquea el paso de aceite hacia el actuador del eje de levas"
G-ORIG-1651,1,Falla en sistema de sincronizacion variable de valvulas (VVT / VVT-i / Valvetronic),1,TRAIN,El árbol de levas hace un ruido de matraca durante los primeros 3 segundos de encendido en frío hasta que carga presión el engranaje VVT
G-ORIG-1652,1,Falla en sistema de sincronizacion variable de valvulas (VVT / VVT-i / Valvetronic),1,DEV,Ralentí descontrolado y cabeceo de motor por solenoide de distribución variable trabado en posición abierta con código P0012
G-ORIG-1653,1,Falla en sistema de sincronizacion variable de valvulas (VVT / VVT-i / Valvetronic),1,DEV,Pérdida de sincronización de levas al acelerar fuerte en carretera por actuador hidráulico VVT con desgaste interno en la paleta
G-ORIG-1654,1,Falla de descarbonizacion e inyeccion directa GDI (acumulacion de carbon en valvulas),1,TRAIN,Motor GDI con tironeos fuertes en frío por las mañanas y ralentí áspero debido a costra de carbón acumulada en las válvulas de admisión
G-ORIG-1655,1,Falla de descarbonizacion e inyeccion directa GDI (acumulacion de carbon en valvulas),1,DEV,Pérdida progresiva de potencia y consumo alto en motor de inyección directa: las válvulas de admisión tienen lodo seco de aceite y hollín
G-ORIG-1656,1,Falla de descarbonizacion e inyeccion directa GDI (acumulacion de carbon en valvulas),1,TRAIN,Falla de combustión aleatoria P0300 en motor EcoBoost / TSI: el aire no entra parejo a los cilindros por carbón pegado en el asiento de válvulas
G-ORIG-1657,1,Falla de descarbonizacion e inyeccion directa GDI (acumulacion de carbon en valvulas),1,TRAIN,"El carro cabecea al salir en primera y le cuesta emparejar el ralentí, requiere limpieza por chorreado con cáscara de nuez de válvulas GDI"
G-ORIG-1658,1,Falla de descarbonizacion e inyeccion directa GDI (acumulacion de carbon en valvulas),1,DEV,Carbonilla dura en el lomo de las válvulas de admisión obstruye el flujo de aire laminar provocando mezcla desequilibrada en inyección directa
G-ORIG-1659,1,Falla de descarbonizacion e inyeccion directa GDI (acumulacion de carbon en valvulas),1,TRAIN,Motor 1.6 GDI pierde pique en alta y se siente pesado al adelantar por taponamiento de carbonilla en los puertos de admisión de la culata
G-ORIG-1660,1,Falla de descarbonizacion e inyeccion directa GDI (acumulacion de carbon en valvulas),1,TRAIN,"Auto con inyección directa gasolina tironea a 1500 RPM a velocidad crucero, las bujías e inyectores están bien pero las válvulas están tupidas de carbón"
G-ORIG-1661,1,Falla de descarbonizacion e inyeccion directa GDI (acumulacion de carbon en valvulas),1,DEV,Arranque tosco y sacudida del motor en frío que disminuye cuando calienta: acumulación severa de carbonilla en válvulas de admisión GDI
G-ORIG-1662,1,Falla en actuador de turbocompresor o VGT en motores alemanes TSI / TFSI,1,TRAIN,Código DTC P0299 de baja presión de turbo en motor TSI / TFSI: el actuador electrónico de la compuerta Wastegate tiene holgura y no cierra
G-ORIG-1663,1,Falla en actuador de turbocompresor o VGT en motores alemanes TSI / TFSI,1,TRAIN,"El motor entra en modo de emergencia y no pasa de 80 km/h al exigir en pendiente, apago el contacto y vuelve la fuerza momentáneamente"
G-ORIG-1664,1,Falla en actuador de turbocompresor o VGT en motores alemanes TSI / TFSI,1,TRAIN,Vástago de la válvula Wastegate del turbo trabado con código P2563 de sensor de posición del actuador de sobrealimentación
G-ORIG-1665,1,Falla en actuador de turbocompresor o VGT en motores alemanes TSI / TFSI,1,TRAIN,Silbido y fuga de presión en aceleración por compuerta de descarga del turbo desgastada que no sella hermética en la caracola de escape
G-ORIG-1666,1,Falla en actuador de turbocompresor o VGT en motores alemanes TSI / TFSI,1,TRAIN,Actuador eléctrico del turbocompresor emite un zumbido eléctrico anormal al poner contacto y registra error de calibración de límites
G-ORIG-1667,1,Falla en actuador de turbocompresor o VGT en motores alemanes TSI / TFSI,1,TRAIN,Pérdida repentina de potencia del turbo en carretera al superar 3000 RPM en motor alemán 1.4 / 2.0 TSI por desgaste en el buje del actuador
G-ORIG-1668,1,Falla en actuador de turbocompresor o VGT en motores alemanes TSI / TFSI,1,TRAIN,El turbo no carga presión en bajas revoluciones y el escáner marca falla de recorrido del vástago de geometría variable VGT
G-ORIG-1669,1,Falla en actuador de turbocompresor o VGT en motores alemanes TSI / TFSI,1,TRAIN,Luz EPC encendida en el tablero y corte de aceleración por holgura excesiva en la articulación del actuador Wastegate del turbocompresor
G-ORIG-1670,1,Falla de correa dentada banada en aceite (Motor Ford 1.0 Dragon / GM Turbo),1,TRAIN,Testigo rojo de presión de aceite titila en el tablero al calentar el motor 1.0 Dragon / PureTech / GM Turbo de faja bañada en aceite
G-ORIG-1671,1,Falla de correa dentada banada en aceite (Motor Ford 1.0 Dragon / GM Turbo),1,TRAIN,La correa bañada en aceite se está desgranando y soltó virutas de jebe negro que taponaron la rejilla de la coladera de la bomba de aceite
G-ORIG-1672,1,Falla de correa dentada banada en aceite (Motor Ford 1.0 Dragon / GM Turbo),1,TRAIN,Ruido de zumbido y cascabeleo en la parte baja del motor por pérdida de presión de lubricación provocada por residuos de la correa de distribución
G-ORIG-1673,1,Falla de correa dentada banada en aceite (Motor Ford 1.0 Dragon / GM Turbo),1,TRAIN,"Al cambiar el aceite salieron hilachas y trozos de caucho de la faja húmeda, la bomba de aceite no puede chupar lubricante con fluidez"
G-ORIG-1674,1,Falla de correa dentada banada en aceite (Motor Ford 1.0 Dragon / GM Turbo),1,TRAIN,Falla de lubricación crítica por desprendimiento de material de la correa de distribución bañada en aceite en motor 1.2 / 1.0 turbo
G-ORIG-1675,1,Falla de correa dentada banada en aceite (Motor Ford 1.0 Dragon / GM Turbo),1,TRAIN,Presión de aceite cae a 8 PSI en ralentí caliente por obstrucción severa del chupador de aceite con goma descompuesta de la correa
G-ORIG-1676,1,Falla de correa dentada banada en aceite (Motor Ford 1.0 Dragon / GM Turbo),1,DEV,DTC de sincronización de árbol de levas y alarma de presión de aceite baja simultánea por deterioro prematuro de la faja en baño de aceite
G-ORIG-1677,1,Falla de correa dentada banada en aceite (Motor Ford 1.0 Dragon / GM Turbo),1,TRAIN,"Correa de distribución sumergida en aceite hinchada y agrietada, amenaza con saltar de punto y tapona los conductos de lubricación"
G-ORIG-1678,1,Falla en caja robotizada Dualogic / I-Motion / Easytronic (Fiat / VW),1,DEV,Mensaje en el tablero 'Hacer controlar el cambio' y la transmisión se salta a Neutro sola en pleno tráfico de la avenida
G-ORIG-1679,1,Falla en caja robotizada Dualogic / I-Motion / Easytronic (Fiat / VW),1,DEV,"La caja robotizada Dualogic / I-Motion no aplica la marcha atrás ni primera con motor encendido, pero con motor apagado sí entran"
G-ORIG-1680,1,Falla en caja robotizada Dualogic / I-Motion / Easytronic (Fiat / VW),1,TRAIN,La electrobomba del grupo hidráulico robotizado suena a cada rato intentando levantar presión y se calienta en menos de 15 minutos
G-ORIG-1681,1,Falla en caja robotizada Dualogic / I-Motion / Easytronic (Fiat / VW),1,DEV,"Fuga de líquido hidráulico Tutela CS Speed por el actuador del embrague del sistema robotizado, dejando el auto inmovilizado"
G-ORIG-1682,1,Falla en caja robotizada Dualogic / I-Motion / Easytronic (Fiat / VW),1,TRAIN,Tironeo violento y cabeceo al salir de parado en primera velocidad en caja robotizada por desgaste en la electroválvula de embrague
G-ORIG-1683,1,Falla en caja robotizada Dualogic / I-Motion / Easytronic (Fiat / VW),1,DEV,"Auto robotizado se queda bloqueado en Neutro y no pasa a Drive al acelerar, emite pitido de advertencia en el odómetro"
G-ORIG-1684,1,Falla en caja robotizada Dualogic / I-Motion / Easytronic (Fiat / VW),1,DEV,Pérdida de presión en el acumulador de nitrógeno del grupo robotizado: la bomba eléctrica trabaja sin descanso y quema el fusible
G-ORIG-1685,1,Falla en caja robotizada Dualogic / I-Motion / Easytronic (Fiat / VW),1,TRAIN,"Retardo excesivo de 3 a 5 segundos para meter los cambios en transmisión Dualogic, pateando fuerte al enganchar la segunda"
G-ORIG-1686,1,Falla en sistema Flex / Bi-combustible (Alcohol/Etanol),1,TRAIN,"El auto flex no quiere arrancar en las mañanas frías, gira el arranque pesado y ahoga las bujías de olor a alcohol"
G-ORIG-1687,1,Falla en sistema Flex / Bi-combustible (Alcohol/Etanol),1,TRAIN,Sensor virtual de mezcla aire-combustible A/F descalibrado: la ECU calcula 85% de etanol cuando el tanque tiene gasolina pura
G-ORIG-1688,1,Falla en sistema Flex / Bi-combustible (Alcohol/Etanol),1,DEV,Dificultad severa para encender en frío en vehículo bi-combustible porque la resistencia térmica o el inyectorcito de arranque en frío no activa
G-ORIG-1689,1,Falla en sistema Flex / Bi-combustible (Alcohol/Etanol),1,TRAIN,Consumo altísimo de combustible y humo negro en motor Flex por lectura errónea de porcentaje de alcohol en la computadora
G-ORIG-1690,1,Falla en sistema Flex / Bi-combustible (Alcohol/Etanol),1,TRAIN,El motor cabecea y pierde fuerza al salir de viaje porque la ECU no adaptó el cambio de combustible de gasolina a alcohol/etanol
G-ORIG-1691,1,Falla en sistema Flex / Bi-combustible (Alcohol/Etanol),1,TRAIN,Arranque prolongado de 10 segundos en las mañanas con temperatura ambiente baja en vehículo brasileño Flex
G-ORIG-1692,1,Falla en sistema Flex / Bi-combustible (Alcohol/Etanol),1,TRAIN,Mezcla extremadamente rica y ahogamiento de bujías en motor bi-combustible por desprogramación del factor estequiométrico adaptativo
G-ORIG-1693,1,Falla en sistema Flex / Bi-combustible (Alcohol/Etanol),1,TRAIN,Luz de motor encendida con código de mezcla rica y sonda lambda en tope superior tras cargar combustible en vehículo Flex
G-ORIG-1694,1,Falla en termostato o motoventilador de radiador,1,TRAIN,"La aguja de temperatura sube a la zona roja cuando me detengo en el tráfico, pero al empezar a rodar en pista rápida baja a la mitad"
G-ORIG-1695,1,Falla en termostato o motoventilador de radiador,1,TRAIN,El motoventilador no enciende en su primera velocidad y el refrigerante hierve por la tapa del radiador al llegar a 100 grados
G-ORIG-1696,1,Falla en termostato o motoventilador de radiador,1,TRAIN,La aguja de temperatura se queda pegada abajo en frío todo el día y la calefacción de la cabina no calienta: termostato trabado abierto
G-ORIG-1697,1,Falla en termostato o motoventilador de radiador,1,TRAIN,Código DTC P0128 de temperatura de motor por debajo del rango de regulación por termostato vencido que no cierra
G-ORIG-1698,1,Falla en termostato o motoventilador de radiador,1,TRAIN,Resistencia de la primera velocidad del electroventilador quemada: solo prende la velocidad máxima ruidosa cuando el auto ya está recalentando
G-ORIG-1699,1,Falla en termostato o motoventilador de radiador,1,TRAIN,"El motor del ventilador del radiador se siente pesado con la mano, quema el fusible de 30 amperios y deja el motor sin enfriamiento"
G-ORIG-1700,1,Falla en termostato o motoventilador de radiador,1,DEV,El termostato se quedó pegado cerrado: la manguera de arriba está hirviendo inflada y la manguera de abajo está totalmente fría
G-ORIG-1701,1,Falla en termostato o motoventilador de radiador,1,DEV,Electroventilador enciende directo todo el tiempo apenas pongo la llave en contacto por sensor de temperatura desconectado o en corto
G-ORIG-1702,1,Falla en compresor de aire acondicionado o fuga de gas R134a,1,TRAIN,Al presionar el botón A/C el compresor no acopla y sale aire tibio a temperatura ambiente por las rejillas de ventilación
G-ORIG-1703,1,Falla en compresor de aire acondicionado o fuga de gas R134a,1,TRAIN,Zumbido metálico como de rodamiento seco que empieza justo cuando se activa el compresor del aire acondicionado
G-ORIG-1704,1,Falla en compresor de aire acondicionado o fuga de gas R134a,1,TRAIN,La polea del compresor de aire acondicionado patina y bota humo con olor a caucho quemado por bobina magnética en cortocircuito
G-ORIG-1705,1,Falla en compresor de aire acondicionado o fuga de gas R134a,1,TRAIN,"Fuga masiva de gas refrigerante R134a por el sello del eje delantero del compresor, manómetro de taller marca cero libras de presión"
G-ORIG-1706,1,Falla en compresor de aire acondicionado o fuga de gas R134a,1,TRAIN,El aire acondicionado enfría bien unos minutos pero luego empieza a tirar aire húmedo caliente porque el compresor corta por recalentamiento
G-ORIG-1707,1,Falla en compresor de aire acondicionado o fuga de gas R134a,1,TRAIN,"Cuerpo del compresor de aire acondicionado trabado internamente por falta de lubricante PAG, no deja girar la faja de accesorios"
G-ORIG-1708,1,Falla en compresor de aire acondicionado o fuga de gas R134a,1,TRAIN,"Fuga de gas por el condensador picado por piedras del camino, dejando sin presión el circuito del aire acondicionado"
G-ORIG-1709,1,Falla en compresor de aire acondicionado o fuga de gas R134a,1,TRAIN,Embrague magnético del compresor de aire desgastado: la placa no atrae contra la polea y no bombea gas refrigerante
G-ORIG-1710,1,Falla en sensor de velocidad de rueda ABS,1,DEV,Luz de ABS y testigo de control de estabilidad ESP encendidos fijos en el tablero después de pasar un rompemuelles
G-ORIG-1711,1,Falla en sensor de velocidad de rueda ABS,1,TRAIN,Al frenar despacio llegando a un semáforo el pedal del freno empieza a patear y vibrar como si patinara en hielo en asfalto seco
G-ORIG-1712,1,Falla en sensor de velocidad de rueda ABS,1,TRAIN,Código de falla DTC C0035 en el escáner: circuito abierto o señal errática en el sensor de velocidad de la rueda delantera izquierda
G-ORIG-1713,1,Falla en sensor de velocidad de rueda ABS,1,TRAIN,"Cable del sensor ABS rozó con el palier de la rueda y se peló haciendo masa con el chasis, apagando el velocímetro"
G-ORIG-1714,1,Falla en sensor de velocidad de rueda ABS,1,TRAIN,Rueda fónica dentada o imantada del rodamiento llena de grasa con viruta de metal que distorsiona la lectura del sensor de rueda ABS
G-ORIG-1715,1,Falla en sensor de velocidad de rueda ABS,1,TRAIN,El odómetro digital y velocímetro no marcan nada de velocidad en marcha porque el sensor ABS principal de rueda trasera está roto
G-ORIG-1716,1,Falla en sensor de velocidad de rueda ABS,1,TRAIN,Testigo de freno y luz de ABS prendidos con código de falla de rango de señal en sensor de velocidad de rueda derecha
G-ORIG-1717,1,Falla en sensor de velocidad de rueda ABS,1,DEV,El control de tracción se activa solo quitando fuerza al motor en curvas por falso contacto en el conector del sensor de rueda ABS
G-ORIG-1718,1,Rodajes de caja mecanica o diferencial gastados,1,TRAIN,Zumbido continuo como de engranajes secos en la caja de cambios que desaparece por completo al pisar el pedal de embrague a fondo
G-ORIG-1719,1,Rodajes de caja mecanica o diferencial gastados,1,DEV,"Sonido de molienda y cascajo en neutro con motor encendido, suelto el embrague y empieza a zumbar el rodamiento del eje piloto"
G-ORIG-1720,1,Rodajes de caja mecanica o diferencial gastados,1,TRAIN,"Zumbido áspero al acelerar en 3ra y 4ta marcha que aumenta con la velocidad del carro, rodamiento secundario de transmisión picado"
G-ORIG-1721,1,Rodajes de caja mecanica o diferencial gastados,1,TRAIN,La palanca de cambios vibra y el diferencial emite un aullido metálico en retención al soltar el acelerador en carretera
G-ORIG-1722,1,Rodajes de caja mecanica o diferencial gastados,1,TRAIN,Al vaciar el aceite de la caja de cambios salieron partículas y escamas plateadas de rodajes desgastados de la transmisión mecánica
G-ORIG-1723,1,Rodajes de caja mecanica o diferencial gastados,1,TRAIN,Sonido de rodaje molido en la directa de la caja de cambios: al estar en neutro suena feo y al pisar el embrague se silencia
G-ORIG-1724,1,Rodajes de caja mecanica o diferencial gastados,1,TRAIN,"Cojinetes cónicos del diferencial de la caja con excesivo juego axial, producen zumbido que varía al virar a derecha o izquierda"
G-ORIG-1725,1,Rodajes de caja mecanica o diferencial gastados,1,TRAIN,Ruido de zumbido permanente en la caja manual que no se quita al cambiar de marcha por desgaste en las pistas de los rodamientos
G-ORIG-1726,1,Sobrecalentamiento o solenoides en caja automatica CVT / DSG,1,TRAIN,La caja automática CVT zumba como turbina en autopista y entra en protección limitando la velocidad a no más de 60 km/h por calor
G-ORIG-1727,1,Sobrecalentamiento o solenoides en caja automatica CVT / DSG,1,DEV,Patinamiento al arrancar en subida y tirón seco al aplicar Reversa o Directa en transmisión automática con código P0746
G-ORIG-1728,1,Sobrecalentamiento o solenoides en caja automatica CVT / DSG,1,TRAIN,Aceite de transmisión automática de color marrón oscuro con olor a disco quemado y partículas suspendidas en el cárter
G-ORIG-1729,1,Sobrecalentamiento o solenoides en caja automatica CVT / DSG,1,TRAIN,Luz de advertencia de temperatura de transmisión automática encendida en el odómetro tras subir cuestas exigiendo carga
G-ORIG-1730,1,Sobrecalentamiento o solenoides en caja automatica CVT / DSG,1,TRAIN,"Solenoide de presión de línea trabado mecánicamente en la caja de válvulas, provoca que los cambios pasen a golpes bruscos"
G-ORIG-1731,1,Sobrecalentamiento o solenoides en caja automatica CVT / DSG,1,TRAIN,La transmisión CVT patina al acelerar a fondo y las revoluciones suben a 4000 RPM sin que el carro avance con fuerza proporcional
G-ORIG-1732,1,Sobrecalentamiento o solenoides en caja automatica CVT / DSG,1,TRAIN,Caja DSG de doble embrague da tirones fuertes en 1ra y 2da velocidad por mecatrónica sobrecalentada con código de presión baja
G-ORIG-1733,1,Sobrecalentamiento o solenoides en caja automatica CVT / DSG,1,TRAIN,"Filtro enfriador de la caja CVT tapado de suciedad que impide la circulación del fluido hacia el radiador, elevando la temperatura"
G-ORIG-1734,1,Baja presion de aceite o bomba de aceite defectuosa,1,TRAIN,La luz de la alquitara roja de aceite parpadea en el tablero cuando el motor calienta a temperatura normal y queda en ralentí
G-ORIG-1735,1,Baja presion de aceite o bomba de aceite defectuosa,1,TRAIN,Sonido fuerte de taqués hidráulicos y cascabeleo metálico en la culata por falta de presión de lubricación al motor caliente
G-ORIG-1736,1,Baja presion de aceite o bomba de aceite defectuosa,1,DEV,"Manómetro de taller conectado en el puerto del bulbo marca menos de 10 PSI de presión en ralentí, la bomba de aceite tiene desgaste"
G-ORIG-1737,1,Baja presion de aceite o bomba de aceite defectuosa,1,TRAIN,"Al acelerar a 2000 RPM la luz de aceite se apaga, pero al soltar el acelerador en cada parada vuelve a encender parpadeando"
G-ORIG-1738,1,Baja presion de aceite o bomba de aceite defectuosa,1,TRAIN,"Coladera del cárter tupida de lodo negro de carbón por aceite viejo degradado, impidiendo que la bomba aspire suficiente caudal"
G-ORIG-1739,1,Baja presion de aceite o bomba de aceite defectuosa,1,TRAIN,"Válvula de alivio de sobrepresión de la bomba de aceite trabada abierta por virutas de metal, fugando la presión directo al cárter"
G-ORIG-1740,1,Baja presion de aceite o bomba de aceite defectuosa,1,TRAIN,Bomba de aceite con holgura en los engranajes trocoidales: no genera suficiente presión hidráulica para lubricar los muñones de biela
G-ORIG-1741,1,Baja presion de aceite o bomba de aceite defectuosa,1,TRAIN,Testigo de presión de aceite se encendió fijo en carretera acompañado de un golpeteo seco metálico de metales de biela
G-ORIG-1742,1,Faja o cadena de distribucion destensada o con salto de punto,1,TRAIN,Traqueteo metálico fuerte tipo cadena suelta durante los primeros 5 segundos de encendido en frío proveniente del costado del motor
G-ORIG-1743,1,Faja o cadena de distribucion destensada o con salto de punto,1,TRAIN,"El motor demora en arrancar, perdió fuerza de aceleración y el escáner arroja código DTC P0016 de correlación cigüeñal-levas fuera de punto"
G-ORIG-1744,1,Faja o cadena de distribucion destensada o con salto de punto,1,TRAIN,Cadena de distribución estirada: el tensor hidráulico llegó al tope máximo de sus estrías y ya no puede compensar la holgura
G-ORIG-1745,1,Faja o cadena de distribucion destensada o con salto de punto,1,TRAIN,"La faja de distribución saltó un diente al arrancar empujado el carro, el motor cabecea en ralentí y tira explosiones por la admisión"
G-ORIG-1746,1,Faja o cadena de distribucion destensada o con salto de punto,1,TRAIN,"Guías plásticas de la cadena de distribución rotas con pedazos en el cárter, la cadena roza directamente contra la tapa metálica"
G-ORIG-1747,1,Faja o cadena de distribucion destensada o con salto de punto,1,DEV,Pérdida de potencia y código de desfase de sincronización entre el sensor CKP y CMP por holgura severa en la cadena de repartición
G-ORIG-1748,1,Faja o cadena de distribucion destensada o con salto de punto,1,TRAIN,Chirrido y ruido de cascajo rítmico en la distribución por rodamiento tensor de la faja de tiempo desengrasado a punto de trancarse
G-ORIG-1749,1,Faja o cadena de distribucion destensada o con salto de punto,1,DEV,Cadena de tiempo golpea contra el block al desacelerar bruscamente por tensor hidráulico descargado que no retiene presión
G-ORIG-1750,1,Falla electrica del cierre centralizado o actuador de puerta,1,TRAIN,"El pestillo de la puerta del copiloto no baja ni sube al presionar el botón de la llave, se escucha que intenta pero no tiene fuerza"
G-ORIG-1751,1,Falla electrica del cierre centralizado o actuador de puerta,1,DEV,La chapa centralizada se vuelve loca cerrando y abriendo sola continuamente mientras el auto va rodando por un bache
G-ORIG-1752,1,Falla electrica del cierre centralizado o actuador de puerta,1,TRAIN,El actuador eléctrico de la puerta trasera derecha suena como un quejido trabado y no asegura la cerradura con el cierre central
G-ORIG-1753,1,Falla electrica del cierre centralizado o actuador de puerta,1,DEV,El mando a distancia activa la alarma pero las cuatro puertas se quedan abiertas porque el módulo de cierre no manda el pulso de 12V
G-ORIG-1754,1,Falla electrica del cierre centralizado o actuador de puerta,1,TRAIN,Fusible del cierre centralizado se quema de inmediato por cortocircuito en el motorcito actuador de la puerta del conductor
G-ORIG-1755,1,Falla electrica del cierre centralizado o actuador de puerta,1,DEV,Cableado en el fuelle de goma de la puerta quebrado por fatiga de abrir y cerrar: no llega corriente al actuador del pestillo
G-ORIG-1756,1,Falla electrica del cierre centralizado o actuador de puerta,1,TRAIN,"La puerta del maletero no abre eléctricamente con el botón exterior, hay que destrabarla desde adentro con la palanca de emergencia"
G-ORIG-1757,1,Falla electrica del cierre centralizado o actuador de puerta,1,DEV,Actuador de puerta trabado en posición cerrada que no permite abrir la puerta ni desde adentro ni desde afuera con la manija
G-ORIG-1758,1,Válvula de freno de aire o secador APS obstruido (Camiones),1,TRAIN,El camión no descarga el aire o la válvula estornuda continuamente cada 30 segundos porque el cartucho secador está saturado de aceite
G-ORIG-1759,1,Válvula de freno de aire o secador APS obstruido (Camiones),1,TRAIN,"La presión en los tanques de aire sube lentísimo y no pasa de 6 Bar, las ruedas traseras se quedan frenadas por falta de aire de servicio"
G-ORIG-1760,1,Válvula de freno de aire o secador APS obstruido (Camiones),1,DEV,"Al purgar los tanques de aire primario y secundario sale agua mezclada con aceite negro del compresor, el filtro coalescente no seca"
G-ORIG-1761,1,Válvula de freno de aire o secador APS obstruido (Camiones),1,TRAIN,Válvula de cuatro vías o secador APS pierde aire constantemente por el desfogue inferior impidiendo que cargue el circuito de frenos
G-ORIG-1762,1,Válvula de freno de aire o secador APS obstruido (Camiones),1,TRAIN,"Gobernador de aire de la válvula secadora trabado con sarro, no corta la carga del compresor y sopla la válvula de seguridad a 12 Bar"
G-ORIG-1763,1,Válvula de freno de aire o secador APS obstruido (Camiones),1,TRAIN,Los frenos neumáticos demoran en liberar y se escucha fuga continua de aire en el módulo secador APS bajo el chasis del camión
G-ORIG-1764,1,Válvula de freno de aire o secador APS obstruido (Camiones),1,TRAIN,Luz de advertencia de baja presión de aire en cabina de camión con zumbador sonando permanente por obstrucción en la válvula secadora
G-ORIG-1765,1,Válvula de freno de aire o secador APS obstruido (Camiones),1,TRAIN,"Cartucho secador de aire congelado o con carbón acumulado, bloquea el paso de aire comprimido hacia las botellas de almacenamiento"
G-ORIG-1766,1,Falla en sistema de frenado regenerativo (EV / Hibridos),1,TRAIN,Luz de advertencia de freno regenerativo encendida en auto híbrido con aviso de revisar sistema de frenos en la pantalla
G-ORIG-1767,1,Falla en sistema de frenado regenerativo (EV / Hibridos),1,TRAIN,El pedal de freno se siente extremadamente duro al inicio y luego se va al fondo con una transición brusca entre freno eléctrico e hidráulico
G-ORIG-1768,1,Falla en sistema de frenado regenerativo (EV / Hibridos),1,DEV,Código DTC C1256 o C1391 en escáner: fuga interna de presión en el acumulador del servofreno hidráulico del sistema híbrido
G-ORIG-1769,1,Falla en sistema de frenado regenerativo (EV / Hibridos),1,TRAIN,"El vehículo no recupera energía en el indicador de carga al soltar el acelerador o frenar suavemente, solo frena con las pastillas"
G-ORIG-1770,1,Falla en sistema de frenado regenerativo (EV / Hibridos),1,TRAIN,Bomba eléctrica del actuador de freno del sistema híbrido zumba cada 10 segundos para mantener la presión de nitrógeno acumulada
G-ORIG-1771,1,Falla en sistema de frenado regenerativo (EV / Hibridos),1,TRAIN,"Pérdida de asistencia en frenada regenerativa en bajadas pronunciadas en auto eléctrico, requiriendo pisar a fondo el pedal mecánico"
G-ORIG-1772,1,Falla en sistema de frenado regenerativo (EV / Hibridos),1,TRAIN,"Sensor de carrera del pedal de freno descalibrado, provoca que el motor generador no active el frenado por regeneración de batería"
G-ORIG-1773,1,Falla en sistema de frenado regenerativo (EV / Hibridos),1,DEV,Falla en el módulo de control del actuador de freno regenerativo ECB en Toyota Prius con código de presión anormal de frenada
G-ORIG-1774,1,Foco o falla en sistema de refrigeracion de bateria/inversor (EV),1,TRAIN,Mensaje en la pantalla de aviso 'Temperatura excesiva en sistema híbrido/inversor' al exigir aceleración continua en autopista
G-ORIG-1775,1,Foco o falla en sistema de refrigeracion de bateria/inversor (EV),1,TRAIN,La bomba eléctrica de agua que enfría el módulo inversor IGBT no zumba ni recircula refrigerante en el depósito transparente
G-ORIG-1776,1,Foco o falla en sistema de refrigeracion de bateria/inversor (EV),1,TRAIN,Ventilador de refrigeración de la batería de alto voltaje bajo el asiento trasero suena como turbina forzada lleno de pelusa y polvo
G-ORIG-1777,1,Foco o falla en sistema de refrigeracion de bateria/inversor (EV),1,TRAIN,Luz de advertencia de batería híbrida con código de recalentamiento de módulos por conducto de aire de enfriamiento bloqueado
G-ORIG-1778,1,Foco o falla en sistema de refrigeracion de bateria/inversor (EV),1,TRAIN,Nivel de refrigerante rosado del circuito del inversor eléctrico vacío por fuga en la manguera inferior del enfriador de potencia
G-ORIG-1779,1,Foco o falla en sistema de refrigeracion de bateria/inversor (EV),1,TRAIN,El auto híbrido apaga el motor eléctrico y se limita a funcionar solo con el motor a gasolina por sobrecalentamiento en el convertidor DC-DC
G-ORIG-1780,1,Foco o falla en sistema de refrigeracion de bateria/inversor (EV),1,TRAIN,Sensor de temperatura interna de la batería de tracción reporta más de 55 grados Celsius activando corte de potencia de seguridad
G-ORIG-1781,1,Foco o falla en sistema de refrigeracion de bateria/inversor (EV),1,TRAIN,Bomba de enfriamiento del inversor trabada mecánicamente con código DTC P0A93 de rendimiento del sistema de enfriamiento del inversor
G-ORIG-1782,1,Desgaste de pastillas y zapatas de freno,1,TRAIN,Al tocar apenas el pedal de freno en bajada se escucha un chillido agudo insoportable como metal con metal y frena poco
G-ORIG-1783,1,Desgaste de pastillas y zapatas de freno,1,TRAIN,Siento que las ruedas de adelante rechinan fuerte cuando piso freno a baja velocidad llegando al semaforo
G-ORIG-1784,1,Desgaste de pastillas y zapatas de freno,1,TRAIN,"Mecánico, las llantas delanteras botan un polvo negro espeso pegado al aro y suena un chirrido de lata al frenar"
G-ORIG-1785,1,Desgaste de pastillas y zapatas de freno,1,TRAIN,Al frenar despacio en el tráfico de Lima se oye un roce metálico seco en la llanta delantera derecha
G-ORIG-1786,1,Desgaste de pastillas y zapatas de freno,1,TRAIN,El carro frena largo y cuando piso el pedal raspa feo como si las pastillas estuvieran en el puro fierro
G-ORIG-1787,1,Desgaste de pastillas y zapatas de freno,1,DEV,Chirría horrible la rueda delantera al frenar en frío y ya se siente una pestaña pronunciada en el borde del disco
G-ORIG-1788,1,Desgaste de pastillas y zapatas de freno,1,DEV,Sonido de fricción aguda al frenar en retroceso y el pedal vibra un poco con olor a ferodo quemado
G-ORIG-1789,1,Desgaste de pastillas y zapatas de freno,1,DEV,Las zapatas traseras del tambor están silbando al poner el freno de mano o al frenar en pendiente
G-ORIG-1790,1,Fuga hidraulica o aire en el sistema de frenos,1,TRAIN,"Piso el pedal de freno y se va despacito hasta el fondo de la alfombra, tengo que bombear para que agarre presión"
G-ORIG-1791,1,Fuga hidraulica o aire en el sistema de frenos,1,TRAIN,El pedal se siente como una esponja blanda y veo un charco de líquido aceitoso transparente junto a la rueda trasera
G-ORIG-1792,1,Fuga hidraulica o aire en el sistema de frenos,1,TRAIN,Nivel de líquido de frenos baja en el depósito cada semana y el pedal pierde resistencia al pisarlo parado
G-ORIG-1793,1,Fuga hidraulica o aire en el sistema de frenos,1,DEV,Cuando freno de golpe el pedal baja sin resistencia y se encendió el testigo rojo de frenos con signo de exclamación
G-ORIG-1794,1,Fuga hidraulica o aire en el sistema de frenos,1,TRAIN,"Purgaron los frenos pero al día siguiente el pedal volvió a ponerse fofo y esponjoso, hay fuga en bombín de rueda"
G-ORIG-1795,1,Fuga hidraulica o aire en el sistema de frenos,1,DEV,"Al presionar el freno no frena casi nada, el pedal toca la lata del piso y hay que bombear tres veces seguidas"
G-ORIG-1796,1,Fuga hidraulica o aire en el sistema de frenos,1,TRAIN,"Fuga de líquido de frenos por el flexible o cañería oxidada, el pedal cede y no tiene tacto firme"
G-ORIG-1797,1,Falla en bujias o bobinas de encendido (misfire),1,TRAIN,"El motor corcovea y tiembla horrible en ralentí como en 3 cilindros, parpadea el Check Engine con código P0301"
G-ORIG-1798,1,Falla en bujias o bobinas de encendido (misfire),1,TRAIN,Al meter 3ra y acelerar en subida el carro empieza a jalonear y dar cabezazos como si faltara chispa
G-ORIG-1799,1,Falla en bujias o bobinas de encendido (misfire),1,TRAIN,"Siento explosiones sordas por el escape al acelerar y el motor tiembla todo el tablero, arrojó DTC P0303 cilindro 3"
G-ORIG-1800,1,Falla en bujias o bobinas de encendido (misfire),1,TRAIN,Bujía empapada en carbonilla negra y bobina con chispa saltando por el capuchón de jebe reseco
G-ORIG-1801,1,Falla en bujias o bobinas de encendido (misfire),1,TRAIN,"El auto pierde fuerza de la nada, tironea en baja y la luz de motor parpadea cuando le exijo potencia"
G-ORIG-1802,1,Falla en bujias o bobinas de encendido (misfire),1,TRAIN,"Falla de encendido errática P0300 múltiple cilindro, tiembla al prender el aire acondicionado en ralentí"
G-ORIG-1803,1,Falla en bujias o bobinas de encendido (misfire),1,TRAIN,"Al salir en primera cascabelea y tiembla feo el motor, se siente que un cilindro no está quemando bien la mezcla"
G-ORIG-1804,1,Falla en bujias o bobinas de encendido (misfire),1,TRAIN,"Bobina de encendido partida rajada por calor, no manda chispa a la bujía número 4 y huele a bencina cruda"
G-ORIG-1805,1,Bateria descargada o bornes sulfatados,1,TRAIN,Giro la llave y solo se escucha un clac clac metálico rápido del arrancador y las luces del tablero se apagan solas
G-ORIG-1806,1,Bateria descargada o bornes sulfatados,1,TRAIN,Por las mañanas el motor da vueltas pesadas y lentas para arrancar y los bornes tienen una masa azul verdosa sulfatada
G-ORIG-1807,1,Bateria descargada o bornes sulfatados,1,DEV,"Dejé el auto parqueado dos días y ya no prende nada, medí la batería con multímetro y marca apenas 11.4 voltios"
G-ORIG-1808,1,Bateria descargada o bornes sulfatados,1,TRAIN,El reloj y la radio se desconfiguran cada vez que doy marcha porque el voltaje cae a 8V durante el cranking
G-ORIG-1809,1,Bateria descargada o bornes sulfatados,1,TRAIN,"Borne negativo flojo y sulfatado, no hace buen contacto a masa y a veces el carro parece muerto sin corriente"
G-ORIG-1810,1,Bateria descargada o bornes sulfatados,1,TRAIN,"Pongo contacto, prenden las luces testigos pero al darle a start se cae todo el tablero a negro sin girar motor"
G-ORIG-1811,1,Bateria descargada o bornes sulfatados,1,TRAIN,"Batería vieja inflada a los costados, no retiene carga después de apagar el motor ni media hora"
G-ORIG-1812,1,Llantas desbalanceadas o desalineadas,1,TRAIN,A partir de 80 km/h en la Panamericana el timón empieza a vibrar y zumbar con un hormigueo molesto en las manos
G-ORIG-1813,1,Llantas desbalanceadas o desalineadas,1,TRAIN,"Suelto el timón en pista recta y el carro se jala de golpe hacia la derecha, las llantas delanteras comen por dentro"
G-ORIG-1814,1,Llantas desbalanceadas o desalineadas,1,TRAIN,"Desgaste disparejo en el hombro interno del neumático delantero, parece que tuviera caída negativa o divergencia"
G-ORIG-1815,1,Llantas desbalanceadas o desalineadas,1,TRAIN,"El volante vibra entre 90 y 110 km/h pero al frenar no vibra nada, solo vibra rodando a velocidad de carretera"
G-ORIG-1816,1,Llantas desbalanceadas o desalineadas,1,TRAIN,Sentí que el carro vibra como tembladera en el piso de la cabina y las llantas de adelante están gastadas en escalera
G-ORIG-1817,1,Llantas desbalanceadas o desalineadas,1,TRAIN,Al pasar baches el timón se desalinea y queda torcido unos 15 grados hacia la izquierda para ir en línea recta
G-ORIG-1818,1,Llantas desbalanceadas o desalineadas,1,TRAIN,"Vibración rítmica en el asiento y piso a 100 km/h, se le cayó el plomo de contrapeso a la rueda trasera"
G-ORIG-1819,1,Amortiguadores reventados o bujes de suspension gastados,1,TRAIN,Al pasar un rompemuelle o bache la parte delantera rebota como tres veces y golpea seco un clonk abajo
G-ORIG-1820,1,Amortiguadores reventados o bujes de suspension gastados,1,TRAIN,El amortiguador delantero derecho está chorreado de aceite con tierra pegada en el vástago y el carro cabecea
G-ORIG-1821,1,Amortiguadores reventados o bujes de suspension gastados,1,TRAIN,En curvas la camioneta se inclina demasiado como barco y al agarrar un desnivel golpea metal con metal
G-ORIG-1822,1,Amortiguadores reventados o bujes de suspension gastados,1,TRAIN,"Sonido de cama vieja rechinando al amortiguar en los resaltos, bujes de trapecio o meseta totalmente rajados"
G-ORIG-1823,1,Amortiguadores reventados o bujes de suspension gastados,1,TRAIN,"Golpeteo seco toc toc en el lado del copiloto al circular por trocha afirmada o adoquines, terminal y bieleta con juego"
G-ORIG-1824,1,Amortiguadores reventados o bujes de suspension gastados,1,TRAIN,La trompa del auto se hunde demasiado al clavar el freno y la cola se levanta de golpe sin amortiguación
G-ORIG-1825,1,Amortiguadores reventados o bujes de suspension gastados,1,TRAIN,"Coperas o bases de amortiguador con el jebe despegado, truena al girar la dirección en parqueo"
G-ORIG-1826,1,Juntas homocineticas o palieres danados,1,TRAIN,Al girar todo el timón a la izquierda y acelerar para doblar en una esquina suena un track track track repetitivo
G-ORIG-1827,1,Juntas homocineticas o palieres danados,1,TRAIN,Cubrepolvo de la junta homocinética roto con toda la grasa negra salpicada en la llanta y masa de rueda
G-ORIG-1828,1,Juntas homocineticas o palieres danados,1,TRAIN,Al acelerar fuerte en carretera vibra toda la trompa del auto pero cuando piso el embrague la vibración desaparece
G-ORIG-1829,1,Juntas homocineticas o palieres danados,1,TRAIN,La copa o triceta del semieje tiene holgura excesiva y produce un tironeo y campaneo metálico al salir en 1ra
G-ORIG-1830,1,Juntas homocineticas o palieres danados,1,TRAIN,Sonido de traqueteo continuo cla cla cla en la rueda delantera derecha al hacer giro cerrado en U
G-ORIG-1831,1,Juntas homocineticas o palieres danados,1,TRAIN,Palier con juego radial y axial que produce zapateo en la transmisión al acelerar entre 40 y 60 km/h
G-ORIG-1832,1,Juntas homocineticas o palieres danados,1,TRAIN,"Se salió el fuelle de goma del palier y entró arena, la cruceta trituró las canastillas y se traba al girar"
G-ORIG-1833,1,Inyectores sucios o filtro de combustible obstruido,1,TRAIN,"El auto pierde pique y se 'chupa' cuando piso a fondo el acelerador, se siente atrancado como si le faltara combustible"
G-ORIG-1834,1,Inyectores sucios o filtro de combustible obstruido,1,DEV,"Ralentí irregular e inestable, el motor tose al arrancar en frío y huele a gasolina cruda por mala atomización"
G-ORIG-1835,1,Inyectores sucios o filtro de combustible obstruido,1,TRAIN,"Filtro de combustible obstruido con suciedad de grifo, no pasa suficiente caudal a altas revoluciones"
G-ORIG-1836,1,Inyectores sucios o filtro de combustible obstruido,1,TRAIN,Código de falla P0171 mezcla pobre por inyector trabado sucio con barniz en la tobera de inyección
G-ORIG-1837,1,Inyectores sucios o filtro de combustible obstruido,1,TRAIN,"Tironea feo a 2500 RPM al intentar adelantar a otro vehículo en carretera, le falta comida al motor"
G-ORIG-1838,1,Inyectores sucios o filtro de combustible obstruido,1,DEV,Microfiltros de inyectores colmatados de sedimentos rojizos de óxido provenientes del tanque de combustible
G-ORIG-1839,1,Inyectores sucios o filtro de combustible obstruido,1,TRAIN,Inyector goteando en reposo que inunda el cilindro y dificulta el arranque en caliente ahogando el motor
G-ORIG-1840,1,Falla en sensor de oxigeno o mezcla rica,1,TRAIN,"Consumo excesivo de gasolina, el carro me está rindiendo menos de 25 km por galón y bota olor picante por el escape"
G-ORIG-1841,1,Falla en sensor de oxigeno o mezcla rica,1,DEV,Luz Check Engine encendida fija en tablero con código DTC P0134 señal de sensor de oxígeno sin actividad banco 1
G-ORIG-1842,1,Falla en sensor de oxigeno o mezcla rica,1,TRAIN,El sensor lambda se quedó clavado en 0.1V y la computadora enriquece la mezcla a lo loco subiendo el Short Term Fuel Trim al 25%
G-ORIG-1843,1,Falla en sensor de oxigeno o mezcla rica,1,TRAIN,Humo negro con hollín en la cola del escape y la bujía sale carbonizada de negro mate por mezcla hiper rica
G-ORIG-1844,1,Falla en sensor de oxigeno o mezcla rica,1,TRAIN,"DTC P0135 resistencia calefactora de la sonda de oxígeno abierta, tarda mucho en entrar en lazo cerrado Closed Loop"
G-ORIG-1845,1,Falla en sensor de oxigeno o mezcla rica,1,TRAIN,El auto tiembla ligeramente en ralentí caliente y no pasa la revisión técnica por exceso de monóxido de carbono CO y HC
G-ORIG-1846,1,Falla en sensor de oxigeno o mezcla rica,1,TRAIN,Sensor de relación aire/combustible A/F de banda ancha marcando 4.8V fijo sin oscilar al acelerar
G-ORIG-1847,1,Consumo de aceite por desgaste de anillos o retenes,1,TRAIN,Al acelerar fuerte en carretera bota una nube de humo azulado espeso con olor a aceite quemado por el tubo de escape
G-ORIG-1848,1,Consumo de aceite por desgaste de anillos o retenes,1,TRAIN,Cada mil kilómetros tengo que agregarle casi un litro de aceite porque la varilla de nivel queda en la punta inferior
G-ORIG-1849,1,Consumo de aceite por desgaste de anillos o retenes,1,TRAIN,"Por las mañanas al encender tira una bocanada de humo azul grisáceo que dura 30 segundos y luego se disipa, retenes de válvula secos"
G-ORIG-1850,1,Consumo de aceite por desgaste de anillos o retenes,1,TRAIN,"Saco las bujías y las roscas están bañadas en aceite quemado aceitoso pastoso, los aros rascadores de aceite están pegados"
G-ORIG-1851,1,Consumo de aceite por desgaste de anillos o retenes,1,TRAIN,Pérdida severa de compresión con soplado de vapores aceitosos por la varilla de medición al acelerar en ralentí
G-ORIG-1852,1,Consumo de aceite por desgaste de anillos o retenes,1,TRAIN,"El motor tiene 280 mil km y consume 20W-50 sintético como si fuera combustible, bujías empastadas de carbonilla"
G-ORIG-1853,1,Consumo de aceite por desgaste de anillos o retenes,1,TRAIN,Guías de válvula con desgaste excesivo permitiendo que el aceite de culata se filtre a la cámara de combustión
G-ORIG-1854,1,Empaque de culata soplado o danado,1,TRAIN,El depósito de agua burbujea constantemente como olla hirviendo y las mangueras del radiador se ponen duras como piedra
G-ORIG-1855,1,Empaque de culata soplado o danado,1,TRAIN,"Saco la tapa del aceite y tiene una pasta cremosa blanca tipo mayonesa o café con leche, se pasó el agua al aceite"
G-ORIG-1856,1,Empaque de culata soplado o danado,1,TRAIN,"Bota humo blanco denso y dulce por el escape que no se quita ni calentando el motor, se consumió todo el refrigerante"
G-ORIG-1857,1,Empaque de culata soplado o danado,1,TRAIN,"Recalentó el motor por manguera rota y ahora no arranca bien, mete compresión al circuito de refrigeración y bota el agua"
G-ORIG-1858,1,Empaque de culata soplado o danado,1,TRAIN,Prueba química con líquido azul detector de CO2 en el vaso de expansión cambió a verde amarillento confirmando fuga de gases
G-ORIG-1859,1,Empaque de culata soplado o danado,1,DEV,"Presión excesiva en el radiador que revienta las tapas plásticas, junta de culata quemada entre cilindro 2 y 3"
G-ORIG-1860,1,Empaque de culata soplado o danado,1,TRAIN,Pasa agua al cilindro 1 cuando el carro duerme y en la mañana el motor se traba por bloqueo hidráulico momentáneo
G-ORIG-1861,1,Alternador defectuoso o placa de diodos quemada,1,DEV,Se encendió el testigo de la batería en rojo mientras manejaba y las luces delanteras alumbran con muy poca fuerza
G-ORIG-1862,1,Alternador defectuoso o placa de diodos quemada,1,TRAIN,"Con el motor encendido medí los bornes de la batería con el voltímetro y marca apenas 12.1 voltios, no sube a 14V"
G-ORIG-1863,1,Alternador defectuoso o placa de diodos quemada,1,TRAIN,"El alternador emite un chillido o silbido magnético caliente y huele a barniz quemado, puente de diodos en cortocircuito"
G-ORIG-1864,1,Alternador defectuoso o placa de diodos quemada,1,TRAIN,"Se apagó la radio, el timón asistido se puso durísimo y luego el motor se detuvo por falta total de voltaje"
G-ORIG-1865,1,Alternador defectuoso o placa de diodos quemada,1,TRAIN,"Voltaje sube a 16.5 voltios al acelerar quemando bombillos de faros y fundiendo fusibles, regulador de voltaje en corto"
G-ORIG-1866,1,Alternador defectuoso o placa de diodos quemada,1,DEV,Al acelerar el alternador zumba fuerte como avión turbohélice por rodamiento delantero con pistas picadas
G-ORIG-1867,1,Alternador defectuoso o placa de diodos quemada,1,TRAIN,Escobillas o carbones del alternador totalmente gastados que no hacen contacto con las pistas de cobre del rotor
G-ORIG-1868,1,Cuerpo de aceleracion o valvula IAC sucia,1,TRAIN,Al frenar y poner neutro el motor cae de revoluciones bruscamente hasta 400 RPM y se apaga de golpe
G-ORIG-1869,1,Cuerpo de aceleracion o valvula IAC sucia,1,TRAIN,El ralentí oscila loco subiendo y bajando entre 1000 y 1800 RPM sin pisar el pedal de acelerador
G-ORIG-1870,1,Cuerpo de aceleracion o valvula IAC sucia,1,TRAIN,La mariposa de aceleración electrónica tiene una costra gruesa de carbonilla negra pegada en el contorno del plato
G-ORIG-1871,1,Cuerpo de aceleracion o valvula IAC sucia,1,TRAIN,Código DTC P0505 o P2135 con el carro en modo degradado sin responder al acelerador tras lavar el motor
G-ORIG-1872,1,Cuerpo de aceleracion o valvula IAC sucia,1,TRAIN,Válvula IAC atascada de hollín no compensa cuando se enciende el aire acondicionado y el motor se ahoga
G-ORIG-1873,1,Cuerpo de aceleracion o valvula IAC sucia,1,TRAIN,Al encender en frío por la mañana no mantiene la marcha mínima acelerada y hay que mantener el pie en el acelerador
G-ORIG-1874,1,Cuerpo de aceleracion o valvula IAC sucia,1,TRAIN,Garganta de admisión sucia provocando tironeo en baja velocidad y trabamiento del pedal al pisarlo suave
G-ORIG-1875,1,Bomba de gasolina quemada o con baja presion,1,TRAIN,Pongo la llave en contacto y no se escucha el zumbido eléctrico característico bzzz en el tanque de combustible
G-ORIG-1876,1,Bomba de gasolina quemada o con baja presion,1,TRAIN,El auto arranca pero a los 10 minutos de marcha empieza a perder fuerza hasta que se apaga y no vuelve a prender hasta que enfría
G-ORIG-1877,1,Bomba de gasolina quemada o con baja presion,1,TRAIN,Medí la presión en el riel de inyectores con manómetro y solo marca 20 PSI cuando debería estar en 45 a 50 PSI
G-ORIG-1878,1,Bomba de gasolina quemada o con baja presion,1,TRAIN,En pendientes largas el motor tironea y se ahoga por falta de caudal de combustible en la bomba de gasolina
G-ORIG-1879,1,Bomba de gasolina quemada o con baja presion,1,TRAIN,Relé de la bomba calienta demasiado y la pila de combustible se corta sola cuando el tanque está con menos de un cuarto
G-ORIG-1880,1,Bomba de gasolina quemada o con baja presion,1,TRAIN,El motor da marcha vigorosa pero no prende por falta total de presión de gasolina en la rampa de inyección
G-ORIG-1881,1,Bomba de gasolina quemada o con baja presion,1,TRAIN,Filtro colador de la bomba de gasolina en el tanque tapado de lodo y arenilla impidiendo la succión normal
G-ORIG-1882,1,Fuga en mangueras de refrigerante o radiador picado,1,TRAIN,Veo un goteo constante de líquido verde fosforescente debajo del motor y el depósito de reserva se vacía solo
G-ORIG-1883,1,Fuga en mangueras de refrigerante o radiador picado,1,DEV,La manguera superior del radiador está hinchada como balón y tiene una microfisura que bota un chorrito fino de vapor
G-ORIG-1884,1,Fuga en mangueras de refrigerante o radiador picado,1,TRAIN,El radiador tiene una fisura en el tanque plástico lateral superior y bota anticongelante caliente al tomar presión
G-ORIG-1885,1,Fuga en mangueras de refrigerante o radiador picado,1,TRAIN,Abrazadera floja en el codo de la bomba de agua dejando escapar refrigerante con olor dulce en el motor
G-ORIG-1886,1,Fuga en mangueras de refrigerante o radiador picado,1,TRAIN,Depósito plástico de expansión cuarteado con fuga por la costura inferior al presurizarse el circuito térmico
G-ORIG-1887,1,Fuga en mangueras de refrigerante o radiador picado,1,TRAIN,"Manguera de calefacción picada por roce con la carrocería, dejó el auto sin agua en plena avenida"
G-ORIG-1888,1,Fuga en mangueras de refrigerante o radiador picado,1,TRAIN,Radiador tapado externamente con tierra e insectos provocando que suba la temperatura en tráfico
G-ORIG-1889,1,Falla en termostato o motoventilador de radiador,1,DEV,La aguja de temperatura sube al rojo vivo en menos de 10 minutos y el ventilador del radiador no gira para nada
G-ORIG-1890,1,Falla en termostato o motoventilador de radiador,1,TRAIN,El motoventilador nunca enciende en alta velocidad porque el relé de control está fundido o la resistencia quemada
G-ORIG-1891,1,Falla en termostato o motoventilador de radiador,1,TRAIN,"La manguera superior está hirviendo y la manguera inferior del radiador está totalmente fría, el termostato se trabó cerrado"
G-ORIG-1892,1,Falla en termostato o motoventilador de radiador,1,TRAIN,"DTC P0128 temperatura de motor por debajo del umbral de regulación, el termostato se quedó trabado abierto y no calienta"
G-ORIG-1893,1,Falla en termostato o motoventilador de radiador,1,TRAIN,"Motor del electroventilador trancado con juego en el buje, vibra el frontal del auto cuando intenta arrancar"
G-ORIG-1894,1,Falla en termostato o motoventilador de radiador,1,TRAIN,Sensor de temperatura de radiador defectuoso no comanda la señal de encendido del ventilador a los 95 grados
G-ORIG-1895,1,Falla en termostato o motoventilador de radiador,1,DEV,Termostato con el sello de jebe roto se descalibró y recalienta el motor al subir pendientes en carretera
G-ORIG-1896,1,Disco de embrague desgastado o patinando,1,TRAIN,"Acelero a fondo en 3ra marcha, las RPM suben de golpe como bólido a 4000 RPM pero el carro no aumenta de velocidad"
G-ORIG-1897,1,Disco de embrague desgastado o patinando,1,TRAIN,Huele a ferodo quemado insoportable en subidas pronunciadas y el embrague patina al soltar el pedal
G-ORIG-1898,1,Disco de embrague desgastado o patinando,1,TRAIN,"El pedal de embrague corta muy arriba, casi en el tope superior del recorrido y ya no tiene margen de ajuste"
G-ORIG-1899,1,Disco de embrague desgastado o patinando,1,TRAIN,El disco de embrague llegó a los remaches metálicos y resbala contra la prensa y el volante bimasa
G-ORIG-1900,1,Disco de embrague desgastado o patinando,1,TRAIN,Al intentar salir cargado en pendiente el auto tiembla violento y resbala el disco perdiendo tracción
G-ORIG-1901,1,Disco de embrague desgastado o patinando,1,TRAIN,"Prensa de embrague destemplada con los diafragmas vencidos, patina en cuanto entra el torque máximo del motor"
G-ORIG-1902,1,Disco de embrague desgastado o patinando,1,TRAIN,Embrague patinando por contaminación con aceite de motor debido a fuga del retén de bancada trasero
G-ORIG-1903,1,Discos de freno alabeados o desgastados,1,TRAIN,Al frenar a 90 o 100 km/h en autopista el pedal de freno pulsa fuerte y el volante tiembla violentamente
G-ORIG-1904,1,Discos de freno alabeados o desgastados,1,TRAIN,Discos de freno con alabeo superior a 0.05 mm verificado con reloj comparador de carátula en el buje
G-ORIG-1905,1,Discos de freno alabeados o desgastados,1,TRAIN,Variación de espesor DTV en el disco de freno genera una sacudida rítmica en el pedal al frenar suave
G-ORIG-1906,1,Discos de freno alabeados o desgastados,1,TRAIN,Se rectificaron los discos por debajo del espesor mínimo de seguridad y ahora se calientan y tuercen de inmediato
G-ORIG-1907,1,Discos de freno alabeados o desgastados,1,TRAIN,"El volante de dirección baila en las manos al presionar el freno bajando cuestas largas, discos sobrecalentados"
G-ORIG-1908,1,Discos de freno alabeados o desgastados,1,TRAIN,Superficie del disco de freno con marcas de temple azuladas y surcos profundos provocando frenado a saltos
G-ORIG-1909,1,Discos de freno alabeados o desgastados,1,TRAIN,Al presionar el freno a alta velocidad parece que las ruedas delanteras rebotaran contra la calzada
G-ORIG-1910,1,Falla en bombin o bomba hidraulica de embrague,1,DEV,"El pedal de embrague se queda pegado abajo en la alfombra y no regresa solo, tengo que levantarlo con la punta del pie"
G-ORIG-1911,1,Falla en bombin o bomba hidraulica de embrague,1,TRAIN,Pierde líquido de frenos por el bombín esclavo de la caja de cambios y no entran los cambios en caliente
G-ORIG-1912,1,Falla en bombin o bomba hidraulica de embrague,1,TRAIN,"Para que entre la primera tengo que bombear el embrague varias veces seguidas, la bomba maestra tiene fuga interna"
G-ORIG-1913,1,Falla en bombin o bomba hidraulica de embrague,1,TRAIN,"Cilindro maestro de embrague sin presión hidráulica, pedal esponjoso que no desacopla la transmisión"
G-ORIG-1914,1,Falla en bombin o bomba hidraulica de embrague,1,TRAIN,"Charquito de líquido DOT 3 debajo del pedal de embrague dentro de la cabina, el retén del vástago reventó"
G-ORIG-1915,1,Falla en bombin o bomba hidraulica de embrague,1,TRAIN,Al pisar el embrague se siente chicloso y raspa la marcha atrás al intentar meter retroceso
G-ORIG-1916,1,Falla en bombin o bomba hidraulica de embrague,1,TRAIN,"Bombín auxiliar de embrague agarrotado por óxido, bota líquido por el guardapolvo al pisar el pedal"
G-ORIG-1917,1,Falta o degradacion de aceite de caja de cambios,1,DEV,"La palanca de cambios está durísima para meter segunda y tercera en frío por la mañana, raspa como fierro seco"
G-ORIG-1918,1,Falta o degradacion de aceite de caja de cambios,1,TRAIN,"La caja mecánica emite un aullido sordo continuo que aumenta con la velocidad del carro, nivel de valvulina muy bajo"
G-ORIG-1919,1,Falta o degradacion de aceite de caja de cambios,1,TRAIN,Al destapar el tapón de drenaje de la caja de cambios salieron apenas 200 ml de aceite quemado y negro con viruta
G-ORIG-1920,1,Falta o degradacion de aceite de caja de cambios,1,TRAIN,La transmisión manual calienta en exceso en carretera y zumban los piñones por falta de lubricación 75W-90
G-ORIG-1921,1,Falta o degradacion de aceite de caja de cambios,1,TRAIN,"Dificultad para engranar marchas con crujido seco, aceite de caja degradado con olor fétido y viscosidad perdida"
G-ORIG-1922,1,Falta o degradacion de aceite de caja de cambios,1,TRAIN,"Fuga de valvulina por los retenes de salida de palier de la caja, dejando manchas secas en la carcasa de aluminio"
G-ORIG-1923,1,Falta o degradacion de aceite de caja de cambios,1,TRAIN,"Caja de cambios trabaja casi en seco, rechinido de engranajes sincronizadores al pasar de 3ra a 4ta"
G-ORIG-1924,1,Falla en servofreno (booster) o linea de vacio,1,TRAIN,Al pisar el freno el pedal está durísimo como piedra y casi no frena nada a menos que me pare con todo el peso
G-ORIG-1925,1,Falla en servofreno (booster) o linea de vacio,1,TRAIN,Se escucha un soplido continuo de aire ssssss debajo del tablero cada vez que presiono el pedal de freno
G-ORIG-1926,1,Falla en servofreno (booster) o linea de vacio,1,DEV,Cuando piso el pedal de freno el motor empieza a fallar y a temblar en ralentí por chupada de aire en el booster
G-ORIG-1927,1,Falla en servofreno (booster) o linea de vacio,1,TRAIN,Válvula check antirretorno de la manguera de vacío del booster rota o agrietada perdiendo depresión
G-ORIG-1928,1,Falla en servofreno (booster) o linea de vacio,1,TRAIN,Diafragma interno del servofreno perforado no multiplica la fuerza de frenado y el pedal se pone como tronco
G-ORIG-1929,1,Falla en servofreno (booster) o linea de vacio,1,TRAIN,"Manguera de vacío del múltiple de admisión al booster rajada, provocando ralentí acelerado y freno durísimo"
G-ORIG-1930,1,Falla en servofreno (booster) o linea de vacio,1,TRAIN,"Pedal de freno duro sin asistencia neumática, frenada excesivamente larga y peligrosa en ciudad"
G-ORIG-1931,1,Cremallera de direccion asistida con holgura o fuga,1,TRAIN,Al girar el timón a ambos lados en parqueo suena un golpe seco clonk clonk en la caja de dirección
G-ORIG-1932,1,Cremallera de direccion asistida con holgura o fuga,1,TRAIN,El depósito de aceite hidráulico de dirección amanece vacío y los fuelles de la cremallera están llenos de aceite
G-ORIG-1933,1,Cremallera de direccion asistida con holgura o fuga,1,TRAIN,"La dirección asistida se pone pesada y a tirones, la bomba hidráulica chilla y rechina por falta de líquido ATF"
G-ORIG-1934,1,Cremallera de direccion asistida con holgura o fuga,1,TRAIN,"Holgura excesiva en el buje guía derecho de la cremallera de dirección, tiembla el timón al pasar por empedrado"
G-ORIG-1935,1,Cremallera de direccion asistida con holgura o fuga,1,TRAIN,Fuga de líquido de dirección hidráulica por los retenes laterales de la barra dentada de la cremallera
G-ORIG-1936,1,Cremallera de direccion asistida con holgura o fuga,1,TRAIN,Juego muerto de varios centímetros en el volante antes de que las ruedas comiencen a orientarse
G-ORIG-1937,1,Cremallera de direccion asistida con holgura o fuga,1,TRAIN,Cremallera electroasistida con holgura en los dientes de ataque produciendo golpeteo metálico en el piso
G-ORIG-1938,1,Rodajes de caja mecanica o diferencial gastados,1,TRAIN,Al rodar en carretera a 60 km/h la caja o diferencial zumba fuerte como una turbina y aumenta con la velocidad
G-ORIG-1939,1,Rodajes de caja mecanica o diferencial gastados,1,TRAIN,"Cuando piso el pedal de embrague a fondo el zumbido de la caja de cambios desaparece por completo, rodamiento de directa picado"
G-ORIG-1940,1,Rodajes de caja mecanica o diferencial gastados,1,DEV,El diferencial trasero o corona emite un silbido agudo al acelerar que se atenúa al soltar el pedal del acelerador
G-ORIG-1941,1,Rodajes de caja mecanica o diferencial gastados,1,TRAIN,Rodamiento de la masa de rueda zumba al tomar curvas cargando el peso hacia un lado y vibra la carrocería
G-ORIG-1942,1,Rodajes de caja mecanica o diferencial gastados,1,TRAIN,Rulimanes del eje secundario de la transmisión desgastados produciendo roce y vibración metálica continua
G-ORIG-1943,1,Rodajes de caja mecanica o diferencial gastados,1,TRAIN,Juego axial en los piñones satélites y planetarios del diferencial provocando un clank al meter reversa o primera
G-ORIG-1944,1,Rodajes de caja mecanica o diferencial gastados,1,TRAIN,"Zumbido constante en transmisión mecánica que no se quita cambiando aceite, pistas de baleros con hoyuelos"
G-ORIG-1945,1,Baja presion de aceite o bomba de aceite defectuosa,1,TRAIN,En ralentí con el motor bien caliente parpadea el testigo aceitera roja en el tablero y suena taqueteo de taqués
G-ORIG-1946,1,Baja presion de aceite o bomba de aceite defectuosa,1,TRAIN,Al medir la presión de aceite con manómetro en el filtro solo marca 8 PSI en caliente cuando el mínimo es 15 PSI
G-ORIG-1947,1,Baja presion de aceite o bomba de aceite defectuosa,1,TRAIN,La bomba de aceite no levanta presión suficiente y los balancines y árbol de levas suenan como máquina de coser
G-ORIG-1948,1,Baja presion de aceite o bomba de aceite defectuosa,1,TRAIN,Colador de la bomba de aceite en el cárter tapado de lodo y carbonilla seca impidiendo la succión de lubricante
G-ORIG-1949,1,Baja presion de aceite o bomba de aceite defectuosa,1,TRAIN,Válvula de alivio de presión de aceite trabada abierta dejando escapar la presión de la galería principal
G-ORIG-1950,1,Baja presion de aceite o bomba de aceite defectuosa,1,TRAIN,"Testigo de baja presión de aceite encendido fijo en tablero al detenerse en semáforo, desaparece al acelerar"
G-ORIG-1951,1,Baja presion de aceite o bomba de aceite defectuosa,1,TRAIN,"Bomba de lubricación desgastada con holgura excesiva entre rotores lobulares, peligro inminente de fundir motor"
G-ORIG-1952,1,Faja o cadena de distribucion destensada o con salto de punto,1,TRAIN,Al arrancar el motor por las mañanas suena un ruido de cadena rozando contra la tapa metálica como latas sueltas
G-ORIG-1953,1,Faja o cadena de distribucion destensada o con salto de punto,1,TRAIN,El tensor hidráulico de la cadena de distribución perdió presión y la cadena golpea contra las guías plásticas rotas
G-ORIG-1954,1,Faja o cadena de distribucion destensada o con salto de punto,1,TRAIN,Código de falla P0016 desfasaje o desincronización entre árbol de levas y cigüeñal por salto de diente en la correa
G-ORIG-1955,1,Faja o cadena de distribucion destensada o con salto de punto,1,TRAIN,La faja de distribución tiene los dientes pelados o desgastados y el motor perdió la sincronización de válvulas
G-ORIG-1956,1,Faja o cadena de distribucion destensada o con salto de punto,1,TRAIN,Tapa de distribución con viruta plástica de las guías partidas por cadena floja y elongada
G-ORIG-1957,1,Faja o cadena de distribucion destensada o con salto de punto,1,TRAIN,Motor gira con demasiada soltura sin comprimir al dar arranque tras romperse la faja dentada en marcha
G-ORIG-1958,1,Faja o cadena de distribucion destensada o con salto de punto,1,TRAIN,Ruido de zumbido seco tipo silbido por faja de distribución instalada con exceso de tensión en los rodamientos tensores
G-ORIG-1959,1,Falla en sensor de velocidad de rueda ABS,1,TRAIN,Al frenar suavemente a menos de 20 km/h en asfalto seco el pedal de freno patea y vibra como si patinara en hielo
G-ORIG-1960,1,Falla en sensor de velocidad de rueda ABS,1,TRAIN,"Testigo de ABS y derrape ESP encendidos fijos en el tablero, código de escáner C0035 sensor delantero izquierdo"
G-ORIG-1961,1,Falla en sensor de velocidad de rueda ABS,1,DEV,Cable del sensor de velocidad de rueda cortado o rozado contra la llanta por mala colocación de grapas
G-ORIG-1962,1,Falla en sensor de velocidad de rueda ABS,1,TRAIN,Corona dentada o anillo fónico magnético del rodaje de rueda partido o sucio con viruta metálica imantada
G-ORIG-1963,1,Falla en sensor de velocidad de rueda ABS,1,TRAIN,Señal errática de velocidad en rueda trasera derecha marcando 0 km/h mientras el resto de ruedas marca 50 km/h
G-ORIG-1964,1,Falla en sensor de velocidad de rueda ABS,1,TRAIN,Luz de advertencia de frenos ABS prendida después de cambiar rodajes de masa de rueda instalados al revés
G-ORIG-1965,1,Falla en sensor de velocidad de rueda ABS,1,TRAIN,Sensor inductivo de captación de rueda ABS con la punta desgastada por roce contra el estriado del palier
G-ORIG-1966,1,Falla en compresor de aire acondicionado o fuga de gas R134a,1,TRAIN,"Prendo el aire acondicionado y solo sale aire tibio a temperatura ambiente, el compresor no acopla la polea"
G-ORIG-1967,1,Falla en compresor de aire acondicionado o fuga de gas R134a,1,TRAIN,Al conectar el aire acondicionado se escucha un chillido violento de la faja y el motor pierde demasiada potencia
G-ORIG-1968,1,Falla en compresor de aire acondicionado o fuga de gas R134a,1,TRAIN,Fuga de gas refrigerante R134a detectada con luz ultravioleta verde en los sellos del condensador delantero
G-ORIG-1969,1,Falla en compresor de aire acondicionado o fuga de gas R134a,1,TRAIN,El compresor de A/C golpea feo por dentro tac tac tac por falta de aceite PAG en el circuito de refrigeración
G-ORIG-1970,1,Falla en compresor de aire acondicionado o fuga de gas R134a,1,TRAIN,"Bobina magnética del embrague del compresor quemada, no le llega señal de 12V al embragar en cabina"
G-ORIG-1971,1,Falla en compresor de aire acondicionado o fuga de gas R134a,1,TRAIN,"Presión en manómetros de baja y alta marcan exactamente lo mismo a 70 PSI con A/C encendido, válvulas de compresor rotas"
G-ORIG-1972,1,Falla en compresor de aire acondicionado o fuga de gas R134a,1,TRAIN,"Válvula de expansión del evaporador tapada de humedad y suciedad, congela las cañerías pero no enfría la cabina"
G-ORIG-1973,1,Falla electrica del cierre centralizado o actuador de puerta,1,TRAIN,Presiono el botón del mando de la llave y los pestillos no reaccionan en ninguna de las cuatro puertas
G-ORIG-1974,1,Falla electrica del cierre centralizado o actuador de puerta,1,DEV,"La puerta trasera izquierda no asegura con el mando a distancia y se queda abierta, motorcito actuador quemado"
G-ORIG-1975,1,Falla electrica del cierre centralizado o actuador de puerta,1,TRAIN,Al presionar el botón de bloqueo los pestillos intentan bajar pero rebotan y vuelven a abrirse de inmediato
G-ORIG-1976,1,Falla electrica del cierre centralizado o actuador de puerta,1,TRAIN,Fusible del cierre centralizado se quema repetidamente al accionar la alarma por cortocircuito en el fuelle de puerta
G-ORIG-1977,1,Falla electrica del cierre centralizado o actuador de puerta,1,TRAIN,Módulo de confort BCM no envía pulso de masa a los actuadores eléctricos de cierre centralizado
G-ORIG-1978,1,Falla electrica del cierre centralizado o actuador de puerta,1,TRAIN,Cables partidos en la manguera flexible de jebe entre el parante y la puerta del conductor impidiendo el bloqueo
G-ORIG-1979,1,Falla electrica del cierre centralizado o actuador de puerta,1,TRAIN,Actuador eléctrico de la chapa de la maletera no abre con el botón del baúl ni con el telecomando
G-ORIG-1980,1,"Cerradura, chapa o pestillo mecanico de puerta trabado o desalineado",1,TRAIN,"La puerta del copiloto no abre ni por dentro ni por fuera, la manija se siente suelta sin enganche"
G-ORIG-1981,1,"Cerradura, chapa o pestillo mecanico de puerta trabado o desalineado",1,TRAIN,Tengo que tirar la puerta con muchísima fuerza para que cierre bien porque el pestillo o cerradero está descuadrado
G-ORIG-1982,1,"Cerradura, chapa o pestillo mecanico de puerta trabado o desalineado",1,TRAIN,El varillaje interno de la manija de la puerta se soltó de la traba plástica y la manija exterior no abre nada
G-ORIG-1983,1,"Cerradura, chapa o pestillo mecanico de puerta trabado o desalineado",1,TRAIN,La chapa mecánica está atascada por óxido y tierra y la llave física no gira en el tambor de la puerta
G-ORIG-1984,1,"Cerradura, chapa o pestillo mecanico de puerta trabado o desalineado",1,TRAIN,"Pestillo de puerta trabado a medio camino, la puerta rebota al cerrarla y no asegura en el marco"
G-ORIG-1985,1,"Cerradura, chapa o pestillo mecanico de puerta trabado o desalineado",1,TRAIN,"Cerradura de la maletera trabada mecánicamente con la maleta cerrada, no destraba con la palanca interior"
G-ORIG-1986,1,"Cerradura, chapa o pestillo mecanico de puerta trabado o desalineado",1,TRAIN,Bisagras de puerta caídas que hacen que la chapa golpee contra el gancho del chasis al cerrar
G-ORIG-1987,1,Elevalunas electrico o guaya de alzacristales rota o trabada,1,DEV,Al pulsar el botón del alzacristales el vidrio de la puerta delantera se cayó al fondo de la puerta de golpe
G-ORIG-1988,1,Elevalunas electrico o guaya de alzacristales rota o trabada,1,TRAIN,"El motor del elevalunas suena y gira pero el vidrio no sube nada, se reventó el cable de acero o guata interna"
G-ORIG-1989,1,Elevalunas electrico o guaya de alzacristales rota o trabada,1,DEV,"El vidrio sube chueco, se atranca a la mitad del recorrido y hace un sonido de chasquido de alambre enredado"
G-ORIG-1990,1,Elevalunas electrico o guaya de alzacristales rota o trabada,1,TRAIN,"Botonera principal del piloto no comanda los vidrios de las puertas traseras, contactos sulfatados por lluvia"
G-ORIG-1991,1,Elevalunas electrico o guaya de alzacristales rota o trabada,1,TRAIN,"Motor de ventana eléctrica trabado con carbones pegados, hay que golpear el tapiz para que baje un poco"
G-ORIG-1992,1,Elevalunas electrico o guaya de alzacristales rota o trabada,1,TRAIN,Guías de jebe de la ventana resecas y endurecidas frenan el vidrio haciendo que el antipinzamiento lo regrese
G-ORIG-1993,1,Elevalunas electrico o guaya de alzacristales rota o trabada,1,TRAIN,Interruptor de alzacristales con la patita de plástico partida no activa la subida automática del cristal
G-ORIG-1994,1,Limpiaparabrisas o motor pluma quemado,1,TRAIN,Giro la palanca de los limpiaparabrisas en el timón y las plumas no se mueven para nada en ninguna velocidad
G-ORIG-1995,1,Limpiaparabrisas o motor pluma quemado,1,TRAIN,Las plumillas del limpiaparabrisas se quedaron trabadas a medio parabrisas tapando la visibilidad del conductor
G-ORIG-1996,1,Limpiaparabrisas o motor pluma quemado,1,TRAIN,El motor del limpiaparabrisas zumba pero los brazos no barren la luna porque se soltó la rótula del varillaje
G-ORIG-1997,1,Limpiaparabrisas o motor pluma quemado,1,TRAIN,Las plumas barren lentísimo como arrastrándose sin fuerza por escobillas del motor eléctrico desgastadas
G-ORIG-1998,1,Limpiaparabrisas o motor pluma quemado,1,TRAIN,"No funciona el retorno automático de las plumas, se apagan en cualquier punto del vidrio al soltar la palanca"
G-ORIG-1999,1,Limpiaparabrisas o motor pluma quemado,1,TRAIN,Bomba del sapito limpiaparabrisas no tira agua a la luna y los pulverizadores están tapados de sarro
G-ORIG-2000,1,Limpiaparabrisas o motor pluma quemado,1,TRAIN,Varillaje del limpiaparabrisas con las articulaciones de plástico rotas barriendo solo el brazo del copiloto
G-ORIG-2001,1,Sobrecalentamiento o solenoides en caja automatica CVT / DSG,1,TRAIN,La caja automática patea violentamente al pasar de Neutral a Drive o al reducir de 3ra a 2da marcha
G-ORIG-2002,1,Sobrecalentamiento o solenoides en caja automatica CVT / DSG,1,TRAIN,"Al acelerar en carretera la transmisión CVT patina, las revoluciones suben a 5000 RPM y salta alarma de sobrecalentamiento"
G-ORIG-2003,1,Sobrecalentamiento o solenoides en caja automatica CVT / DSG,1,TRAIN,La transmisión se quedó trabada en tercera marcha en modo de emergencia Limp Mode con código DTC P0700
G-ORIG-2004,1,Sobrecalentamiento o solenoides en caja automatica CVT / DSG,1,DEV,Solenoide de cambio de presión de línea atascado en el cuerpo de válvulas provocando cambios bruscos y retrasados
G-ORIG-2005,1,Sobrecalentamiento o solenoides en caja automatica CVT / DSG,1,TRAIN,Aceite de caja automática ATF negro quemado con olor a disco frito y sedimentos en el cárter de la transmisión
G-ORIG-2006,1,Sobrecalentamiento o solenoides en caja automatica CVT / DSG,1,TRAIN,Caja DSG de doble embrague no mete marchas pares 2da 4ta 6ta por falla en la bomba hidráulica de mecatrónica
G-ORIG-2007,1,Sobrecalentamiento o solenoides en caja automatica CVT / DSG,1,TRAIN,Testigo de temperatura de aceite de transmisión parpadea en la pantalla tras subir cuestas exigidas
G-ORIG-2008,1,Fugas de aire o fallos en el sistema de frenos neumático (Camiones),1,DEV,Se escucha una fuga de aire soplado continuo debajo del camión y los manómetros de aire de tanques bajan de 6 Bar
G-ORIG-2009,1,Fugas de aire o fallos en el sistema de frenos neumático (Camiones),1,TRAIN,La alarma sonora de baja presión de aire en cabina chilla permanentemente y el camión no suelta los pulmones de freno
G-ORIG-2010,1,Fugas de aire o fallos en el sistema de frenos neumático (Camiones),1,TRAIN,Manguera espiral roja de aire del semirremolque rajada botando todo el aire al conectar el acople rápido
G-ORIG-2011,1,Fugas de aire o fallos en el sistema de frenos neumático (Camiones),1,TRAIN,Pulmón de freno de servicio doble diafragma maxi-brake con la membrana de jebe rota perdiendo presión al frenar
G-ORIG-2012,1,Fugas de aire o fallos en el sistema de frenos neumático (Camiones),1,TRAIN,El compresor de aire de dos pistones del camión tarda más de 20 minutos en levantar 8 Bar de presión de trabajo
G-ORIG-2013,1,Fugas de aire o fallos en el sistema de frenos neumático (Camiones),1,DEV,Fuga masiva de aire por la válvula relé de frenos del eje trasero al presionar el pedal de freno de pedalina
G-ORIG-2014,1,Fugas de aire o fallos en el sistema de frenos neumático (Camiones),1,TRAIN,Los frenos neumáticos se bloquean solos en carretera por despresurización de la línea secundaria de emergencia
G-ORIG-2015,1,Válvula de freno de aire o secador APS obstruido (Camiones),1,TRAIN,La válvula secadora de aire APS del camión descarga aire cada 10 segundos de forma continua y descontrolada
G-ORIG-2016,1,Válvula de freno de aire o secador APS obstruido (Camiones),1,TRAIN,Sale agua condensada y emulsión aceitosa por los grifos de purga de los tanques de aire húmedo del camión
G-ORIG-2017,1,Válvula de freno de aire o secador APS obstruido (Camiones),1,TRAIN,Cartucho de desecante del secador colmatado de aceite de motor pasado por los aros del compresor de aire
G-ORIG-2018,1,Válvula de freno de aire o secador APS obstruido (Camiones),1,TRAIN,La válvula cuatro vías distribuidora de aire no alimenta el circuito de accesorios por atascamiento de lodo
G-ORIG-2019,1,Válvula de freno de aire o secador APS obstruido (Camiones),1,TRAIN,Válvula de purga automática del secador de aire congelada o trabada abierta botando toda la presión del sistema
G-ORIG-2020,1,Válvula de freno de aire o secador APS obstruido (Camiones),1,DEV,Módulo secador electrónico de aire APS arroja código de falla de regeneración del cartucho desecante en el tablero
G-ORIG-2021,1,Válvula de freno de aire o secador APS obstruido (Camiones),1,TRAIN,Manómetro de aire de camión no sube porque la válvula gobernadora del secador descarga a la atmósfera a 4 Bar
G-ORIG-2022,1,Fuga en mangueras de intercooler o turbocompresor danado,1,TRAIN,Al acelerar a fondo se escucha un silbido fuerte como de aire presurizado escapando ssshhh en el frente
G-ORIG-2023,1,Fuga en mangueras de intercooler o turbocompresor danado,1,TRAIN,Manguera de silicona del intercooler con una rajadura de 5 centímetros botando vapor de aceite en el radiador
G-ORIG-2024,1,Fuga en mangueras de intercooler o turbocompresor danado,1,TRAIN,Pérdida severa de potencia en el motor diésel con humareda negra por el escape al acelerar en cuestas
G-ORIG-2025,1,Fuga en mangueras de intercooler o turbocompresor danado,1,DEV,El turbocompresor tiene juego axial excesivo y la propela roza contra la caracola de admisión con sonido metálico
G-ORIG-2026,1,Fuga en mangueras de intercooler o turbocompresor danado,1,TRAIN,Intercooler fisurado en el tanque plástico inferior por golpe de piedra perdiendo toda la presión de turbo
G-ORIG-2027,1,Fuga en mangueras de intercooler o turbocompresor danado,1,TRAIN,Abrazadera de la manguera del turbo reventada soltando el ducto de aire y dejando el carro sin potencia de golpe
G-ORIG-2028,1,Fuga en mangueras de intercooler o turbocompresor danado,1,TRAIN,Turbocompresor chorreando aceite por los sellos laberínticos hacia la admisión y empapando los sensores
G-ORIG-2029,1,Fuga o baja presion en sistema Common Rail Diesel (Camiones/Pickups),1,TRAIN,La camioneta diésel se apaga de golpe al acelerar fuerte en carretera con código de baja presión de riel P0087
G-ORIG-2030,1,Fuga o baja presion en sistema Common Rail Diesel (Camiones/Pickups),1,TRAIN,Arranque prolongadísimo en caliente para encender el motor diésel por fuga excesiva de retorno en inyectores
G-ORIG-2031,1,Fuga o baja presion en sistema Common Rail Diesel (Camiones/Pickups),1,TRAIN,Bomba de alta presión Common Rail con viruta metálica plateada contaminando todo el riel y las cañerías
G-ORIG-2032,1,Fuga o baja presion en sistema Common Rail Diesel (Camiones/Pickups),1,TRAIN,Válvula reguladora de caudal SCV / IMV pegada por combustible diésel sucio provocando ralentí inestable
G-ORIG-2033,1,Fuga o baja presion en sistema Common Rail Diesel (Camiones/Pickups),1,TRAIN,Al realizar la prueba de probetas de retorno de inyectores diésel el inyector número 3 llena la probeta al doble
G-ORIG-2034,1,Fuga o baja presion en sistema Common Rail Diesel (Camiones/Pickups),1,DEV,"Pérdida de potencia en camioneta 4x4 diésel, se enciende la luz de filtro de combustible y entra en modo seguro"
G-ORIG-2035,1,Fuga o baja presion en sistema Common Rail Diesel (Camiones/Pickups),1,DEV,Presión de riel no pasa de 150 Bar al dar arranque impidiendo que la ECU autorice la apertura de inyectores
G-ORIG-2036,1,Degradacion o falla en paquete de bateria de alto voltaje (EV / Hibridos),1,TRAIN,El auto híbrido arroja código DTC P0A80 reemplazar paquete de batería híbrida en la pantalla central
G-ORIG-2037,1,Degradacion o falla en paquete de bateria de alto voltaje (EV / Hibridos),1,TRAIN,La batería de tracción de alto voltaje se descarga del 80% al 10% en menos de dos minutos de subida
G-ORIG-2038,1,Degradacion o falla en paquete de bateria de alto voltaje (EV / Hibridos),1,TRAIN,El ventilador de refrigeración de la batería híbrida debajo del asiento trasero sopla a máxima velocidad sin parar
G-ORIG-2039,1,Degradacion o falla en paquete de bateria de alto voltaje (EV / Hibridos),1,TRAIN,Diferencia de voltaje superior a 0.3V entre bloques de celdas de la batería de níquel o litio en el escáner
G-ORIG-2040,1,Degradacion o falla en paquete de bateria de alto voltaje (EV / Hibridos),1,TRAIN,El motor de gasolina del híbrido no se apaga nunca en ralentí porque la batería HV no logra retener la carga
G-ORIG-2041,1,Degradacion o falla en paquete de bateria de alto voltaje (EV / Hibridos),1,TRAIN,Testigo del triángulo rojo de advertencia maestro encendido en Toyota Prius con degradación de celdas
G-ORIG-2042,1,Degradacion o falla en paquete de bateria de alto voltaje (EV / Hibridos),1,DEV,Resistencia interna de las celdas de la batería de alto voltaje disparada por envejecimiento químico y calor
G-ORIG-2043,1,Fallo en inversor de corriente IGBT o motor electrico (EV),1,DEV,El vehículo eléctrico o híbrido no pasa a modo READY y arroja DTC P0A94 rendimiento de módulo inversor DC-DC
G-ORIG-2044,1,Fallo en inversor de corriente IGBT o motor electrico (EV),1,TRAIN,"Fallo en transistor de potencia IGBT del inversor por sobrecalentamiento, olor a componente electrónico quemado"
G-ORIG-2045,1,Fallo en inversor de corriente IGBT o motor electrico (EV),1,TRAIN,El motor eléctrico de tracción emite un zumbido eléctrico áspero y tironea al iniciar la marcha en pendiente
G-ORIG-2046,1,Fallo en inversor de corriente IGBT o motor electrico (EV),1,TRAIN,Aislamiento eléctrico del devanado del estator del motor eléctrico por debajo de 500 MegaOhms con megóhmetro
G-ORIG-2047,1,Fallo en inversor de corriente IGBT o motor electrico (EV),1,TRAIN,Bomba de agua eléctrica dedicada al enfriamiento del módulo inversor no funciona y recalienta la electrónica
G-ORIG-2048,1,Fallo en inversor de corriente IGBT o motor electrico (EV),1,TRAIN,El convertidor DC-DC del inversor no carga la batería de 12V auxiliar y el vehículo se apaga en marcha
G-ORIG-2049,1,Fallo en inversor de corriente IGBT o motor electrico (EV),1,TRAIN,Luz de advertencia del sistema híbrido EV con bloqueo total de la línea de alta tensión por fusible pirotécnico
G-ORIG-2050,1,Falla en sistema de frenado regenerativo (EV / Hibridos),1,DEV,"Al soltar el acelerador en el auto híbrido no retiene ni frena con el motor eléctrico, se va libre sin recargar"
G-ORIG-2051,1,Falla en sistema de frenado regenerativo (EV / Hibridos),1,TRAIN,Transición brusca y golpe seco entre la frenada regenerativa eléctrica y la frenada hidráulica de pastillas
G-ORIG-2052,1,Falla en sistema de frenado regenerativo (EV / Hibridos),1,TRAIN,Testigo de freno regenerativo averiado encendido en el cuadro con código C1391 fuga de presión acumulador
G-ORIG-2053,1,Falla en sistema de frenado regenerativo (EV / Hibridos),1,TRAIN,Bomba de precarga del cilindro maestro electrohidráulico del sistema híbrido zumba cada 10 segundos continuamente
G-ORIG-2054,1,Falla en sistema de frenado regenerativo (EV / Hibridos),1,TRAIN,Pérdida de asistencia en frenado regenerativo con pedal duro y código de falla en el simulador de carrera de pedal
G-ORIG-2055,1,Falla en sistema de frenado regenerativo (EV / Hibridos),1,TRAIN,El sistema regenerativo corta repentinamente la recuperación de energía en curvas o sobre asfalto irregular
G-ORIG-2056,1,Falla en sistema de frenado regenerativo (EV / Hibridos),1,TRAIN,Sensor de presión del servofreno electrohidráulico del sistema regenerativo con señal fuera de rango
G-ORIG-2057,1,Foco o falla en sistema de refrigeracion de bateria/inversor (EV),1,TRAIN,Aparece advertencia en pantalla de sobrecalentamiento del circuito de refrigeración del sistema de batería de tracción
G-ORIG-2058,1,Foco o falla en sistema de refrigeracion de bateria/inversor (EV),1,TRAIN,Bomba de agua eléctrica sin escobillas del circuito del inversor híbrido trabada por burbujas de aire en el ducto
G-ORIG-2059,1,Foco o falla en sistema de refrigeracion de bateria/inversor (EV),1,TRAIN,"Filtro de rejilla de la toma de aire de la batería híbrida tapado completamente de pelos, polvo y pelusa"
G-ORIG-2060,1,Foco o falla en sistema de refrigeracion de bateria/inversor (EV),1,TRAIN,Fuga de líquido refrigerante dieléctrico rosado de baja conductividad en las mangueras del enfriador del inversor
G-ORIG-2061,1,Foco o falla en sistema de refrigeracion de bateria/inversor (EV),1,TRAIN,El ventilador soplador de refrigeración de la batería híbrida tiene los álabes trabados y huele a motor eléctrico quemado
G-ORIG-2062,1,Foco o falla en sistema de refrigeracion de bateria/inversor (EV),1,TRAIN,Válvula de tres vías del circuito térmico del paquete de baterías trabada impidiendo el enfriamiento activo
G-ORIG-2063,1,Foco o falla en sistema de refrigeracion de bateria/inversor (EV),1,TRAIN,Temperatura del paquete de batería de alto voltaje supera los 55 grados Celsius activando reducción de potencia
G-ORIG-2064,1,Falla en sistema Flex / Bi-combustible (Alcohol/Etanol),1,TRAIN,El motor tiembla y tarda muchísimo en arrancar en frío tras cambiar de combustible de gasolina a alcohol o viceversa
G-ORIG-2065,1,Falla en sistema Flex / Bi-combustible (Alcohol/Etanol),1,TRAIN,La computadora no reconoce el porcentaje de etanol en el tanque y mantiene una mezcla totalmente descalibrada
G-ORIG-2066,1,Falla en sistema Flex / Bi-combustible (Alcohol/Etanol),1,TRAIN,El inyector del depósito de arranque en frío (tanquinho) no inyecta gasolina al arrancar en las mañanas frías
G-ORIG-2067,1,Falla en sistema Flex / Bi-combustible (Alcohol/Etanol),1,TRAIN,Código de falla por sensor de contenido de etanol o cálculo virtual de combustible flexible erróneo en la ECU
G-ORIG-2068,1,Falla en sistema Flex / Bi-combustible (Alcohol/Etanol),1,TRAIN,Consumo disparado y tirones al acelerar porque los parámetros de combustible flex quedaron congelados en 100% etanol
G-ORIG-2069,1,Falla en sistema Flex / Bi-combustible (Alcohol/Etanol),1,TRAIN,Bomba de combustible del sistema de partida en frío quemada con fusible fundido en vehículos Flex
G-ORIG-2070,1,Falla en sistema Flex / Bi-combustible (Alcohol/Etanol),1,TRAIN,Válvula solenoide de purga del sistema bi-combustible trabada abierta ahogando los cilindros con nafta
G-ORIG-2071,1,Falla en caja robotizada Dualogic / I-Motion / Easytronic (Fiat / VW),1,TRAIN,La caja Dualogic o I-Motion salta a Neutral de golpe en medio del tráfico y se niega a meter primera marcha
G-ORIG-2072,1,Falla en caja robotizada Dualogic / I-Motion / Easytronic (Fiat / VW),1,TRAIN,Bomba electrohidráulica del robot de cambios no levanta presión suficiente de 45 Bar en el acumulador de nitrógeno
G-ORIG-2073,1,Falla en caja robotizada Dualogic / I-Motion / Easytronic (Fiat / VW),1,TRAIN,El acumulador de presión del robot de marchas perdió la precarga de gas y la bomba prende cada 5 segundos
G-ORIG-2074,1,Falla en caja robotizada Dualogic / I-Motion / Easytronic (Fiat / VW),1,TRAIN,"Sensor de posición de embrague del robot descalibrado, el auto da tirones y cabeceos bruscos al salir en primera"
G-ORIG-2075,1,Falla en caja robotizada Dualogic / I-Motion / Easytronic (Fiat / VW),1,TRAIN,Fuga de aceite hidráulico tutela por las electroválvulas de selección del grupo hidráulico robotizado
G-ORIG-2076,1,Falla en caja robotizada Dualogic / I-Motion / Easytronic (Fiat / VW),1,TRAIN,Mensaje de avería de transmisión en la pantalla con pitido continuo y la palanca no responde en modo automático
G-ORIG-2077,1,Falla en caja robotizada Dualogic / I-Motion / Easytronic (Fiat / VW),1,TRAIN,Degradación del disco de embrague seco en caja robotizada provocando olor a quemado y bloqueo de reversa
G-ORIG-2078,1,Falla de correa dentada banada en aceite (Motor Ford 1.0 Dragon / GM Turbo),1,DEV,La correa de distribución húmeda bañada en aceite se está deshilachando y desgranando dentro del motor
G-ORIG-2079,1,Falla de correa dentada banada en aceite (Motor Ford 1.0 Dragon / GM Turbo),1,TRAIN,Pérdida de presión de aceite de motor por chupador y colador del cárter taponado con restos de goma de la faja
G-ORIG-2080,1,Falla de correa dentada banada en aceite (Motor Ford 1.0 Dragon / GM Turbo),1,TRAIN,Luz de baja presión de aceite se enciende en ralentí en motor Ford 1.0 Dragon o GM 1.2 Turbo por suciedad de correa
G-ORIG-2081,1,Falla de correa dentada banada en aceite (Motor Ford 1.0 Dragon / GM Turbo),1,DEV,Trozos de jebe y fibras de la correa húmeda taparon la bomba de vacío de frenos dejando el pedal de freno durísimo
G-ORIG-2082,1,Falla de correa dentada banada en aceite (Motor Ford 1.0 Dragon / GM Turbo),1,TRAIN,Degradación química prematura de la faja bañada en aceite por usar lubricante que no cumple la norma WSS Ford o Dexos
G-ORIG-2083,1,Falla de correa dentada banada en aceite (Motor Ford 1.0 Dragon / GM Turbo),1,DEV,La correa bañada en aceite perdió dientes provocando salto de punto de la distribución y doblado de válvulas
G-ORIG-2084,1,Falla de correa dentada banada en aceite (Motor Ford 1.0 Dragon / GM Turbo),1,TRAIN,Presencia de partículas negras gomosas en el filtro de aceite de motor durante el mantenimiento preventivo
G-ORIG-2085,1,Falla en actuador de turbocompresor o VGT en motores alemanes TSI / TFSI,1,TRAIN,El auto entra en modo Limp Mode y no pasa de 2500 RPM con código DTC P0299 baja presión de turbo en motor TSI
G-ORIG-2086,1,Falla en actuador de turbocompresor o VGT en motores alemanes TSI / TFSI,1,TRAIN,La varilla del actuador electrónico del turbo Wastegate vibra y suena como cascabeleo metálico al desacelerar a 2000 RPM
G-ORIG-2087,1,Falla en actuador de turbocompresor o VGT en motores alemanes TSI / TFSI,1,TRAIN,Actuador electrónico del turbo con engranajes de plástico internos partidos no logra mover los álabes del turbo
G-ORIG-2088,1,Falla en actuador de turbocompresor o VGT en motores alemanes TSI / TFSI,1,TRAIN,DTC P2563 circuito del sensor de posición del actuador de sobrealimentación fuera de rango en motor turbo
G-ORIG-2089,1,Falla en actuador de turbocompresor o VGT en motores alemanes TSI / TFSI,1,TRAIN,Fallo de sobrepresión de turbo DTC P0234 por actuador VGT atascado cerrado por acumulación severa de carbonilla
G-ORIG-2090,1,Falla en actuador de turbocompresor o VGT en motores alemanes TSI / TFSI,1,TRAIN,"Motor TSI corta potencia de golpe en autopista al exigirle aceleración a fondo, recupera al apagar y prender el auto"
G-ORIG-2091,1,Falla en actuador de turbocompresor o VGT en motores alemanes TSI / TFSI,1,TRAIN,Juego mecánico excesivo en el buje del eje de la compuerta de alivio del turbocompresor provocando pérdida de presión
G-ORIG-2092,1,Falla de descarbonizacion e inyeccion directa GDI (acumulacion de carbon en valvulas),1,TRAIN,El motor de inyección directa GDI falla y tiembla en frío por acumulación masiva de carbón en las válvulas de admisión
G-ORIG-2093,1,Falla de descarbonizacion e inyeccion directa GDI (acumulacion de carbon en valvulas),1,TRAIN,Pérdida progresiva de potencia y cascabeleo en baja por costra de carbonilla dura en las cabezas de las válvulas
G-ORIG-2094,1,Falla de descarbonizacion e inyeccion directa GDI (acumulacion de carbon en valvulas),1,TRAIN,Al inspeccionar con boroscopio por los colectores de admisión las válvulas están tupidas de coque aceitoso
G-ORIG-2095,1,Falla de descarbonizacion e inyeccion directa GDI (acumulacion de carbon en valvulas),1,DEV,Código de falla de encendido múltiple P0300 en frío que desaparece cuando el motor alcanza los 90 grados
G-ORIG-2096,1,Falla de descarbonizacion e inyeccion directa GDI (acumulacion de carbon en valvulas),1,TRAIN,Ralentí desparejo e inestable en motores GDI / TSI requiriendo limpieza por proyección de cáscara de nuez (Walnut Blasting)
G-ORIG-2097,1,Falla de descarbonizacion e inyeccion directa GDI (acumulacion de carbon en valvulas),1,TRAIN,Deterioro en la mezcla de aire por reducción del diámetro del puerto de admisión debido al carbón pegado
G-ORIG-2098,1,Falla de descarbonizacion e inyeccion directa GDI (acumulacion de carbon en valvulas),1,DEV,Inyectores de inyección directa empapados de carbonilla en la punta deformando el cono de atomización de gasolina
G-ORIG-2099,1,Falla en sistema de sincronizacion variable de valvulas (VVT / VVT-i / Valvetronic),1,TRAIN,Al arrancar el motor por las mañanas suena un ruido de matraca metálica fuerte durante 2 segundos en el piñón VVT
G-ORIG-2100,1,Falla en sistema de sincronizacion variable de valvulas (VVT / VVT-i / Valvetronic),1,DEV,Código de falla DTC P0011 posición del árbol de levas de admisión sobreavanzada respecto al mapa de la ECU
G-ORIG-2101,1,Falla en sistema de sincronizacion variable de valvulas (VVT / VVT-i / Valvetronic),1,DEV,Solenoide de control de aceite OCV trabado con lodo por aceite degradado no activa el desfasador de levas
G-ORIG-2102,1,Falla en sistema de sincronizacion variable de valvulas (VVT / VVT-i / Valvetronic),1,TRAIN,El motor tiembla en ralentí y se apaga al llegar a una esquina por variador de avance VVT-i que no retorna a neutro
G-ORIG-2103,1,Falla en sistema de sincronizacion variable de valvulas (VVT / VVT-i / Valvetronic),1,TRAIN,Microtamiz o malla filtrante del solenoide de distribución variable tapado de barniz impidiendo la presión hidráulica
G-ORIG-2104,1,Falla en sistema de sincronizacion variable de valvulas (VVT / VVT-i / Valvetronic),1,DEV,Desgaste en el engranaje del piñón desfasador Valvetronic o VVT con holgura interna de bloqueo
G-ORIG-2105,1,Falla en sistema de sincronizacion variable de valvulas (VVT / VVT-i / Valvetronic),1,TRAIN,Presión insuficiente de aceite en la culata impide el correcto avance de levas en aceleración a más de 3000 RPM
G-ORIG-2106,1,Falla en filtro de particulas DPF / FAP y sistema AdBlue DEF (Diesel Euro 5/6),1,TRAIN,Luz de filtro de partículas DPF encendida fija en el tablero con mensaje de regeneración requerida urgente
G-ORIG-2107,1,Falla en filtro de particulas DPF / FAP y sistema AdBlue DEF (Diesel Euro 5/6),1,DEV,El vehículo no arranca o indica cuenta regresiva de kilómetros por falla en el sistema dosificador de AdBlue DEF
G-ORIG-2108,1,Falla en filtro de particulas DPF / FAP y sistema AdBlue DEF (Diesel Euro 5/6),1,TRAIN,El filtro DPF colmatado de hollín y cenizas provoca que el motor no pase de 2000 RPM en modo de protección
G-ORIG-2109,1,Falla en filtro de particulas DPF / FAP y sistema AdBlue DEF (Diesel Euro 5/6),1,TRAIN,Sensor de presión diferencial del DPF arroja lecturas irreales de contrapresión por mangueras de silicona rotas
G-ORIG-2110,1,Falla en filtro de particulas DPF / FAP y sistema AdBlue DEF (Diesel Euro 5/6),1,TRAIN,Inyector de urea AdBlue en el escape completamente taponado por cristales blancos de sales de urea solidificadas
G-ORIG-2111,1,Falla en filtro de particulas DPF / FAP y sistema AdBlue DEF (Diesel Euro 5/6),1,TRAIN,Fallo en la resistencia calefactora del depósito de AdBlue impidiendo el descongelamiento del agente reductor
G-ORIG-2112,1,Falla en filtro de particulas DPF / FAP y sistema AdBlue DEF (Diesel Euro 5/6),1,TRAIN,DTC P2463 restricción de hollín en el filtro de partículas diésel sobre el límite máximo admisible
G-ORIG-2113,1,Falla en modulo de bomba de gasolina FSCM / PEM (Ford / Chevrolet),1,TRAIN,El vehículo se apaga de golpe en marcha y no vuelve a prender hasta que se enfría el módulo FSCM bajo el chasis
G-ORIG-2114,1,Falla en modulo de bomba de gasolina FSCM / PEM (Ford / Chevrolet),1,TRAIN,Módulo de control de bomba de combustible FSCM recalienta y corta el pulso PWM hacia la bomba de gasolina
G-ORIG-2115,1,Falla en modulo de bomba de gasolina FSCM / PEM (Ford / Chevrolet),1,DEV,Carcasa de aluminio del módulo PEM / FSCM corroída o sulfatada por agua y salitre bajo la rueda de repuesto
G-ORIG-2116,1,Falla en modulo de bomba de gasolina FSCM / PEM (Ford / Chevrolet),1,TRAIN,Código de falla DTC P069E módulo de control de bomba de combustible solicitó iluminación de Check Engine
G-ORIG-2117,1,Falla en modulo de bomba de gasolina FSCM / PEM (Ford / Chevrolet),1,TRAIN,La bomba de gasolina no recibe voltaje de modulación variable y la presión en el riel cae a cero de forma intempestiva
G-ORIG-2118,1,Falla en modulo de bomba de gasolina FSCM / PEM (Ford / Chevrolet),1,TRAIN,Conector del arnés eléctrico del módulo de bomba quemado y derretido por alto amperaje continuo
G-ORIG-2119,1,Falla en modulo de bomba de gasolina FSCM / PEM (Ford / Chevrolet),1,TRAIN,Arranque prolongado intermitente por falla en la señal de retroalimentación de presión del módulo de bomba
G-ORIG-2120,1,Falla en actuador de turbocompresor o VGT en motores alemanes TSI / TFSI,1,TRAIN,"En plena cuesta de la autopista el motor se queda sin pique, no pasa de 2800 RPM y el escáner arroja P0299 presión baja de sobrealimentación"
G-ORIG-2121,1,Falla en actuador de turbocompresor o VGT en motores alemanes TSI / TFSI,1,TRAIN,Siento que la camioneta se frena sola al exigirle en subida y entra en modo de protección Limp Mode con código P0234 sobrepresión de turbo
G-ORIG-2122,1,Falla en actuador de turbocompresor o VGT en motores alemanes TSI / TFSI,1,TRAIN,La varilla del actuador electrónico de la compuerta Wastegate vibra con un sonido metálico al desacelerar a 2200 RPM en motor TSI
G-ORIG-2123,1,Falla en actuador de turbocompresor o VGT en motores alemanes TSI / TFSI,1,DEV,"Pérdida de potencia intempestiva al adelantar, se prende el testigo EPC y al apagar y encender el motor vuelve a reaccionar"
G-ORIG-2124,1,Falla en actuador de turbocompresor o VGT en motores alemanes TSI / TFSI,1,TRAIN,Álabes de la geometría variable del turbocompresor atascados con carbonilla de aceite impidiendo el giro libre
G-ORIG-2125,1,Falla en actuador de turbocompresor o VGT en motores alemanes TSI / TFSI,1,DEV,Motor corta inyección a 3000 RPM en carretera por código P2563 sensor de posición del actuador de sobrealimentación fuera de rango
G-ORIG-2126,1,Fallo en inversor de corriente IGBT o motor electrico (EV),1,TRAIN,"El auto híbrido no pasa a modo READY, se enciende el triángulo rojo maestro y marca código P0A78 rendimiento de inversor de motor"
G-ORIG-2127,1,Fallo en inversor de corriente IGBT o motor electrico (EV),1,TRAIN,Fallo en transistor de potencia IGBT del módulo inversor por recalentamiento arrojando DTC P0A94 convertidor DC-DC
G-ORIG-2128,1,Fallo en inversor de corriente IGBT o motor electrico (EV),1,TRAIN,El convertidor DC-DC del inversor no suministra los 14V a la batería auxiliar de 12V y el vehículo se apaga rodando
G-ORIG-2129,1,Fallo en inversor de corriente IGBT o motor electrico (EV),1,TRAIN,Olor a componente electrónico quemado en la caja del inversor sobre la transmisión y fusible AM2 de alta corriente fundido
G-ORIG-2130,1,Fallo en inversor de corriente IGBT o motor electrico (EV),1,DEV,Aislamiento a masa del bobinado trifásico del motor MG2 por debajo de 5 MegaOhms con megóhmetro
G-ORIG-2131,1,Fallo en inversor de corriente IGBT o motor electrico (EV),1,DEV,El motor eléctrico de tracción pega tirones violentos y vibra como lavadora al arrancar en pendiente empinada
G-ORIG-2132,1,Foco o falla en sistema de refrigeracion de bateria/inversor (EV),1,TRAIN,Se enciende alarma de temperatura en el inversor híbrido DTC P0A93 circuito de enfriamiento sin flujo de líquido
G-ORIG-2133,1,Foco o falla en sistema de refrigeracion de bateria/inversor (EV),1,TRAIN,La bomba de agua eléctrica dedicada al circuito del inversor híbrido no vibra ni recircula el refrigerante rosado
G-ORIG-2134,1,Foco o falla en sistema de refrigeracion de bateria/inversor (EV),1,TRAIN,El ventilador de refrigeración de la batería de alto voltaje bajo el asiento trasero sopla al 100% ruidosamente por filtro tapado con pelusa
G-ORIG-2135,1,Foco o falla en sistema de refrigeracion de bateria/inversor (EV),1,DEV,Filtro de la toma de aire de refrigeración de la batería híbrida saturado de polvo y pelos provocando sobrecalentamiento de celdas
G-ORIG-2136,1,Foco o falla en sistema de refrigeracion de bateria/inversor (EV),1,TRAIN,Líquido refrigerante del inversor hirviendo en el depósito auxiliar transparente por bolsa de aire en el radiador
G-ORIG-2137,1,Inyectores sucios o filtro de combustible obstruido,1,TRAIN,Al acelerar a fondo a más de 3500 RPM el motor tironea violento y cae la presión de combustible en el riel con DTC P0087
G-ORIG-2138,1,Inyectores sucios o filtro de combustible obstruido,1,DEV,El vaso seguidor de leva Cam Follower de la bomba de alta presión se desgastó y perforó contra el árbol de levas
G-ORIG-2139,1,Inyectores sucios o filtro de combustible obstruido,1,TRAIN,Presión de riel de combustible no sube de 5 Bar al acelerar en motor de inyección directa GDI manteniéndose en presión de baja
G-ORIG-2140,1,Inyectores sucios o filtro de combustible obstruido,1,DEV,Cascabeleo metálico agudo en la culata y modo seguro en motor TSI por falla en el regulador de presión de gasolina P2293
G-ORIG-2141,1,Inyectores sucios o filtro de combustible obstruido,1,TRAIN,El carro pierde toda la fuerza al intentar rebasar en subida y en datos en vivo la presión real cae 20 Bar por debajo de la deseada
G-ORIG-2142,1,Inyectores sucios o filtro de combustible obstruido,1,TRAIN,Bomba de alta presión de gasolina goteando combustible por el retén hacia el cárter y diluyendo el aceite de motor
G-ORIG-2143,1,Sobrecalentamiento o solenoides en caja automatica CVT / DSG,1,TRAIN,"La transmisión CVT patina en subidas pronunciadas, el motor ruge a 4500 RPM pero la camioneta no gana velocidad"
G-ORIG-2144,1,Sobrecalentamiento o solenoides en caja automatica CVT / DSG,1,TRAIN,DTC P0776 solenoide de control de presión de polea secundaria B atascado en caja automática CVT con pérdida de empuje
G-ORIG-2145,1,Sobrecalentamiento o solenoides en caja automatica CVT / DSG,1,DEV,Zumbido o quejido metálico agudo continuo en la caja CVT que se intensifica al acelerar por desgaste en la faja metálica de eslabones
G-ORIG-2146,1,Sobrecalentamiento o solenoides en caja automatica CVT / DSG,1,TRAIN,La caja automática da una patada seca al colocar Drive o Reversa y parpadea la luz de advertencia de temperatura de transmisión
G-ORIG-2147,1,Sobrecalentamiento o solenoides en caja automatica CVT / DSG,1,TRAIN,El cárter de la caja de cambios tiene viruta metálica pegada en los imanes colectores indicando fricción entre conos y correa
G-ORIG-2148,1,Sobrecalentamiento o solenoides en caja automatica CVT / DSG,1,TRAIN,"Pérdida súbita de tracción en carretera, la aguja de RPM salta y la transmisión entra en modo de emergencia en una marcha simulada"
G-ORIG-2149,1,Disco de embrague desgastado o patinando,1,TRAIN,Mensaje de transmisión averiada en tablero con código P2872 embrague A trabado acoplado en caja Powershift de doble embrague
G-ORIG-2150,1,Disco de embrague desgastado o patinando,1,TRAIN,El carro da saltos y tironeos bruscos como zapateo de caballo al arrancar despacio en primera marcha en semáforo
G-ORIG-2151,1,Disco de embrague desgastado o patinando,1,TRAIN,DTC P0882 voltaje bajo de entrada al módulo TCM por bornes flojos provocando que la caja pierda las marchas pares
G-ORIG-2152,1,Disco de embrague desgastado o patinando,1,TRAIN,Horquilla de accionamiento del embrague A trabada mecánicamente por acumulación de ferodo y polvo en la campana
G-ORIG-2153,1,Disco de embrague desgastado o patinando,1,DEV,La palanca de cambios se bloquea y la pantalla indica que no se reconoce la posición de aparcamiento o reversa
G-ORIG-2154,1,Disco de embrague desgastado o patinando,1,TRAIN,Olor a embrague quemado penetrante tras circular en tráfico lento de Lima con caja de doble embrague seco
G-ORIG-2155,1,Discos de freno alabeados o desgastados,1,TRAIN,Al pisar suave el pedal de freno a 60 km/h se siente una pulsación rítmica continua que empuja el pedal hacia arriba
G-ORIG-2156,1,Discos de freno alabeados o desgastados,1,TRAIN,Variación de espesor DTV en el disco de freno superior a 0.015 mm provocando saltos en la presión hidráulica
G-ORIG-2157,1,Discos de freno alabeados o desgastados,1,DEV,El volante vibra y tiembla en las manos al presionar el freno bajando cuestas largas por sobrecalentamiento térmico del disco
G-ORIG-2158,1,Discos de freno alabeados o desgastados,1,DEV,Los discos rectificados quedaron por debajo del espesor mínimo de seguridad y se alabearon en la primera frenada fuerte
G-ORIG-2159,1,Discos de freno alabeados o desgastados,1,DEV,Sensación de cabeceo y frenado irregular en las ruedas delanteras al frenar sin que se active el sistema ABS
G-ORIG-2160,1,Falla en servofreno (booster) o linea de vacio,1,DEV,El pedal de freno está rígido como una piedra y para detener el auto tengo que pisar con las dos piernas con toda la fuerza
G-ORIG-2161,1,Falla en servofreno (booster) o linea de vacio,1,TRAIN,Al pisar el freno se escucha un soplido continuo de aire sssss bajo el tablero y el motor empieza a temblar en ralentí
G-ORIG-2162,1,Falla en servofreno (booster) o linea de vacio,1,TRAIN,Bomba de vacío mecánica en el árbol de levas no genera suficiente depresión de vacío marcando menos de -15 inHg en vacuómetro
G-ORIG-2163,1,Falla en servofreno (booster) o linea de vacio,1,TRAIN,Válvula check antirretorno de la manguera de vacío del booster rajada perdiendo la asistencia de frenado al apagar el motor
G-ORIG-2164,1,Falla en servofreno (booster) o linea de vacio,1,TRAIN,Manguera de vacío colapsada o estrangulada por calor impidiendo que el servofreno asista la pisada del conductor
G-ORIG-2165,1,Bateria descargada o bornes sulfatados,1,TRAIN,El tablero parece árbol de navidad con todos los testigos prendidos y velocímetro muerto con código U0100 pérdida de comunicación
G-ORIG-2166,1,Bateria descargada o bornes sulfatados,1,TRAIN,"Medí con multímetro entre el pin 6 y 14 del puerto OBD-II y marca 120 Ohms en vez de 60 Ohms, hay resistencia de terminación abierta"
G-ORIG-2167,1,Bateria descargada o bornes sulfatados,1,TRAIN,Línea de comunicación CAN-Bus caída por cortocircuito entre cables trenzados impidiendo que el motor dé arranque
G-ORIG-2168,1,Bateria descargada o bornes sulfatados,1,DEV,"La pantalla central muestra falla de frenos, falla de dirección y falla de motor simultáneamente por falso contacto en módulo Gateway"
G-ORIG-2169,1,Bateria descargada o bornes sulfatados,1,DEV,Pérdida intermitente de comunicación con el módulo de transmisión TCM DTC U0101 al pasar por baches fuertes
G-ORIG-2170,1,Falla en sistema de sincronizacion variable de valvulas (VVT / VVT-i / Valvetronic),1,TRAIN,Ruido de matraca metálica de 3 segundos al arrancar en frío por la mañana en el piñón de distribución variable VVT
G-ORIG-2171,1,Falla en sistema de sincronizacion variable de valvulas (VVT / VVT-i / Valvetronic),1,TRAIN,DTC P0011 posición sobreavanzada de árbol de levas de admisión por solenoide de aceite OCV trabado con lodo
G-ORIG-2172,1,Falla en sistema de sincronizacion variable de valvulas (VVT / VVT-i / Valvetronic),1,TRAIN,El motor tiembla en ralentí y se apaga al frenar en las esquinas porque el variador de fase no regresa a su posición cero
G-ORIG-2173,1,Falla en sistema de sincronizacion variable de valvulas (VVT / VVT-i / Valvetronic),1,TRAIN,Microtamiz del solenoide VVT-i tupido de barniz por usar aceite de motor 20W-50 inadecuado en motor moderno
G-ORIG-2174,1,Falla en sistema de sincronizacion variable de valvulas (VVT / VVT-i / Valvetronic),1,TRAIN,Desincronización entre árbol de levas y cigüeñal DTC P0016 por cadena de distribución estirada y tensador al límite
G-ORIG-2175,1,Fuga o baja presion en sistema Common Rail Diesel (Camiones/Pickups),1,DEV,Arranque prolongado de más de 8 segundos en caliente para encender el motor diésel por fuga de retorno en inyector piezoeléctrico
G-ORIG-2176,1,Fuga o baja presion en sistema Common Rail Diesel (Camiones/Pickups),1,TRAIN,Inyector diésel con fuga interna que llena la probeta de retorno en menos de 1 minuto botando la presión del riel
G-ORIG-2177,1,Fuga o baja presion en sistema Common Rail Diesel (Camiones/Pickups),1,TRAIN,Válvula reguladora de presión SCV / IMV en la bomba de alta pegada por diésel con agua provocando ralentí oscilante
G-ORIG-2178,1,Fuga o baja presion en sistema Common Rail Diesel (Camiones/Pickups),1,TRAIN,Viruta metálica en el filtro de petróleo proveniente de la bomba de alta presión que contaminó todo el circuito Common Rail
G-ORIG-2179,1,Fugas de aire o fallos en el sistema de frenos neumático (Camiones),1,TRAIN,El camión no suelta los frenos de parqueo Maxi-Brake porque los tanques no logran subir de 5 Bar de presión de aire
G-ORIG-2180,1,Fugas de aire o fallos en el sistema de frenos neumático (Camiones),1,TRAIN,Fuga continua de aire soplado por la válvula de descarga rápida del eje posterior al presionar la pedalina de freno
G-ORIG-2181,1,Fugas de aire o fallos en el sistema de frenos neumático (Camiones),1,TRAIN,Pulmón de freno neumático con diafragma roto botando todo el aire comprimido a la atmósfera al frenar
G-ORIG-2182,1,Fugas de aire o fallos en el sistema de frenos neumático (Camiones),1,TRAIN,Compresor de aire de dos pistones con aros gastados pasa aceite de motor hacia los tanques de aire humedeciendo las válvulas
G-ORIG-2183,1,Fugas de aire o fallos en el sistema de frenos neumático (Camiones),1,TRAIN,Alarma sonora de baja presión de aire encendida permanente en la cabina del camión y freno trabado por seguridad
G-ORIG-2184,1,Válvula de freno de aire o secador APS obstruido (Camiones),1,TRAIN,La válvula secadora de aire APS del camión estornuda y descarga aire cada 5 segundos sin parar en ralentí
G-ORIG-2185,1,Válvula de freno de aire o secador APS obstruido (Camiones),1,TRAIN,Sale agua condensada y emulsión grasosa negra por los grifos de purga de los tanques de aire comprimido
G-ORIG-2186,1,Válvula de freno de aire o secador APS obstruido (Camiones),1,DEV,Cartucho de desecante del secador colmatado de aceite de motor carbonizado impidiendo la retención de humedad
G-ORIG-2187,1,Válvula de freno de aire o secador APS obstruido (Camiones),1,TRAIN,Válvula de cuatro vías distribuidora de aire atascada con lodo aceitoso dejando sin aire el circuito de suspensión
G-ORIG-2188,1,Válvula de freno de aire o secador APS obstruido (Camiones),1,TRAIN,Válvula de purga automática del secador de aire congelada abierta botando toda la presión del camión a la atmósfera
G-ORIG-2189,1,Falla de correa dentada banada en aceite (Motor Ford 1.0 Dragon / GM Turbo),1,TRAIN,La correa de distribución sumergida en aceite se está deshaciendo y soltando pedazos de jebe dentro del cárter
G-ORIG-2190,1,Falla de correa dentada banada en aceite (Motor Ford 1.0 Dragon / GM Turbo),1,TRAIN,Testigo de baja presión de aceite se prende al calentar el motor porque los restos de la faja taparon el colador de la bomba
G-ORIG-2191,1,Falla de correa dentada banada en aceite (Motor Ford 1.0 Dragon / GM Turbo),1,TRAIN,Trozos de goma de la faja bañada en aceite taponaron la bomba de vacío dejando el pedal de freno completamente duro
G-ORIG-2192,1,Falla de correa dentada banada en aceite (Motor Ford 1.0 Dragon / GM Turbo),1,TRAIN,Faja bañada en aceite desgranada en motor Ford 1.0 Dragon o GM 1.2 Turbo por usar aceite sin especificación correcta
G-ORIG-2193,1,Falla de correa dentada banada en aceite (Motor Ford 1.0 Dragon / GM Turbo),1,DEV,Salto de dientes en la correa húmeda provocando pérdida de sincronización y choque de válvulas contra los pistones
G-ORIG-2194,1,Falla en termostato o motoventilador de radiador,1,TRAIN,El electroventilador del radiador se enciende a máxima velocidad en frío con código DTC P0597 resistencia de termostato abierta
G-ORIG-2195,1,Falla en termostato o motoventilador de radiador,1,DEV,El termostato electrónico tiene la resistencia calefactora quemada y la aguja de temperatura sube al rojo vivo en tráfico
G-ORIG-2196,1,Falla en termostato o motoventilador de radiador,1,TRAIN,Manguera superior del radiador hirviendo a 105 grados y manguera inferior totalmente fría por termostato trabado cerrado
G-ORIG-2197,1,Falla en termostato o motoventilador de radiador,1,DEV,Fuga de refrigerante por la carcasa plástica del termostato pilotado que viaja por capilaridad mojando los pines de la ECU
G-ORIG-2198,1,Falla en termostato o motoventilador de radiador,1,TRAIN,DTC P0128 temperatura de refrigerante por debajo del umbral de regulación por termostato trabado abierto en autopista
G-ORIG-2199,1,Alternador defectuoso o placa de diodos quemada,1,TRAIN,El alternador inteligente con bus LIN no regula el voltaje y la batería amanece descargada con código DTC P065A
G-ORIG-2200,1,Alternador defectuoso o placa de diodos quemada,1,TRAIN,Con el motor encendido el voltaje se queda clavado en 12.2V y no sube a 14V porque el puente de diodos está quemado
G-ORIG-2201,1,Alternador defectuoso o placa de diodos quemada,1,TRAIN,Testigo de batería parpadea en el tablero y las luces de los faros suben y bajan de intensidad con zumbido en el alternador
G-ORIG-2202,1,Alternador defectuoso o placa de diodos quemada,1,TRAIN,El sensor inteligente de batería IBS en el borne negativo tiene el cable de comunicación LIN arrancado tras cambiar batería
G-ORIG-2203,1,Alternador defectuoso o placa de diodos quemada,1,TRAIN,Regulador de voltaje en cortocircuito enviando 16.8V que funde las bombillas halógenas y recalienta la batería
G-ORIG-2204,1,Desgaste de pastillas y zapatas de freno,1,DEV,Al frenar despacio en bajada suena un rechinido insoportable de fierro con fierro raspando la cara del disco
G-ORIG-2205,1,Desgaste de pastillas y zapatas de freno,1,DEV,Las pastillas de freno llegaron al sensor acústico de lata y chillan agudo cada vez que acaricio el pedal de freno
G-ORIG-2206,1,Desgaste de pastillas y zapatas de freno,1,TRAIN,Polvo negro de ferodo quemado impregnado en los aros delanteros y pedal de freno con tacto duro y frenada larga
G-ORIG-2207,1,Desgaste de pastillas y zapatas de freno,1,TRAIN,Las zapatas de freno del tambor trasero se quedaron sin material de fricción y rozan los remaches contra la pista
G-ORIG-2208,1,Desgaste de pastillas y zapatas de freno,1,TRAIN,Chirriador metálico de aviso de pastilla rozando continuamente contra el disco incluso sin pisar el pedal
G-ORIG-2209,1,Fuga hidraulica o aire en el sistema de frenos,1,DEV,"Piso el pedal de freno y se va lentamente hasta el piso de la cabina, tengo que bombear para que agarre algo de presión"
G-ORIG-2210,1,Fuga hidraulica o aire en el sistema de frenos,1,TRAIN,Nivel de líquido de frenos en el depósito baja por debajo del mínimo cada 3 días y veo goteo aceitoso en el neumático trasero
G-ORIG-2211,1,Fuga hidraulica o aire en el sistema de frenos,1,TRAIN,Pedal de freno con tacto esponjoso y blando tras cambiar pastillas debido a burbujas de aire atrapadas en el módulo ABS
G-ORIG-2212,1,Fuga hidraulica o aire en el sistema de frenos,1,TRAIN,Cañería metálica de freno picada por óxido debajo del chasis botando un chorro de líquido DOT al pisar a fondo
G-ORIG-2213,1,Fuga hidraulica o aire en el sistema de frenos,1,TRAIN,Bombín esclavo de rueda de tambor trasero con el guardapolvo reventado perdiendo presión hidráulica en frenadas bruscas
G-ORIG-2214,1,Falla en filtro de particulas DPF / FAP y sistema AdBlue DEF (Diesel Euro 5/6),1,TRAIN,Aparece mensaje en el cuadro indicando arranque no permitido en 500 km por avería en el sistema de urea AdBlue DEF
G-ORIG-2215,1,Falla en filtro de particulas DPF / FAP y sistema AdBlue DEF (Diesel Euro 5/6),1,TRAIN,El inyector de AdBlue en el escape está completamente taponado por una costra sólida de cristales blancos de sales de urea
G-ORIG-2216,1,Falla en filtro de particulas DPF / FAP y sistema AdBlue DEF (Diesel Euro 5/6),1,TRAIN,DTC P2463 acumulación excesiva de hollín en el filtro DPF y motor en modo degradado sin pasar de 80 km/h en carretera
G-ORIG-2217,1,Falla en filtro de particulas DPF / FAP y sistema AdBlue DEF (Diesel Euro 5/6),1,TRAIN,Sensor de presión diferencial del DPF con mangueras de silicona rotas arrojando lecturas falsas de contrapresión de escape
G-ORIG-2218,1,Falla en filtro de particulas DPF / FAP y sistema AdBlue DEF (Diesel Euro 5/6),1,TRAIN,Resistencia calefactora del tanque de AdBlue en circuito abierto impidiendo la dosificación de urea por las mañanas
G-ORIG-2219,1,Falla en bujias o bobinas de encendido (misfire),1,DEV,"El motor da marcha vigorosa con el arrancador pero no enciende para nada, no hay pulso de inyección ni chispa con DTC P0335"
G-ORIG-2220,1,Falla en bujias o bobinas de encendido (misfire),1,TRAIN,El vehículo se apaga de golpe en caliente al alcanzar los 90 grados y no vuelve a prender hasta que se enfría el sensor de cigüeñal
G-ORIG-2221,1,Falla en bujias o bobinas de encendido (misfire),1,TRAIN,Sensor de posición de cigüeñal CKP inductivo con bobina interna cortada en caliente por dilatación térmica
G-ORIG-2222,1,Falla en bujias o bobinas de encendido (misfire),1,DEV,Señal errática de sensor de cigüeñal de efecto Hall provocando explosiones falsas y cortes de inyección a 2500 RPM
G-ORIG-2223,1,Falla en bujias o bobinas de encendido (misfire),1,TRAIN,Cable del sensor CKP tostado y pelado por roce con el múltiple de escape haciendo falso contacto a masa
G-ORIG-2224,1,Falla en bujias o bobinas de encendido (misfire),1,TRAIN,"El carro arranca al primer llavazo en las mañanas pero apenas calienta en tráfico pesado se apaga de golpe, el motor gira con fuerza pero no enciende hasta que enfría 20 o 30 minutos"
G-ORIG-2225,1,Falla en bujias o bobinas de encendido (misfire),1,TRAIN,"Ruedo tranquilo media hora y de la nada se apaga en marcha como si le cortaran la corriente, intento dar arranque y el motor gira con fuerza pero no prende, prende al enfriar"
G-ORIG-2226,1,Falla en bujias o bobinas de encendido (misfire),1,TRAIN,"El auto se apaga de golpe en caliente tras media hora de uso, el motor de arranque gira vigoroso pero no hay chispa por sensor de cigüeñal CKP que dilata térmicamente"
G-ORIG-2227,1,Falla en bujias o bobinas de encendido (misfire),1,TRAIN,"Se apaga súbitamente en plena marcha en tráfico, el arrancador da vueltas con toda la fuerza pero no arranca, tengo que esperar media hora a que enfríe el motor"
G-ORIG-2228,1,Falla en bujias o bobinas de encendido (misfire),1,TRAIN,"Falla térmica de sensor CKP: arranca perfecto en frío, al calentar a 90 grados corta el encendido de golpe, da arranque rápido pero no prende hasta que baja la temperatura"
G-ORIG-2229,1,Falla en bujias o bobinas de encendido (misfire),1,TRAIN,"El vehículo se queda botado en caliente en el tráfico, el motor gira con ganas pero no hay pulso de inyección ni chispa, al cabo de 20 minutos frío enciende como si nada"
G-ORIG-2230,1,Falla en bujias o bobinas de encendido (misfire),1,TRAIN,"Corte repentino de corriente en marcha con motor caliente, el arrancador mueve el motor con fuerza pero no enciende, código DTC P0335 sensor de posición de cigüeñal"
G-ORIG-2231,1,Falla en bujias o bobinas de encendido (misfire),1,TRAIN,"Se apaga de la nada en caliente, espero 30 minutos que enfríe y arranca al toque, pero mientras esté caliente el motor gira con fuerza sin encender"
G-ORIG-2232,1,Falla en bujias o bobinas de encendido (misfire),1,DEV,"Bobina o captador de cigüeñal pierde la señal al dilatar por calor en tráfico pesado, motor da marcha con fuerza pero no hay combustión"
G-ORIG-2233,1,Falla en bujias o bobinas de encendido (misfire),1,TRAIN,"El motor se apaga rodando como si desconectaran la llave, el arrancador gira rápido y con fuerza pero no arranca hasta que reposa 25 minutos y enfría"
G-ORIG-2234,1,Falla en bujias o bobinas de encendido (misfire),1,TRAIN,"En frío prende al instante pero al calentar en marcha se apaga seco, da arranque con fuerza y no prende, sensor de posición de cigüeñal con bobina cortada en caliente"
G-ORIG-2235,1,Falla en bujias o bobinas de encendido (misfire),1,TRAIN,"Se apaga el motor en semáforo después de calentar, el motor gira con fuerza al darle arranque pero no arranca nada, a la media hora frío prende normal"
G-ORIG-2236,1,Bomba de gasolina quemada o con baja presion,1,TRAIN,"La bomba de gasolina se calienta y se traba en tráfico pesado, el motor se apaga en marcha, gira con fuerza el arranque pero no enciende hasta esperar 30 minutos"
G-ORIG-2237,1,Bomba de gasolina quemada o con baja presion,1,TRAIN,"Al calentar el motor se corta la gasolina y se apaga el auto, el motor de arranque gira con fuerza pero no hay presión en el riel hasta que enfría la bomba"
G-ORIG-2238,1,Bomba de gasolina quemada o con baja presion,1,DEV,"Pila de gasolina recalienta tras rodar 40 minutos y se apaga de golpe, da arranque con fuerza pero no prende hasta que reposa media hora"
G-ORIG-2239,1,Bomba de gasolina quemada o con baja presion,1,DEV,"El carro se apaga en caliente en plena avenida, el motor gira con vigor pero la bomba no zumba hasta que el tanque y el motor enfrían"
G-ORIG-2240,1,Bomba de gasolina quemada o con baja presion,1,TRAIN,"Bomba de combustible pierde presión por temperatura alta en tráfico, el motor da marcha con fuerza pero no enciende hasta que baja la temperatura"
G-ORIG-2241,1,Falla en modulo de bomba de gasolina FSCM / PEM (Ford / Chevrolet),1,TRAIN,"El módulo FSCM de la bomba de gasolina recalienta en tráfico y corta el combustible, el motor gira con fuerza pero no prende hasta que enfría 20 minutos"
G-ORIG-2242,1,Falla en modulo de bomba de gasolina FSCM / PEM (Ford / Chevrolet),1,TRAIN,"Módulo PEM bajo el chasis calienta en carretera y apaga el carro de golpe, da arranque con fuerza pero no inyecta hasta que se enfría"
G-ORIG-2243,1,Falla en modulo de bomba de gasolina FSCM / PEM (Ford / Chevrolet),1,TRAIN,"Se apaga en marcha como si le cortaran la corriente, el motor gira vigoroso con el arrancador pero la bomba no recibe pulso hasta enfriar el módulo de combustible"
G-ORIG-2244,1,Bomba de gasolina quemada o con baja presion,1,TRAIN,el carro en plano y a velocidad baja rueda normal pero cuando salgo a pista rapida o meto la pata a fondo para adelantar o subir una cuesta el motor se ahoga empieza a tironear feo y pierde toda la fuerza
G-ORIG-2245,1,Bomba de gasolina quemada o con baja presion,1,TRAIN,por los asientos de atras se siente un zumbido agudo y constante que antes no sonaba y el carro se ahoga al acelerar
G-ORIG-2246,1,Bomba de gasolina quemada o con baja presion,1,TRAIN,zumbido debajo del asiento trasero cuando el motor calienta y tironea al acelerar a fondo en subida
G-ORIG-2247,1,Bomba de gasolina quemada o con baja presion,1,TRAIN,ya le cambie bujias y filtro de aire pero sigue exactamente igual se ahoga al acelerar fuerte y suena zumbido en el tanque
G-ORIG-2248,1,Bomba de gasolina quemada o con baja presion,1,TRAIN,si suelto un poco el pedal del acelerador empareja despacio pero si piso a fondo tose y se queda sin fuerza
G-ORIG-2249,1,Bomba de gasolina quemada o con baja presion,1,TRAIN,bomba de gasolina zumba muy fuerte debajo del asiento y cuando exijo aceleracion el auto empieza a jalonear
G-ORIG-2250,1,Bomba de gasolina quemada o con baja presion,1,DEV,en marcha suave anda bien pero al pisar a fondo para adelantar un camion se corta la fuerza y suena zumbido atras
G-ORIG-2251,1,Bomba de gasolina quemada o con baja presion,1,TRAIN,perdida de potencia severa al subir cuestas o pendientes pronunciadas empareja unicamente si suelto el pedal
G-ORIG-2252,1,Bomba de gasolina quemada o con baja presion,1,TRAIN,zumbido electrico constante en los asientos traseros y cascabel o tironeo cuando le falta gasolina bajo carga
G-ORIG-2253,1,Bomba de gasolina quemada o con baja presion,1,TRAIN,el auto tose y se ahoga al acelerar a fondo caida de presion en riel dtc p0087 bomba desgatada
G-ORIG-2254,1,Bomba de gasolina quemada o con baja presion,1,DEV,motor se ahoga como si le faltara combustible al meter la pata en carretera sonido agudo en el tanque
G-ORIG-2255,1,Bomba de gasolina quemada o con baja presion,1,TRAIN,cambie bujias y cables pero sigue tironenado al subir cuestas zumbido persistente en la bomba de gasolina
G-ORIG-2256,1,Bomba de gasolina quemada o con baja presion,1,TRAIN,bomba de combustible con desgaste electrico emite chillido o zumbido en tanque y cae la presion al acelerar
G-ORIG-2257,1,Bomba de gasolina quemada o con baja presion,1,TRAIN,al salir a pista rapida y acelerar fuerte el auto se clava pierde fuerza y empieza a jalonear feo
G-ORIG-2258,1,Bomba de gasolina quemada o con baja presion,1,TRAIN,en ralenti o velocidad baja todo bien pero a alta velocidad o adelantamiento no pasa de 80 km/h se ahoga
G-ORIG-2259,1,Bomba de gasolina quemada o con baja presion,1,TRAIN,zumbido agudo bajo el asiento de los pasajeros y tironeos al pisar acelerador a fondo
G-ORIG-2260,1,Bomba de gasolina quemada o con baja presion,1,DEV,el carro se quiere apagar cuando acelero en subida suelto el pedal y vuelve a emparejar despacio
G-ORIG-2261,1,Bomba de gasolina quemada o con baja presion,1,DEV,falta de presion en rampa de inyeccion al acelerar a fondo bomba de combustible recalienta y zumba
G-ORIG-2262,1,Bomba de gasolina quemada o con baja presion,1,DEV,presion de gasolina cae por debajo de 35 psi al acelerar en carga tironeo en subidas zumbido en tanque
G-ORIG-2263,1,Bomba de gasolina quemada o con baja presion,1,TRAIN,ruido tipo avispero o zumbido permanente en el aforador de combustible y auto sin pique al adelantar
G-ORIG-2264,1,Bomba de gasolina quemada o con baja presion,1,TRAIN,tironea feo y no tiene fuerza al acelerar a fondo ya descarte bujias y bobinas con zumbido atras
G-ORIG-2265,1,Bomba de gasolina quemada o con baja presion,1,TRAIN,se ahoga en subida como si no le llegara nafta o gasolina zumbido claro en tanque bajo los asientos
G-ORIG-2266,1,Bomba de gasolina quemada o con baja presion,1,DEV,vehiculo pierde aceleracion bruscamente al exigirle potencia motor gira pero no acelera zumbido bomba
G-ORIG-2267,1,Bomba de gasolina quemada o con baja presion,1,TRAIN,presion de combustible insuficiente bajo carga dtc p0087 bomba de nafta no mantiene caudal
G-ORIG-2268,1,Bomba de gasolina quemada o con baja presion,1,TRAIN,en frio rueda bien pero despues de media hora en trafico la bomba empieza a zumbar y el auto jalonea
G-ORIG-2269,1,Bomba de gasolina quemada o con baja presion,1,DEV,zumbido en el asiento trasero y perdida total de fuerza al acelerar en autopista
G-ORIG-2270,1,Bomba de gasolina quemada o con baja presion,1,TRAIN,cuando exijo acelerador a fondo el carro cabecea tose y no responde bomba de gasolina zumbando
G-ORIG-2271,1,Bomba de gasolina quemada o con baja presion,1,TRAIN,piso a fondo y se ahoga completamente si desacelero empareja pero al volver a pisar tironea
G-ORIG-2272,1,Bomba de gasolina quemada o con baja presion,1,TRAIN,filtro de malla o cedazo de la bomba de gasolina tapado en tanque zumbido fuerte y falta de presion
G-ORIG-2273,1,Bomba de gasolina quemada o con baja presion,1,TRAIN,bomba de combustible recalienta en viajes largos o trafico pesado y provoca que el motor tironee y se ahogue
G-ORIG-2274,1,Inyectores sucios o filtro de combustible obstruido,1,TRAIN,"Arranca bien en frío. Cuando está caliente y lo apago un rato, al volver a arrancar le cuesta mucho o no prende. Sale olor fuerte a gasolina."
G-ORIG-2275,1,Inyectores sucios o filtro de combustible obstruido,1,TRAIN,"Arranca bien en frío. Cuando está caliente y lo apago un rato, al volver a arrancar le cuesta mucho o no prende. Sale olor fuerte a gasolina. arranque dificil olor gasolina solo en caliente"
G-ORIG-2276,1,Falla en bujias o bobinas de encendido (misfire),1,TRAIN,Al acelerar arriba de 2200 rpm se siente temblor fuerte en el volante y en todo el auto. Más notorio cuando está caliente. No prende Check Engine.
G-ORIG-2277,1,Falla en bujias o bobinas de encendido (misfire),1,TRAIN,Al acelerar arriba de 2200 rpm se siente temblor fuerte en el volante y en todo el auto. Más notorio cuando está caliente. No prende Check Engine. vibracion perdida potencia solo en caliente
G-ORIG-2278,1,Amortiguadores reventados o bujes de suspension gastados,1,DEV,En semáforos el motor vibra mucho (baila). Al acelerar se quita. Consume más gasolina de lo normal.
G-ORIG-2279,1,Amortiguadores reventados o bujes de suspension gastados,1,DEV,En semáforos el motor vibra mucho (baila). Al acelerar se quita. Consume más gasolina de lo normal. vibracion en ralenti consumo alto
G-ORIG-2280,1,Falla en bombin o bomba hidraulica de embrague,1,TRAIN,Al pisar el embrague se escucha un zumbido o ronroneo que desaparece al soltarlo. No cuesta meter las velocidades.
G-ORIG-2281,1,Falla en bombin o bomba hidraulica de embrague,1,DEV,Al pisar el embrague se escucha un zumbido o ronroneo que desaparece al soltarlo. No cuesta meter las velocidades. ruido
G-ORIG-2282,1,Bomba de gasolina quemada o con baja presion,1,TRAIN,Al acelerar fuerte en 1ra y 2da se ahoga un momento y luego pega un jalón. Más notorio con el tanque a la mitad o menos.
G-ORIG-2283,1,Bomba de gasolina quemada o con baja presion,1,DEV,Al acelerar fuerte en 1ra y 2da se ahoga un momento y luego pega un jalón. Más notorio con el tanque a la mitad o menos. perdida potencia bajo carga
G-ORIG-2284,1,Falla en sensor de oxigeno o mezcla rica,1,DEV,En carretera a 100-110 km/h el motor tironea de repente y se recupera. A veces se apaga el aire acondicionado. Check Engine intermitente.
G-ORIG-2285,1,Falla en sensor de oxigeno o mezcla rica,1,TRAIN,En carretera a 100-110 km/h el motor tironea de repente y se recupera. A veces se apaga el aire acondicionado. Check Engine intermitente. tironeo check engine en carretera
G-ORIG-2286,1,Cuerpo de aceleracion o valvula IAC sucia,1,TRAIN,Se apaga en los semáforos o cuando freno. Arranca de nuevo sin problema. No prende Check Engine.
G-ORIG-2287,1,Cuerpo de aceleracion o valvula IAC sucia,1,TRAIN,Se apaga en los semáforos o cuando freno. Arranca de nuevo sin problema. No prende Check Engine. se apaga en ralenti
G-ORIG-2288,1,Cremallera de direccion asistida con holgura o fuga,1,DEV,"Al girar el volante se escucha un chillido, especialmente en frío. La dirección se siente pesada a veces."
G-ORIG-2289,1,Cremallera de direccion asistida con holgura o fuga,1,TRAIN,"Al girar el volante se escucha un chillido, especialmente en frío. La dirección se siente pesada a veces. ruido solo en frio"
G-ORIG-2290,1,Falla en sensor de oxigeno o mezcla rica,1,TRAIN,"Pierde potencia de forma gradual, se siente pesado al acelerar y el consumo subió mucho. Check Engine encendido."
G-ORIG-2291,1,Falla en sensor de oxigeno o mezcla rica,1,TRAIN,"Pierde potencia de forma gradual, se siente pesado al acelerar y el consumo subió mucho. Check Engine encendido. perdida potencia consumo alto check engine"
G-ORIG-2292,1,Faja o cadena de distribucion destensada o con salto de punto,1,TRAIN,Al arrancar en las mañanas hace un ruido metálico fuerte unos segundos y luego desaparece.
G-ORIG-2293,1,Faja o cadena de distribucion destensada o con salto de punto,1,TRAIN,Al arrancar en las mañanas hace un ruido metálico fuerte unos segundos y luego desaparece. ruido solo en frio
G-ORIG-2294,1,Falla en bujias o bobinas de encendido (misfire),1,DEV,Check Engine encendido. El motor se siente inestable en ralentí y a veces falla un cilindro.
G-ORIG-2295,1,Falla en bujias o bobinas de encendido (misfire),1,TRAIN,Check Engine encendido. El motor se siente inestable en ralentí y a veces falla un cilindro. check engine falla cilindro en ralenti
G-ORIG-2296,1,Falla en sensor de oxigeno o mezcla rica,1,DEV,Al acelerar fuerte sale humo negro por el escape y el auto se siente ahogado. Consumo excesivo. Check Engine encendido.
G-ORIG-2297,1,Falla en sensor de oxigeno o mezcla rica,1,TRAIN,Al acelerar fuerte sale humo negro por el escape y el auto se siente ahogado. Consumo excesivo. Check Engine encendido. humo negro consumo alto check engine
G-ORIG-2298,1,Bateria descargada o bornes sulfatados,1,TRAIN,No arranca (no hace nada al girar la llave). Las luces del tablero están débiles o se apagan.
G-ORIG-2299,1,Bateria descargada o bornes sulfatados,1,TRAIN,No arranca (no hace nada al girar la llave). Las luces del tablero están débiles o se apagan. no arranca luces debiles
G-ORIG-2300,1,Bateria descargada o bornes sulfatados,1,TRAIN,Arranca pero suena muy lento y pesado. Las luces se ponen muy tenues al dar arranque.
G-ORIG-2301,1,Bateria descargada o bornes sulfatados,1,TRAIN,Arranca pero suena muy lento y pesado. Las luces se ponen muy tenues al dar arranque. arranque lento luces tenues
G-ORIG-2302,1,Discos de freno alabeados o desgastados,1,TRAIN,Al frenar el auto se va hacia un lado y el pedal de freno vibra.
G-ORIG-2303,1,Discos de freno alabeados o desgastados,1,TRAIN,Al frenar el auto se va hacia un lado y el pedal de freno vibra. vibracion se va de lado
G-ORIG-2304,1,Empaque de culata soplado o danado,1,DEV,Sale humo blanco constante por el escape y el nivel de refrigerante baja sin fugas visibles. Check Engine encendido.
G-ORIG-2305,1,Empaque de culata soplado o danado,1,TRAIN,Sale humo blanco constante por el escape y el nivel de refrigerante baja sin fugas visibles. Check Engine encendido. humo blanco baja refrigerante check engine
G-ORIG-2306,2,Falla en termostato o motoventilador de radiador,1,TRAIN,El motor tarda mucho en calentar y el calefactor casi no calienta.
G-ORIG-2307,1,Falla en termostato o motoventilador de radiador,1,DEV,El motor tarda mucho en calentar y el calefactor casi no calienta. tarda en calentar calefaccion debil
G-ORIG-2308,1,Falla en termostato o motoventilador de radiador,1,TRAIN,"Se enciende la luz de temperatura y el motor se calienta de más, especialmente en tráfico. El ventilador no prende."
G-ORIG-2309,1,Falla en termostato o motoventilador de radiador,1,TRAIN,"Se enciende la luz de temperatura y el motor se calienta de más, especialmente en tráfico. El ventilador no prende. sobrecalentamiento ventilador no prende"
G-ORIG-2310,1,Faja o cadena de distribucion destensada o con salto de punto,1,TRAIN,Al acelerar se escucha un silbido o chillido que aumenta con las rpm. A veces huele a quemado.
G-ORIG-2311,1,Faja o cadena de distribucion destensada o con salto de punto,1,TRAIN,Al acelerar se escucha un silbido o chillido que aumenta con las rpm. A veces huele a quemado. silbido olor quemado
G-ORIG-2312,1,Falla en sensor de oxigeno o mezcla rica,1,TRAIN,Olor a huevo podrido (azufre) y pierde un poco de potencia. Check Engine encendido.
G-ORIG-2313,1,Falla en sensor de oxigeno o mezcla rica,1,TRAIN,Olor a huevo podrido (azufre) y pierde un poco de potencia. Check Engine encendido. olor azufre perdida potencia check engine
G-ORIG-2314,1,Bomba de gasolina quemada o con baja presion,1,TRAIN,En subidas o con carga el motor se siente sin fuerza y a veces se apaga. El tanque hace un zumbido fuerte.
G-ORIG-2315,1,Bomba de gasolina quemada o con baja presion,1,TRAIN,En subidas o con carga el motor se siente sin fuerza y a veces se apaga. El tanque hace un zumbido fuerte. perdida potencia bajo carga zumbido
G-ORIG-2316,1,Baja presion de aceite o bomba de aceite defectuosa,1,DEV,"El motor tiene un sonido de 'tic-tic' metálico que aumenta con las rpm, más notorio en caliente."
G-ORIG-2317,1,Baja presion de aceite o bomba de aceite defectuosa,1,TRAIN,"El motor tiene un sonido de 'tic-tic' metálico que aumenta con las rpm, más notorio en caliente. ruido metalico solo en caliente"
G-ORIG-2318,1,Falta o degradacion de aceite de caja de cambios,1,DEV,Al cambiar de marcha se escucha un ruido de roce y a veces cuesta meter la velocidad.
G-ORIG-2319,1,Falta o degradacion de aceite de caja de cambios,1,TRAIN,Al cambiar de marcha se escucha un ruido de roce y a veces cuesta meter la velocidad. ruido dificultad cambiar
G-ORIG-2320,1,Llantas desbalanceadas o desalineadas,1,TRAIN,El auto vibra solo cuando va entre 80 y 100 km/h. En otras velocidades no se siente.
G-ORIG-2321,1,Llantas desbalanceadas o desalineadas,1,TRAIN,El auto vibra solo cuando va entre 80 y 100 km/h. En otras velocidades no se siente. vibracion rango velocidad
G-ORIG-2322,1,Amortiguadores reventados o bujes de suspension gastados,1,TRAIN,Se siente un golpeteo en la parte delantera al pasar topes o baches.
G-ORIG-2323,1,Amortiguadores reventados o bujes de suspension gastados,1,TRAIN,Se siente un golpeteo en la parte delantera al pasar topes o baches. golpeteo topes
G-ORIG-2324,1,Falla en bujias o bobinas de encendido (misfire),1,TRAIN,El motor falla solo cuando llueve o hay mucha humedad. En seco funciona normal.
G-ORIG-2325,1,Falla en bujias o bobinas de encendido (misfire),1,TRAIN,El motor falla solo cuando llueve o hay mucha humedad. En seco funciona normal. falla solo con humedad
G-ORIG-2326,1,Falla en compresor de aire acondicionado o fuga de gas R134a,1,TRAIN,El aire acondicionado dejó de enfriar de repente. El compresor se escucha que intenta prender.
G-ORIG-2327,1,Falla en compresor de aire acondicionado o fuga de gas R134a,1,TRAIN,El aire acondicionado dejó de enfriar de repente. El compresor se escucha que intenta prender. no enfria
G-ORIG-2328,1,Alternador defectuoso o placa de diodos quemada,1,TRAIN,El tablero muestra que la batería no carga y las luces se ponen tenues mientras manejo.
G-ORIG-2329,1,Alternador defectuoso o placa de diodos quemada,1,TRAIN,El tablero muestra que la batería no carga y las luces se ponen tenues mientras manejo. luz bateria luces tenues
G-ORIG-2330,1,Cuerpo de aceleracion o valvula IAC sucia,1,DEV,Al soltar el acelerador el motor se queda acelerado unos segundos y luego baja.
G-ORIG-2331,1,Cuerpo de aceleracion o valvula IAC sucia,1,TRAIN,Al soltar el acelerador el motor se queda acelerado unos segundos y luego baja. ralenti alto
G-ORIG-2332,1,Rodajes de caja mecanica o diferencial gastados,1,DEV,"Ruido de 'uuuu' o aullido que aumenta con la velocidad, más fuerte en curva."
G-ORIG-2333,1,Rodajes de caja mecanica o diferencial gastados,1,TRAIN,"Ruido de 'uuuu' o aullido que aumenta con la velocidad, más fuerte en curva. aullido aumenta con velocidad"
G-ORIG-2334,1,Falla en sensor de oxigeno o mezcla rica,1,TRAIN,"Después de manejar y apagar el auto, al rato no quiere arrancar. Cuando finalmente prende huele a gasolina."
G-ORIG-2335,1,Falla en sensor de oxigeno o mezcla rica,1,TRAIN,"Después de manejar y apagar el auto, al rato no quiere arrancar. Cuando finalmente prende huele a gasolina. arranque dificil solo en caliente"
G-ORIG-2336,1,Falla en bujias o bobinas de encendido (misfire),1,TRAIN,Vibración al acelerar y pérdida de potencia. Check Engine con código de falla de cilindro.
G-ORIG-2337,1,Falla en bujias o bobinas de encendido (misfire),1,DEV,Vibración al acelerar y pérdida de potencia. Check Engine con código de falla de cilindro. vibracion perdida potencia check engine
G-ORIG-2338,1,Cuerpo de aceleracion o valvula IAC sucia,1,TRAIN,El auto tironea en aceleración parcial y se siente sin fuerza en subidas.
G-ORIG-2339,1,Cuerpo de aceleracion o valvula IAC sucia,1,TRAIN,El auto tironea en aceleración parcial y se siente sin fuerza en subidas. tironeo perdida potencia
G-ORIG-2340,1,Falla en sistema de sincronizacion variable de valvulas (VVT / VVT-i / Valvetronic),1,DEV,"Ruido de golpeteo o cascabeleo al acelerar, más notorio con el motor caliente."
G-ORIG-2341,1,Falla en sistema de sincronizacion variable de valvulas (VVT / VVT-i / Valvetronic),1,TRAIN,"Ruido de golpeteo o cascabeleo al acelerar, más notorio con el motor caliente. ruido al acelerar"
G-ORIG-2342,1,Bateria descargada o bornes sulfatados,1,TRAIN,Al girar la llave solo se escucha un 'click' y no arranca. Las luces funcionan normal.
G-ORIG-2343,1,Bateria descargada o bornes sulfatados,1,DEV,Al girar la llave solo se escucha un 'click' y no arranca. Las luces funcionan normal. no arranca click
G-ORIG-2344,1,Fuga hidraulica o aire en el sistema de frenos,1,TRAIN,El pedal de freno se siente blando y se va hasta abajo. Hay que bombearlo para que frene.
G-ORIG-2345,1,Fuga hidraulica o aire en el sistema de frenos,1,TRAIN,El pedal de freno se siente blando y se va hasta abajo. Hay que bombearlo para que frene. pedal blando se va abajo
G-ORIG-2346,1,Fuga en mangueras de refrigerante o radiador picado,1,TRAIN,El motor se calienta y se ve refrigerante tirado debajo del auto o en el piso.
G-ORIG-2347,1,Fuga en mangueras de refrigerante o radiador picado,1,TRAIN,El motor se calienta y se ve refrigerante tirado debajo del auto o en el piso. sobrecalentamiento fugas
G-ORIG-2348,1,Consumo de aceite por desgaste de anillos o retenes,1,TRAIN,Sale humo azul por el escape y el motor consume aceite.
G-ORIG-2349,1,Consumo de aceite por desgaste de anillos o retenes,1,TRAIN,Sale humo azul por el escape y el motor consume aceite. humo azul consumo aceite
G-ORIG-2350,1,Falla en sensor de oxigeno o mezcla rica,1,DEV,Check Engine encendido y el auto huele a gasolina. Consume más de lo normal.
G-ORIG-2351,1,Falla en sensor de oxigeno o mezcla rica,1,TRAIN,Check Engine encendido y el auto huele a gasolina. Consume más de lo normal. check engine mezcla rica
G-ORIG-2352,1,Juntas homocineticas o palieres danados,1,TRAIN,Al girar en estacionamientos se escucha un ruido de golpe o chasquido en la parte delantera.
G-ORIG-2353,1,Juntas homocineticas o palieres danados,1,TRAIN,Al girar en estacionamientos se escucha un ruido de golpe o chasquido en la parte delantera. ruido al girar
G-ORIG-2354,1,Inyectores sucios o filtro de combustible obstruido,1,TRAIN,De vez en cuando el auto se queda sin fuerza unos segundos y luego se recupera. Más en calor.
G-ORIG-2355,1,Inyectores sucios o filtro de combustible obstruido,1,DEV,De vez en cuando el auto se queda sin fuerza unos segundos y luego se recupera. Más en calor. perdida potencia intermitente
G-ORIG-2356,1,Falla en bujias o bobinas de encendido (misfire),1,TRAIN,En ralentí el motor falla y se siente inestable. Mejora un poco al acelerar.
G-ORIG-2357,1,Falla en bujias o bobinas de encendido (misfire),1,TRAIN,En ralentí el motor falla y se siente inestable. Mejora un poco al acelerar. falla en ralenti
G-ORIG-2358,1,Faja o cadena de distribucion destensada o con salto de punto,1,TRAIN,Ruido de chillido al arrancar en frío que desaparece después de unos minutos.
G-ORIG-2359,1,Faja o cadena de distribucion destensada o con salto de punto,1,TRAIN,Ruido de chillido al arrancar en frío que desaparece después de unos minutos. ruido correa
G-ORIG-2360,1,Bateria descargada o bornes sulfatados,1,TRAIN,Las luces del tablero parpadean y a veces se reinician sistemas eléctricos mientras manejo.
G-ORIG-2361,1,Bateria descargada o bornes sulfatados,1,DEV,Las luces del tablero parpadean y a veces se reinician sistemas eléctricos mientras manejo. luces parpadean fallas electricas
G-ORIG-2362,1,Desgaste de pastillas y zapatas de freno,1,TRAIN,Al frenar se escucha un chillido agudo constante.
G-ORIG-2363,1,Desgaste de pastillas y zapatas de freno,1,TRAIN,Al frenar se escucha un chillido agudo constante. ruido al frenar
G-ORIG-2364,1,Falla en compresor de aire acondicionado o fuga de gas R134a,1,TRAIN,El A/C enfria poco y sale un olor a humedad o moho por las rejillas.
G-ORIG-2365,1,Falla en compresor de aire acondicionado o fuga de gas R134a,1,TRAIN,El A/C enfria poco y sale un olor a humedad o moho por las rejillas. no enfria olor
G-ORIG-2366,1,Falla en termostato o motoventilador de radiador,1,TRAIN,En las mañanas frías le cuesta arrancar y tarda en estabilizarse el ralentí.
G-ORIG-2367,1,Falla en termostato o motoventilador de radiador,1,TRAIN,En las mañanas frías le cuesta arrancar y tarda en estabilizarse el ralentí. arranque dificil solo en frio
G-ORIG-2368,1,Discos de freno alabeados o desgastados,1,TRAIN,Vibración en el volante solo cuando freno a alta velocidad.
G-ORIG-2369,1,Discos de freno alabeados o desgastados,1,TRAIN,Vibración en el volante solo cuando freno a alta velocidad. vibracion al frenar
G-ORIG-2370,1,Disco de embrague desgastado o patinando,1,TRAIN,El embrague patina en 3ra y 4ta y sale olor a quemado cuando acelero fuerte.
G-ORIG-2371,1,Disco de embrague desgastado o patinando,1,DEV,El embrague patina en 3ra y 4ta y sale olor a quemado cuando acelero fuerte. patina olor quemado
G-ORIG-2372,2,Baja presion de aceite o bomba de aceite defectuosa,1,TRAIN,Ruido de golpeteo en la parte baja del motor que aumenta con las rpm.
G-ORIG-2373,1,Baja presion de aceite o bomba de aceite defectuosa,1,TRAIN,Ruido de golpeteo en la parte baja del motor que aumenta con las rpm. ruido parte baja
G-ORIG-2374,1,Falla en bujias o bobinas de encendido (misfire),1,TRAIN,El auto vibra y pierde potencia al acelerar. Check Engine con código P0300 (falla múltiple de cilindros).
G-ORIG-2375,1,Falla en bujias o bobinas de encendido (misfire),1,TRAIN,El auto vibra y pierde potencia al acelerar. Check Engine con código P0300 (falla múltiple de cilindros). vibracion perdida potencia check engine
G-ORIG-2376,1,Falla en sensor de oxigeno o mezcla rica,1,TRAIN,Después de llenar el tanque el auto le cuesta arrancar y huele fuerte a gasolina por un rato.
G-ORIG-2377,1,Falla en sensor de oxigeno o mezcla rica,1,TRAIN,Después de llenar el tanque el auto le cuesta arrancar y huele fuerte a gasolina por un rato. arranque dificil olor gasolina
G-ORIG-2378,1,Falla en sensor de oxigeno o mezcla rica,1,TRAIN,En carretera a velocidad constante el motor tironea y se enciende el Check Engine de forma intermitente.
G-ORIG-2379,1,Falla en sensor de oxigeno o mezcla rica,1,DEV,En carretera a velocidad constante el motor tironea y se enciende el Check Engine de forma intermitente. tironeo en carretera check engine
G-ORIG-2380,1,Falla de descarbonizacion e inyeccion directa GDI (acumulacion de carbon en valvulas),1,DEV,Ruido de cascabeleo o golpeteo cuando el motor está caliente y se acelera.
G-ORIG-2381,1,Falla de descarbonizacion e inyeccion directa GDI (acumulacion de carbon en valvulas),1,TRAIN,Ruido de cascabeleo o golpeteo cuando el motor está caliente y se acelera. ruido solo en caliente
G-ORIG-2382,1,Bateria descargada o bornes sulfatados,1,TRAIN,Al girar la llave solo hace 'click-click' y no arranca. Las luces funcionan bien.
G-ORIG-2383,1,Bateria descargada o bornes sulfatados,1,TRAIN,Al girar la llave solo hace 'click-click' y no arranca. Las luces funcionan bien. no arranca click
G-ORIG-2384,1,Falla en servofreno (booster) o linea de vacio,1,DEV,El pedal de freno está muy duro y el auto casi no frena. Hay que apretar con mucha fuerza.
G-ORIG-2385,1,Falla en servofreno (booster) o linea de vacio,1,DEV,El pedal de freno está muy duro y el auto casi no frena. Hay que apretar con mucha fuerza. pedal duro poco frena
G-ORIG-2386,1,Falla en termostato o motoventilador de radiador,1,TRAIN,El motor se calienta más de lo normal. El ventilador prende muy tarde o casi no prende.
G-ORIG-2387,1,Falla en termostato o motoventilador de radiador,1,DEV,El motor se calienta más de lo normal. El ventilador prende muy tarde o casi no prende. sobrecalentamiento ventilador prende tarde
G-ORIG-2388,1,Inyectores sucios o filtro de combustible obstruido,1,TRAIN,Sale humo negro constante y el consumo de gasolina aumentó bastante.
G-ORIG-2389,1,Inyectores sucios o filtro de combustible obstruido,1,TRAIN,Sale humo negro constante y el consumo de gasolina aumentó bastante. humo negro consumo alto
G-ORIG-2390,1,Amortiguadores reventados o bujes de suspension gastados,1,TRAIN,Golpeteo fuerte en la parte delantera al pasar topes. Se siente en el volante.
G-ORIG-2391,1,Amortiguadores reventados o bujes de suspension gastados,1,TRAIN,Golpeteo fuerte en la parte delantera al pasar topes. Se siente en el volante. ruido al pasar topes
G-ORIG-2392,1,Llantas desbalanceadas o desalineadas,1,TRAIN,Vibración fuerte en el volante arriba de 110 km/h. En ciudad no se nota.
G-ORIG-2393,1,Llantas desbalanceadas o desalineadas,1,TRAIN,Vibración fuerte en el volante arriba de 110 km/h. En ciudad no se nota. vibracion alta velocidad
G-ORIG-2394,1,Bomba de gasolina quemada o con baja presion,1,TRAIN,En subidas el auto se queda sin fuerza y a veces se apaga. El problema es peor con el tanque bajo.
G-ORIG-2395,1,Bomba de gasolina quemada o con baja presion,1,TRAIN,En subidas el auto se queda sin fuerza y a veces se apaga. El problema es peor con el tanque bajo. perdida potencia bajo carga
G-ORIG-2396,1,Falla en bujias o bobinas de encendido (misfire),1,TRAIN,Cuando llueve o hay mucha humedad el motor falla y se pone inestable. En seco funciona bien.
G-ORIG-2397,1,Falla en bujias o bobinas de encendido (misfire),1,DEV,Cuando llueve o hay mucha humedad el motor falla y se pone inestable. En seco funciona bien. falla solo con humedad
G-ORIG-2398,1,Cuerpo de aceleracion o valvula IAC sucia,1,TRAIN,El ralentí está muy inestable y se enciende el Check Engine. A veces se casi se apaga.
G-ORIG-2399,1,Cuerpo de aceleracion o valvula IAC sucia,1,TRAIN,El ralentí está muy inestable y se enciende el Check Engine. A veces se casi se apaga. ralenti inestable check engine
G-ORIG-2400,1,Faja o cadena de distribucion destensada o con salto de punto,1,TRAIN,Al arrancar en frío se escucha un ruido metálico de cadena por 2-3 segundos y luego se quita.
G-ORIG-2401,1,Faja o cadena de distribucion destensada o con salto de punto,1,DEV,Al arrancar en frío se escucha un ruido metálico de cadena por 2-3 segundos y luego se quita. ruido al arrancar
G-ORIG-2402,1,Disco de embrague desgastado o patinando,1,DEV,El embrague patina cuando acelero fuerte y sale olor a quemado. Sobre todo en 3ra y 4ta.
G-ORIG-2403,1,Disco de embrague desgastado o patinando,1,DEV,El embrague patina cuando acelero fuerte y sale olor a quemado. Sobre todo en 3ra y 4ta. patina olor quemado
G-ORIG-2404,1,Alternador defectuoso o placa de diodos quemada,1,TRAIN,Mientras manejo las luces se ponen tenues y el voltaje baja. A veces se reinicia el radio.
G-ORIG-2405,1,Alternador defectuoso o placa de diodos quemada,1,DEV,Mientras manejo las luces se ponen tenues y el voltaje baja. A veces se reinicia el radio. luces tenues en marcha
G-ORIG-2406,1,Discos de freno alabeados o desgastados,1,DEV,Al frenar a más de 80 km/h el volante y el pedal vibran fuerte.
G-ORIG-2407,1,Discos de freno alabeados o desgastados,1,DEV,Al frenar a más de 80 km/h el volante y el pedal vibran fuerte. vibracion al frenar
G-ORIG-2408,1,Falla en compresor de aire acondicionado o fuga de gas R134a,1,TRAIN,El A/C no enfría. Se escucha que el compresor prende y se apaga constantemente.
G-ORIG-2409,1,Falla en compresor de aire acondicionado o fuga de gas R134a,1,TRAIN,El A/C no enfría. Se escucha que el compresor prende y se apaga constantemente. no enfria compresor prende
G-ORIG-2410,1,Falla en termostato o motoventilador de radiador,1,TRAIN,En las mañanas muy frías le cuesta arrancar y el ralentí tarda en estabilizarse.
G-ORIG-2411,1,Falla en termostato o motoventilador de radiador,1,TRAIN,En las mañanas muy frías le cuesta arrancar y el ralentí tarda en estabilizarse. arranque dificil solo en frio
G-ORIG-2412,1,Baja presion de aceite o bomba de aceite defectuosa,1,DEV,Ruido de golpeteo grave en la parte baja del motor que aumenta con las revoluciones.
G-ORIG-2413,1,Baja presion de aceite o bomba de aceite defectuosa,1,DEV,Ruido de golpeteo grave en la parte baja del motor que aumenta con las revoluciones. ruido parte baja
G-ORIG-2414,1,Falla en sensor de oxigeno o mezcla rica,1,TRAIN,Al acelerar de golpe el auto se ahoga un segundo y luego responde. Más notorio en frío.
G-ORIG-2415,1,Falla en sensor de oxigeno o mezcla rica,1,TRAIN,Al acelerar de golpe el auto se ahoga un segundo y luego responde. Más notorio en frío. se ahoga aceleracion
G-ORIG-2416,1,Falla en bujias o bobinas de encendido (misfire),1,TRAIN,En ralentí el motor vibra y se siente un cilindro fallando. Mejora al acelerar.
G-ORIG-2417,1,Falla en bujias o bobinas de encendido (misfire),1,TRAIN,En ralentí el motor vibra y se siente un cilindro fallando. Mejora al acelerar. vibracion en ralenti
G-ORIG-2418,1,Juntas homocineticas o palieres danados,1,TRAIN,Al girar completamente el volante se escucha un chasquido o clic en la rueda delantera.
G-ORIG-2419,1,Juntas homocineticas o palieres danados,1,DEV,Al girar completamente el volante se escucha un chasquido o clic en la rueda delantera. ruido al girar
G-ORIG-2420,1,Falla en sensor de oxigeno o mezcla rica,1,TRAIN,Olor a huevo podrido y Check Engine encendido. El auto tiene menos potencia.
G-ORIG-2421,1,Falla en sensor de oxigeno o mezcla rica,1,TRAIN,Olor a huevo podrido y Check Engine encendido. El auto tiene menos potencia. olor azufre check engine
G-ORIG-2422,1,Bateria descargada o bornes sulfatados,1,TRAIN,Al girar la llave no pasa absolutamente nada. Ni click ni luces del tablero.
G-ORIG-2423,1,Bateria descargada o bornes sulfatados,1,TRAIN,Al girar la llave no pasa absolutamente nada. Ni click ni luces del tablero. no arranca nada
G-ORIG-2424,2,Desgaste de pastillas y zapatas de freno,1,TRAIN,"Chillido agudo constante al frenar, incluso suave."
G-ORIG-2425,1,Desgaste de pastillas y zapatas de freno,1,TRAIN,"Chillido agudo constante al frenar, incluso suave. ruido chillido"
G-ORIG-2426,1,Falla en termostato o motoventilador de radiador,1,TRAIN,El motor tarda demasiado en llegar a temperatura normal. La aguja casi no sube.
G-ORIG-2427,1,Falla en termostato o motoventilador de radiador,1,TRAIN,El motor tarda demasiado en llegar a temperatura normal. La aguja casi no sube. tarda en calentar
G-ORIG-2428,1,Rodajes de caja mecanica o diferencial gastados,1,TRAIN,Aullido que aumenta con la velocidad y se hace más fuerte al doblar.
G-ORIG-2429,1,Rodajes de caja mecanica o diferencial gastados,1,TRAIN,Aullido que aumenta con la velocidad y se hace más fuerte al doblar. aullido en curva
G-ORIG-2430,1,Falla en bujias o bobinas de encendido (misfire),1,TRAIN,Pérdida de potencia y Check Engine. El auto se siente en modo de emergencia (limp mode).
G-ORIG-2431,1,Falla en bujias o bobinas de encendido (misfire),1,TRAIN,Pérdida de potencia y Check Engine. El auto se siente en modo de emergencia (limp mode). perdida potencia check engine
G-ORIG-2432,1,Cuerpo de aceleracion o valvula IAC sucia,1,TRAIN,Silbido agudo que aumenta con las rpm. A veces se escucha más en frío.
G-ORIG-2433,1,Cuerpo de aceleracion o valvula IAC sucia,1,TRAIN,Silbido agudo que aumenta con las rpm. A veces se escucha más en frío. silbido al acelerar
G-ORIG-2434,1,Falla en sensor de oxigeno o mezcla rica,1,DEV,Consumo de gasolina muy elevado y olor a gasolina alrededor del auto.
G-ORIG-2435,1,Falla en sensor de oxigeno o mezcla rica,1,DEV,Consumo de gasolina muy elevado y olor a gasolina alrededor del auto. consumo alto olor gasolina
G-ORIG-2436,1,Falla en bujias o bobinas de encendido (misfire),1,TRAIN,"El motor falla de forma intermitente, especialmente cuando está caliente y con carga."
G-ORIG-2437,1,Falla en bujias o bobinas de encendido (misfire),1,TRAIN,"El motor falla de forma intermitente, especialmente cuando está caliente y con carga. falla intermitente"
G-ORIG-2438,1,Falla en bombin o bomba hidraulica de embrague,1,DEV,Ruido de ronroneo solo cuando el embrague está pisado. Al soltarlo desaparece.
G-ORIG-2439,1,Falla en bombin o bomba hidraulica de embrague,1,TRAIN,Ruido de ronroneo solo cuando el embrague está pisado. Al soltarlo desaparece. ruido al pisar embrague
G-ORIG-2440,1,Alternador defectuoso o placa de diodos quemada,1,TRAIN,Las luces delanteras parpadean y la intensidad cambia mientras manejo.
G-ORIG-2441,1,Alternador defectuoso o placa de diodos quemada,1,TRAIN,Las luces delanteras parpadean y la intensidad cambia mientras manejo. parpadeo luces
G-ORIG-2442,1,Desgaste de pastillas y zapatas de freno,1,TRAIN,Al frenar el auto se va strongly hacia un lado.
G-ORIG-2443,1,Desgaste de pastillas y zapatas de freno,1,TRAIN,Al frenar el auto se va strongly hacia un lado. se va de lado
G-ORIG-2444,1,Falla en compresor de aire acondicionado o fuga de gas R134a,1,TRAIN,Sale olor a humedad o moho por las rejillas del A/C cuando se enciende.
G-ORIG-2445,1,Falla en compresor de aire acondicionado o fuga de gas R134a,1,TRAIN,Sale olor a humedad o moho por las rejillas del A/C cuando se enciende. olor moho
G-ORIG-2446,1,Cuerpo de aceleracion o valvula IAC sucia,1,DEV,El motor se queda acelerado (ralenti alto) después de soltar el acelerador.
G-ORIG-2447,1,Cuerpo de aceleracion o valvula IAC sucia,1,TRAIN,El motor se queda acelerado (ralenti alto) después de soltar el acelerador. ralenti alto
G-ORIG-2448,1,Faja o cadena de distribucion destensada o con salto de punto,1,TRAIN,Ruido metálico fuerte al arrancar en frío que dura varios segundos.
G-ORIG-2449,1,Faja o cadena de distribucion destensada o con salto de punto,1,TRAIN,Ruido metálico fuerte al arrancar en frío que dura varios segundos. ruido metalico en frio
G-ORIG-2450,1,Cremallera de direccion asistida con holgura o fuga,1,TRAIN,"La dirección está muy pesada, especialmente a baja velocidad."
G-ORIG-2451,1,Cremallera de direccion asistida con holgura o fuga,1,TRAIN,"La dirección está muy pesada, especialmente a baja velocidad. direccion pesada"
G-ORIG-2452,1,Llantas desbalanceadas o desalineadas,1,TRAIN,Vibración en el volante que aparece entre 90 y 110 km/h y luego disminuye.
G-ORIG-2453,1,Llantas desbalanceadas o desalineadas,1,TRAIN,Vibración en el volante que aparece entre 90 y 110 km/h y luego disminuye. vibracion volante
G-ORIG-2454,1,Bomba de gasolina quemada o con baja presion,1,TRAIN,"Se escucha un zumbido fuerte proveniente del tanque de gasolina, especialmente al acelerar."
G-ORIG-2455,1,Bomba de gasolina quemada o con baja presion,1,TRAIN,"Se escucha un zumbido fuerte proveniente del tanque de gasolina, especialmente al acelerar. zumbido tanque"
G-ORIG-2456,1,Falla en bujias o bobinas de encendido (misfire),1,TRAIN,"Check Engine con código de falla de un cilindro específico (P0301, P0302, etc.)."
G-ORIG-2457,1,Falla en bujias o bobinas de encendido (misfire),1,TRAIN,"Check Engine con código de falla de un cilindro específico (P0301, P0302, etc.). check engine P030X"
G-ORIG-2458,1,Empaque de culata soplado o danado,1,TRAIN,Humo blanco constante con olor dulce y baja el nivel de refrigerante.
G-ORIG-2459,1,Empaque de culata soplado o danado,1,TRAIN,Humo blanco constante con olor dulce y baja el nivel de refrigerante. humo blanco dulce
G-ORIG-2460,1,Bateria descargada o bornes sulfatados,1,TRAIN,"El motor de arranque suena lento y pesado, aunque la batería está nueva."
G-ORIG-2461,1,Bateria descargada o bornes sulfatados,1,TRAIN,"El motor de arranque suena lento y pesado, aunque la batería está nueva. arranque lento"
G-ORIG-2462,1,Discos de freno alabeados o desgastados,1,TRAIN,"El pedal de freno vibra cuando freno, pero el volante no."
G-ORIG-2463,1,Discos de freno alabeados o desgastados,1,TRAIN,"El pedal de freno vibra cuando freno, pero el volante no. pedal vibra"
G-ORIG-2464,1,Fuga en mangueras de refrigerante o radiador picado,1,TRAIN,Se pierde refrigerante y se ven manchas verdes o rojas debajo del auto.
G-ORIG-2465,1,Fuga en mangueras de refrigerante o radiador picado,1,DEV,Se pierde refrigerante y se ven manchas verdes o rojas debajo del auto. fugas refrigerante
G-ORIG-2466,1,Falla en sensor de oxigeno o mezcla rica,1,TRAIN,El auto entra en modo de falla (poca potencia) y se enciende el Check Engine.
G-ORIG-2467,1,Falla en sensor de oxigeno o mezcla rica,1,TRAIN,El auto entra en modo de falla (poca potencia) y se enciende el Check Engine. modo falla
G-ORIG-2468,1,Consumo de aceite por desgaste de anillos o retenes,1,TRAIN,El motor consume aceite pero no hay fugas visibles ni humo azul evidente.
G-ORIG-2469,1,Consumo de aceite por desgaste de anillos o retenes,1,TRAIN,El motor consume aceite pero no hay fugas visibles ni humo azul evidente. consumo aceite
G-ORIG-2470,1,Falta o degradacion de aceite de caja de cambios,1,TRAIN,"Cuesta meter las velocidades, especialmente la 1ra y la reversa en frío."
G-ORIG-2471,1,Falta o degradacion de aceite de caja de cambios,1,TRAIN,"Cuesta meter las velocidades, especialmente la 1ra y la reversa en frío. cuesta meter velocidades"
G-ORIG-2472,1,Rodajes de caja mecanica o diferencial gastados,1,TRAIN,"Ronroneo constante que aumenta con la velocidad, más notorio en carretera."
G-ORIG-2473,1,Rodajes de caja mecanica o diferencial gastados,1,TRAIN,"Ronroneo constante que aumenta con la velocidad, más notorio en carretera. ruido ronroneo"
G-ORIG-2474,1,Falla en bujias o bobinas de encendido (misfire),1,TRAIN,"Cuando el motor está caliente y acelero, se siente una vibración fuerte y pierde potencia. En frío casi no se nota."
G-ORIG-2475,1,Falla en bujias o bobinas de encendido (misfire),1,TRAIN,"Cuando el motor está caliente y acelero, se siente una vibración fuerte y pierde potencia. En frío casi no se nota. vibracion perdida potencia solo en caliente"
G-ORIG-2476,1,Inyectores sucios o filtro de combustible obstruido,1,DEV,"Arranca perfecto en frío. Después de usarlo y apagarlo 20-30 minutos, le cuesta mucho arrancar y huele a gasolina."
G-ORIG-2477,1,Inyectores sucios o filtro de combustible obstruido,1,TRAIN,"Arranca perfecto en frío. Después de usarlo y apagarlo 20-30 minutos, le cuesta mucho arrancar y huele a gasolina. arranque dificil olor gasolina solo en caliente"
G-ORIG-2478,1,Cuerpo de aceleracion o valvula IAC sucia,1,TRAIN,El auto tironea en aceleración suave y se enciende el Check Engine de forma intermitente.
G-ORIG-2479,1,Cuerpo de aceleracion o valvula IAC sucia,1,TRAIN,El auto tironea en aceleración suave y se enciende el Check Engine de forma intermitente. tironeo check engine
G-ORIG-2480,1,Baja presion de aceite o bomba de aceite defectuosa,1,DEV,"Ruido de golpeteo metálico al acelerar, más fuerte cuando el motor está caliente."
G-ORIG-2481,1,Baja presion de aceite o bomba de aceite defectuosa,1,TRAIN,"Ruido de golpeteo metálico al acelerar, más fuerte cuando el motor está caliente. ruido al acelerar"
G-ORIG-2482,1,Bateria descargada o bornes sulfatados,1,DEV,Al girar la llave solo hace un click fuerte y no arranca. Las luces del tablero están normales.
G-ORIG-2483,1,Bateria descargada o bornes sulfatados,1,DEV,Al girar la llave solo hace un click fuerte y no arranca. Las luces del tablero están normales. no arranca luces normales
G-ORIG-2484,1,Fuga hidraulica o aire en el sistema de frenos,1,DEV,El pedal de freno se siente esponjoso y hay que apretarlo más de lo normal para frenar bien.
G-ORIG-2485,1,Fuga hidraulica o aire en el sistema de frenos,1,TRAIN,El pedal de freno se siente esponjoso y hay que apretarlo más de lo normal para frenar bien. pedal blando
G-ORIG-2486,1,Falla en termostato o motoventilador de radiador,1,TRAIN,El motor se calienta solo en tráfico lento o detenido. En carretera la temperatura es normal.
G-ORIG-2487,1,Falla en termostato o motoventilador de radiador,1,TRAIN,El motor se calienta solo en tráfico lento o detenido. En carretera la temperatura es normal. sobrecalentamiento en trafico
G-ORIG-2488,1,Consumo de aceite por desgaste de anillos o retenes,1,TRAIN,Humo azul por el escape al acelerar y el motor consume aceite entre cambios.
G-ORIG-2489,1,Consumo de aceite por desgaste de anillos o retenes,1,TRAIN,Humo azul por el escape al acelerar y el motor consume aceite entre cambios. humo azul consumo aceite
G-ORIG-2490,1,Juntas homocineticas o palieres danados,1,TRAIN,"Chasquido o clic al girar el volante completamente, especialmente al estacionar."
G-ORIG-2491,1,Juntas homocineticas o palieres danados,1,TRAIN,"Chasquido o clic al girar el volante completamente, especialmente al estacionar. ruido al girar"
G-ORIG-2492,1,Llantas desbalanceadas o desalineadas,1,DEV,Vibración molesta en el volante solo entre 80 y 120 km/h.
G-ORIG-2493,1,Llantas desbalanceadas o desalineadas,1,TRAIN,Vibración molesta en el volante solo entre 80 y 120 km/h. vibracion 80 120 kmh
G-ORIG-2494,1,Bomba de gasolina quemada o con baja presion,1,TRAIN,Cuando el tanque está por debajo de la mitad el auto pierde fuerza y a veces se ahoga.
G-ORIG-2495,1,Bomba de gasolina quemada o con baja presion,1,TRAIN,Cuando el tanque está por debajo de la mitad el auto pierde fuerza y a veces se ahoga. perdida potencia tanque bajo
G-ORIG-2496,1,Falla en bujias o bobinas de encendido (misfire),1,DEV,El motor falla y se pone rough solo cuando hay lluvia o mucha humedad.
G-ORIG-2497,1,Falla en bujias o bobinas de encendido (misfire),1,TRAIN,El motor falla y se pone rough solo cuando hay lluvia o mucha humedad. falla humedad
G-ORIG-2498,1,Cuerpo de aceleracion o valvula IAC sucia,1,TRAIN,El ralentí sube y baja constantemente. A veces casi se apaga en semáforos.
G-ORIG-2499,1,Cuerpo de aceleracion o valvula IAC sucia,1,DEV,El ralentí sube y baja constantemente. A veces casi se apaga en semáforos. ralenti inestable
G-ORIG-2500,1,Faja o cadena de distribucion destensada o con salto de punto,1,DEV,Ruido de cadena o cascabeleo al arrancar en frío que dura unos segundos.
G-ORIG-2501,1,Faja o cadena de distribucion destensada o con salto de punto,1,TRAIN,Ruido de cadena o cascabeleo al arrancar en frío que dura unos segundos. ruido cadena
G-ORIG-2502,1,Disco de embrague desgastado o patinando,1,DEV,El embrague patina en marchas altas cuando se acelera con carga (subidas o con pasajeros).
G-ORIG-2503,1,Disco de embrague desgastado o patinando,1,TRAIN,El embrague patina en marchas altas cuando se acelera con carga (subidas o con pasajeros). patina
G-ORIG-2504,1,Alternador defectuoso o placa de diodos quemada,1,TRAIN,Las luces se ponen tenues y el voltaje baja mientras se maneja. A veces se apaga el radio.
G-ORIG-2505,1,Alternador defectuoso o placa de diodos quemada,1,DEV,Las luces se ponen tenues y el voltaje baja mientras se maneja. A veces se apaga el radio. voltaje bajo
G-ORIG-2506,1,Discos de freno alabeados o desgastados,1,DEV,"El pedal de freno vibra al frenar, pero el volante casi no se mueve."
G-ORIG-2507,1,Discos de freno alabeados o desgastados,1,DEV,"El pedal de freno vibra al frenar, pero el volante casi no se mueve. vibracion pedal"
G-ORIG-2508,1,Falla en compresor de aire acondicionado o fuga de gas R134a,1,TRAIN,El aire acondicionado deja de enfriar después de un rato de uso. El compresor se escucha trabajando.
G-ORIG-2509,1,Falla en compresor de aire acondicionado o fuga de gas R134a,1,DEV,El aire acondicionado deja de enfriar después de un rato de uso. El compresor se escucha trabajando. no enfria
G-ORIG-2510,1,Falla en termostato o motoventilador de radiador,1,TRAIN,En mañanas frías el auto tarda en arrancar y el ralentí está muy alto al principio.
G-ORIG-2511,1,Falla en termostato o motoventilador de radiador,1,TRAIN,En mañanas frías el auto tarda en arrancar y el ralentí está muy alto al principio. arranque dificil frio
G-ORIG-2512,1,Baja presion de aceite o bomba de aceite defectuosa,1,TRAIN,Ruido grave de golpeteo en la parte baja del motor que aumenta con las rpm. Se escucha más en caliente.
G-ORIG-2513,1,Baja presion de aceite o bomba de aceite defectuosa,1,TRAIN,Ruido grave de golpeteo en la parte baja del motor que aumenta con las rpm. Se escucha más en caliente. ruido grave
G-ORIG-2514,1,Bomba de gasolina quemada o con baja presion,1,TRAIN,Zumbido fuerte desde el tanque y pérdida de potencia en aceleraciones fuertes.
G-ORIG-2515,1,Bomba de gasolina quemada o con baja presion,1,TRAIN,Zumbido fuerte desde el tanque y pérdida de potencia en aceleraciones fuertes. zumbido perdida potencia
G-ORIG-2516,1,Falla en bujias o bobinas de encendido (misfire),1,TRAIN,Check Engine con código P0300 (falla aleatoria de cilindros) y el motor vibra.
G-ORIG-2517,1,Falla en bujias o bobinas de encendido (misfire),1,TRAIN,Check Engine con código P0300 (falla aleatoria de cilindros) y el motor vibra. check engine P0300
G-ORIG-2518,1,Amortiguadores reventados o bujes de suspension gastados,1,TRAIN,La dirección se siente floja y el auto no mantiene bien la línea recta.
G-ORIG-2519,1,Amortiguadores reventados o bujes de suspension gastados,1,DEV,La dirección se siente floja y el auto no mantiene bien la línea recta. direccion floja
G-ORIG-2520,1,Falla en sensor de oxigeno o mezcla rica,1,DEV,Olor fuerte a azufre (huevo podrido) especialmente en aceleración. Check Engine encendido.
G-ORIG-2521,1,Falla en sensor de oxigeno o mezcla rica,1,TRAIN,Olor fuerte a azufre (huevo podrido) especialmente en aceleración. Check Engine encendido. olor azufre
G-ORIG-2522,1,Alternador defectuoso o placa de diodos quemada,1,TRAIN,Las luces delanteras y del tablero parpadean de forma irregular mientras se maneja.
G-ORIG-2523,1,Alternador defectuoso o placa de diodos quemada,1,TRAIN,Las luces delanteras y del tablero parpadean de forma irregular mientras se maneja. parpadeo
G-ORIG-2524,1,Desgaste de pastillas y zapatas de freno,1,TRAIN,"Chillido agudo cada vez que se frena, incluso suave."
G-ORIG-2525,1,Desgaste de pastillas y zapatas de freno,1,DEV,"Chillido agudo cada vez que se frena, incluso suave. chillido"
G-ORIG-2526,1,Fuga en mangueras de refrigerante o radiador picado,1,TRAIN,Se pierde refrigerante y aparecen manchas debajo del auto. La temperatura se eleva poco a poco.
G-ORIG-2527,1,Fuga en mangueras de refrigerante o radiador picado,1,TRAIN,Se pierde refrigerante y aparecen manchas debajo del auto. La temperatura se eleva poco a poco. fugas
G-ORIG-2528,1,Rodajes de caja mecanica o diferencial gastados,1,TRAIN,Aullido constante que aumenta con la velocidad. Más notorio en carretera.
G-ORIG-2529,1,Rodajes de caja mecanica o diferencial gastados,1,TRAIN,Aullido constante que aumenta con la velocidad. Más notorio en carretera. aullido
G-ORIG-2530,1,Falla en bujias o bobinas de encendido (misfire),1,TRAIN,El auto entra en modo de emergencia (poca potencia) y se enciende el Check Engine.
G-ORIG-2531,1,Falla en bujias o bobinas de encendido (misfire),1,TRAIN,El auto entra en modo de emergencia (poca potencia) y se enciende el Check Engine. limp mode
G-ORIG-2532,1,Cuerpo de aceleracion o valvula IAC sucia,1,TRAIN,Silbido agudo que cambia con las revoluciones. A veces se escucha más al acelerar.
G-ORIG-2533,1,Cuerpo de aceleracion o valvula IAC sucia,1,TRAIN,Silbido agudo que cambia con las revoluciones. A veces se escucha más al acelerar. silbido
G-ORIG-2534,1,Falla en sensor de oxigeno o mezcla rica,1,TRAIN,Consumo de combustible muy elevado sin razón aparente. No hay códigos de falla.
G-ORIG-2535,1,Falla en sensor de oxigeno o mezcla rica,1,TRAIN,Consumo de combustible muy elevado sin razón aparente. No hay códigos de falla. consumo alto
G-ORIG-2536,1,Falla en bujias o bobinas de encendido (misfire),1,TRAIN,"El motor funciona bien en frío, pero cuando calienta empieza a fallar y vibrar."
G-ORIG-2537,1,Falla en bujias o bobinas de encendido (misfire),1,TRAIN,"El motor funciona bien en frío, pero cuando calienta empieza a fallar y vibrar. falla caliente"
G-ORIG-2538,1,Falla en bombin o bomba hidraulica de embrague,1,TRAIN,Ruido de ronroneo o zumbido únicamente cuando el pedal de embrague está pisado.
G-ORIG-2539,1,Falla en bombin o bomba hidraulica de embrague,1,TRAIN,Ruido de ronroneo o zumbido únicamente cuando el pedal de embrague está pisado. ruido embrague
G-ORIG-2540,1,Bateria descargada o bornes sulfatados,1,DEV,El arranque suena pesado y lento aunque la batería está cargada y es nueva.
G-ORIG-2541,1,Bateria descargada o bornes sulfatados,1,DEV,El arranque suena pesado y lento aunque la batería está cargada y es nueva. arranque pesado
G-ORIG-2542,1,Fuga hidraulica o aire en el sistema de frenos,1,TRAIN,Al frenar el auto se desvía hacia un lado de forma consistente.
G-ORIG-2543,1,Fuga hidraulica o aire en el sistema de frenos,1,TRAIN,Al frenar el auto se desvía hacia un lado de forma consistente. se va lado
G-ORIG-2544,1,Falla en compresor de aire acondicionado o fuga de gas R134a,1,TRAIN,Olor a moho o humedad fuerte cuando se enciende el A/C por primera vez.
G-ORIG-2545,1,Falla en compresor de aire acondicionado o fuga de gas R134a,1,DEV,Olor a moho o humedad fuerte cuando se enciende el A/C por primera vez. olor
G-ORIG-2546,1,Cuerpo de aceleracion o valvula IAC sucia,1,TRAIN,Después de soltar el acelerador el motor se queda en altas revoluciones varios segundos.
G-ORIG-2547,1,Cuerpo de aceleracion o valvula IAC sucia,1,TRAIN,Después de soltar el acelerador el motor se queda en altas revoluciones varios segundos. ralenti alto
G-ORIG-2548,1,Faja o cadena de distribucion destensada o con salto de punto,1,DEV,Ruido metálico fuerte solo al arrancar en frío. Desaparece al calentar.
G-ORIG-2549,1,Faja o cadena de distribucion destensada o con salto de punto,1,DEV,Ruido metálico fuerte solo al arrancar en frío. Desaparece al calentar. ruido frio
G-ORIG-2550,1,Cremallera de direccion asistida con holgura o fuga,1,TRAIN,La dirección está pesada a baja velocidad y mejora un poco en carretera.
G-ORIG-2551,1,Cremallera de direccion asistida con holgura o fuga,1,TRAIN,La dirección está pesada a baja velocidad y mejora un poco en carretera. pesada
G-ORIG-2552,1,Llantas desbalanceadas o desalineadas,1,DEV,Vibración en el volante que aparece a cierta velocidad y luego puede disminuir.
G-ORIG-2553,1,Llantas desbalanceadas o desalineadas,1,TRAIN,Vibración en el volante que aparece a cierta velocidad y luego puede disminuir. vibracion volante
G-ORIG-2554,1,Inyectores sucios o filtro de combustible obstruido,1,DEV,Al pisar fuerte el acelerador el auto se ahoga un momento y luego responde con un jalón.
G-ORIG-2555,1,Inyectores sucios o filtro de combustible obstruido,1,TRAIN,Al pisar fuerte el acelerador el auto se ahoga un momento y luego responde con un jalón. ahogo aceleracion
G-ORIG-2556,1,Falla en bujias o bobinas de encendido (misfire),1,TRAIN,"Código de falla de un solo cilindro (P0301, P0302...) y vibración notable."
G-ORIG-2557,1,Falla en bujias o bobinas de encendido (misfire),1,TRAIN,"Código de falla de un solo cilindro (P0301, P0302...) y vibración notable. P030X"
G-ORIG-2558,1,Empaque de culata soplado o danado,1,TRAIN,Humo blanco con olor dulce y el nivel de refrigerante baja sin fugas externas visibles.
G-ORIG-2559,1,Empaque de culata soplado o danado,1,TRAIN,Humo blanco con olor dulce y el nivel de refrigerante baja sin fugas externas visibles. humo blanco dulce
G-ORIG-2560,1,Bateria descargada o bornes sulfatados,1,TRAIN,"Al girar la llave no hay ninguna respuesta: ni luces, ni click, ni nada."
G-ORIG-2561,1,Bateria descargada o bornes sulfatados,1,TRAIN,"Al girar la llave no hay ninguna respuesta: ni luces, ni click, ni nada. nada al arrancar"
G-ORIG-2562,1,Discos de freno alabeados o desgastados,1,TRAIN,Vibración fuerte en el volante solo al frenar desde alta velocidad.
G-ORIG-2563,1,Discos de freno alabeados o desgastados,1,TRAIN,Vibración fuerte en el volante solo al frenar desde alta velocidad. vibracion alta velocidad
G-ORIG-2564,1,Falla en termostato o motoventilador de radiador,1,TRAIN,La aguja de temperatura sube muy lento y el calefactor casi no calienta.
G-ORIG-2565,1,Falla en termostato o motoventilador de radiador,1,TRAIN,La aguja de temperatura sube muy lento y el calefactor casi no calienta. calienta lento
G-ORIG-2566,1,Falla en sensor de oxigeno o mezcla rica,1,DEV,"Olor a gasolina, consumo alto y a veces humo negro. Check Engine encendido."
G-ORIG-2567,1,Falla en sensor de oxigeno o mezcla rica,1,TRAIN,"Olor a gasolina, consumo alto y a veces humo negro. Check Engine encendido. mezcla rica"
G-ORIG-2568,1,Consumo de aceite por desgaste de anillos o retenes,1,DEV,El motor baja el nivel de aceite pero no se ve humo azul ni fugas externas.
G-ORIG-2569,1,Consumo de aceite por desgaste de anillos o retenes,1,TRAIN,El motor baja el nivel de aceite pero no se ve humo azul ni fugas externas. consumo aceite sin humo
G-ORIG-2570,1,Falta o degradacion de aceite de caja de cambios,1,TRAIN,"Cuesta meter las marchas, especialmente en frío. Una vez caliente mejora un poco."
G-ORIG-2571,1,Falta o degradacion de aceite de caja de cambios,1,TRAIN,"Cuesta meter las marchas, especialmente en frío. Una vez caliente mejora un poco. dificultad cambios"
G-ORIG-2572,1,Rodajes de caja mecanica o diferencial gastados,1,TRAIN,Ronroneo o zumbido que aumenta claramente con la velocidad en carretera.
G-ORIG-2573,1,Rodajes de caja mecanica o diferencial gastados,1,TRAIN,Ronroneo o zumbido que aumenta claramente con la velocidad en carretera. ronroneo carretera
G-ORIG-2574,1,Falla en bujias o bobinas de encendido (misfire),1,TRAIN,Vibración notable y Check Engine con código P0300 (falla múltiple). El problema empeora en caliente.
G-ORIG-2575,1,Falla en bujias o bobinas de encendido (misfire),1,TRAIN,Vibración notable y Check Engine con código P0300 (falla múltiple). El problema empeora en caliente. vibracion check engine P0300
G-ORIG-2576,1,Inyectores sucios o filtro de combustible obstruido,1,TRAIN,"Después de manejar y dejar el auto 15-40 minutos, cuesta mucho arrancar y sale olor fuerte a gasolina."
G-ORIG-2577,1,Inyectores sucios o filtro de combustible obstruido,1,DEV,"Después de manejar y dejar el auto 15-40 minutos, cuesta mucho arrancar y sale olor fuerte a gasolina. arranque dificil caliente olor gasolina"
G-ORIG-2578,1,Cuerpo de aceleracion o valvula IAC sucia,1,TRAIN,Tironeo en aceleración parcial (no a fondo). Check Engine intermitente.
G-ORIG-2579,1,Cuerpo de aceleracion o valvula IAC sucia,1,TRAIN,Tironeo en aceleración parcial (no a fondo). Check Engine intermitente. tironeo parcial check engine
G-ORIG-2580,1,Falla de descarbonizacion e inyeccion directa GDI (acumulacion de carbon en valvulas),1,TRAIN,Cascabeleo o golpeteo metálico solo cuando el motor está caliente y se acelera con carga.
G-ORIG-2581,1,Falla de descarbonizacion e inyeccion directa GDI (acumulacion de carbon en valvulas),1,TRAIN,Cascabeleo o golpeteo metálico solo cuando el motor está caliente y se acelera con carga. cascabeleo caliente
G-ORIG-2582,1,Bateria descargada o bornes sulfatados,1,TRAIN,Al girar la llave solo se escucha un click seco y el motor no gira. Luces normales.
G-ORIG-2583,1,Bateria descargada o bornes sulfatados,1,TRAIN,Al girar la llave solo se escucha un click seco y el motor no gira. Luces normales. click sin arrancar
G-ORIG-2584,1,Fuga hidraulica o aire en el sistema de frenos,1,TRAIN,Pedal de freno esponjoso que se va bajando si se mantiene apretado.
G-ORIG-2585,1,Fuga hidraulica o aire en el sistema de frenos,1,DEV,Pedal de freno esponjoso que se va bajando si se mantiene apretado. pedal esponjoso
G-ORIG-2586,1,Falla en termostato o motoventilador de radiador,1,TRAIN,Temperatura sube en ciudad y tráfico. En carretera se mantiene normal. Ventilador parece no ayudar.
G-ORIG-2587,1,Falla en termostato o motoventilador de radiador,1,TRAIN,Temperatura sube en ciudad y tráfico. En carretera se mantiene normal. Ventilador parece no ayudar. calienta en ciudad
G-ORIG-2588,1,Consumo de aceite por desgaste de anillos o retenes,1,TRAIN,Humo azul más visible al acelerar y consumo de aceite elevado.
G-ORIG-2589,1,Consumo de aceite por desgaste de anillos o retenes,1,TRAIN,Humo azul más visible al acelerar y consumo de aceite elevado. humo azul aceleracion
G-ORIG-2590,1,Juntas homocineticas o palieres danados,1,TRAIN,Clic o chasquido claro al girar el volante a tope (estacionando).
G-ORIG-2591,1,Juntas homocineticas o palieres danados,1,TRAIN,Clic o chasquido claro al girar el volante a tope (estacionando). clic al girar
G-ORIG-2592,1,Llantas desbalanceadas o desalineadas,1,TRAIN,Vibración en volante que aparece alrededor de 90-110 km/h y luego puede bajar.
G-ORIG-2593,1,Llantas desbalanceadas o desalineadas,1,TRAIN,Vibración en volante que aparece alrededor de 90-110 km/h y luego puede bajar. vibracion rango
G-ORIG-2594,1,Bomba de gasolina quemada o con baja presion,1,TRAIN,Falta de potencia clara en subidas o con el auto cargado. Empeora con poca gasolina.
G-ORIG-2595,1,Bomba de gasolina quemada o con baja presion,1,TRAIN,Falta de potencia clara en subidas o con el auto cargado. Empeora con poca gasolina. falta potencia subidas
G-ORIG-2596,1,Falla en bujias o bobinas de encendido (misfire),1,TRAIN,"El motor funciona perfecto en seco, pero falla y se pone rough cuando llueve o hay humedad alta."
G-ORIG-2597,1,Falla en bujias o bobinas de encendido (misfire),1,TRAIN,"El motor funciona perfecto en seco, pero falla y se pone rough cuando llueve o hay humedad alta. falla solo lluvia"
G-ORIG-2598,1,Cuerpo de aceleracion o valvula IAC sucia,1,TRAIN,"Ralentí muy inestable, sube y baja, y a veces se apaga en semáforos."
G-ORIG-2599,1,Cuerpo de aceleracion o valvula IAC sucia,1,DEV,"Ralentí muy inestable, sube y baja, y a veces se apaga en semáforos. ralenti inestable apaga"
G-ORIG-2600,1,Faja o cadena de distribucion destensada o con salto de punto,1,TRAIN,Ruido fuerte de cadena al arrancar en frío. Dura 3-5 segundos y desaparece.
G-ORIG-2601,1,Faja o cadena de distribucion destensada o con salto de punto,1,DEV,Ruido fuerte de cadena al arrancar en frío. Dura 3-5 segundos y desaparece. ruido cadena frio
G-ORIG-2602,1,Disco de embrague desgastado o patinando,1,DEV,El embrague patina cuando se acelera fuerte con carga (subida o varios pasajeros).
G-ORIG-2603,1,Disco de embrague desgastado o patinando,1,TRAIN,El embrague patina cuando se acelera fuerte con carga (subida o varios pasajeros). patina con carga
G-ORIG-2604,1,Alternador defectuoso o placa de diodos quemada,1,TRAIN,Luces se ponen tenues y voltaje bajo solo mientras el auto está en marcha.
G-ORIG-2605,1,Alternador defectuoso o placa de diodos quemada,1,TRAIN,Luces se ponen tenues y voltaje bajo solo mientras el auto está en marcha. luces tenues manejo
G-ORIG-2606,1,Discos de freno alabeados o desgastados,1,TRAIN,Vibración fuerte en el pedal y volante únicamente al frenar desde alta velocidad.
G-ORIG-2607,1,Discos de freno alabeados o desgastados,1,TRAIN,Vibración fuerte en el pedal y volante únicamente al frenar desde alta velocidad. vibracion solo frenar
G-ORIG-2608,1,Falla en compresor de aire acondicionado o fuga de gas R134a,1,DEV,El A/C enfría bien al principio y después de 10-15 minutos deja de enfriar.
G-ORIG-2609,1,Falla en compresor de aire acondicionado o fuga de gas R134a,1,TRAIN,El A/C enfría bien al principio y después de 10-15 minutos deja de enfriar. enfria y deja
G-ORIG-2610,1,Falla en termostato o motoventilador de radiador,1,TRAIN,En frío extremo cuesta arrancar y el ralentí queda muy alto varios minutos.
G-ORIG-2611,1,Falla en termostato o motoventilador de radiador,1,DEV,En frío extremo cuesta arrancar y el ralentí queda muy alto varios minutos. arranque frio dificil
G-ORIG-2612,1,Baja presion de aceite o bomba de aceite defectuosa,1,DEV,Golpeteo grave y profundo en la parte baja del motor. Aumenta con las rpm. Muy preocupante.
G-ORIG-2613,1,Baja presion de aceite o bomba de aceite defectuosa,1,TRAIN,Golpeteo grave y profundo en la parte baja del motor. Aumenta con las rpm. Muy preocupante. golpeteo grave
G-ORIG-2614,1,Bomba de gasolina quemada o con baja presion,1,TRAIN,"Zumbido muy fuerte desde el área del tanque, especialmente al acelerar o con poca gasolina."
G-ORIG-2615,1,Bomba de gasolina quemada o con baja presion,1,DEV,"Zumbido muy fuerte desde el área del tanque, especialmente al acelerar o con poca gasolina. zumbido tanque fuerte"
G-ORIG-2616,1,Falla en bujias o bobinas de encendido (misfire),1,TRAIN,"Código específico de un cilindro (P0301, P0303, etc.) + vibración en ese cilindro."
G-ORIG-2617,1,Falla en bujias o bobinas de encendido (misfire),1,TRAIN,"Código específico de un cilindro (P0301, P0303, etc.) + vibración en ese cilindro. codigo P030X"
G-ORIG-2618,1,Amortiguadores reventados o bujes de suspension gastados,1,TRAIN,"La dirección se siente vagante, el auto no mantiene bien la trayectoria en recta."
G-ORIG-2619,1,Amortiguadores reventados o bujes de suspension gastados,1,TRAIN,"La dirección se siente vagante, el auto no mantiene bien la trayectoria en recta. direccion vagante"
G-ORIG-2620,1,Falla en sensor de oxigeno o mezcla rica,1,TRAIN,Olor intenso a huevo podrido (azufre) al acelerar. Check Engine suele estar encendido.
G-ORIG-2621,1,Falla en sensor de oxigeno o mezcla rica,1,TRAIN,Olor intenso a huevo podrido (azufre) al acelerar. Check Engine suele estar encendido. olor huevo podrido
G-ORIG-2622,1,Alternador defectuoso o placa de diodos quemada,1,TRAIN,Parpadeo irregular de luces delanteras y tablero mientras se maneja.
G-ORIG-2623,1,Alternador defectuoso o placa de diodos quemada,1,TRAIN,Parpadeo irregular de luces delanteras y tablero mientras se maneja. parpadeo irregular
G-ORIG-2624,1,Desgaste de pastillas y zapatas de freno,1,TRAIN,Chillido agudo constante al frenar (incluso suave). chillido constante
G-ORIG-2625,1,Fuga en mangueras de refrigerante o radiador picado,1,DEV,"Se pierde refrigerante de forma constante. No se ven fugas grandes, solo manchas."
G-ORIG-2626,1,Fuga en mangueras de refrigerante o radiador picado,1,DEV,"Se pierde refrigerante de forma constante. No se ven fugas grandes, solo manchas. perdida refrigerante"
G-ORIG-2627,1,Rodajes de caja mecanica o diferencial gastados,1,TRAIN,Aullido que crece claramente con la velocidad. Más evidente en carretera.
G-ORIG-2628,1,Rodajes de caja mecanica o diferencial gastados,1,TRAIN,Aullido que crece claramente con la velocidad. Más evidente en carretera. aullido velocidad
G-ORIG-2629,1,Falla en bujias o bobinas de encendido (misfire),1,TRAIN,Entra en modo de emergencia (potencia muy reducida) y Check Engine encendido.
G-ORIG-2630,1,Falla en bujias o bobinas de encendido (misfire),1,DEV,Entra en modo de emergencia (potencia muy reducida) y Check Engine encendido. modo emergencia
G-ORIG-2631,1,Cuerpo de aceleracion o valvula IAC sucia,1,TRAIN,Silbido agudo que varía con las revoluciones. Se escucha más al acelerar.
G-ORIG-2632,1,Cuerpo de aceleracion o valvula IAC sucia,1,TRAIN,Silbido agudo que varía con las revoluciones. Se escucha más al acelerar. silbido admision
G-ORIG-2633,1,Falla en sensor de oxigeno o mezcla rica,1,TRAIN,Consumo de gasolina mucho más alto de lo normal sin códigos de falla evidentes.
G-ORIG-2634,1,Falla en sensor de oxigeno o mezcla rica,1,TRAIN,Consumo de gasolina mucho más alto de lo normal sin códigos de falla evidentes. consumo elevado
G-ORIG-2635,1,Falla en bujias o bobinas de encendido (misfire),1,TRAIN,Funciona bien en frío. Cuando alcanza temperatura normal empieza a fallar y vibrar.
G-ORIG-2636,1,Falla en bujias o bobinas de encendido (misfire),1,TRAIN,Funciona bien en frío. Cuando alcanza temperatura normal empieza a fallar y vibrar. falla en caliente
G-ORIG-2637,1,Falla en bombin o bomba hidraulica de embrague,1,DEV,Ruido de zumbido o ronroneo que aparece solo cuando se pisa el embrague.
G-ORIG-2638,1,Falla en bombin o bomba hidraulica de embrague,1,DEV,Ruido de zumbido o ronroneo que aparece solo cuando se pisa el embrague. ruido solo pisado
G-ORIG-2639,1,Bateria descargada o bornes sulfatados,1,TRAIN,Arranque lento y pesado aunque la batería está en buen estado y bien cargada.
G-ORIG-2640,1,Bateria descargada o bornes sulfatados,1,DEV,Arranque lento y pesado aunque la batería está en buen estado y bien cargada. arranque lento bateria ok
G-ORIG-2641,1,Desgaste de pastillas y zapatas de freno,1,TRAIN,Al frenar el auto se desvía de forma consistente hacia un lado.
G-ORIG-2642,1,Desgaste de pastillas y zapatas de freno,1,TRAIN,Al frenar el auto se desvía de forma consistente hacia un lado. desvia al frenar
G-ORIG-2643,1,Falla en compresor de aire acondicionado o fuga de gas R134a,1,TRAIN,"Olor fuerte a moho o humedad al encender el A/C, especialmente los primeros minutos."
G-ORIG-2644,1,Falla en compresor de aire acondicionado o fuga de gas R134a,1,DEV,"Olor fuerte a moho o humedad al encender el A/C, especialmente los primeros minutos. olor moho fuerte"
G-ORIG-2645,1,Cuerpo de aceleracion o valvula IAC sucia,1,DEV,El motor se queda en ralentí alto varios segundos después de soltar el acelerador.
G-ORIG-2646,1,Cuerpo de aceleracion o valvula IAC sucia,1,TRAIN,El motor se queda en ralentí alto varios segundos después de soltar el acelerador. ralenti queda alto
G-ORIG-2647,1,Faja o cadena de distribucion destensada o con salto de punto,1,TRAIN,Ruido de cadena más largo de lo normal al arrancar en frío (más de 5 segundos).
G-ORIG-2648,1,Faja o cadena de distribucion destensada o con salto de punto,1,TRAIN,Ruido de cadena más largo de lo normal al arrancar en frío (más de 5 segundos). ruido cadena frio largo
G-ORIG-2649,1,Cremallera de direccion asistida con holgura o fuga,1,TRAIN,Dirección excesivamente pesada a baja velocidad. Mejora poco al ganar velocidad.
G-ORIG-2650,1,Cremallera de direccion asistida con holgura o fuga,1,TRAIN,Dirección excesivamente pesada a baja velocidad. Mejora poco al ganar velocidad. direccion muy pesada
G-ORIG-2651,1,Llantas desbalanceadas o desalineadas,1,TRAIN,Vibración clara en un rango de velocidad específico (ejemplo 95-115 km/h).
G-ORIG-2652,1,Llantas desbalanceadas o desalineadas,1,TRAIN,Vibración clara en un rango de velocidad específico (ejemplo 95-115 km/h). vibracion especifica
G-ORIG-2653,1,Inyectores sucios o filtro de combustible obstruido,1,TRAIN,Al acelerar fuerte se ahoga un instante y después pega un jalón. Más notorio en 1ra y 2da.
G-ORIG-2654,1,Inyectores sucios o filtro de combustible obstruido,1,TRAIN,Al acelerar fuerte se ahoga un instante y después pega un jalón. Más notorio en 1ra y 2da. ahogo y jalon
G-ORIG-2655,1,Falla en bujias o bobinas de encendido (misfire),1,TRAIN,Falla clara de un solo cilindro con código P030X correspondiente.
G-ORIG-2656,1,Falla en bujias o bobinas de encendido (misfire),1,DEV,Falla clara de un solo cilindro con código P030X correspondiente. falla un cilindro
G-ORIG-2657,1,Empaque de culata soplado o danado,1,TRAIN,Humo blanco constante con olor dulce. Baja el refrigerante sin fugas externas.
G-ORIG-2658,1,Empaque de culata soplado o danado,1,TRAIN,Humo blanco constante con olor dulce. Baja el refrigerante sin fugas externas. humo blanco olor dulce
G-ORIG-2659,1,Bateria descargada o bornes sulfatados,1,TRAIN,Al girar la llave no hay ninguna respuesta eléctrica (ni luces ni click).
G-ORIG-2660,1,Bateria descargada o bornes sulfatados,1,TRAIN,Al girar la llave no hay ninguna respuesta eléctrica (ni luces ni click). sin respuesta llave
G-ORIG-2661,1,Discos de freno alabeados o desgastados,1,TRAIN,Vibración intensa en volante y pedal al frenar desde más de 100 km/h.
G-ORIG-2662,1,Discos de freno alabeados o desgastados,1,TRAIN,Vibración intensa en volante y pedal al frenar desde más de 100 km/h. vibracion alta velocidad frenado
G-ORIG-2663,1,Falla en termostato o motoventilador de radiador,1,TRAIN,La temperatura del motor se mantiene muy baja y el calefactor casi no calienta.
G-ORIG-2664,1,Falla en termostato o motoventilador de radiador,1,TRAIN,La temperatura del motor se mantiene muy baja y el calefactor casi no calienta. temperatura muy baja
G-ORIG-2665,1,Falla en sensor de oxigeno o mezcla rica,1,TRAIN,"Olor a gasolina, posible humo negro y consumo alto. Check Engine frecuentemente encendido."
G-ORIG-2666,1,Falla en sensor de oxigeno o mezcla rica,1,TRAIN,"Olor a gasolina, posible humo negro y consumo alto. Check Engine frecuentemente encendido. mezcla rica humo"
G-ORIG-2667,1,Consumo de aceite por desgaste de anillos o retenes,1,TRAIN,Consumo de aceite notable pero el escape se mantiene limpio (sin humo azul evidente).
G-ORIG-2668,1,Consumo de aceite por desgaste de anillos o retenes,1,TRAIN,Consumo de aceite notable pero el escape se mantiene limpio (sin humo azul evidente). consumo aceite limpio
G-ORIG-2669,1,Falta o degradacion de aceite de caja de cambios,1,TRAIN,Los cambios están duros y difíciles solo en frío. Al calentar mejoran bastante.
G-ORIG-2670,1,Falta o degradacion de aceite de caja de cambios,1,DEV,Los cambios están duros y difíciles solo en frío. Al calentar mejoran bastante. cambios duros frio
G-ORIG-2671,1,Rodajes de caja mecanica o diferencial gastados,1,DEV,Ronroneo o zumbido que crece de forma proporcional a la velocidad del vehículo.
G-ORIG-2672,1,Rodajes de caja mecanica o diferencial gastados,1,TRAIN,Ronroneo o zumbido que crece de forma proporcional a la velocidad del vehículo. ronroneo creciente
G-ORIG-2673,1,Falla en bujias o bobinas de encendido (misfire),1,TRAIN,Vibración y pérdida de potencia al acelerar cuando el motor ya está caliente. En frío casi no se nota.
G-ORIG-2674,1,Falla en bujias o bobinas de encendido (misfire),1,TRAIN,Vibración y pérdida de potencia al acelerar cuando el motor ya está caliente. En frío casi no se nota. vibracion perdida potencia caliente
G-ORIG-2675,1,Inyectores sucios o filtro de combustible obstruido,1,TRAIN,"Arranca bien en frío. Después de calentar y apagarlo 20-40 min, cuesta mucho arrancar y huele fuerte a gasolina."
G-ORIG-2676,1,Inyectores sucios o filtro de combustible obstruido,1,TRAIN,"Arranca bien en frío. Después de calentar y apagarlo 20-40 min, cuesta mucho arrancar y huele fuerte a gasolina. arranque dificil olor gasolina caliente"
G-ORIG-2677,1,Cuerpo de aceleracion o valvula IAC sucia,1,DEV,Tironeo molesto en aceleración parcial (no a fondo). A veces enciende Check Engine.
G-ORIG-2678,1,Cuerpo de aceleracion o valvula IAC sucia,1,DEV,Tironeo molesto en aceleración parcial (no a fondo). A veces enciende Check Engine. tironeo aceleracion parcial
G-ORIG-2679,1,Falla de descarbonizacion e inyeccion directa GDI (acumulacion de carbon en valvulas),1,DEV,Cascabeleo metálico solo con el motor caliente y bajo carga.
G-ORIG-2680,1,Falla de descarbonizacion e inyeccion directa GDI (acumulacion de carbon en valvulas),1,TRAIN,Cascabeleo metálico solo con el motor caliente y bajo carga. cascabeleo caliente
G-ORIG-2681,1,Bateria descargada o bornes sulfatados,1,TRAIN,Solo hace click al girar la llave y no arranca. Luces del tablero normales.
G-ORIG-2682,1,Bateria descargada o bornes sulfatados,1,TRAIN,Solo hace click al girar la llave y no arranca. Luces del tablero normales. click sin arrancar
G-ORIG-2683,1,Fuga hidraulica o aire en el sistema de frenos,1,TRAIN,Pedal de freno esponjoso que se hunde si se mantiene presionado.
G-ORIG-2684,1,Fuga hidraulica o aire en el sistema de frenos,1,TRAIN,Pedal de freno esponjoso que se hunde si se mantiene presionado. pedal esponjoso
G-ORIG-2685,1,Falla en termostato o motoventilador de radiador,1,TRAIN,Se calienta solo en tráfico lento. En carretera la temperatura es normal.
G-ORIG-2686,1,Falla en termostato o motoventilador de radiador,1,DEV,Se calienta solo en tráfico lento. En carretera la temperatura es normal. calienta en ciudad
G-ORIG-2687,1,Consumo de aceite por desgaste de anillos o retenes,1,TRAIN,Humo azul al acelerar y consumo elevado de aceite.
G-ORIG-2688,1,Consumo de aceite por desgaste de anillos o retenes,1,TRAIN,Humo azul al acelerar y consumo elevado de aceite. humo azul consumo aceite
G-ORIG-2689,1,Juntas homocineticas o palieres danados,1,TRAIN,Clic claro al girar el volante a tope (maniobras de estacionamiento).
G-ORIG-2690,1,Juntas homocineticas o palieres danados,1,DEV,Clic claro al girar el volante a tope (maniobras de estacionamiento). clic al girar
G-ORIG-2691,1,Llantas desbalanceadas o desalineadas,1,TRAIN,Vibración en el volante entre 90 y 110 km/h aproximadamente.
G-ORIG-2692,1,Llantas desbalanceadas o desalineadas,1,TRAIN,Vibración en el volante entre 90 y 110 km/h aproximadamente. vibracion 90 110
G-ORIG-2693,1,Bomba de gasolina quemada o con baja presion,1,TRAIN,Falta de potencia evidente en subidas o con el auto cargado. Empeora con poca gasolina.
G-ORIG-2694,1,Bomba de gasolina quemada o con baja presion,1,TRAIN,Falta de potencia evidente en subidas o con el auto cargado. Empeora con poca gasolina. falta potencia subida
G-ORIG-2695,1,Falla en bujias o bobinas de encendido (misfire),1,TRAIN,Falla solo cuando hay lluvia o humedad alta. En seco funciona perfecto.
G-ORIG-2696,1,Falla en bujias o bobinas de encendido (misfire),1,DEV,Falla solo cuando hay lluvia o humedad alta. En seco funciona perfecto. falla humedad
G-ORIG-2697,1,Cuerpo de aceleracion o valvula IAC sucia,1,TRAIN,"Ralentí muy inestable, sube y baja, a veces se apaga en semáforos."
G-ORIG-2698,1,Cuerpo de aceleracion o valvula IAC sucia,1,TRAIN,"Ralentí muy inestable, sube y baja, a veces se apaga en semáforos. ralenti inestable"
G-ORIG-2699,1,Faja o cadena de distribucion destensada o con salto de punto,1,DEV,Ruido fuerte de cadena al arrancar en frío. Desaparece a los pocos segundos.
G-ORIG-2700,1,Faja o cadena de distribucion destensada o con salto de punto,1,TRAIN,Ruido fuerte de cadena al arrancar en frío. Desaparece a los pocos segundos. ruido cadena frio
G-ORIG-2701,1,Disco de embrague desgastado o patinando,1,TRAIN,El embrague patina al acelerar fuerte con carga (subidas o pasajeros).
G-ORIG-2702,1,Disco de embrague desgastado o patinando,1,TRAIN,El embrague patina al acelerar fuerte con carga (subidas o pasajeros). patina carga
G-ORIG-2703,1,Alternador defectuoso o placa de diodos quemada,1,TRAIN,Luces tenues y voltaje bajo solo mientras el vehículo está en marcha.
G-ORIG-2704,1,Alternador defectuoso o placa de diodos quemada,1,TRAIN,Luces tenues y voltaje bajo solo mientras el vehículo está en marcha. luces tenues marcha
G-ORIG-2705,2,Discos de freno alabeados o desgastados,1,TRAIN,Vibración fuerte en pedal y volante al frenar desde alta velocidad.
G-ORIG-2706,1,Discos de freno alabeados o desgastados,1,TRAIN,Vibración fuerte en pedal y volante al frenar desde alta velocidad. vibracion frenado
G-ORIG-2707,1,Falla en compresor de aire acondicionado o fuga de gas R134a,1,TRAIN,Enfría bien al inicio y después de rato deja de enfriar.
G-ORIG-2708,1,Falla en compresor de aire acondicionado o fuga de gas R134a,1,TRAIN,Enfría bien al inicio y después de rato deja de enfriar. enfria y para
G-ORIG-2709,1,Falla en termostato o motoventilador de radiador,1,TRAIN,En mañanas frías cuesta arrancar y el ralentí queda muy alto.
G-ORIG-2710,1,Falla en termostato o motoventilador de radiador,1,TRAIN,En mañanas frías cuesta arrancar y el ralentí queda muy alto. arranque frio
G-ORIG-2711,1,Baja presion de aceite o bomba de aceite defectuosa,1,DEV,Golpeteo grave y profundo en la parte baja del motor. Aumenta con rpm.
G-ORIG-2712,1,Baja presion de aceite o bomba de aceite defectuosa,1,TRAIN,Golpeteo grave y profundo en la parte baja del motor. Aumenta con rpm. golpeteo grave
G-ORIG-2713,1,Bomba de gasolina quemada o con baja presion,1,DEV,"Zumbido fuerte desde el tanque, especialmente al acelerar o con poca gasolina."
G-ORIG-2714,1,Bomba de gasolina quemada o con baja presion,1,DEV,"Zumbido fuerte desde el tanque, especialmente al acelerar o con poca gasolina. zumbido tanque"
G-ORIG-2715,1,Falla en bujias o bobinas de encendido (misfire),1,TRAIN,Código de falla de un cilindro específico + vibración.
G-ORIG-2716,1,Falla en bujias o bobinas de encendido (misfire),1,TRAIN,Código de falla de un cilindro específico + vibración. codigo P030X
G-ORIG-2717,1,Amortiguadores reventados o bujes de suspension gastados,1,TRAIN,"Dirección vagante, el auto no mantiene bien la línea recta."
G-ORIG-2718,1,Amortiguadores reventados o bujes de suspension gastados,1,TRAIN,"Dirección vagante, el auto no mantiene bien la línea recta. direccion vagante"
G-ORIG-2719,1,Falla en sensor de oxigeno o mezcla rica,1,TRAIN,Olor fuerte a huevo podrido al acelerar. Check Engine suele estar on.
G-ORIG-2720,1,Falla en sensor de oxigeno o mezcla rica,1,TRAIN,Olor fuerte a huevo podrido al acelerar. Check Engine suele estar on. olor azufre
G-ORIG-2721,1,Alternador defectuoso o placa de diodos quemada,1,TRAIN,Parpadeo irregular de luces delanteras y de tablero en marcha.
G-ORIG-2722,1,Alternador defectuoso o placa de diodos quemada,1,TRAIN,Parpadeo irregular de luces delanteras y de tablero en marcha. parpadeo luces
G-ORIG-2723,2,Desgaste de pastillas y zapatas de freno,1,TRAIN,Chillido agudo constante al frenar.
G-ORIG-2724,1,Desgaste de pastillas y zapatas de freno,1,TRAIN,Chillido agudo constante al frenar. chillido
G-ORIG-2725,1,Fuga en mangueras de refrigerante o radiador picado,1,TRAIN,Pérdida constante de refrigerante con manchas debajo del auto.
G-ORIG-2726,1,Fuga en mangueras de refrigerante o radiador picado,1,DEV,Pérdida constante de refrigerante con manchas debajo del auto. perdida refrigerante
G-ORIG-2727,2,Rodajes de caja mecanica o diferencial gastados,1,TRAIN,Aullido que aumenta claramente con la velocidad.
G-ORIG-2728,1,Rodajes de caja mecanica o diferencial gastados,1,DEV,Aullido que aumenta claramente con la velocidad. aullido
G-ORIG-2729,1,Falla en bujias o bobinas de encendido (misfire),1,TRAIN,Entra en modo de emergencia (poca potencia) + Check Engine.
G-ORIG-2730,1,Falla en bujias o bobinas de encendido (misfire),1,TRAIN,Entra en modo de emergencia (poca potencia) + Check Engine. modo emergencia
G-ORIG-2731,2,Cuerpo de aceleracion o valvula IAC sucia,1,DEV,Silbido agudo que varía con las revoluciones.
G-ORIG-2732,1,Cuerpo de aceleracion o valvula IAC sucia,1,TRAIN,Silbido agudo que varía con las revoluciones. silbido
G-ORIG-2733,1,Falla en sensor de oxigeno o mezcla rica,1,TRAIN,Consumo de gasolina mucho más alto de lo normal sin códigos claros.
G-ORIG-2734,1,Falla en sensor de oxigeno o mezcla rica,1,TRAIN,Consumo de gasolina mucho más alto de lo normal sin códigos claros. consumo alto
G-ORIG-2735,1,Falla en bujias o bobinas de encendido (misfire),1,TRAIN,"Funciona bien en frío, falla y vibra cuando calienta."
G-ORIG-2736,1,Falla en bujias o bobinas de encendido (misfire),1,TRAIN,"Funciona bien en frío, falla y vibra cuando calienta. falla caliente"
G-ORIG-2737,1,Falla en bombin o bomba hidraulica de embrague,1,TRAIN,Ruido de zumbido solo cuando el embrague está pisado.
G-ORIG-2738,1,Falla en bombin o bomba hidraulica de embrague,1,TRAIN,Ruido de zumbido solo cuando el embrague está pisado. ruido pisar embrague
G-ORIG-2739,1,Bateria descargada o bornes sulfatados,1,TRAIN,Arranque lento aunque la batería está buena.
G-ORIG-2740,1,Bateria descargada o bornes sulfatados,1,TRAIN,Arranque lento aunque la batería está buena. arranque lento
G-ORIG-2741,2,Fuga hidraulica o aire en el sistema de frenos,1,TRAIN,Al frenar el auto se desvía hacia un lado.
G-ORIG-2742,1,Fuga hidraulica o aire en el sistema de frenos,1,DEV,Al frenar el auto se desvía hacia un lado. desvia lado
G-ORIG-2743,2,Falla en compresor de aire acondicionado o fuga de gas R134a,1,TRAIN,Olor fuerte a moho al encender el A/C.
G-ORIG-2744,1,Falla en compresor de aire acondicionado o fuga de gas R134a,1,TRAIN,Olor fuerte a moho al encender el A/C. olor moho
G-ORIG-2745,1,Cuerpo de aceleracion o valvula IAC sucia,1,TRAIN,El motor se queda en ralentí alto varios segundos después de soltar el acelerador. ralenti alto
G-ORIG-2746,1,Faja o cadena de distribucion destensada o con salto de punto,1,TRAIN,Ruido de cadena más prolongado de lo normal al arrancar en frío.
G-ORIG-2747,1,Faja o cadena de distribucion destensada o con salto de punto,1,DEV,Ruido de cadena más prolongado de lo normal al arrancar en frío. ruido cadena largo
G-ORIG-2748,2,Cremallera de direccion asistida con holgura o fuga,1,DEV,Dirección muy pesada a baja velocidad.
G-ORIG-2749,1,Cremallera de direccion asistida con holgura o fuga,1,TRAIN,Dirección muy pesada a baja velocidad. direccion pesada
G-ORIG-2750,2,Llantas desbalanceadas o desalineadas,1,TRAIN,Vibración en un rango específico de velocidad.
G-ORIG-2751,1,Llantas desbalanceadas o desalineadas,1,TRAIN,Vibración en un rango específico de velocidad. vibracion rango
G-ORIG-2752,1,Inyectores sucios o filtro de combustible obstruido,1,TRAIN,Al acelerar fuerte se ahoga un momento y luego pega jalón.
G-ORIG-2753,1,Inyectores sucios o filtro de combustible obstruido,1,TRAIN,Al acelerar fuerte se ahoga un momento y luego pega jalón. ahogo jalon
G-ORIG-2754,1,Falla en bujias o bobinas de encendido (misfire),1,TRAIN,Falla clara de un solo cilindro con código P030X.
G-ORIG-2755,1,Falla en bujias o bobinas de encendido (misfire),1,DEV,Falla clara de un solo cilindro con código P030X. falla un cilindro
G-ORIG-2756,1,Empaque de culata soplado o danado,1,TRAIN,Humo blanco con olor dulce + baja refrigerante sin fugas externas.
G-ORIG-2757,1,Empaque de culata soplado o danado,1,TRAIN,Humo blanco con olor dulce + baja refrigerante sin fugas externas. humo blanco dulce
G-ORIG-2758,1,Bateria descargada o bornes sulfatados,1,TRAIN,Al girar la llave no hay ninguna respuesta (ni luces ni click).
G-ORIG-2759,1,Bateria descargada o bornes sulfatados,1,TRAIN,Al girar la llave no hay ninguna respuesta (ni luces ni click). sin respuesta
G-ORIG-2760,2,Discos de freno alabeados o desgastados,1,TRAIN,Vibración intensa al frenar desde alta velocidad.
G-ORIG-2761,1,Discos de freno alabeados o desgastados,1,TRAIN,Vibración intensa al frenar desde alta velocidad. vibracion alta
G-ORIG-2762,1,Falla en termostato o motoventilador de radiador,1,TRAIN,Temperatura del motor se mantiene muy baja + calefactor débil.
G-ORIG-2763,1,Falla en termostato o motoventilador de radiador,1,TRAIN,Temperatura del motor se mantiene muy baja + calefactor débil. temperatura baja
G-ORIG-2764,1,Falla en sensor de oxigeno o mezcla rica,1,TRAIN,"Olor a gasolina, posible humo negro y consumo alto."
G-ORIG-2765,1,Falla en sensor de oxigeno o mezcla rica,1,TRAIN,"Olor a gasolina, posible humo negro y consumo alto. mezcla rica"
G-ORIG-2766,2,Consumo de aceite por desgaste de anillos o retenes,1,TRAIN,Consumo de aceite sin humo azul evidente.
G-ORIG-2767,1,Consumo de aceite por desgaste de anillos o retenes,1,DEV,Consumo de aceite sin humo azul evidente. consumo aceite sin humo
G-ORIG-2768,1,Falta o degradacion de aceite de caja de cambios,1,TRAIN,Cambios duros solo en frío. Mejoran al calentar.
G-ORIG-2769,1,Falta o degradacion de aceite de caja de cambios,1,DEV,Cambios duros solo en frío. Mejoran al calentar. cambios duros frio
G-ORIG-2770,1,Rodajes de caja mecanica o diferencial gastados,1,TRAIN,Ronroneo que crece proporcional a la velocidad.
G-ORIG-2771,1,Rodajes de caja mecanica o diferencial gastados,1,TRAIN,Ronroneo que crece proporcional a la velocidad. ronroneo
G-ORIG-2772,1,Falla en bujias o bobinas de encendido (misfire),1,TRAIN,Vibración fuerte solo en ralentí. Mejora al acelerar.
G-ORIG-2773,1,Falla en bujias o bobinas de encendido (misfire),1,TRAIN,Vibración fuerte solo en ralentí. Mejora al acelerar. vibracion ralenti
G-ORIG-2774,1,Bomba de gasolina quemada o con baja presion,1,TRAIN,"Pérdida de potencia intermitente, más notoria con el tanque por debajo de la mitad."
G-ORIG-2775,1,Bomba de gasolina quemada o con baja presion,1,TRAIN,"Pérdida de potencia intermitente, más notoria con el tanque por debajo de la mitad. perdida potencia intermitente"
G-ORIG-2776,1,Cuerpo de aceleracion o valvula IAC sucia,1,TRAIN,Check Engine con código de mezcla pobre (P0171/P0174).
G-ORIG-2777,1,Cuerpo de aceleracion o valvula IAC sucia,1,TRAIN,Check Engine con código de mezcla pobre (P0171/P0174). check engine P0171
G-ORIG-2778,1,Baja presion de aceite o bomba de aceite defectuosa,1,TRAIN,Ruido de taqués (tic-tic) más fuerte en frío y disminuye un poco en caliente.
G-ORIG-2779,1,Baja presion de aceite o bomba de aceite defectuosa,1,TRAIN,Ruido de taqués (tic-tic) más fuerte en frío y disminuye un poco en caliente. ruido lifters
G-ORIG-2780,1,Alternador defectuoso o placa de diodos quemada,1,TRAIN,Luz de batería encendida en el tablero mientras se maneja.
G-ORIG-2781,1,Alternador defectuoso o placa de diodos quemada,1,TRAIN,Luz de batería encendida en el tablero mientras se maneja. bateria no carga
G-ORIG-2782,1,Falla en servofreno (booster) o linea de vacio,1,TRAIN,"Pedal de freno muy alto y duro, poca potencia de frenado."
G-ORIG-2783,1,Falla en servofreno (booster) o linea de vacio,1,DEV,"Pedal de freno muy alto y duro, poca potencia de frenado. pedal alto duro"
G-ORIG-2784,1,Falla en termostato o motoventilador de radiador,1,DEV,El motor se sobrecalienta rápidamente después de arrancar.
G-ORIG-2785,1,Falla en termostato o motoventilador de radiador,1,DEV,El motor se sobrecalienta rápidamente después de arrancar. sobrecalentamiento rapido
G-ORIG-2786,2,Inyectores sucios o filtro de combustible obstruido,1,TRAIN,Humo negro constante y consumo elevado.
G-ORIG-2787,1,Inyectores sucios o filtro de combustible obstruido,1,TRAIN,Humo negro constante y consumo elevado. humo negro constante
G-ORIG-2788,2,Amortiguadores reventados o bujes de suspension gastados,1,TRAIN,Golpeteo fuerte en la parte delantera al pasar topes.
G-ORIG-2789,1,Amortiguadores reventados o bujes de suspension gastados,1,TRAIN,Golpeteo fuerte en la parte delantera al pasar topes. golpeteo topes
G-ORIG-2790,1,Llantas desbalanceadas o desalineadas,1,DEV,Vibración constante en el volante a partir de cierta velocidad.
G-ORIG-2791,1,Llantas desbalanceadas o desalineadas,1,DEV,Vibración constante en el volante a partir de cierta velocidad. vibracion volante constante
G-ORIG-2792,1,Falla en sensor de oxigeno o mezcla rica,1,TRAIN,Olor a gasolina alrededor del auto incluso cuando está apagado.
G-ORIG-2793,1,Falla en sensor de oxigeno o mezcla rica,1,TRAIN,Olor a gasolina alrededor del auto incluso cuando está apagado. olor gasolina exterior
G-ORIG-2794,1,Falla en bujias o bobinas de encendido (misfire),1,TRAIN,Falla intermitente que aparece solo cuando el motor está completamente caliente.
G-ORIG-2795,1,Falla en bujias o bobinas de encendido (misfire),1,DEV,Falla intermitente que aparece solo cuando el motor está completamente caliente. falla intermitente caliente
G-ORIG-2796,1,Cuerpo de aceleracion o valvula IAC sucia,1,TRAIN,El auto tarda en responder al acelerador (sensación de delay).
G-ORIG-2797,1,Cuerpo de aceleracion o valvula IAC sucia,1,TRAIN,El auto tarda en responder al acelerador (sensación de delay). aceleracion retrasada
G-ORIG-2798,1,Faja o cadena de distribucion destensada o con salto de punto,1,DEV,Chillido de correa al arrancar en frío o en días húmedos.
G-ORIG-2799,1,Faja o cadena de distribucion destensada o con salto de punto,1,TRAIN,Chillido de correa al arrancar en frío o en días húmedos. ruido correa
G-ORIG-2800,1,Disco de embrague desgastado o patinando,1,TRAIN,Vibración al momento de soltar el embrague para arrancar.
G-ORIG-2801,1,Disco de embrague desgastado o patinando,1,TRAIN,Vibración al momento de soltar el embrague para arrancar. vibracion embrague
G-ORIG-2802,1,Falla electrica del cierre centralizado o actuador de puerta,1,TRAIN,Se queman fusibles de forma repetida en un mismo circuito.
G-ORIG-2803,1,Falla electrica del cierre centralizado o actuador de puerta,1,TRAIN,Se queman fusibles de forma repetida en un mismo circuito. fusibles queman
G-ORIG-2804,2,Desgaste de pastillas y zapatas de freno,1,TRAIN,Ruido de metal contra metal al frenar.
G-ORIG-2805,1,Desgaste de pastillas y zapatas de freno,1,TRAIN,Ruido de metal contra metal al frenar. ruido metal metal
G-ORIG-2806,1,Falla en compresor de aire acondicionado o fuga de gas R134a,1,DEV,El compresor del A/C no prende nunca.
G-ORIG-2807,1,Falla en compresor de aire acondicionado o fuga de gas R134a,1,DEV,El compresor del A/C no prende nunca. compresor no prende
G-ORIG-2808,1,Falla en sensor de oxigeno o mezcla rica,1,DEV,Check Engine con código P0420 (eficiencia de catalizador).
G-ORIG-2809,1,Falla en sensor de oxigeno o mezcla rica,1,TRAIN,Check Engine con código P0420 (eficiencia de catalizador). codigo P0420
G-ORIG-2810,1,Baja presion de aceite o bomba de aceite defectuosa,1,TRAIN,Fuga de aceite visible en la parte baja o delantera del motor.
G-ORIG-2811,1,Baja presion de aceite o bomba de aceite defectuosa,1,DEV,Fuga de aceite visible en la parte baja o delantera del motor. fuga aceite
G-ORIG-2812,1,Bomba de gasolina quemada o con baja presion,1,TRAIN,El auto se ahoga en aceleraciones fuertes y tiene poca potencia en alta.
G-ORIG-2813,1,Bomba de gasolina quemada o con baja presion,1,TRAIN,El auto se ahoga en aceleraciones fuertes y tiene poca potencia en alta. presion baja
G-ORIG-2814,1,Falla en bujias o bobinas de encendido (misfire),1,TRAIN,Falla y vibración que mejora al mover los cables de bujía.
G-ORIG-2815,1,Falla en bujias o bobinas de encendido (misfire),1,DEV,Falla y vibración que mejora al mover los cables de bujía. cables bujia
G-ORIG-2816,1,Cremallera de direccion asistida con holgura o fuga,1,TRAIN,"Ruido de quejido al girar el volante, más en frío."
G-ORIG-2817,1,Cremallera de direccion asistida con holgura o fuga,1,DEV,"Ruido de quejido al girar el volante, más en frío. ruido direccion"
G-ORIG-2818,2,Falla en sensor de oxigeno o mezcla rica,1,TRAIN,El escape se escucha mucho más fuerte de lo normal.
G-ORIG-2819,1,Falla en sensor de oxigeno o mezcla rica,1,TRAIN,El escape se escucha mucho más fuerte de lo normal. sonido escape fuerte
G-ORIG-2820,1,Alternador defectuoso o placa de diodos quemada,1,DEV,El radio y otros sistemas se apagan o reinician mientras se maneja.
G-ORIG-2821,1,Alternador defectuoso o placa de diodos quemada,1,TRAIN,El radio y otros sistemas se apagan o reinician mientras se maneja. radio se apaga
G-ORIG-2822,1,Falla en sensor de velocidad de rueda ABS,1,TRAIN,Se enciende la luz de ABS sin razón aparente.
G-ORIG-2823,1,Falla en sensor de velocidad de rueda ABS,1,TRAIN,Se enciende la luz de ABS sin razón aparente. abs enciende
G-ORIG-2824,1,Falla en termostato o motoventilador de radiador,1,TRAIN,El ventilador del radiador está siempre encendido.
G-ORIG-2825,1,Falla en termostato o motoventilador de radiador,1,TRAIN,El ventilador del radiador está siempre encendido. ventilador siempre on
G-ORIG-2826,1,Llantas desbalanceadas o desalineadas,1,TRAIN,Desgaste irregular de las llantas (de un solo lado o en forma de dientes).
G-ORIG-2827,1,Llantas desbalanceadas o desalineadas,1,TRAIN,Desgaste irregular de las llantas (de un solo lado o en forma de dientes). desgaste irregular
G-ORIG-2828,1,Cuerpo de aceleracion o valvula IAC sucia,1,TRAIN,Código P0300 pero no se siente falla evidente de cilindro.
G-ORIG-2829,1,Cuerpo de aceleracion o valvula IAC sucia,1,TRAIN,Código P0300 pero no se siente falla evidente de cilindro. codigo P0300 sin falla clara
G-ORIG-2830,1,Consumo de aceite por desgaste de anillos o retenes,1,TRAIN,Pérdida de potencia general y consumo de aceite. Prueba de compresión baja en un cilindro.
G-ORIG-2831,1,Consumo de aceite por desgaste de anillos o retenes,1,TRAIN,Pérdida de potencia general y consumo de aceite. Prueba de compresión baja en un cilindro. compresion baja
G-ORIG-2832,1,Falla en sensor de oxigeno o mezcla rica,1,TRAIN,Olor fuerte a vapores de gasolina dentro y fuera del auto.
G-ORIG-2833,1,Falla en sensor de oxigeno o mezcla rica,1,TRAIN,Olor fuerte a vapores de gasolina dentro y fuera del auto. vapores gasolina
G-ORIG-2834,1,Falla en bujias o bobinas de encendido (misfire),1,TRAIN,Falla general de encendido sin códigos de cilindro específico.
G-ORIG-2835,1,Falla en bujias o bobinas de encendido (misfire),1,TRAIN,Falla general de encendido sin códigos de cilindro específico. modulo encendido
G-ORIG-2836,1,Disco de embrague desgastado o patinando,1,TRAIN,Patina ligeramente en 4ta y 5ta a alta velocidad.
G-ORIG-2837,1,Disco de embrague desgastado o patinando,1,TRAIN,Patina ligeramente en 4ta y 5ta a alta velocidad. patina suave
G-ORIG-2838,1,Bateria descargada o bornes sulfatados,1,DEV,A veces arranca normal y a veces solo hace click.
G-ORIG-2839,1,Bateria descargada o bornes sulfatados,1,DEV,A veces arranca normal y a veces solo hace click. arranque intermitente
G-ORIG-2840,2,Desgaste de pastillas y zapatas de freno,1,TRAIN,El freno de mano no sostiene el auto en pendientes.
G-ORIG-2841,1,Desgaste de pastillas y zapatas de freno,1,TRAIN,El freno de mano no sostiene el auto en pendientes. freno mano no sostiene
G-ORIG-2842,2,Falla en compresor de aire acondicionado o fuga de gas R134a,1,TRAIN,El A/C enfria muy poco aunque el compresor trabaja.
G-ORIG-2843,1,Falla en compresor de aire acondicionado o fuga de gas R134a,1,TRAIN,El A/C enfria muy poco aunque el compresor trabaja. enfria poco
G-ORIG-2844,1,Falla en bujias o bobinas de encendido (misfire),1,DEV,Check Engine + a veces no arranca o arranca con dificultad.
G-ORIG-2845,1,Falla en bujias o bobinas de encendido (misfire),1,TRAIN,Check Engine + a veces no arranca o arranca con dificultad. sensor arbol levas
G-ORIG-2846,1,Fuga en mangueras de refrigerante o radiador picado,1,TRAIN,Ruido de rodamientos o silbido proveniente de la bomba de agua.
G-ORIG-2847,1,Fuga en mangueras de refrigerante o radiador picado,1,DEV,Ruido de rodamientos o silbido proveniente de la bomba de agua. ruido bomba agua
G-ORIG-2848,2,Llantas desbalanceadas o desalineadas,1,TRAIN,El auto se desvía solo hacia un lado en carretera recta.
G-ORIG-2849,1,Llantas desbalanceadas o desalineadas,1,TRAIN,El auto se desvía solo hacia un lado en carretera recta. auto se desvia
G-ORIG-2850,2,Llantas desbalanceadas o desalineadas,1,TRAIN,Golpe o ruido rítmico que aumenta con la velocidad.
G-ORIG-2851,1,Llantas desbalanceadas o desalineadas,1,TRAIN,Golpe o ruido rítmico que aumenta con la velocidad. golpe en llanta
G-ORIG-2852,1,Inyectores sucios o filtro de combustible obstruido,1,TRAIN,Pérdida progresiva de potencia y a veces se apaga en marcha.
G-ORIG-2853,1,Inyectores sucios o filtro de combustible obstruido,1,TRAIN,Pérdida progresiva de potencia y a veces se apaga en marcha. filtro tapado
G-ORIG-2854,1,Falla en bujias o bobinas de encendido (misfire),1,TRAIN,Vibración y falla después de cambiar bujías (si se instalaron incorrectas).
G-ORIG-2855,1,Falla en bujias o bobinas de encendido (misfire),1,TRAIN,Vibración y falla después de cambiar bujías (si se instalaron incorrectas). bujias incorrectas
G-ORIG-2856,1,Consumo de aceite por desgaste de anillos o retenes,1,TRAIN,Consumo de aceite + presión excesiva en el motor (empaques empujan aceite).
G-ORIG-2857,1,Consumo de aceite por desgaste de anillos o retenes,1,TRAIN,Consumo de aceite + presión excesiva en el motor (empaques empujan aceite). PCV falla
G-ORIG-2858,1,Falla electrica del cierre centralizado o actuador de puerta,1,TRAIN,"Fallas eléctricas intermitentes (luces, sensores, etc.)."
G-ORIG-2859,1,Falla electrica del cierre centralizado o actuador de puerta,1,DEV,"Fallas eléctricas intermitentes (luces, sensores, etc.). cortocircuito intermitente"
G-ORIG-2860,1,Desgaste de pastillas y zapatas de freno,1,TRAIN,Luz de freno encendida y nivel de líquido bajo sin fugas visibles.
G-ORIG-2861,1,Desgaste de pastillas y zapatas de freno,1,DEV,Luz de freno encendida y nivel de líquido bajo sin fugas visibles. liquido freno bajo
G-ORIG-2862,1,Fuga en mangueras de refrigerante o radiador picado,1,TRAIN,El sistema pierde presión y se calienta. Se ve refrigerante en el depósito de expansión.
G-ORIG-2863,1,Fuga en mangueras de refrigerante o radiador picado,1,TRAIN,El sistema pierde presión y se calienta. Se ve refrigerante en el depósito de expansión. tapa radiador
G-ORIG-2864,1,Falla en sensor de oxigeno o mezcla rica,1,TRAIN,"Tironeo, consumo alto y a veces códigos de mezcla."
G-ORIG-2865,1,Falla en sensor de oxigeno o mezcla rica,1,TRAIN,"Tironeo, consumo alto y a veces códigos de mezcla. MAF sucio"
G-ORIG-2866,1,Baja presion de aceite o bomba de aceite defectuosa,1,TRAIN,Fuga de aceite en la parte superior del motor (cerca de las tapas de punterías).
G-ORIG-2867,1,Baja presion de aceite o bomba de aceite defectuosa,1,TRAIN,Fuga de aceite en la parte superior del motor (cerca de las tapas de punterías). empaque punta cabeza
G-ORIG-2868,2,Falla en bombin o bomba hidraulica de embrague,1,DEV,Ruido en punto muerto que desaparece al pisar el embrague.
G-ORIG-2869,1,Falla en bombin o bomba hidraulica de embrague,1,TRAIN,Ruido en punto muerto que desaparece al pisar el embrague. ruido en punto muerto
G-ORIG-2870,1,Llantas desbalanceadas o desalineadas,1,TRAIN,Vibración que se siente más en el asiento que en el volante a cierta velocidad.
G-ORIG-2871,1,Llantas desbalanceadas o desalineadas,1,TRAIN,Vibración que se siente más en el asiento que en el volante a cierta velocidad. balanceo dinamico
G-ORIG-2872,1,Falla en bujias o bobinas de encendido (misfire),1,TRAIN,Vibración y pérdida de potencia que aparece solo cuando el motor está completamente caliente.
G-ORIG-2873,1,Falla en bujias o bobinas de encendido (misfire),1,TRAIN,Vibración y pérdida de potencia que aparece solo cuando el motor está completamente caliente. vibracion caliente perdida potencia
G-ORIG-2874,1,Inyectores sucios o filtro de combustible obstruido,1,TRAIN,"Después de calentar y apagar el auto, al rato cuesta mucho arrancar y sale olor fuerte a gasolina."
G-ORIG-2875,1,Inyectores sucios o filtro de combustible obstruido,1,TRAIN,"Después de calentar y apagar el auto, al rato cuesta mucho arrancar y sale olor fuerte a gasolina. arranque dificil caliente olor gasolina"
G-ORIG-2876,1,Cuerpo de aceleracion o valvula IAC sucia,1,DEV,Tironeo en aceleraciones suaves y medias. A veces Check Engine intermitente.
G-ORIG-2877,1,Cuerpo de aceleracion o valvula IAC sucia,1,TRAIN,Tironeo en aceleraciones suaves y medias. A veces Check Engine intermitente. tironeo aceleracion suave
G-ORIG-2878,1,Falla de descarbonizacion e inyeccion directa GDI (acumulacion de carbon en valvulas),1,TRAIN,Cascabeleo metálico cuando se acelera con carga y el motor está caliente.
G-ORIG-2879,1,Falla de descarbonizacion e inyeccion directa GDI (acumulacion de carbon en valvulas),1,DEV,Cascabeleo metálico cuando se acelera con carga y el motor está caliente. cascabeleo carga
G-ORIG-2880,1,Bateria descargada o bornes sulfatados,1,TRAIN,Solo hace un click fuerte al intentar arrancar. Luces normales.
G-ORIG-2881,1,Bateria descargada o bornes sulfatados,1,TRAIN,Solo hace un click fuerte al intentar arrancar. Luces normales. click arranque
G-ORIG-2882,1,Fuga hidraulica o aire en el sistema de frenos,1,TRAIN,El pedal de freno se hunde poco a poco si se mantiene presionado.
G-ORIG-2883,1,Fuga hidraulica o aire en el sistema de frenos,1,TRAIN,El pedal de freno se hunde poco a poco si se mantiene presionado. pedal hunde
G-ORIG-2884,1,Falla en termostato o motoventilador de radiador,1,TRAIN,Se calienta solo en tráfico lento o detenido. En movimiento la temperatura baja.
G-ORIG-2885,1,Falla en termostato o motoventilador de radiador,1,TRAIN,Se calienta solo en tráfico lento o detenido. En movimiento la temperatura baja. calienta trafico
G-ORIG-2886,1,Consumo de aceite por desgaste de anillos o retenes,1,DEV,Humo azul más notorio al acelerar + consumo de aceite.
G-ORIG-2887,1,Consumo de aceite por desgaste de anillos o retenes,1,TRAIN,Humo azul más notorio al acelerar + consumo de aceite. humo azul acelerar
G-ORIG-2888,1,Juntas homocineticas o palieres danados,1,TRAIN,Clic o chasquido al girar completamente el volante en maniobras de estacionamiento.
G-ORIG-2889,1,Juntas homocineticas o palieres danados,1,TRAIN,Clic o chasquido al girar completamente el volante en maniobras de estacionamiento. clic estacionar
G-ORIG-2890,1,Llantas desbalanceadas o desalineadas,1,TRAIN,Vibración en el volante solo en un rango específico de velocidad (ej. 95-120 km/h).
G-ORIG-2891,1,Llantas desbalanceadas o desalineadas,1,TRAIN,Vibración en el volante solo en un rango específico de velocidad (ej. 95-120 km/h). vibracion rango velocidad
G-ORIG-2892,1,Bomba de gasolina quemada o con baja presion,1,TRAIN,Falta clara de fuerza en subidas y con el vehículo cargado. Empeora con poca gasolina.
G-ORIG-2893,1,Bomba de gasolina quemada o con baja presion,1,TRAIN,Falta clara de fuerza en subidas y con el vehículo cargado. Empeora con poca gasolina. falta fuerza subidas
G-ORIG-2894,1,Falla en bujias o bobinas de encendido (misfire),1,TRAIN,El motor falla y se pone inestable solo cuando llueve o hay alta humedad.
G-ORIG-2895,1,Falla en bujias o bobinas de encendido (misfire),1,TRAIN,El motor falla y se pone inestable solo cuando llueve o hay alta humedad. falla lluvia
G-ORIG-2896,1,Cuerpo de aceleracion o valvula IAC sucia,1,DEV,Ralentí irregular que sube y baja. A veces se apaga en detenido.
G-ORIG-2897,1,Cuerpo de aceleracion o valvula IAC sucia,1,TRAIN,Ralentí irregular que sube y baja. A veces se apaga en detenido. ralenti irregular
G-ORIG-2898,1,Faja o cadena de distribucion destensada o con salto de punto,1,DEV,Ruido fuerte de cadena al arrancar en frío. Desaparece después de unos segundos.
G-ORIG-2899,1,Faja o cadena de distribucion destensada o con salto de punto,1,DEV,Ruido fuerte de cadena al arrancar en frío. Desaparece después de unos segundos. ruido cadena arranque
G-ORIG-2900,1,Disco de embrague desgastado o patinando,1,DEV,"El embrague patina al acelerar fuerte, especialmente en 3ra y 4ta."
G-ORIG-2901,1,Disco de embrague desgastado o patinando,1,DEV,"El embrague patina al acelerar fuerte, especialmente en 3ra y 4ta. patina aceleracion"
G-ORIG-2902,1,Alternador defectuoso o placa de diodos quemada,1,TRAIN,Voltaje bajo y luces tenues solo mientras el auto está en marcha.
G-ORIG-2903,1,Alternador defectuoso o placa de diodos quemada,1,TRAIN,Voltaje bajo y luces tenues solo mientras el auto está en marcha. voltaje bajo marcha
G-ORIG-2904,1,Discos de freno alabeados o desgastados,1,TRAIN,Vibración fuerte en volante y pedal al frenar desde alta velocidad.
G-ORIG-2905,1,Discos de freno alabeados o desgastados,1,TRAIN,Vibración fuerte en volante y pedal al frenar desde alta velocidad. vibracion frenado alta
G-ORIG-2906,1,Falla en compresor de aire acondicionado o fuga de gas R134a,1,DEV,Enfría bien los primeros minutos y después deja de enfriar.
G-ORIG-2907,1,Falla en compresor de aire acondicionado o fuga de gas R134a,1,TRAIN,Enfría bien los primeros minutos y después deja de enfriar. enfria inicial luego no
G-ORIG-2908,1,Falla en termostato o motoventilador de radiador,1,TRAIN,En frío cuesta arrancar y el ralentí queda muy elevado varios minutos.
G-ORIG-2909,1,Falla en termostato o motoventilador de radiador,1,DEV,En frío cuesta arrancar y el ralentí queda muy elevado varios minutos. arranque frio alto ralenti
G-ORIG-2910,1,Baja presion de aceite o bomba de aceite defectuosa,1,TRAIN,Golpeteo grave y profundo en la parte baja del motor que aumenta con las rpm.
G-ORIG-2911,1,Baja presion de aceite o bomba de aceite defectuosa,1,TRAIN,Golpeteo grave y profundo en la parte baja del motor que aumenta con las rpm. golpeteo parte baja
G-ORIG-2912,1,Bomba de gasolina quemada o con baja presion,1,TRAIN,Zumbido muy fuerte proveniente del tanque de combustible.
G-ORIG-2913,1,Bomba de gasolina quemada o con baja presion,1,TRAIN,Zumbido muy fuerte proveniente del tanque de combustible. zumbido fuerte tanque
G-ORIG-2914,1,Falla en bujias o bobinas de encendido (misfire),1,DEV,Código P030X de un cilindro + vibración correspondiente.
G-ORIG-2915,1,Falla en bujias o bobinas de encendido (misfire),1,TRAIN,Código P030X de un cilindro + vibración correspondiente. codigo cilindro especifico
G-ORIG-2916,1,Amortiguadores reventados o bujes de suspension gastados,1,DEV,La dirección se siente floja y el auto no mantiene bien la trayectoria en recta.
G-ORIG-2917,1,Amortiguadores reventados o bujes de suspension gastados,1,TRAIN,La dirección se siente floja y el auto no mantiene bien la trayectoria en recta. direccion floja recta
G-ORIG-2918,1,Falla en sensor de oxigeno o mezcla rica,1,DEV,Olor intenso a azufre (huevo podrido) al acelerar.
G-ORIG-2919,1,Falla en sensor de oxigeno o mezcla rica,1,TRAIN,Olor intenso a azufre (huevo podrido) al acelerar. olor azufre acelerar
G-ORIG-2920,1,Alternador defectuoso o placa de diodos quemada,1,DEV,Parpadeo irregular de luces mientras se maneja.
G-ORIG-2921,1,Alternador defectuoso o placa de diodos quemada,1,TRAIN,Parpadeo irregular de luces mientras se maneja. parpadeo luces marcha
G-ORIG-2922,1,Desgaste de pastillas y zapatas de freno,1,TRAIN,Chillido agudo constante al aplicar los frenos.
G-ORIG-2923,1,Desgaste de pastillas y zapatas de freno,1,TRAIN,Chillido agudo constante al aplicar los frenos. chillido agudo
G-ORIG-2924,1,Fuga en mangueras de refrigerante o radiador picado,1,TRAIN,Pérdida lenta pero constante de refrigerante. Manchas debajo del vehículo.
G-ORIG-2925,1,Fuga en mangueras de refrigerante o radiador picado,1,DEV,Pérdida lenta pero constante de refrigerante. Manchas debajo del vehículo. perdida lenta refrigerante
G-ORIG-2926,1,Rodajes de caja mecanica o diferencial gastados,1,TRAIN,Aullido que aumenta de forma clara con la velocidad del vehículo.
G-ORIG-2927,1,Rodajes de caja mecanica o diferencial gastados,1,DEV,Aullido que aumenta de forma clara con la velocidad del vehículo. aullido creciente
G-ORIG-2928,1,Falla en bujias o bobinas de encendido (misfire),1,TRAIN,Entra en modo de emergencia (potencia reducida) + Check Engine.
G-ORIG-2929,1,Falla en bujias o bobinas de encendido (misfire),1,TRAIN,Entra en modo de emergencia (potencia reducida) + Check Engine. modo limp
G-ORIG-2930,1,Cuerpo de aceleracion o valvula IAC sucia,1,TRAIN,Silbido agudo que cambia según las revoluciones del motor.
G-ORIG-2931,1,Cuerpo de aceleracion o valvula IAC sucia,1,TRAIN,Silbido agudo que cambia según las revoluciones del motor. silbido variable
G-ORIG-2932,1,Falla en sensor de oxigeno o mezcla rica,1,TRAIN,Consumo de combustible excesivo sin códigos de falla evidentes.
G-ORIG-2933,1,Falla en sensor de oxigeno o mezcla rica,1,TRAIN,Consumo de combustible excesivo sin códigos de falla evidentes. consumo excesivo
G-ORIG-2934,1,Falla en bujias o bobinas de encendido (misfire),1,TRAIN,Funciona perfecto en frío. Cuando calienta empieza a fallar.
G-ORIG-2935,1,Falla en bujias o bobinas de encendido (misfire),1,TRAIN,Funciona perfecto en frío. Cuando calienta empieza a fallar. falla solo caliente
G-ORIG-2936,1,Falla en bombin o bomba hidraulica de embrague,1,TRAIN,Ruido de zumbido que solo aparece cuando se pisa el embrague.
G-ORIG-2937,1,Falla en bombin o bomba hidraulica de embrague,1,TRAIN,Ruido de zumbido que solo aparece cuando se pisa el embrague. ruido solo embrague pisado
G-ORIG-2938,1,Bateria descargada o bornes sulfatados,1,TRAIN,Arranque pesado y lento aunque la batería está en buen estado.
G-ORIG-2939,1,Bateria descargada o bornes sulfatados,1,TRAIN,Arranque pesado y lento aunque la batería está en buen estado. arranque pesado bateria ok
G-ORIG-2940,1,Fuga hidraulica o aire en el sistema de frenos,1,TRAIN,Al frenar el vehículo se desvía de forma consistente hacia un lado.
G-ORIG-2941,1,Fuga hidraulica o aire en el sistema de frenos,1,TRAIN,Al frenar el vehículo se desvía de forma consistente hacia un lado. desviacion frenado
G-ORIG-2942,1,Falla en compresor de aire acondicionado o fuga de gas R134a,1,TRAIN,Olor fuerte a humedad o moho al encender el aire acondicionado.
G-ORIG-2943,1,Falla en compresor de aire acondicionado o fuga de gas R134a,1,TRAIN,Olor fuerte a humedad o moho al encender el aire acondicionado. olor humedad
G-ORIG-2944,1,Cuerpo de aceleracion o valvula IAC sucia,1,TRAIN,El ralentí se queda elevado varios segundos después de soltar el acelerador.
G-ORIG-2945,1,Cuerpo de aceleracion o valvula IAC sucia,1,TRAIN,El ralentí se queda elevado varios segundos después de soltar el acelerador. ralenti queda elevado
G-ORIG-2946,2,Faja o cadena de distribucion destensada o con salto de punto,1,TRAIN,Ruido de cadena más largo de lo normal al arrancar en frío.
G-ORIG-2947,1,Faja o cadena de distribucion destensada o con salto de punto,1,TRAIN,Ruido de cadena más largo de lo normal al arrancar en frío. ruido cadena prolongado
G-ORIG-2948,2,Cremallera de direccion asistida con holgura o fuga,1,TRAIN,Dirección excesivamente pesada a baja velocidad.
G-ORIG-2949,1,Cremallera de direccion asistida con holgura o fuga,1,TRAIN,Dirección excesivamente pesada a baja velocidad. direccion pesada baja vel
G-ORIG-2950,2,Llantas desbalanceadas o desalineadas,1,TRAIN,Vibración que aparece en un rango concreto de velocidad.
G-ORIG-2951,1,Llantas desbalanceadas o desalineadas,1,DEV,Vibración que aparece en un rango concreto de velocidad. vibracion especifica velocidad
G-ORIG-2952,1,Inyectores sucios o filtro de combustible obstruido,1,TRAIN,Al acelerar de golpe se ahoga un instante y después responde con un jalón.
G-ORIG-2953,1,Inyectores sucios o filtro de combustible obstruido,1,TRAIN,Al acelerar de golpe se ahoga un instante y después responde con un jalón. ahogo luego jalon
G-ORIG-2954,1,Falla en bujias o bobinas de encendido (misfire),1,DEV,Falla evidente de un solo cilindro con código de falla correspondiente.
G-ORIG-2955,1,Falla en bujias o bobinas de encendido (misfire),1,TRAIN,Falla evidente de un solo cilindro con código de falla correspondiente. falla un solo cilindro
G-ORIG-2956,1,Empaque de culata soplado o danado,1,TRAIN,Humo blanco constante con olor dulce + pérdida de refrigerante sin fugas visibles.
G-ORIG-2957,1,Empaque de culata soplado o danado,1,DEV,Humo blanco constante con olor dulce + pérdida de refrigerante sin fugas visibles. humo blanco olor dulce
G-ORIG-2958,1,Bateria descargada o bornes sulfatados,1,DEV,Al girar la llave no hay ninguna respuesta eléctrica.
G-ORIG-2959,1,Bateria descargada o bornes sulfatados,1,TRAIN,Al girar la llave no hay ninguna respuesta eléctrica. sin ninguna respuesta
G-ORIG-2960,1,Discos de freno alabeados o desgastados,1,TRAIN,Vibración intensa al frenar desde velocidades altas.
G-ORIG-2961,1,Discos de freno alabeados o desgastados,1,DEV,Vibración intensa al frenar desde velocidades altas. vibracion frenado velocidad
G-ORIG-2962,1,Falla en termostato o motoventilador de radiador,1,DEV,La temperatura del motor se mantiene excesivamente baja.
G-ORIG-2963,1,Falla en termostato o motoventilador de radiador,1,TRAIN,La temperatura del motor se mantiene excesivamente baja. temperatura muy baja
G-ORIG-2964,2,Falla en sensor de oxigeno o mezcla rica,1,DEV,"Olor a gasolina, consumo alto y posible humo negro."
G-ORIG-2965,1,Falla en sensor de oxigeno o mezcla rica,1,TRAIN,"Olor a gasolina, consumo alto y posible humo negro. mezcla rica consumo"
G-ORIG-2966,1,Consumo de aceite por desgaste de anillos o retenes,1,TRAIN,Consumo de aceite notable sin humo azul visible en el escape.
G-ORIG-2967,1,Consumo de aceite por desgaste de anillos o retenes,1,TRAIN,Consumo de aceite notable sin humo azul visible en el escape. consumo aceite sin humo azul
G-ORIG-2968,1,Falta o degradacion de aceite de caja de cambios,1,TRAIN,Dificultad para meter marchas solo cuando el vehículo está frío.
G-ORIG-2969,1,Falta o degradacion de aceite de caja de cambios,1,TRAIN,Dificultad para meter marchas solo cuando el vehículo está frío. cambios dificiles frio
G-ORIG-2970,1,Rodajes de caja mecanica o diferencial gastados,1,TRAIN,Ronroneo o zumbido que crece de forma proporcional a la velocidad.
G-ORIG-2971,1,Rodajes de caja mecanica o diferencial gastados,1,TRAIN,Ronroneo o zumbido que crece de forma proporcional a la velocidad. ronroneo proporcional
G-ORIG-2972,1,Falla en bujias o bobinas de encendido (misfire),1,TRAIN,Vibración fuerte en ralentí que mejora claramente al acelerar.
G-ORIG-2973,1,Falla en bujias o bobinas de encendido (misfire),1,TRAIN,Vibración fuerte en ralentí que mejora claramente al acelerar. vibracion ralenti mejora acelerar
G-ORIG-2974,1,Bomba de gasolina quemada o con baja presion,1,TRAIN,Pérdida de potencia más notoria cuando el tanque tiene menos de media.
G-ORIG-2975,1,Bomba de gasolina quemada o con baja presion,1,TRAIN,Pérdida de potencia más notoria cuando el tanque tiene menos de media. perdida potencia tanque bajo
G-ORIG-2976,1,Cuerpo de aceleracion o valvula IAC sucia,1,TRAIN,Check Engine con códigos de mezcla pobre (P0171 / P0174).
G-ORIG-2977,1,Cuerpo de aceleracion o valvula IAC sucia,1,TRAIN,Check Engine con códigos de mezcla pobre (P0171 / P0174). codigo mezcla pobre
G-ORIG-2978,1,Baja presion de aceite o bomba de aceite defectuosa,1,TRAIN,Ruido de taqués (tic-tic) más fuerte en frío.
G-ORIG-2979,1,Baja presion de aceite o bomba de aceite defectuosa,1,TRAIN,Ruido de taqués (tic-tic) más fuerte en frío. ruido taques
G-ORIG-2980,2,Alternador defectuoso o placa de diodos quemada,1,TRAIN,Luz de batería encendida en el tablero durante la marcha.
G-ORIG-2981,1,Alternador defectuoso o placa de diodos quemada,1,TRAIN,Luz de batería encendida en el tablero durante la marcha. luz bateria encendida
G-ORIG-2982,2,Falla en servofreno (booster) o linea de vacio,1,DEV,Pedal de freno muy duro y poca potencia de frenado.
G-ORIG-2983,1,Falla en servofreno (booster) o linea de vacio,1,TRAIN,Pedal de freno muy duro y poca potencia de frenado. pedal duro poco frena
G-ORIG-2984,2,Falla en termostato o motoventilador de radiador,1,TRAIN,Se sobrecalienta rápidamente después de arrancar.
G-ORIG-2985,1,Falla en termostato o motoventilador de radiador,1,DEV,Se sobrecalienta rápidamente después de arrancar. sobrecalentamiento rapido arranque
G-ORIG-2986,1,Inyectores sucios o filtro de combustible obstruido,1,DEV,Humo negro constante + consumo de combustible elevado.
G-ORIG-2987,1,Inyectores sucios o filtro de combustible obstruido,1,DEV,Humo negro constante + consumo de combustible elevado. humo negro consumo
G-ORIG-2988,1,Amortiguadores reventados o bujes de suspension gastados,1,TRAIN,Golpeteo fuerte en la parte delantera al pasar topes o baches.
G-ORIG-2989,1,Amortiguadores reventados o bujes de suspension gastados,1,TRAIN,Golpeteo fuerte en la parte delantera al pasar topes o baches. golpeteo delantero topes
G-ORIG-2990,2,Llantas desbalanceadas o desalineadas,1,TRAIN,Vibración en el volante a partir de cierta velocidad.
G-ORIG-2991,1,Llantas desbalanceadas o desalineadas,1,TRAIN,Vibración en el volante a partir de cierta velocidad. vibracion volante alta
G-ORIG-2992,1,Falla en sensor de oxigeno o mezcla rica,1,DEV,Olor a gasolina en el exterior del vehículo incluso apagado.
G-ORIG-2993,1,Falla en sensor de oxigeno o mezcla rica,1,TRAIN,Olor a gasolina en el exterior del vehículo incluso apagado. olor gasolina exterior
G-ORIG-2994,1,Falla en bujias o bobinas de encendido (misfire),1,DEV,Falla intermitente que se presenta cuando el motor alcanza temperatura normal.
G-ORIG-2995,1,Falla en bujias o bobinas de encendido (misfire),1,TRAIN,Falla intermitente que se presenta cuando el motor alcanza temperatura normal. falla intermitente temperatura
G-ORIG-2996,1,Cuerpo de aceleracion o valvula IAC sucia,1,DEV,Sensación de que el acelerador tarda en responder.
G-ORIG-2997,1,Cuerpo de aceleracion o valvula IAC sucia,1,TRAIN,Sensación de que el acelerador tarda en responder. respuesta acelerador lenta
G-ORIG-2998,1,Faja o cadena de distribucion destensada o con salto de punto,1,TRAIN,Chillido de correa al arrancar en frío o en días húmedos. chillido correa
G-ORIG-2999,1,Disco de embrague desgastado o patinando,1,TRAIN,Vibración al momento de soltar el embrague para iniciar la marcha.
G-ORIG-3000,1,Disco de embrague desgastado o patinando,1,TRAIN,Vibración al momento de soltar el embrague para iniciar la marcha. vibracion al partir
G-ORIG-3001,1,Falla electrica del cierre centralizado o actuador de puerta,1,TRAIN,Se queman fusibles del mismo circuito de forma repetida.
G-ORIG-3002,1,Falla electrica del cierre centralizado o actuador de puerta,1,TRAIN,Se queman fusibles del mismo circuito de forma repetida. fusibles quemados repetidos
G-ORIG-3003,1,Desgaste de pastillas y zapatas de freno,1,TRAIN,Ruido de metal contra metal al frenar. ruido metalico frenado
G-ORIG-3004,1,Falla en compresor de aire acondicionado o fuga de gas R134a,1,TRAIN,El compresor del A/C no llega a embragar.
G-ORIG-3005,1,Falla en compresor de aire acondicionado o fuga de gas R134a,1,TRAIN,El compresor del A/C no llega a embragar. compresor no embraga
G-ORIG-3006,1,Falla en sensor de oxigeno o mezcla rica,1,TRAIN,Check Engine con código P0420 (eficiencia catalizador baja).
G-ORIG-3007,1,Falla en sensor de oxigeno o mezcla rica,1,TRAIN,Check Engine con código P0420 (eficiencia catalizador baja). codigo P0420
G-ORIG-3008,2,Baja presion de aceite o bomba de aceite defectuosa,1,TRAIN,Fuga de aceite visible en la parte inferior del motor.
G-ORIG-3009,1,Baja presion de aceite o bomba de aceite defectuosa,1,TRAIN,Fuga de aceite visible en la parte inferior del motor. fuga aceite inferior
G-ORIG-3010,1,Bomba de gasolina quemada o con baja presion,1,TRAIN,Se ahoga en aceleraciones fuertes y tiene poca potencia en alta.
G-ORIG-3011,1,Bomba de gasolina quemada o con baja presion,1,TRAIN,Se ahoga en aceleraciones fuertes y tiene poca potencia en alta. ahogo aceleraciones fuertes
G-ORIG-3012,1,Falla en bujias o bobinas de encendido (misfire),1,TRAIN,Falla y vibración que cambia al manipular los cables de bujía.
G-ORIG-3013,1,Falla en bujias o bobinas de encendido (misfire),1,TRAIN,Falla y vibración que cambia al manipular los cables de bujía. cables bujia mal
G-ORIG-3014,1,Cremallera de direccion asistida con holgura o fuga,1,TRAIN,"Quejido o chillido al girar el volante, más notorio en frío."
G-ORIG-3015,1,Cremallera de direccion asistida con holgura o fuga,1,DEV,"Quejido o chillido al girar el volante, más notorio en frío. quejido al girar"
G-ORIG-3016,1,Falla en sensor de oxigeno o mezcla rica,1,TRAIN,El escape se escucha mucho más fuerte de lo normal. escape muy ruidoso
G-ORIG-3017,1,Alternador defectuoso o placa de diodos quemada,1,DEV,Radio y otros sistemas se apagan o reinician durante la marcha.
G-ORIG-3018,1,Alternador defectuoso o placa de diodos quemada,1,TRAIN,Radio y otros sistemas se apagan o reinician durante la marcha. sistemas se reinician
G-ORIG-3019,2,Falla en sensor de velocidad de rueda ABS,1,TRAIN,Luz de ABS encendida sin motivo aparente.
G-ORIG-3020,1,Falla en sensor de velocidad de rueda ABS,1,DEV,Luz de ABS encendida sin motivo aparente. luz abs encendida
G-ORIG-3021,2,Falla en termostato o motoventilador de radiador,1,DEV,El ventilador del radiador funciona todo el tiempo.
G-ORIG-3022,1,Falla en termostato o motoventilador de radiador,1,TRAIN,El ventilador del radiador funciona todo el tiempo. ventilador siempre encendido
G-ORIG-3023,1,Llantas desbalanceadas o desalineadas,1,TRAIN,Desgaste irregular de las llantas (de un solo lado o en sierra).
G-ORIG-3024,1,Llantas desbalanceadas o desalineadas,1,DEV,Desgaste irregular de las llantas (de un solo lado o en sierra). desgaste irregular llantas
G-ORIG-3025,1,Cuerpo de aceleracion o valvula IAC sucia,1,DEV,Código P0300 pero apenas se percibe falla de cilindro.
G-ORIG-3026,1,Cuerpo de aceleracion o valvula IAC sucia,1,TRAIN,Código P0300 pero apenas se percibe falla de cilindro. P0300 sin vibracion clara
G-ORIG-3027,1,Consumo de aceite por desgaste de anillos o retenes,1,TRAIN,Pérdida general de potencia + consumo de aceite. Compresión baja en un cilindro.
G-ORIG-3028,1,Consumo de aceite por desgaste de anillos o retenes,1,TRAIN,Pérdida general de potencia + consumo de aceite. Compresión baja en un cilindro. baja compresion
G-ORIG-3029,1,Falla en sensor de oxigeno o mezcla rica,1,TRAIN,Olor fuerte a vapores de gasolina dentro y fuera del auto. vapores fuertes
G-ORIG-3030,1,Falla en bujias o bobinas de encendido (misfire),1,TRAIN,Falla general de encendido sin códigos de cilindro específico. falla general sin codigo cilindro
G-ORIG-3031,2,Disco de embrague desgastado o patinando,1,TRAIN,Patina ligeramente en marchas altas a velocidad de carretera.
G-ORIG-3032,1,Disco de embrague desgastado o patinando,1,TRAIN,Patina ligeramente en marchas altas a velocidad de carretera. patina marchas altas
G-ORIG-3033,2,Bateria descargada o bornes sulfatados,1,TRAIN,A veces arranca normal y otras solo hace click.
G-ORIG-3034,1,Bateria descargada o bornes sulfatados,1,TRAIN,A veces arranca normal y otras solo hace click. arranque intermitente click
G-ORIG-3035,1,Desgaste de pastillas y zapatas de freno,1,TRAIN,El freno de mano no sostiene el vehículo en pendientes.
G-ORIG-3036,1,Desgaste de pastillas y zapatas de freno,1,TRAIN,El freno de mano no sostiene el vehículo en pendientes. freno mano flojo
G-ORIG-3037,1,Falla en compresor de aire acondicionado o fuga de gas R134a,1,TRAIN,El aire acondicionado enfría muy poco aunque el compresor trabaja.
G-ORIG-3038,1,Falla en compresor de aire acondicionado o fuga de gas R134a,1,TRAIN,El aire acondicionado enfría muy poco aunque el compresor trabaja. enfria muy poco
G-ORIG-3039,1,Falla en bujias o bobinas de encendido (misfire),1,TRAIN,Check Engine + dificultad de arranque intermitente.
G-ORIG-3040,1,Falla en bujias o bobinas de encendido (misfire),1,DEV,Check Engine + dificultad de arranque intermitente. sensor cmp
G-ORIG-3041,1,Fuga en mangueras de refrigerante o radiador picado,1,TRAIN,Ruido de rodamiento o silbido proveniente de la bomba de agua.
G-ORIG-3042,1,Fuga en mangueras de refrigerante o radiador picado,1,TRAIN,Ruido de rodamiento o silbido proveniente de la bomba de agua. ruido bomba agua
G-ORIG-3043,1,Llantas desbalanceadas o desalineadas,1,TRAIN,El auto se desvía solo hacia un lado en carretera recta. desviacion recta
G-ORIG-3044,1,Llantas desbalanceadas o desalineadas,1,TRAIN,Golpe o ruido rítmico que aumenta con la velocidad. golpe ritmico
G-ORIG-3045,1,Inyectores sucios o filtro de combustible obstruido,1,TRAIN,Pérdida progresiva de potencia hasta casi apagarse en marcha.
G-ORIG-3046,1,Inyectores sucios o filtro de combustible obstruido,1,TRAIN,Pérdida progresiva de potencia hasta casi apagarse en marcha. perdida progresiva potencia
G-ORIG-3047,1,Falla en bujias o bobinas de encendido (misfire),1,DEV,Vibración y falla después de un cambio de bujías reciente.
G-ORIG-3048,1,Falla en bujias o bobinas de encendido (misfire),1,DEV,Vibración y falla después de un cambio de bujías reciente. bujias grado incorrecto
G-ORIG-3049,1,Consumo de aceite por desgaste de anillos o retenes,1,DEV,Consumo de aceite + presión excesiva en el cárter (empapa empaques).
G-ORIG-3050,1,Consumo de aceite por desgaste de anillos o retenes,1,TRAIN,Consumo de aceite + presión excesiva en el cárter (empapa empaques). presion carter
G-ORIG-3051,2,Falla electrica del cierre centralizado o actuador de puerta,1,DEV,Fallas eléctricas intermitentes en luces y sensores.
G-ORIG-3052,1,Falla electrica del cierre centralizado o actuador de puerta,1,TRAIN,Fallas eléctricas intermitentes en luces y sensores. fallas electricas intermitentes
G-ORIG-3053,1,Desgaste de pastillas y zapatas de freno,1,TRAIN,Luz de freno encendida y nivel de líquido bajo sin fugas externas visibles.
G-ORIG-3054,1,Desgaste de pastillas y zapatas de freno,1,TRAIN,Luz de freno encendida y nivel de líquido bajo sin fugas externas visibles. nivel liquido bajo
G-ORIG-3055,1,Fuga en mangueras de refrigerante o radiador picado,1,TRAIN,El sistema no mantiene presión y se calienta. Refrigerante en el depósito de expansión.
G-ORIG-3056,1,Fuga en mangueras de refrigerante o radiador picado,1,DEV,El sistema no mantiene presión y se calienta. Refrigerante en el depósito de expansión. tapa radiador falla
G-ORIG-3057,2,Falla en sensor de oxigeno o mezcla rica,1,TRAIN,"Tironeo, consumo alto y códigos de mezcla."
G-ORIG-3058,1,Falla en sensor de oxigeno o mezcla rica,1,TRAIN,"Tironeo, consumo alto y códigos de mezcla. maf contaminado"
G-ORIG-3059,1,Baja presion de aceite o bomba de aceite defectuosa,1,TRAIN,Fuga de aceite en la parte superior del motor (tapas de punterías).
G-ORIG-3060,1,Baja presion de aceite o bomba de aceite defectuosa,1,TRAIN,Fuga de aceite en la parte superior del motor (tapas de punterías). fuga aceite superior
G-ORIG-3061,1,Falla en bombin o bomba hidraulica de embrague,1,TRAIN,Ruido en punto muerto que desaparece al pisar el embrague. ruido punto muerto
G-ORIG-3062,1,Llantas desbalanceadas o desalineadas,1,TRAIN,Vibración que se siente más en el asiento que en el volante a cierta velocidad. vibracion asiento
G-ORIG-3063,1,Falla en bujias o bobinas de encendido (misfire),1,TRAIN,El motor tiembla fuerte en ralentí y pierde potencia al acelerar
G-ORIG-3064,1,Falla en bujias o bobinas de encendido (misfire),1,TRAIN,El motor tiembla fuerte en ralentí y pierde potencia al acelerar (componente: Bobina)
G-ORIG-3065,1,Bateria descargada o bornes sulfatados,1,TRAIN,El carro no arranca y las luces del tablero están muy débiles
G-ORIG-3066,1,Bateria descargada o bornes sulfatados,1,TRAIN,El carro no arranca y las luces del tablero están muy débiles (componente: Bateria)
G-ORIG-3067,1,Falla en termostato o motoventilador de radiador,1,TRAIN,La temperatura sube mucho después de manejar varios minutos en tráfico
G-ORIG-3068,1,Falla en termostato o motoventilador de radiador,1,TRAIN,La temperatura sube mucho después de manejar varios minutos en tráfico (componente: Termostato)
G-ORIG-3069,1,Desgaste de pastillas y zapatas de freno,1,TRAIN,Se escucha un chillido agudo cada vez que freno
G-ORIG-3070,1,Desgaste de pastillas y zapatas de freno,1,TRAIN,Se escucha un chillido agudo cada vez que freno (componente: Pastillas)
G-ORIG-3071,1,Disco de embrague desgastado o patinando,1,TRAIN,Da tirones fuertes al momento de cambiar de marcha
G-ORIG-3072,1,Disco de embrague desgastado o patinando,1,TRAIN,Da tirones fuertes al momento de cambiar de marcha (componente: Embrague)
G-ORIG-3073,1,Llantas desbalanceadas o desalineadas,1,DEV,El auto vibra solo entre 90 y 110 km/h
G-ORIG-3074,1,Llantas desbalanceadas o desalineadas,1,TRAIN,El auto vibra solo entre 90 y 110 km/h (componente: Llantas)
G-ORIG-3075,1,Empaque de culata soplado o danado,1,DEV,Sale humo blanco constante y baja el nivel de refrigerante
G-ORIG-3076,1,Empaque de culata soplado o danado,1,DEV,Sale humo blanco constante y baja el nivel de refrigerante (componente: Empaque de culata)
G-ORIG-3077,1,Juntas homocineticas o palieres danados,1,TRAIN,Al girar el volante se escucha un clic o chasquido
G-ORIG-3078,1,Juntas homocineticas o palieres danados,1,TRAIN,Al girar el volante se escucha un clic o chasquido (componente: Homocinetica)
G-ORIG-3079,1,Cuerpo de aceleracion o valvula IAC sucia,1,TRAIN,El motor se apaga en los semáforos y luego arranca normal
G-ORIG-3080,1,Cuerpo de aceleracion o valvula IAC sucia,1,TRAIN,El motor se apaga en los semáforos y luego arranca normal (componente: Valvula IAC)
G-ORIG-3081,1,Bomba de gasolina quemada o con baja presion,1,TRAIN,Al acelerar fuerte se ahoga un momento y luego pega un jalón
G-ORIG-3082,1,Bomba de gasolina quemada o con baja presion,1,TRAIN,Al acelerar fuerte se ahoga un momento y luego pega un jalón (componente: Bomba de combustible)
G-ORIG-3083,1,Inyectores sucios o filtro de combustible obstruido,1,TRAIN,Olor fuerte a gasolina después de apagar el auto en caliente
G-ORIG-3084,1,Inyectores sucios o filtro de combustible obstruido,1,TRAIN,Olor fuerte a gasolina después de apagar el auto en caliente (componente: Inyectores)
G-ORIG-3085,1,Falla en bujias o bobinas de encendido (misfire),1,TRAIN,Check Engine encendido y el motor vibra en un cilindro
G-ORIG-3086,1,Falla en bujias o bobinas de encendido (misfire),1,TRAIN,Check Engine encendido y el motor vibra en un cilindro (componente: Bobina)
G-ORIG-3087,1,Alternador defectuoso o placa de diodos quemada,1,TRAIN,Las luces se ponen tenues mientras manejo
G-ORIG-3088,1,Alternador defectuoso o placa de diodos quemada,1,TRAIN,Las luces se ponen tenues mientras manejo (componente: Alternador)
G-ORIG-3089,1,Fuga hidraulica o aire en el sistema de frenos,1,DEV,El pedal de freno se siente esponjoso y se hunde
G-ORIG-3090,1,Fuga hidraulica o aire en el sistema de frenos,1,TRAIN,El pedal de freno se siente esponjoso y se hunde (componente: Cilindro maestro)
G-ORIG-3091,1,Faja o cadena de distribucion destensada o con salto de punto,1,TRAIN,Ruido de cadena al arrancar en frío que desaparece al calentar
G-ORIG-3092,1,Faja o cadena de distribucion destensada o con salto de punto,1,TRAIN,Ruido de cadena al arrancar en frío que desaparece al calentar (componente: Tensor de cadena)
G-ORIG-3093,1,Falla en compresor de aire acondicionado o fuga de gas R134a,1,TRAIN,El aire acondicionado deja de enfriar después de un rato
G-ORIG-3094,1,Falla en compresor de aire acondicionado o fuga de gas R134a,1,TRAIN,El aire acondicionado deja de enfriar después de un rato (componente: Gas refrigerante)
G-ORIG-3095,1,Cremallera de direccion asistida con holgura o fuga,1,DEV,Dirección muy pesada a baja velocidad (componente: Bomba de direccion)
G-ORIG-3096,1,Rodajes de caja mecanica o diferencial gastados,1,TRAIN,"Aullido que aumenta con la velocidad, más en curvas"
G-ORIG-3097,1,Rodajes de caja mecanica o diferencial gastados,1,TRAIN,"Aullido que aumenta con la velocidad, más en curvas (componente: Rodamiento)"
G-ORIG-3098,1,Falla en sensor de oxigeno o mezcla rica,1,TRAIN,Humo negro por el escape y consumo alto de gasolina
G-ORIG-3099,1,Falla en sensor de oxigeno o mezcla rica,1,TRAIN,Humo negro por el escape y consumo alto de gasolina (componente: Sensor de oxigeno)
G-ORIG-3100,1,Fuga hidraulica o aire en el sistema de frenos,1,TRAIN,El auto se desvía hacia un lado al frenar
G-ORIG-3101,1,Fuga hidraulica o aire en el sistema de frenos,1,DEV,El auto se desvía hacia un lado al frenar (componente: Pinza de freno)
G-ORIG-3102,1,Cuerpo de aceleracion o valvula IAC sucia,1,TRAIN,"Ralentí muy inestable, sube y baja constantemente"
G-ORIG-3103,1,Cuerpo de aceleracion o valvula IAC sucia,1,TRAIN,"Ralentí muy inestable, sube y baja constantemente (componente: Cuerpo de aceleracion)"
G-ORIG-3104,1,Bateria descargada o bornes sulfatados,1,TRAIN,"No hace nada al girar la llave, ni click ni luces"
G-ORIG-3105,1,Bateria descargada o bornes sulfatados,1,TRAIN,"No hace nada al girar la llave, ni click ni luces (componente: Bateria)"
G-ORIG-3106,1,Discos de freno alabeados o desgastados,1,DEV,Vibración fuerte en el volante al frenar desde alta velocidad
G-ORIG-3107,1,Discos de freno alabeados o desgastados,1,TRAIN,Vibración fuerte en el volante al frenar desde alta velocidad (componente: Discos)
G-ORIG-3108,1,Falla en termostato o motoventilador de radiador,1,TRAIN,El motor tarda mucho en calentar y el calefactor casi no calienta (componente: Termostato)
G-ORIG-3109,1,Bomba de gasolina quemada o con baja presion,1,DEV,Zumbido fuerte proveniente del tanque de gasolina
G-ORIG-3110,1,Bomba de gasolina quemada o con baja presion,1,DEV,Zumbido fuerte proveniente del tanque de gasolina (componente: Bomba de combustible)
G-ORIG-3111,1,Falla en bujias o bobinas de encendido (misfire),1,TRAIN,Falla solo cuando llueve o hay mucha humedad
G-ORIG-3112,1,Falla en bujias o bobinas de encendido (misfire),1,TRAIN,Falla solo cuando llueve o hay mucha humedad (componente: Bobinas)
G-ORIG-3113,1,Amortiguadores reventados o bujes de suspension gastados,1,TRAIN,Golpeteo en la parte delantera al pasar topes
G-ORIG-3114,1,Amortiguadores reventados o bujes de suspension gastados,1,TRAIN,Golpeteo en la parte delantera al pasar topes (componente: Bujes)
G-ORIG-3115,1,Disco de embrague desgastado o patinando,1,DEV,El embrague patina en tercera y cuarta al acelerar fuerte
G-ORIG-3116,1,Disco de embrague desgastado o patinando,1,DEV,El embrague patina en tercera y cuarta al acelerar fuerte (componente: Disco de embrague)
G-ORIG-3117,1,Falla en sensor de oxigeno o mezcla rica,1,DEV,Olor a huevo podrido al acelerar
G-ORIG-3118,1,Falla en sensor de oxigeno o mezcla rica,1,DEV,Olor a huevo podrido al acelerar (componente: Catalizador)
G-ORIG-3119,1,Falla en termostato o motoventilador de radiador,1,TRAIN,El ventilador del radiador no prende y se calienta en tráfico
G-ORIG-3120,1,Falla en termostato o motoventilador de radiador,1,DEV,El ventilador del radiador no prende y se calienta en tráfico (componente: Ventilador)
G-ORIG-3121,1,Falla en sensor de oxigeno o mezcla rica,1,TRAIN,Tironeo en carretera a velocidad constante
G-ORIG-3122,1,Falla en sensor de oxigeno o mezcla rica,1,DEV,Tironeo en carretera a velocidad constante (componente: Sensor MAF)
G-ORIG-3123,1,Bateria descargada o bornes sulfatados,1,DEV,Arranque lento y pesado aunque la batería está buena
G-ORIG-3124,1,Bateria descargada o bornes sulfatados,1,TRAIN,Arranque lento y pesado aunque la batería está buena (componente: Motor de arranque)
G-ORIG-3125,1,Faja o cadena de distribucion destensada o con salto de punto,1,TRAIN,Chillido de correa al arrancar en frío
G-ORIG-3126,1,Faja o cadena de distribucion destensada o con salto de punto,1,DEV,Chillido de correa al arrancar en frío (componente: Correa)
G-ORIG-3127,1,Falla en bujias o bobinas de encendido (misfire),1,TRAIN,El auto entra en modo de emergencia con poca potencia
G-ORIG-3128,1,Falla en bujias o bobinas de encendido (misfire),1,TRAIN,El auto entra en modo de emergencia con poca potencia (componente: Sensor CKP)
G-ORIG-3129,1,Falla en servofreno (booster) o linea de vacio,1,TRAIN,Pedal de freno muy duro y poco frena
G-ORIG-3130,1,Falla en servofreno (booster) o linea de vacio,1,TRAIN,Pedal de freno muy duro y poco frena (componente: Servofreno)
G-ORIG-3131,1,Consumo de aceite por desgaste de anillos o retenes,1,TRAIN,Humo azul al acelerar y consume aceite
G-ORIG-3132,1,Consumo de aceite por desgaste de anillos o retenes,1,TRAIN,Humo azul al acelerar y consume aceite (componente: Anillos)
G-ORIG-3133,1,Falla en bombin o bomba hidraulica de embrague,1,TRAIN,Ruido de ronroneo solo cuando piso el embrague
G-ORIG-3134,1,Falla en bombin o bomba hidraulica de embrague,1,TRAIN,Ruido de ronroneo solo cuando piso el embrague (componente: Rodamiento de embrague)
G-ORIG-3135,1,Bateria descargada o bornes sulfatados,1,TRAIN,Parpadeo de luces mientras manejo
G-ORIG-3136,1,Bateria descargada o bornes sulfatados,1,TRAIN,Parpadeo de luces mientras manejo (componente: Masa)
G-ORIG-3137,1,Cuerpo de aceleracion o valvula IAC sucia,1,TRAIN,El motor se queda acelerado varios segundos al soltar el acelerador
G-ORIG-3138,1,Cuerpo de aceleracion o valvula IAC sucia,1,TRAIN,El motor se queda acelerado varios segundos al soltar el acelerador (componente: Cuerpo de aceleracion)
G-ORIG-3139,1,Falla en bujias o bobinas de encendido (misfire),1,TRAIN,Vibración en ralentí que desaparece al acelerar
G-ORIG-3140,1,Falla en bujias o bobinas de encendido (misfire),1,DEV,Vibración en ralentí que desaparece al acelerar (componente: Bujias)
G-ORIG-3141,1,Fuga en mangueras de refrigerante o radiador picado,1,TRAIN,Se pierde refrigerante y aparecen manchas debajo del auto
G-ORIG-3142,1,Fuga en mangueras de refrigerante o radiador picado,1,DEV,Se pierde refrigerante y aparecen manchas debajo del auto (componente: Radiador)
G-ORIG-3143,1,Juntas homocineticas o palieres danados,1,TRAIN,Clic al girar el volante completamente
G-ORIG-3144,1,Juntas homocineticas o palieres danados,1,TRAIN,Clic al girar el volante completamente (componente: Homocinetica)
G-ORIG-3145,1,Bomba de gasolina quemada o con baja presion,1,TRAIN,Pérdida de potencia en subidas con el tanque a la mitad
G-ORIG-3146,1,Bomba de gasolina quemada o con baja presion,1,TRAIN,Pérdida de potencia en subidas con el tanque a la mitad (componente: Bomba de combustible)
G-ORIG-3147,1,Falla en sensor de oxigeno o mezcla rica,1,TRAIN,Check Engine con código de mezcla pobre
G-ORIG-3148,1,Falla en sensor de oxigeno o mezcla rica,1,TRAIN,Check Engine con código de mezcla pobre (componente: Sensor MAF)
G-ORIG-3149,1,Baja presion de aceite o bomba de aceite defectuosa,1,TRAIN,Ruido metálico grave en la parte baja del motor
G-ORIG-3150,1,Baja presion de aceite o bomba de aceite defectuosa,1,TRAIN,Ruido metálico grave en la parte baja del motor (componente: Cojinetes)
G-ORIG-3151,1,Desgaste de pastillas y zapatas de freno,1,TRAIN,El freno de mano no sostiene el auto en pendientes (componente: Cable de freno)
G-ORIG-3152,1,Falla en compresor de aire acondicionado o fuga de gas R134a,1,TRAIN,Olor a moho al encender el aire acondicionado
G-ORIG-3153,1,Falla en compresor de aire acondicionado o fuga de gas R134a,1,DEV,Olor a moho al encender el aire acondicionado (componente: Evaporador)
G-ORIG-3154,1,Amortiguadores reventados o bujes de suspension gastados,1,TRAIN,Dirección floja y el auto no mantiene la línea recta
G-ORIG-3155,1,Amortiguadores reventados o bujes de suspension gastados,1,TRAIN,Dirección floja y el auto no mantiene la línea recta (componente: Terminales)
G-ORIG-3156,1,Llantas desbalanceadas o desalineadas,1,DEV,Desgaste irregular de las llantas de un solo lado
G-ORIG-3157,1,Llantas desbalanceadas o desalineadas,1,TRAIN,Desgaste irregular de las llantas de un solo lado (componente: Alineacion)
G-ORIG-3158,1,Falla en compresor de aire acondicionado o fuga de gas R134a,1,TRAIN,El compresor del aire no prende
G-ORIG-3159,1,Falla en compresor de aire acondicionado o fuga de gas R134a,1,TRAIN,El compresor del aire no prende (componente: Clutch de compresor)
G-ORIG-3160,1,Falla en bujias o bobinas de encendido (misfire),1,TRAIN,Motor vibra y pierde potencia solo en caliente
G-ORIG-3161,1,Falla en bujias o bobinas de encendido (misfire),1,DEV,Motor vibra y pierde potencia solo en caliente (componente: Bobinas)
G-ORIG-3162,1,Inyectores sucios o filtro de combustible obstruido,1,TRAIN,Arranque difícil solo después de calentar y apagar
G-ORIG-3163,1,Inyectores sucios o filtro de combustible obstruido,1,TRAIN,Arranque difícil solo después de calentar y apagar (componente: Inyectores)
G-ORIG-3164,1,Cuerpo de aceleracion o valvula IAC sucia,1,DEV,Tironeo en aceleración parcial
G-ORIG-3165,1,Cuerpo de aceleracion o valvula IAC sucia,1,TRAIN,Tironeo en aceleración parcial (componente: Sensor TPS)
G-ORIG-3166,1,Falla de descarbonizacion e inyeccion directa GDI (acumulacion de carbon en valvulas),1,DEV,Cascabeleo metálico con el motor caliente y bajo carga
G-ORIG-3167,1,Falla de descarbonizacion e inyeccion directa GDI (acumulacion de carbon en valvulas),1,TRAIN,Cascabeleo metálico con el motor caliente y bajo carga (componente: Carbonilla)
G-ORIG-3168,1,Bateria descargada o bornes sulfatados,1,TRAIN,Solo hace click al intentar arrancar
G-ORIG-3169,1,Bateria descargada o bornes sulfatados,1,DEV,Solo hace click al intentar arrancar (componente: Solenoide)
G-ORIG-3170,1,Fuga hidraulica o aire en el sistema de frenos,1,TRAIN,Pedal de freno se hunde poco a poco
G-ORIG-3171,1,Fuga hidraulica o aire en el sistema de frenos,1,TRAIN,Pedal de freno se hunde poco a poco (componente: Cilindro maestro)
G-ORIG-3172,1,Falla en termostato o motoventilador de radiador,1,TRAIN,"Se calienta solo en ciudad, en carretera está normal"
G-ORIG-3173,1,Falla en termostato o motoventilador de radiador,1,TRAIN,"Se calienta solo en ciudad, en carretera está normal (componente: Ventilador)"
G-ORIG-3174,1,Consumo de aceite por desgaste de anillos o retenes,1,TRAIN,Humo azul más visible al acelerar
G-ORIG-3175,1,Consumo de aceite por desgaste de anillos o retenes,1,TRAIN,Humo azul más visible al acelerar (componente: Anillos)
G-ORIG-3176,1,Juntas homocineticas o palieres danados,1,DEV,Clic claro al girar el volante a tope
G-ORIG-3177,1,Juntas homocineticas o palieres danados,1,TRAIN,Clic claro al girar el volante a tope (componente: Homocinetica)
G-ORIG-3178,1,Llantas desbalanceadas o desalineadas,1,TRAIN,Vibración en el volante entre 90 y 120 km/h
G-ORIG-3179,1,Llantas desbalanceadas o desalineadas,1,TRAIN,Vibración en el volante entre 90 y 120 km/h (componente: Llantas)
G-ORIG-3180,1,Bomba de gasolina quemada o con baja presion,1,TRAIN,Falta de fuerza clara en subidas
G-ORIG-3181,1,Bomba de gasolina quemada o con baja presion,1,DEV,Falta de fuerza clara en subidas (componente: Bomba de combustible)
G-ORIG-3182,1,Falla en bujias o bobinas de encendido (misfire),1,TRAIN,Falla solo con lluvia o humedad alta
G-ORIG-3183,1,Falla en bujias o bobinas de encendido (misfire),1,DEV,Falla solo con lluvia o humedad alta (componente: Bobinas)
G-ORIG-3184,1,Cuerpo de aceleracion o valvula IAC sucia,1,DEV,Ralentí irregular que casi se apaga
G-ORIG-3185,1,Cuerpo de aceleracion o valvula IAC sucia,1,TRAIN,Ralentí irregular que casi se apaga (componente: Valvula IAC)
G-ORIG-3186,1,Faja o cadena de distribucion destensada o con salto de punto,1,TRAIN,Ruido de cadena al arrancar en frío
G-ORIG-3187,1,Faja o cadena de distribucion destensada o con salto de punto,1,TRAIN,Ruido de cadena al arrancar en frío (componente: Tensor de cadena)
G-ORIG-3188,1,Disco de embrague desgastado o patinando,1,TRAIN,Embrague patina al acelerar con carga
G-ORIG-3189,1,Disco de embrague desgastado o patinando,1,TRAIN,Embrague patina al acelerar con carga (componente: Disco de embrague)
G-ORIG-3190,1,Alternador defectuoso o placa de diodos quemada,1,DEV,Luces tenues y voltaje bajo en marcha
G-ORIG-3191,1,Alternador defectuoso o placa de diodos quemada,1,DEV,Luces tenues y voltaje bajo en marcha (componente: Alternador)
G-ORIG-3192,1,Discos de freno alabeados o desgastados,1,DEV,Vibración fuerte al frenar desde alta velocidad
G-ORIG-3193,1,Discos de freno alabeados o desgastados,1,TRAIN,Vibración fuerte al frenar desde alta velocidad (componente: Discos)
G-ORIG-3194,1,Falla en compresor de aire acondicionado o fuga de gas R134a,1,DEV,El aire enfría al inicio y luego deja de enfriar
G-ORIG-3195,1,Falla en compresor de aire acondicionado o fuga de gas R134a,1,TRAIN,El aire enfría al inicio y luego deja de enfriar (componente: Gas refrigerante)
G-ORIG-3196,1,Falla en termostato o motoventilador de radiador,1,DEV,En frío cuesta arrancar y el ralentí queda alto
G-ORIG-3197,1,Falla en termostato o motoventilador de radiador,1,TRAIN,En frío cuesta arrancar y el ralentí queda alto (componente: Sensor ECT)
G-ORIG-3198,1,Baja presion de aceite o bomba de aceite defectuosa,1,DEV,Golpeteo grave en la parte baja del motor
G-ORIG-3199,1,Baja presion de aceite o bomba de aceite defectuosa,1,TRAIN,Golpeteo grave en la parte baja del motor (componente: Cojinetes)
G-ORIG-3200,1,Bomba de gasolina quemada o con baja presion,1,TRAIN,Zumbido fuerte desde el tanque
G-ORIG-3201,1,Bomba de gasolina quemada o con baja presion,1,TRAIN,Zumbido fuerte desde el tanque (componente: Bomba de combustible)
G-ORIG-3202,1,Falla en bujias o bobinas de encendido (misfire),1,TRAIN,Código de un cilindro específico y vibración
G-ORIG-3203,1,Falla en bujias o bobinas de encendido (misfire),1,DEV,Código de un cilindro específico y vibración (componente: Bobina)
G-ORIG-3204,1,Amortiguadores reventados o bujes de suspension gastados,1,TRAIN,Dirección vagante en carretera
G-ORIG-3205,1,Amortiguadores reventados o bujes de suspension gastados,1,TRAIN,Dirección vagante en carretera (componente: Terminales)
G-ORIG-3206,1,Falla en sensor de oxigeno o mezcla rica,1,TRAIN,Olor fuerte a azufre al acelerar
G-ORIG-3207,1,Falla en sensor de oxigeno o mezcla rica,1,TRAIN,Olor fuerte a azufre al acelerar (componente: Catalizador)
G-ORIG-3208,1,Alternador defectuoso o placa de diodos quemada,1,TRAIN,Parpadeo irregular de luces en marcha
G-ORIG-3209,1,Alternador defectuoso o placa de diodos quemada,1,TRAIN,Parpadeo irregular de luces en marcha (componente: Masa)
G-ORIG-3210,1,Desgaste de pastillas y zapatas de freno,1,TRAIN,Chillido agudo constante al frenar (componente: Pastillas)
G-ORIG-3211,1,Fuga en mangueras de refrigerante o radiador picado,1,TRAIN,Pérdida lenta de refrigerante
G-ORIG-3212,1,Fuga en mangueras de refrigerante o radiador picado,1,TRAIN,Pérdida lenta de refrigerante (componente: Radiador)
G-ORIG-3213,1,Rodajes de caja mecanica o diferencial gastados,1,TRAIN,Aullido que crece con la velocidad
G-ORIG-3214,1,Rodajes de caja mecanica o diferencial gastados,1,TRAIN,Aullido que crece con la velocidad (componente: Rodamiento)
G-ORIG-3215,1,Falla en bujias o bobinas de encendido (misfire),1,TRAIN,Entra en modo de emergencia
G-ORIG-3216,1,Falla en bujias o bobinas de encendido (misfire),1,DEV,Entra en modo de emergencia (componente: Sensor CKP)
G-ORIG-3217,1,Cuerpo de aceleracion o valvula IAC sucia,1,DEV,Silbido agudo que cambia con las rpm
G-ORIG-3218,1,Cuerpo de aceleracion o valvula IAC sucia,1,TRAIN,Silbido agudo que cambia con las rpm (componente: Fuga de vacio)
G-ORIG-3219,1,Falla en sensor de oxigeno o mezcla rica,1,DEV,Consumo de gasolina excesivo sin códigos claros
G-ORIG-3220,1,Falla en sensor de oxigeno o mezcla rica,1,TRAIN,Consumo de gasolina excesivo sin códigos claros (componente: Sensor MAF)
G-ORIG-3221,1,Falla en bujias o bobinas de encendido (misfire),1,TRAIN,Funciona bien en frío y falla al calentar
G-ORIG-3222,1,Falla en bujias o bobinas de encendido (misfire),1,TRAIN,Funciona bien en frío y falla al calentar (componente: Bobina)
G-ORIG-3223,1,Falla en bombin o bomba hidraulica de embrague,1,TRAIN,Ruido de zumbido solo al pisar el embrague
G-ORIG-3224,1,Falla en bombin o bomba hidraulica de embrague,1,TRAIN,Ruido de zumbido solo al pisar el embrague (componente: Rodamiento de embrague)
G-ORIG-3225,1,Bateria descargada o bornes sulfatados,1,TRAIN,Arranque pesado con batería buena
G-ORIG-3226,1,Bateria descargada o bornes sulfatados,1,DEV,Arranque pesado con batería buena (componente: Motor de arranque)
G-ORIG-3227,1,Fuga hidraulica o aire en el sistema de frenos,1,TRAIN,El auto se desvía al frenar
G-ORIG-3228,1,Fuga hidraulica o aire en el sistema de frenos,1,DEV,El auto se desvía al frenar (componente: Pinza)
G-ORIG-3229,1,Falla en compresor de aire acondicionado o fuga de gas R134a,1,DEV,Olor fuerte a moho al encender el A/C (componente: Evaporador)
G-ORIG-3230,1,Cuerpo de aceleracion o valvula IAC sucia,1,TRAIN,Ralentí se queda alto varios segundos
G-ORIG-3231,1,Cuerpo de aceleracion o valvula IAC sucia,1,TRAIN,Ralentí se queda alto varios segundos (componente: Cuerpo de aceleracion)
G-ORIG-3232,1,Faja o cadena de distribucion destensada o con salto de punto,1,TRAIN,Ruido de cadena más largo de lo normal en frío
G-ORIG-3233,1,Faja o cadena de distribucion destensada o con salto de punto,1,DEV,Ruido de cadena más largo de lo normal en frío (componente: Tensor de cadena)
G-ORIG-3234,1,Cremallera de direccion asistida con holgura o fuga,1,TRAIN,Dirección excesivamente pesada a baja velocidad (componente: Bomba de direccion)
G-ORIG-3235,1,Llantas desbalanceadas o desalineadas,1,TRAIN,Vibración en un rango específico de velocidad (componente: Llantas)
G-ORIG-3236,1,Inyectores sucios o filtro de combustible obstruido,1,TRAIN,Se ahoga al acelerar fuerte y luego pega jalón
G-ORIG-3237,1,Inyectores sucios o filtro de combustible obstruido,1,TRAIN,Se ahoga al acelerar fuerte y luego pega jalón (componente: Filtro de combustible)
G-ORIG-3238,1,Falla en bujias o bobinas de encendido (misfire),1,TRAIN,Falla clara de un solo cilindro
G-ORIG-3239,1,Falla en bujias o bobinas de encendido (misfire),1,TRAIN,Falla clara de un solo cilindro (componente: Bobina)
G-ORIG-3240,1,Empaque de culata soplado o danado,1,TRAIN,Humo blanco con olor dulce y baja refrigerante
G-ORIG-3241,1,Empaque de culata soplado o danado,1,TRAIN,Humo blanco con olor dulce y baja refrigerante (componente: Empaque de culata)
G-ORIG-3242,1,Bateria descargada o bornes sulfatados,1,TRAIN,No hay ninguna respuesta al girar la llave
G-ORIG-3243,1,Bateria descargada o bornes sulfatados,1,TRAIN,No hay ninguna respuesta al girar la llave (componente: Bateria)
G-ORIG-3244,1,Discos de freno alabeados o desgastados,1,TRAIN,Vibración intensa al frenar desde alta velocidad (componente: Discos)
G-ORIG-3245,1,Falla en termostato o motoventilador de radiador,1,TRAIN,Temperatura del motor se mantiene muy baja
G-ORIG-3246,1,Falla en termostato o motoventilador de radiador,1,TRAIN,Temperatura del motor se mantiene muy baja (componente: Termostato)
G-ORIG-3247,1,Falla en sensor de oxigeno o mezcla rica,1,TRAIN,Olor a gasolina y posible humo negro
G-ORIG-3248,1,Falla en sensor de oxigeno o mezcla rica,1,TRAIN,Olor a gasolina y posible humo negro (componente: Sensor de oxigeno)
G-ORIG-3249,1,Consumo de aceite por desgaste de anillos o retenes,1,DEV,Consumo de aceite sin humo azul evidente (componente: Sellos de valvulas)
G-ORIG-3250,1,Falta o degradacion de aceite de caja de cambios,1,TRAIN,Cambios difíciles solo en frío
G-ORIG-3251,1,Falta o degradacion de aceite de caja de cambios,1,TRAIN,Cambios difíciles solo en frío (componente: Fluido de transmision)
G-ORIG-3252,1,Rodajes de caja mecanica o diferencial gastados,1,TRAIN,Ronroneo que crece con la velocidad
G-ORIG-3253,1,Rodajes de caja mecanica o diferencial gastados,1,TRAIN,Ronroneo que crece con la velocidad (componente: Rodamiento)
G-ORIG-3254,1,Falla en bujias o bobinas de encendido (misfire),1,TRAIN,El motor vibra y pierde potencia solo cuando ya está caliente
G-ORIG-3255,1,Falla en bujias o bobinas de encendido (misfire),1,TRAIN,El motor vibra y pierde potencia solo cuando ya está caliente (componente: Bobinas)
G-ORIG-3256,1,Inyectores sucios o filtro de combustible obstruido,1,DEV,"Después de calentar y apagar, cuesta mucho arrancar y huele a gasolina"
G-ORIG-3257,1,Inyectores sucios o filtro de combustible obstruido,1,TRAIN,"Después de calentar y apagar, cuesta mucho arrancar y huele a gasolina (componente: Inyectores)"
G-ORIG-3258,1,Cuerpo de aceleracion o valvula IAC sucia,1,DEV,Tironeo molesto en aceleraciones suaves
G-ORIG-3259,1,Cuerpo de aceleracion o valvula IAC sucia,1,TRAIN,Tironeo molesto en aceleraciones suaves (componente: Sensor TPS)
G-ORIG-3260,1,Bateria descargada o bornes sulfatados,1,TRAIN,Solo hace un click al intentar arrancar
G-ORIG-3261,1,Bateria descargada o bornes sulfatados,1,DEV,Solo hace un click al intentar arrancar (componente: Solenoide)
G-ORIG-3262,1,Fuga hidraulica o aire en el sistema de frenos,1,TRAIN,El pedal de freno se hunde poco a poco si lo mantengo apretado
G-ORIG-3263,1,Fuga hidraulica o aire en el sistema de frenos,1,DEV,El pedal de freno se hunde poco a poco si lo mantengo apretado (componente: Cilindro maestro)
G-ORIG-3264,1,Falla en termostato o motoventilador de radiador,1,DEV,"Se calienta solo en tráfico lento, en carretera está bien"
G-ORIG-3265,1,Falla en termostato o motoventilador de radiador,1,DEV,"Se calienta solo en tráfico lento, en carretera está bien (componente: Ventilador)"
G-ORIG-3266,1,Consumo de aceite por desgaste de anillos o retenes,1,TRAIN,Humo azul más notorio al acelerar y consume aceite
G-ORIG-3267,1,Consumo de aceite por desgaste de anillos o retenes,1,TRAIN,Humo azul más notorio al acelerar y consume aceite (componente: Anillos)
G-ORIG-3268,1,Juntas homocineticas o palieres danados,1,TRAIN,Clic claro al girar el volante completamente al estacionar
G-ORIG-3269,1,Juntas homocineticas o palieres danados,1,TRAIN,Clic claro al girar el volante completamente al estacionar (componente: Homocinetica)
G-ORIG-3270,1,Llantas desbalanceadas o desalineadas,1,TRAIN,Vibración en el volante solo entre 95 y 115 km/h
G-ORIG-3271,1,Llantas desbalanceadas o desalineadas,1,TRAIN,Vibración en el volante solo entre 95 y 115 km/h (componente: Llantas)
G-ORIG-3272,1,Bomba de gasolina quemada o con baja presion,1,TRAIN,Falta de potencia evidente en subidas o con el auto cargado
G-ORIG-3273,1,Bomba de gasolina quemada o con baja presion,1,TRAIN,Falta de potencia evidente en subidas o con el auto cargado (componente: Bomba de combustible)
G-ORIG-3274,1,Falla en bujias o bobinas de encendido (misfire),1,TRAIN,El motor falla solo cuando llueve o hay mucha humedad
G-ORIG-3275,1,Falla en bujias o bobinas de encendido (misfire),1,TRAIN,El motor falla solo cuando llueve o hay mucha humedad (componente: Bobinas)
G-ORIG-3276,1,Cuerpo de aceleracion o valvula IAC sucia,1,TRAIN,"Ralentí muy inestable, sube y baja y a veces se apaga"
G-ORIG-3277,1,Cuerpo de aceleracion o valvula IAC sucia,1,TRAIN,"Ralentí muy inestable, sube y baja y a veces se apaga (componente: Valvula IAC)"
G-ORIG-3278,1,Faja o cadena de distribucion destensada o con salto de punto,1,TRAIN,Ruido fuerte de cadena al arrancar en frío
G-ORIG-3279,1,Faja o cadena de distribucion destensada o con salto de punto,1,TRAIN,Ruido fuerte de cadena al arrancar en frío (componente: Tensor de cadena)
G-ORIG-3280,1,Disco de embrague desgastado o patinando,1,TRAIN,El embrague patina al acelerar fuerte con pasajeros
G-ORIG-3281,1,Disco de embrague desgastado o patinando,1,TRAIN,El embrague patina al acelerar fuerte con pasajeros (componente: Disco de embrague)
G-ORIG-3282,1,Alternador defectuoso o placa de diodos quemada,1,TRAIN,Luces tenues y voltaje bajo solo mientras manejo
G-ORIG-3283,1,Alternador defectuoso o placa de diodos quemada,1,TRAIN,Luces tenues y voltaje bajo solo mientras manejo (componente: Alternador)
G-ORIG-3284,1,Discos de freno alabeados o desgastados,1,TRAIN,Vibración fuerte en pedal y volante al frenar desde alta velocidad (componente: Discos)
G-ORIG-3285,1,Falla en compresor de aire acondicionado o fuga de gas R134a,1,TRAIN,El aire enfría bien al principio y después deja de enfriar
G-ORIG-3286,1,Falla en compresor de aire acondicionado o fuga de gas R134a,1,TRAIN,El aire enfría bien al principio y después deja de enfriar (componente: Gas refrigerante)
G-ORIG-3287,1,Falla en termostato o motoventilador de radiador,1,TRAIN,En las mañanas frías cuesta arrancar y el ralentí queda alto
G-ORIG-3288,1,Falla en termostato o motoventilador de radiador,1,TRAIN,En las mañanas frías cuesta arrancar y el ralentí queda alto (componente: Sensor ECT)
G-ORIG-3289,1,Baja presion de aceite o bomba de aceite defectuosa,1,TRAIN,Golpeteo grave y profundo en la parte baja del motor
G-ORIG-3290,1,Baja presion de aceite o bomba de aceite defectuosa,1,TRAIN,Golpeteo grave y profundo en la parte baja del motor (componente: Cojinetes)
G-ORIG-3291,1,Bomba de gasolina quemada o con baja presion,1,TRAIN,Zumbido muy fuerte desde el tanque de gasolina
G-ORIG-3292,1,Bomba de gasolina quemada o con baja presion,1,TRAIN,Zumbido muy fuerte desde el tanque de gasolina (componente: Bomba de combustible)
G-ORIG-3293,1,Falla en bujias o bobinas de encendido (misfire),1,TRAIN,Código de falla de un cilindro específico y vibración
G-ORIG-3294,1,Falla en bujias o bobinas de encendido (misfire),1,DEV,Código de falla de un cilindro específico y vibración (componente: Bobina)
G-ORIG-3295,1,Amortiguadores reventados o bujes de suspension gastados,1,TRAIN,La dirección se siente floja y no mantiene bien la recta
G-ORIG-3296,1,Amortiguadores reventados o bujes de suspension gastados,1,DEV,La dirección se siente floja y no mantiene bien la recta (componente: Terminales)
G-ORIG-3297,1,Falla en sensor de oxigeno o mezcla rica,1,DEV,Olor intenso a huevo podrido al acelerar
G-ORIG-3298,1,Falla en sensor de oxigeno o mezcla rica,1,DEV,Olor intenso a huevo podrido al acelerar (componente: Catalizador)
G-ORIG-3299,1,Bateria descargada o bornes sulfatados,1,TRAIN,Parpadeo irregular de luces delanteras y tablero
G-ORIG-3300,1,Bateria descargada o bornes sulfatados,1,DEV,Parpadeo irregular de luces delanteras y tablero (componente: Masa)
G-ORIG-3301,1,Fuga en mangueras de refrigerante o radiador picado,1,TRAIN,Se pierde refrigerante de forma constante
G-ORIG-3302,1,Fuga en mangueras de refrigerante o radiador picado,1,TRAIN,Se pierde refrigerante de forma constante (componente: Radiador)
G-ORIG-3303,1,Rodajes de caja mecanica o diferencial gastados,1,TRAIN,Aullido que aumenta claramente con la velocidad (componente: Rodamiento)
G-ORIG-3304,1,Cuerpo de aceleracion o valvula IAC sucia,1,TRAIN,Silbido agudo que varía con las revoluciones (componente: Fuga de vacio)
G-ORIG-3305,1,Falla en sensor de oxigeno o mezcla rica,1,DEV,Consumo de gasolina mucho más alto de lo normal
G-ORIG-3306,1,Falla en sensor de oxigeno o mezcla rica,1,TRAIN,Consumo de gasolina mucho más alto de lo normal (componente: Sensor MAF)
G-ORIG-3307,1,Falla en bujias o bobinas de encendido (misfire),1,TRAIN,Funciona perfecto en frío pero falla cuando calienta
G-ORIG-3308,1,Falla en bujias o bobinas de encendido (misfire),1,TRAIN,Funciona perfecto en frío pero falla cuando calienta (componente: Bobina)
G-ORIG-3309,1,Falla en bombin o bomba hidraulica de embrague,1,DEV,Ruido de zumbido solo cuando piso el embrague
G-ORIG-3310,1,Falla en bombin o bomba hidraulica de embrague,1,TRAIN,Ruido de zumbido solo cuando piso el embrague (componente: Rodamiento de embrague)
G-ORIG-3311,1,Fuga hidraulica o aire en el sistema de frenos,1,TRAIN,Al frenar el auto se desvía hacia un lado (componente: Pinza)
G-ORIG-3312,1,Falla en compresor de aire acondicionado o fuga de gas R134a,1,TRAIN,Olor fuerte a moho al encender el aire acondicionado
G-ORIG-3313,1,Falla en compresor de aire acondicionado o fuga de gas R134a,1,TRAIN,Olor fuerte a moho al encender el aire acondicionado (componente: Evaporador)
G-ORIG-3314,1,Cuerpo de aceleracion o valvula IAC sucia,1,DEV,El motor se queda en ralentí alto varios segundos
G-ORIG-3315,1,Cuerpo de aceleracion o valvula IAC sucia,1,TRAIN,El motor se queda en ralentí alto varios segundos (componente: Cuerpo de aceleracion)
G-ORIG-3316,1,Faja o cadena de distribucion destensada o con salto de punto,1,DEV,Ruido de cadena más prolongado de lo normal en frío
G-ORIG-3317,1,Faja o cadena de distribucion destensada o con salto de punto,1,TRAIN,Ruido de cadena más prolongado de lo normal en frío (componente: Tensor de cadena)
G-ORIG-3318,1,Llantas desbalanceadas o desalineadas,1,DEV,Vibración que aparece en un rango concreto de velocidad (componente: Llantas)
G-ORIG-3319,1,Inyectores sucios o filtro de combustible obstruido,1,TRAIN,Al acelerar de golpe se ahoga y luego pega un jalón
G-ORIG-3320,1,Inyectores sucios o filtro de combustible obstruido,1,DEV,Al acelerar de golpe se ahoga y luego pega un jalón (componente: Filtro de combustible)
G-ORIG-3321,1,Falla en bujias o bobinas de encendido (misfire),1,TRAIN,Falla evidente de un solo cilindro
G-ORIG-3322,1,Falla en bujias o bobinas de encendido (misfire),1,DEV,Falla evidente de un solo cilindro (componente: Bobina)
G-ORIG-3323,1,Empaque de culata soplado o danado,1,TRAIN,Humo blanco constante con olor dulce y baja refrigerante
G-ORIG-3324,1,Empaque de culata soplado o danado,1,TRAIN,Humo blanco constante con olor dulce y baja refrigerante (componente: Empaque de culata)
G-ORIG-3325,1,Bateria descargada o bornes sulfatados,1,TRAIN,Al girar la llave no hay ninguna respuesta
G-ORIG-3326,1,Bateria descargada o bornes sulfatados,1,TRAIN,Al girar la llave no hay ninguna respuesta (componente: Bateria)
G-ORIG-3327,1,Discos de freno alabeados o desgastados,1,TRAIN,Vibración intensa al frenar desde más de 100 km/h
G-ORIG-3328,1,Discos de freno alabeados o desgastados,1,DEV,Vibración intensa al frenar desde más de 100 km/h (componente: Discos)
G-ORIG-3329,1,Falla en termostato o motoventilador de radiador,1,TRAIN,La temperatura del motor se mantiene muy baja
G-ORIG-3330,1,Falla en termostato o motoventilador de radiador,1,DEV,La temperatura del motor se mantiene muy baja (componente: Termostato)
G-ORIG-3331,1,Falla en sensor de oxigeno o mezcla rica,1,TRAIN,"Olor a gasolina, consumo alto y posible humo negro (componente: Sensor de oxigeno)"
G-ORIG-3332,1,Consumo de aceite por desgaste de anillos o retenes,1,TRAIN,Consumo de aceite sin humo azul visible
G-ORIG-3333,1,Consumo de aceite por desgaste de anillos o retenes,1,TRAIN,Consumo de aceite sin humo azul visible (componente: Sellos de valvulas)
G-ORIG-3334,1,Falta o degradacion de aceite de caja de cambios,1,TRAIN,Cuesta meter las marchas solo cuando está frío
G-ORIG-3335,1,Falta o degradacion de aceite de caja de cambios,1,TRAIN,Cuesta meter las marchas solo cuando está frío (componente: Fluido de transmision)
G-ORIG-3336,1,Rodajes de caja mecanica o diferencial gastados,1,TRAIN,Ronroneo que crece de forma proporcional a la velocidad
G-ORIG-3337,1,Rodajes de caja mecanica o diferencial gastados,1,TRAIN,Ronroneo que crece de forma proporcional a la velocidad (componente: Rodamiento)
G-ORIG-3338,1,Falla en bujias o bobinas de encendido (misfire),1,TRAIN,Vibración fuerte solo en ralentí que mejora al acelerar
G-ORIG-3339,1,Falla en bujias o bobinas de encendido (misfire),1,TRAIN,Vibración fuerte solo en ralentí que mejora al acelerar (componente: Bujias)
G-ORIG-3340,1,Bomba de gasolina quemada o con baja presion,1,TRAIN,Pérdida de potencia más notoria con el tanque bajo
G-ORIG-3341,1,Bomba de gasolina quemada o con baja presion,1,TRAIN,Pérdida de potencia más notoria con el tanque bajo (componente: Bomba de combustible)
G-ORIG-3342,1,Baja presion de aceite o bomba de aceite defectuosa,1,TRAIN,Ruido de taqués más fuerte en frío
G-ORIG-3343,1,Baja presion de aceite o bomba de aceite defectuosa,1,DEV,Ruido de taqués más fuerte en frío (componente: Taques)
G-ORIG-3344,1,Alternador defectuoso o placa de diodos quemada,1,DEV,Luz de batería encendida mientras manejo
G-ORIG-3345,1,Alternador defectuoso o placa de diodos quemada,1,TRAIN,Luz de batería encendida mientras manejo (componente: Alternador)
G-ORIG-3346,1,Falla en servofreno (booster) o linea de vacio,1,TRAIN,Pedal de freno muy duro y poca potencia de frenado (componente: Servofreno)
G-ORIG-3347,1,Falla en termostato o motoventilador de radiador,1,TRAIN,Se sobrecalienta rápidamente después de arrancar (componente: Termostato)
G-ORIG-3348,1,Inyectores sucios o filtro de combustible obstruido,1,TRAIN,Humo negro constante y consumo elevado (componente: Inyectores)
G-ORIG-3349,1,Amortiguadores reventados o bujes de suspension gastados,1,DEV,Golpeteo fuerte en la parte delantera al pasar topes (componente: Bujes)
G-ORIG-3350,1,Llantas desbalanceadas o desalineadas,1,TRAIN,Vibración en el volante a partir de cierta velocidad (componente: Llantas)
G-ORIG-3351,1,Falla en sensor de oxigeno o mezcla rica,1,TRAIN,Olor a gasolina alrededor del auto incluso apagado
G-ORIG-3352,1,Falla en sensor de oxigeno o mezcla rica,1,TRAIN,Olor a gasolina alrededor del auto incluso apagado (componente: Lineas de combustible)
G-ORIG-3353,1,Falla en bujias o bobinas de encendido (misfire),1,TRAIN,Falla intermitente que aparece cuando el motor calienta
G-ORIG-3354,1,Falla en bujias o bobinas de encendido (misfire),1,DEV,Falla intermitente que aparece cuando el motor calienta (componente: Bobina)
G-ORIG-3355,1,Cuerpo de aceleracion o valvula IAC sucia,1,DEV,El acelerador tarda en responder
G-ORIG-3356,1,Cuerpo de aceleracion o valvula IAC sucia,1,TRAIN,El acelerador tarda en responder (componente: Sensor TPS)
G-ORIG-3357,1,Faja o cadena de distribucion destensada o con salto de punto,1,DEV,Chillido de correa al arrancar en frío o días húmedos
G-ORIG-3358,1,Faja o cadena de distribucion destensada o con salto de punto,1,TRAIN,Chillido de correa al arrancar en frío o días húmedos (componente: Correa)
G-ORIG-3359,1,Disco de embrague desgastado o patinando,1,TRAIN,Vibración al soltar el embrague para arrancar
G-ORIG-3360,1,Disco de embrague desgastado o patinando,1,TRAIN,Vibración al soltar el embrague para arrancar (componente: Disco de embrague)
G-ORIG-3361,1,Falla electrica del cierre centralizado o actuador de puerta,1,TRAIN,Se queman fusibles del mismo circuito repetidamente
G-ORIG-3362,1,Falla electrica del cierre centralizado o actuador de puerta,1,TRAIN,Se queman fusibles del mismo circuito repetidamente (componente: Cableado)
G-ORIG-3363,1,Desgaste de pastillas y zapatas de freno,1,TRAIN,Ruido de metal contra metal al frenar (componente: Pastillas)
G-ORIG-3364,1,Falla en compresor de aire acondicionado o fuga de gas R134a,1,TRAIN,El compresor del aire no llega a embragar
G-ORIG-3365,1,Falla en compresor de aire acondicionado o fuga de gas R134a,1,DEV,El compresor del aire no llega a embragar (componente: Clutch de compresor)
G-ORIG-3366,1,Falla en sensor de oxigeno o mezcla rica,1,TRAIN,Check Engine con código P0420
G-ORIG-3367,1,Falla en sensor de oxigeno o mezcla rica,1,TRAIN,Check Engine con código P0420 (componente: Catalizador)
G-ORIG-3368,1,Baja presion de aceite o bomba de aceite defectuosa,1,TRAIN,Fuga de aceite visible en la parte inferior del motor (componente: Reten de cigueñal)
G-ORIG-3369,1,Bomba de gasolina quemada o con baja presion,1,TRAIN,Se ahoga en aceleraciones fuertes y poca potencia en alta
G-ORIG-3370,1,Bomba de gasolina quemada o con baja presion,1,TRAIN,Se ahoga en aceleraciones fuertes y poca potencia en alta (componente: Bomba de combustible)
G-ORIG-3371,1,Falla en bujias o bobinas de encendido (misfire),1,DEV,Falla y vibración que cambia al mover los cables de bujía
G-ORIG-3372,1,Falla en bujias o bobinas de encendido (misfire),1,TRAIN,Falla y vibración que cambia al mover los cables de bujía (componente: Cables de bujia)
G-ORIG-3373,1,Cremallera de direccion asistida con holgura o fuga,1,TRAIN,Quejido o chillido al girar el volante en frío
G-ORIG-3374,1,Cremallera de direccion asistida con holgura o fuga,1,TRAIN,Quejido o chillido al girar el volante en frío (componente: Bomba de direccion)
G-ORIG-3375,1,Falla en sensor de oxigeno o mezcla rica,1,TRAIN,El escape se escucha mucho más fuerte de lo normal (componente: Escape)
G-ORIG-3376,1,Alternador defectuoso o placa de diodos quemada,1,TRAIN,El radio y otros sistemas se reinician mientras manejo
G-ORIG-3377,1,Alternador defectuoso o placa de diodos quemada,1,TRAIN,El radio y otros sistemas se reinician mientras manejo (componente: Alternador)
G-ORIG-3378,1,Falla en sensor de velocidad de rueda ABS,1,TRAIN,Luz de ABS encendida sin motivo aparente (componente: Sensor ABS)
G-ORIG-3379,1,Falla en termostato o motoventilador de radiador,1,TRAIN,El ventilador del radiador funciona todo el tiempo (componente: Sensor ECT)
G-ORIG-3380,1,Falla en sensor de oxigeno o mezcla rica,1,TRAIN,Código P0300 pero apenas se siente falla
G-ORIG-3381,1,Falla en sensor de oxigeno o mezcla rica,1,TRAIN,Código P0300 pero apenas se siente falla (componente: Sensor MAF)
G-ORIG-3382,1,Consumo de aceite por desgaste de anillos o retenes,1,TRAIN,Pérdida general de potencia y compresión baja en un cilindro
G-ORIG-3383,1,Consumo de aceite por desgaste de anillos o retenes,1,TRAIN,Pérdida general de potencia y compresión baja en un cilindro (componente: Valvulas)
G-ORIG-3384,1,Falla en sensor de oxigeno o mezcla rica,1,TRAIN,Olor fuerte a vapores de gasolina dentro y fuera
G-ORIG-3385,1,Falla en sensor de oxigeno o mezcla rica,1,TRAIN,Olor fuerte a vapores de gasolina dentro y fuera (componente: Canister)
G-ORIG-3386,1,Falla en bujias o bobinas de encendido (misfire),1,TRAIN,Falla general de encendido sin código de cilindro específico
G-ORIG-3387,1,Falla en bujias o bobinas de encendido (misfire),1,TRAIN,Falla general de encendido sin código de cilindro específico (componente: Modulo de encendido)
G-ORIG-3388,1,Disco de embrague desgastado o patinando,1,TRAIN,Patina ligeramente en marchas altas a velocidad de carretera (componente: Disco de embrague)
G-ORIG-3389,1,Bateria descargada o bornes sulfatados,1,TRAIN,A veces arranca normal y otras solo hace click (componente: Solenoide)
G-ORIG-3390,1,Falla en compresor de aire acondicionado o fuga de gas R134a,1,TRAIN,El aire acondicionado enfría muy poco
G-ORIG-3391,1,Falla en compresor de aire acondicionado o fuga de gas R134a,1,TRAIN,El aire acondicionado enfría muy poco (componente: Gas refrigerante)
G-ORIG-3392,1,Falla en bujias o bobinas de encendido (misfire),1,TRAIN,Check Engine y dificultad de arranque intermitente
G-ORIG-3393,1,Falla en bujias o bobinas de encendido (misfire),1,TRAIN,Check Engine y dificultad de arranque intermitente (componente: Sensor CMP)
G-ORIG-3394,1,Fuga en mangueras de refrigerante o radiador picado,1,TRAIN,Ruido de rodamiento proveniente de la bomba de agua
G-ORIG-3395,1,Fuga en mangueras de refrigerante o radiador picado,1,TRAIN,Ruido de rodamiento proveniente de la bomba de agua (componente: Bomba de agua)
G-ORIG-3396,1,Llantas desbalanceadas o desalineadas,1,DEV,El auto se desvía solo hacia un lado en carretera recta (componente: Alineacion)
G-ORIG-3397,1,Llantas desbalanceadas o desalineadas,1,DEV,Golpe o ruido rítmico que aumenta con la velocidad (componente: Llantas)
G-ORIG-3398,1,Inyectores sucios o filtro de combustible obstruido,1,DEV,Pérdida progresiva de potencia hasta casi apagarse
G-ORIG-3399,1,Inyectores sucios o filtro de combustible obstruido,1,DEV,Pérdida progresiva de potencia hasta casi apagarse (componente: Filtro de combustible)
G-ORIG-3400,1,Falla en bujias o bobinas de encendido (misfire),1,DEV,Vibración y falla después de cambiar las bujías
G-ORIG-3401,1,Falla en bujias o bobinas de encendido (misfire),1,DEV,Vibración y falla después de cambiar las bujías (componente: Bujias)
G-ORIG-3402,1,Consumo de aceite por desgaste de anillos o retenes,1,TRAIN,Consumo de aceite y presión excesiva en el cárter
G-ORIG-3403,1,Consumo de aceite por desgaste de anillos o retenes,1,TRAIN,Consumo de aceite y presión excesiva en el cárter (componente: Valvula PCV)
G-ORIG-3404,1,Falla electrica del cierre centralizado o actuador de puerta,1,TRAIN,Fallas eléctricas intermitentes en luces y sensores (componente: Cableado)
G-ORIG-3405,1,Desgaste de pastillas y zapatas de freno,1,TRAIN,Luz de freno encendida y nivel de líquido bajo
G-ORIG-3406,1,Desgaste de pastillas y zapatas de freno,1,DEV,Luz de freno encendida y nivel de líquido bajo (componente: Pastillas)
G-ORIG-3407,1,Fuga en mangueras de refrigerante o radiador picado,1,TRAIN,El sistema no mantiene presión y se calienta
G-ORIG-3408,1,Fuga en mangueras de refrigerante o radiador picado,1,TRAIN,El sistema no mantiene presión y se calienta (componente: Tapa de radiador)
G-ORIG-3409,1,Falla en sensor de oxigeno o mezcla rica,1,TRAIN,"Tironeo, consumo alto y códigos de mezcla (componente: Sensor MAF)"
G-ORIG-3410,1,Baja presion de aceite o bomba de aceite defectuosa,1,TRAIN,Fuga de aceite en la parte superior del motor
G-ORIG-3411,1,Baja presion de aceite o bomba de aceite defectuosa,1,DEV,Fuga de aceite en la parte superior del motor (componente: Empaque de tapa)
G-ORIG-3412,1,Falla en bombin o bomba hidraulica de embrague,1,TRAIN,Ruido en punto muerto que desaparece al pisar el embrague (componente: Rodamiento de embrague)
G-ORIG-3413,1,Llantas desbalanceadas o desalineadas,1,TRAIN,Vibración que se siente más en el asiento que en el volante
G-ORIG-3414,1,Llantas desbalanceadas o desalineadas,1,TRAIN,Vibración que se siente más en el asiento que en el volante (componente: Llantas)
G-ORIG-3415,1,Falla en sensor de oxigeno o mezcla rica,1,TRAIN,El auto pierde potencia de forma gradual y el Check Engine se enciende con código de catalizador
G-ORIG-3416,1,Falla en sensor de oxigeno o mezcla rica,1,TRAIN,El auto pierde potencia de forma gradual y el Check Engine se enciende con código de catalizador (componente: Catalizador)
G-ORIG-3417,1,Faja o cadena de distribucion destensada o con salto de punto,1,TRAIN,Se escucha un silbido agudo que aumenta con las rpm y a veces huele a quemado
G-ORIG-3418,1,Faja o cadena de distribucion destensada o con salto de punto,1,TRAIN,Se escucha un silbido agudo que aumenta con las rpm y a veces huele a quemado (componente: Correa)
G-ORIG-3419,1,Baja presion de aceite o bomba de aceite defectuosa,1,DEV,El motor tiene un tic-tic metálico que se hace más fuerte en caliente
G-ORIG-3420,1,Baja presion de aceite o bomba de aceite defectuosa,1,TRAIN,El motor tiene un tic-tic metálico que se hace más fuerte en caliente (componente: Taques)
G-ORIG-3421,1,Falla en actuador de turbocompresor o VGT en motores alemanes TSI / TFSI,1,TRAIN,Al acelerar fuerte en primera y segunda el turbo no empuja como antes
G-ORIG-3422,1,Falla en actuador de turbocompresor o VGT en motores alemanes TSI / TFSI,1,TRAIN,Al acelerar fuerte en primera y segunda el turbo no empuja como antes (componente: Turbo)
G-ORIG-3423,1,Llantas desbalanceadas o desalineadas,1,TRAIN,El auto vibra solo cuando va en una velocidad específica y luego se quita
G-ORIG-3424,1,Llantas desbalanceadas o desalineadas,1,DEV,El auto vibra solo cuando va en una velocidad específica y luego se quita (componente: Llantas)
G-ORIG-3425,1,Consumo de aceite por desgaste de anillos o retenes,1,TRAIN,Sale humo blanco solo al arrancar en frío y después desaparece
G-ORIG-3426,1,Consumo de aceite por desgaste de anillos o retenes,1,TRAIN,Sale humo blanco solo al arrancar en frío y después desaparece (componente: Sellos de valvulas)
G-ORIG-3427,1,Cremallera de direccion asistida con holgura o fuga,1,TRAIN,La dirección asistida eléctrica se pone dura de repente y se enciende un testigo
G-ORIG-3428,1,Cremallera de direccion asistida con holgura o fuga,1,TRAIN,La dirección asistida eléctrica se pone dura de repente y se enciende un testigo (componente: Modulo de direccion)
G-ORIG-3429,1,Bomba de gasolina quemada o con baja presion,1,DEV,El motor se ahoga en subidas y el tanque zumba muy fuerte
G-ORIG-3430,1,Bomba de gasolina quemada o con baja presion,1,TRAIN,El motor se ahoga en subidas y el tanque zumba muy fuerte (componente: Bomba de combustible)
G-ORIG-3431,1,Falla en sensor de oxigeno o mezcla rica,1,TRAIN,Check Engine con P0171 y el auto consume más gasolina de lo normal
G-ORIG-3432,1,Falla en sensor de oxigeno o mezcla rica,1,TRAIN,Check Engine con P0171 y el auto consume más gasolina de lo normal (componente: Sensor MAF)
G-ORIG-3433,1,Discos de freno alabeados o desgastados,1,TRAIN,Al frenar el pedal vibra pero el volante casi no se mueve
G-ORIG-3434,1,Discos de freno alabeados o desgastados,1,TRAIN,Al frenar el pedal vibra pero el volante casi no se mueve (componente: Discos)
G-ORIG-3435,1,Falla en compresor de aire acondicionado o fuga de gas R134a,1,TRAIN,El aire acondicionado enfría poco y el compresor se escucha forzado
G-ORIG-3436,1,Falla en compresor de aire acondicionado o fuga de gas R134a,1,TRAIN,El aire acondicionado enfría poco y el compresor se escucha forzado (componente: Condensador)
G-ORIG-3437,1,Baja presion de aceite o bomba de aceite defectuosa,1,TRAIN,Ruido de golpeteo en la parte baja del motor que aumenta con las rpm (componente: Cojinetes)
G-ORIG-3438,1,Cuerpo de aceleracion o valvula IAC sucia,1,TRAIN,El auto se apaga solo cuando está en ralentí con el aire encendido
G-ORIG-3439,1,Cuerpo de aceleracion o valvula IAC sucia,1,TRAIN,El auto se apaga solo cuando está en ralentí con el aire encendido (componente: Valvula IAC)
G-ORIG-3440,1,Falla en bujias o bobinas de encendido (misfire),1,TRAIN,Después de cambiar las bujías el motor vibra más que antes
G-ORIG-3441,1,Falla en bujias o bobinas de encendido (misfire),1,DEV,Después de cambiar las bujías el motor vibra más que antes (componente: Bujias)
G-ORIG-3442,1,Rodajes de caja mecanica o diferencial gastados,1,TRAIN,Se escucha un aullido que aumenta en las curvas hacia un lado
G-ORIG-3443,1,Rodajes de caja mecanica o diferencial gastados,1,TRAIN,Se escucha un aullido que aumenta en las curvas hacia un lado (componente: Rodamiento)
G-ORIG-3444,1,Consumo de aceite por desgaste de anillos o retenes,1,TRAIN,El motor tiene presión excesiva en el cárter y empuja aceite por los empaques
G-ORIG-3445,1,Consumo de aceite por desgaste de anillos o retenes,1,TRAIN,El motor tiene presión excesiva en el cárter y empuja aceite por los empaques (componente: Valvula PCV)
G-ORIG-3446,1,Juntas homocineticas o palieres danados,1,TRAIN,Al girar el volante a tope se escucha un chasquido repetitivo
G-ORIG-3447,1,Juntas homocineticas o palieres danados,1,DEV,Al girar el volante a tope se escucha un chasquido repetitivo (componente: Homocinetica)
G-ORIG-3448,1,Falla en bujias o bobinas de encendido (misfire),1,TRAIN,El auto entra en modo limp y pierde mucha potencia de golpe
G-ORIG-3449,1,Falla en bujias o bobinas de encendido (misfire),1,DEV,El auto entra en modo limp y pierde mucha potencia de golpe (componente: Sensor CKP)
G-ORIG-3450,1,Inyectores sucios o filtro de combustible obstruido,1,DEV,Humo negro constante y olor fuerte a gasolina por el escape
G-ORIG-3451,1,Inyectores sucios o filtro de combustible obstruido,1,TRAIN,Humo negro constante y olor fuerte a gasolina por el escape (componente: Inyectores)
G-ORIG-3452,1,Falla en termostato o motoventilador de radiador,1,TRAIN,La temperatura sube rápido y el ventilador no prende nunca
G-ORIG-3453,1,Falla en termostato o motoventilador de radiador,1,TRAIN,La temperatura sube rápido y el ventilador no prende nunca (componente: Ventilador)
G-ORIG-3454,1,Disco de embrague desgastado o patinando,1,TRAIN,El embrague patina solo cuando el motor está caliente
G-ORIG-3455,1,Disco de embrague desgastado o patinando,1,TRAIN,El embrague patina solo cuando el motor está caliente (componente: Disco de embrague)
G-ORIG-3456,1,Alternador defectuoso o placa de diodos quemada,1,DEV,Parpadeo de luces y el radio se reinicia solo mientras manejo
G-ORIG-3457,1,Alternador defectuoso o placa de diodos quemada,1,TRAIN,Parpadeo de luces y el radio se reinicia solo mientras manejo (componente: Alternador)
G-ORIG-3458,1,Amortiguadores reventados o bujes de suspension gastados,1,TRAIN,Se siente un golpe seco al pasar topes en la parte delantera
G-ORIG-3459,1,Amortiguadores reventados o bujes de suspension gastados,1,DEV,Se siente un golpe seco al pasar topes en la parte delantera (componente: Amortiguadores)
G-ORIG-3460,1,Falla en bujias o bobinas de encendido (misfire),1,TRAIN,El motor falla de forma intermitente solo en días muy calurosos
G-ORIG-3461,1,Falla en bujias o bobinas de encendido (misfire),1,TRAIN,El motor falla de forma intermitente solo en días muy calurosos (componente: Bobinas)
G-ORIG-3462,1,Falla en sistema de sincronizacion variable de valvulas (VVT / VVT-i / Valvetronic),1,TRAIN,Check Engine con código de sensor de detonación
G-ORIG-3463,1,Falla en sistema de sincronizacion variable de valvulas (VVT / VVT-i / Valvetronic),1,TRAIN,Check Engine con código de sensor de detonación (componente: Sensor de detonacion)
G-ORIG-3464,1,Falla en sensor de oxigeno o mezcla rica,1,TRAIN,El auto tiene un olor a azufre muy fuerte en aceleración
G-ORIG-3465,1,Falla en sensor de oxigeno o mezcla rica,1,TRAIN,El auto tiene un olor a azufre muy fuerte en aceleración (componente: Catalizador)
G-ORIG-3466,1,Cuerpo de aceleracion o valvula IAC sucia,1,TRAIN,Al soltar el acelerador el motor se queda acelerado más de lo normal
G-ORIG-3467,1,Cuerpo de aceleracion o valvula IAC sucia,1,TRAIN,Al soltar el acelerador el motor se queda acelerado más de lo normal (componente: Cuerpo de aceleracion)
G-ORIG-3468,1,Faja o cadena de distribucion destensada o con salto de punto,1,DEV,Ruido de cadena más largo de lo normal al arrancar en frío (componente: Tensor de cadena)
G-ORIG-3469,1,Amortiguadores reventados o bujes de suspension gastados,1,TRAIN,La dirección se siente vagante y el auto no mantiene la línea
G-ORIG-3470,1,Amortiguadores reventados o bujes de suspension gastados,1,TRAIN,La dirección se siente vagante y el auto no mantiene la línea (componente: Terminales)
G-ORIG-3471,1,Inyectores sucios o filtro de combustible obstruido,1,TRAIN,El auto se ahoga al acelerar fuerte y luego responde de golpe
G-ORIG-3472,1,Inyectores sucios o filtro de combustible obstruido,1,TRAIN,El auto se ahoga al acelerar fuerte y luego responde de golpe (componente: Filtro de combustible)
G-ORIG-3473,1,Falla en bujias o bobinas de encendido (misfire),1,TRAIN,Falla de un solo cilindro con código P030X
G-ORIG-3474,1,Falla en bujias o bobinas de encendido (misfire),1,TRAIN,Falla de un solo cilindro con código P030X (componente: Bobina)
G-ORIG-3475,1,Empaque de culata soplado o danado,1,TRAIN,Humo blanco con olor dulce y baja el refrigerante sin fugas visibles
G-ORIG-3476,1,Empaque de culata soplado o danado,1,TRAIN,Humo blanco con olor dulce y baja el refrigerante sin fugas visibles (componente: Empaque de culata)
G-ORIG-3477,1,Bateria descargada o bornes sulfatados,1,TRAIN,Al girar la llave no pasa absolutamente nada
G-ORIG-3478,1,Bateria descargada o bornes sulfatados,1,TRAIN,Al girar la llave no pasa absolutamente nada (componente: Bateria)
G-ORIG-3479,1,Discos de freno alabeados o desgastados,1,DEV,Vibración fuerte solo al frenar desde alta velocidad
G-ORIG-3480,1,Discos de freno alabeados o desgastados,1,TRAIN,Vibración fuerte solo al frenar desde alta velocidad (componente: Discos)
G-ORIG-3481,1,Falla en termostato o motoventilador de radiador,1,TRAIN,La aguja de temperatura casi no sube y el calefactor no calienta
G-ORIG-3482,1,Falla en termostato o motoventilador de radiador,1,TRAIN,La aguja de temperatura casi no sube y el calefactor no calienta (componente: Termostato)
G-ORIG-3483,1,Falla en sensor de oxigeno o mezcla rica,1,TRAIN,Olor a gasolina y consumo excesivo con Check Engine
G-ORIG-3484,1,Falla en sensor de oxigeno o mezcla rica,1,TRAIN,Olor a gasolina y consumo excesivo con Check Engine (componente: Sensor de oxigeno)
G-ORIG-3485,1,Falta o degradacion de aceite de caja de cambios,1,TRAIN,Cambios duros solo cuando el auto está frío
G-ORIG-3486,1,Falta o degradacion de aceite de caja de cambios,1,DEV,Cambios duros solo cuando el auto está frío (componente: Fluido de transmision)
G-ORIG-3487,1,Rodajes de caja mecanica o diferencial gastados,1,TRAIN,Ronroneo que aumenta claramente con la velocidad
G-ORIG-3488,1,Rodajes de caja mecanica o diferencial gastados,1,DEV,Ronroneo que aumenta claramente con la velocidad (componente: Rodamiento)
G-ORIG-3489,1,Falla en bujias o bobinas de encendido (misfire),1,TRAIN,El motor vibra en ralentí y mejora al acelerar
G-ORIG-3490,1,Falla en bujias o bobinas de encendido (misfire),1,TRAIN,El motor vibra en ralentí y mejora al acelerar (componente: Bujias)
G-ORIG-3491,1,Bomba de gasolina quemada o con baja presion,1,TRAIN,Pérdida de potencia más notoria con poca gasolina
G-ORIG-3492,1,Bomba de gasolina quemada o con baja presion,1,TRAIN,Pérdida de potencia más notoria con poca gasolina (componente: Bomba de combustible)
G-ORIG-3493,1,Falla en sensor de oxigeno o mezcla rica,1,TRAIN,Código de mezcla pobre y el auto se siente sin fuerza
G-ORIG-3494,1,Falla en sensor de oxigeno o mezcla rica,1,TRAIN,Código de mezcla pobre y el auto se siente sin fuerza (componente: Sensor MAF)
G-ORIG-3495,1,Baja presion de aceite o bomba de aceite defectuosa,1,TRAIN,Ruido de taqués más fuerte en frío y disminuye un poco en caliente
G-ORIG-3496,1,Baja presion de aceite o bomba de aceite defectuosa,1,TRAIN,Ruido de taqués más fuerte en frío y disminuye un poco en caliente (componente: Taques)
G-ORIG-3497,1,Alternador defectuoso o placa de diodos quemada,1,TRAIN,Luz de batería encendida en el tablero durante la marcha (componente: Alternador)
G-ORIG-3498,1,Falla en servofreno (booster) o linea de vacio,1,TRAIN,Pedal de freno muy duro y el auto casi no frena
G-ORIG-3499,1,Falla en servofreno (booster) o linea de vacio,1,TRAIN,Pedal de freno muy duro y el auto casi no frena (componente: Servofreno)
G-ORIG-3500,1,Falla en termostato o motoventilador de radiador,1,TRAIN,Se sobrecalienta rápido después de arrancar
G-ORIG-3501,1,Falla en termostato o motoventilador de radiador,1,TRAIN,Se sobrecalienta rápido después de arrancar (componente: Termostato)
G-ORIG-3502,1,Inyectores sucios o filtro de combustible obstruido,1,TRAIN,Humo negro y consumo alto de combustible
G-ORIG-3503,1,Inyectores sucios o filtro de combustible obstruido,1,TRAIN,Humo negro y consumo alto de combustible (componente: Inyectores)
G-ORIG-3504,1,Amortiguadores reventados o bujes de suspension gastados,1,TRAIN,Golpeteo en la parte delantera al pasar baches
G-ORIG-3505,1,Amortiguadores reventados o bujes de suspension gastados,1,TRAIN,Golpeteo en la parte delantera al pasar baches (componente: Bujes)
G-ORIG-3506,1,Llantas desbalanceadas o desalineadas,1,DEV,Vibración en el volante a partir de 100 km/h
G-ORIG-3507,1,Llantas desbalanceadas o desalineadas,1,TRAIN,Vibración en el volante a partir de 100 km/h (componente: Llantas)
G-ORIG-3508,1,Falla en sensor de oxigeno o mezcla rica,1,TRAIN,Olor a gasolina en el exterior del auto aunque esté apagado
G-ORIG-3509,1,Falla en sensor de oxigeno o mezcla rica,1,DEV,Olor a gasolina en el exterior del auto aunque esté apagado (componente: Regulador)
G-ORIG-3510,1,Falla en bujias o bobinas de encendido (misfire),1,DEV,Falla intermitente que solo aparece en caliente
G-ORIG-3511,1,Falla en bujias o bobinas de encendido (misfire),1,TRAIN,Falla intermitente que solo aparece en caliente (componente: Bobina)
G-ORIG-3512,1,Cuerpo de aceleracion o valvula IAC sucia,1,TRAIN,El acelerador tarda en responder y se siente delay
G-ORIG-3513,1,Cuerpo de aceleracion o valvula IAC sucia,1,TRAIN,El acelerador tarda en responder y se siente delay (componente: Sensor TPS)
G-ORIG-3514,1,Faja o cadena de distribucion destensada o con salto de punto,1,TRAIN,Chillido de correa en frío o días húmedos
G-ORIG-3515,1,Faja o cadena de distribucion destensada o con salto de punto,1,TRAIN,Chillido de correa en frío o días húmedos (componente: Correa)
G-ORIG-3516,1,Disco de embrague desgastado o patinando,1,TRAIN,Vibración al momento de soltar el embrague
G-ORIG-3517,1,Disco de embrague desgastado o patinando,1,DEV,Vibración al momento de soltar el embrague (componente: Disco de embrague)
G-ORIG-3518,1,Falla electrica del cierre centralizado o actuador de puerta,1,DEV,Se queman fusibles del mismo circuito varias veces
G-ORIG-3519,1,Falla electrica del cierre centralizado o actuador de puerta,1,DEV,Se queman fusibles del mismo circuito varias veces (componente: Cableado)
G-ORIG-3520,1,Falla en compresor de aire acondicionado o fuga de gas R134a,1,DEV,El compresor del A/C no embraga nunca
G-ORIG-3521,1,Falla en compresor de aire acondicionado o fuga de gas R134a,1,DEV,El compresor del A/C no embraga nunca (componente: Clutch)
G-ORIG-3522,1,Falla en sensor de oxigeno o mezcla rica,1,DEV,Código P0420 de eficiencia de catalizador
G-ORIG-3523,1,Falla en sensor de oxigeno o mezcla rica,1,DEV,Código P0420 de eficiencia de catalizador (componente: Catalizador)
G-ORIG-3524,1,Baja presion de aceite o bomba de aceite defectuosa,1,TRAIN,Fuga de aceite por la parte baja del motor
G-ORIG-3525,1,Baja presion de aceite o bomba de aceite defectuosa,1,TRAIN,Fuga de aceite por la parte baja del motor (componente: Reten)
G-ORIG-3526,1,Bomba de gasolina quemada o con baja presion,1,TRAIN,Se ahoga en aceleraciones fuertes
G-ORIG-3527,1,Bomba de gasolina quemada o con baja presion,1,TRAIN,Se ahoga en aceleraciones fuertes (componente: Bomba de combustible)
G-ORIG-3528,1,Falla en bujias o bobinas de encendido (misfire),1,TRAIN,Falla que cambia al mover los cables de bujía
G-ORIG-3529,1,Falla en bujias o bobinas de encendido (misfire),1,TRAIN,Falla que cambia al mover los cables de bujía (componente: Cables de bujia)
G-ORIG-3530,1,Cremallera de direccion asistida con holgura o fuga,1,TRAIN,Quejido al girar el volante especialmente en frío
G-ORIG-3531,1,Cremallera de direccion asistida con holgura o fuga,1,DEV,Quejido al girar el volante especialmente en frío (componente: Bomba de direccion)
G-ORIG-3532,1,Falla en sensor de oxigeno o mezcla rica,1,TRAIN,El escape se escucha mucho más fuerte
G-ORIG-3533,1,Falla en sensor de oxigeno o mezcla rica,1,TRAIN,El escape se escucha mucho más fuerte (componente: Escape)
G-ORIG-3534,1,Alternador defectuoso o placa de diodos quemada,1,TRAIN,Sistemas eléctricos se reinician mientras manejo
G-ORIG-3535,1,Alternador defectuoso o placa de diodos quemada,1,DEV,Sistemas eléctricos se reinician mientras manejo (componente: Alternador)
G-ORIG-3536,1,Falla en sensor de velocidad de rueda ABS,1,TRAIN,Luz de ABS encendida sin razón aparente
G-ORIG-3537,1,Falla en sensor de velocidad de rueda ABS,1,TRAIN,Luz de ABS encendida sin razón aparente (componente: Sensor ABS)
G-ORIG-3538,1,Falla en termostato o motoventilador de radiador,1,DEV,El ventilador del radiador está siempre prendido
G-ORIG-3539,1,Falla en termostato o motoventilador de radiador,1,TRAIN,El ventilador del radiador está siempre prendido (componente: Sensor ECT)
G-ORIG-3540,1,Llantas desbalanceadas o desalineadas,1,TRAIN,Desgaste irregular de llantas en forma de sierra
G-ORIG-3541,1,Llantas desbalanceadas o desalineadas,1,TRAIN,Desgaste irregular de llantas en forma de sierra (componente: Alineacion)
G-ORIG-3542,1,Falla en sensor de oxigeno o mezcla rica,1,DEV,Código P0300 pero casi no se siente la falla
G-ORIG-3543,1,Falla en sensor de oxigeno o mezcla rica,1,TRAIN,Código P0300 pero casi no se siente la falla (componente: Sensor MAF)
G-ORIG-3544,1,Consumo de aceite por desgaste de anillos o retenes,1,TRAIN,Pérdida de potencia general y compresión baja
G-ORIG-3545,1,Consumo de aceite por desgaste de anillos o retenes,1,TRAIN,Pérdida de potencia general y compresión baja (componente: Valvulas)
G-ORIG-3546,1,Falla en sensor de oxigeno o mezcla rica,1,TRAIN,Olor fuerte a vapores de gasolina
G-ORIG-3547,1,Falla en sensor de oxigeno o mezcla rica,1,DEV,Olor fuerte a vapores de gasolina (componente: Canister)
G-ORIG-3548,1,Falla en bujias o bobinas de encendido (misfire),1,TRAIN,Falla general de encendido sin código de cilindro
G-ORIG-3549,1,Falla en bujias o bobinas de encendido (misfire),1,TRAIN,Falla general de encendido sin código de cilindro (componente: Modulo de encendido)
G-ORIG-3550,1,Disco de embrague desgastado o patinando,1,TRAIN,Patina en marchas altas a velocidad de carretera
G-ORIG-3551,1,Disco de embrague desgastado o patinando,1,TRAIN,Patina en marchas altas a velocidad de carretera (componente: Disco de embrague)
G-ORIG-3552,1,Bateria descargada o bornes sulfatados,1,TRAIN,A veces arranca y a veces solo hace click
G-ORIG-3553,1,Bateria descargada o bornes sulfatados,1,TRAIN,A veces arranca y a veces solo hace click (componente: Solenoide)
G-ORIG-3554,1,Desgaste de pastillas y zapatas de freno,1,DEV,El freno de mano no sostiene en pendientes
G-ORIG-3555,1,Desgaste de pastillas y zapatas de freno,1,DEV,El freno de mano no sostiene en pendientes (componente: Cable de freno)
G-ORIG-3556,1,Falla en compresor de aire acondicionado o fuga de gas R134a,1,DEV,El A/C enfría muy poco aunque el compresor trabaja (componente: Gas refrigerante)
G-ORIG-3557,1,Falla en bujias o bobinas de encendido (misfire),1,TRAIN,Check Engine y arranque difícil intermitente
G-ORIG-3558,1,Falla en bujias o bobinas de encendido (misfire),1,DEV,Check Engine y arranque difícil intermitente (componente: Sensor CMP)
G-ORIG-3559,1,Fuga en mangueras de refrigerante o radiador picado,1,DEV,Ruido de rodamiento en la bomba de agua
G-ORIG-3560,1,Fuga en mangueras de refrigerante o radiador picado,1,TRAIN,Ruido de rodamiento en la bomba de agua (componente: Bomba de agua)
G-ORIG-3561,1,Llantas desbalanceadas o desalineadas,1,DEV,El auto se desvía solo en carretera recta
G-ORIG-3562,1,Llantas desbalanceadas o desalineadas,1,TRAIN,El auto se desvía solo en carretera recta (componente: Alineacion)
G-ORIG-3563,1,Llantas desbalanceadas o desalineadas,1,TRAIN,Golpe rítmico que aumenta con la velocidad
G-ORIG-3564,1,Llantas desbalanceadas o desalineadas,1,TRAIN,Golpe rítmico que aumenta con la velocidad (componente: Llantas)
G-ORIG-3565,1,Falla en bujias o bobinas de encendido (misfire),1,DEV,Vibración después de cambiar bujías
G-ORIG-3566,1,Falla en bujias o bobinas de encendido (misfire),1,TRAIN,Vibración después de cambiar bujías (componente: Bujias)
G-ORIG-3567,1,Consumo de aceite por desgaste de anillos o retenes,1,TRAIN,Consumo de aceite y presión alta en el cárter
G-ORIG-3568,1,Consumo de aceite por desgaste de anillos o retenes,1,TRAIN,Consumo de aceite y presión alta en el cárter (componente: Valvula PCV)
G-ORIG-3569,1,Falla electrica del cierre centralizado o actuador de puerta,1,TRAIN,Fallas eléctricas intermitentes
G-ORIG-3570,1,Falla electrica del cierre centralizado o actuador de puerta,1,TRAIN,Fallas eléctricas intermitentes (componente: Cableado)
G-ORIG-3571,1,Desgaste de pastillas y zapatas de freno,1,TRAIN,Nivel de líquido de frenos bajo sin fugas visibles
G-ORIG-3572,1,Desgaste de pastillas y zapatas de freno,1,TRAIN,Nivel de líquido de frenos bajo sin fugas visibles (componente: Pastillas)
G-ORIG-3573,1,Fuga en mangueras de refrigerante o radiador picado,1,TRAIN,El sistema pierde presión y se calienta
G-ORIG-3574,1,Fuga en mangueras de refrigerante o radiador picado,1,DEV,El sistema pierde presión y se calienta (componente: Tapa de radiador)
G-ORIG-3575,1,Falla en sensor de oxigeno o mezcla rica,1,TRAIN,Tironeo y códigos de mezcla
G-ORIG-3576,1,Falla en sensor de oxigeno o mezcla rica,1,DEV,Tironeo y códigos de mezcla (componente: Sensor MAF)
G-ORIG-3577,1,Baja presion de aceite o bomba de aceite defectuosa,1,TRAIN,Fuga de aceite por las tapas de punterías
G-ORIG-3578,1,Baja presion de aceite o bomba de aceite defectuosa,1,TRAIN,Fuga de aceite por las tapas de punterías (componente: Empaque de tapa)
G-ORIG-3579,1,Falla en bombin o bomba hidraulica de embrague,1,TRAIN,Ruido en punto muerto que desaparece al pisar embrague
G-ORIG-3580,1,Falla en bombin o bomba hidraulica de embrague,1,TRAIN,Ruido en punto muerto que desaparece al pisar embrague (componente: Rodamiento de embrague)
G-ORIG-3581,1,Llantas desbalanceadas o desalineadas,1,DEV,Vibración más notoria en el asiento que en el volante
G-ORIG-3582,1,Llantas desbalanceadas o desalineadas,1,TRAIN,Vibración más notoria en el asiento que en el volante (componente: Llantas)
G-ORIG-3583,1,Fuga en mangueras de intercooler o turbocompresor danado,1,TRAIN,El turbo silba más de lo normal y pierde potencia
G-ORIG-3584,1,Fuga en mangueras de intercooler o turbocompresor danado,1,DEV,El turbo silba más de lo normal y pierde potencia (componente: Turbo)
G-ORIG-3585,1,Falla electrica del cierre centralizado o actuador de puerta,1,TRAIN,El auto tiene un olor a quemado eléctrico intermitente
G-ORIG-3586,1,Falla electrica del cierre centralizado o actuador de puerta,1,TRAIN,El auto tiene un olor a quemado eléctrico intermitente (componente: Cableado)
G-ORIG-3587,1,Cremallera de direccion asistida con holgura o fuga,1,DEV,Se siente un golpeteo en la dirección al pasar desniveles
G-ORIG-3588,1,Cremallera de direccion asistida con holgura o fuga,1,TRAIN,Se siente un golpeteo en la dirección al pasar desniveles (componente: Caja de direccion)
G-ORIG-3589,1,Cuerpo de aceleracion o valvula IAC sucia,1,TRAIN,El motor pierde potencia y el Check Engine muestra código de EGR
G-ORIG-3590,1,Cuerpo de aceleracion o valvula IAC sucia,1,TRAIN,El motor pierde potencia y el Check Engine muestra código de EGR (componente: Valvula EGR)
G-ORIG-3591,1,Cuerpo de aceleracion o valvula IAC sucia,1,TRAIN,Al acelerar se escucha un silbido que viene del vano motor
G-ORIG-3592,1,Cuerpo de aceleracion o valvula IAC sucia,1,TRAIN,Al acelerar se escucha un silbido que viene del vano motor (componente: Mangueras de vacio)
G-ORIG-3593,1,Sobrecalentamiento o solenoides en caja automatica CVT / DSG,1,TRAIN,La caja automática cambia de forma brusca o se retrasa
G-ORIG-3594,1,Sobrecalentamiento o solenoides en caja automatica CVT / DSG,1,DEV,La caja automática cambia de forma brusca o se retrasa (componente: Fluido de transmision)
G-ORIG-3595,1,Cuerpo de aceleracion o valvula IAC sucia,1,TRAIN,El auto vibra en ralentí solo con el aire acondicionado encendido
G-ORIG-3596,1,Cuerpo de aceleracion o valvula IAC sucia,1,TRAIN,El auto vibra en ralentí solo con el aire acondicionado encendido (componente: Valvula IAC)
G-ORIG-3597,1,Baja presion de aceite o bomba de aceite defectuosa,1,TRAIN,Se enciende el testigo de presión de aceite en caliente al ralentí
G-ORIG-3598,1,Baja presion de aceite o bomba de aceite defectuosa,1,TRAIN,Se enciende el testigo de presión de aceite en caliente al ralentí (componente: Bomba de aceite)
G-ORIG-3599,1,Llantas desbalanceadas o desalineadas,1,TRAIN,El volante vibra solo en un rango de velocidad y en recta
G-ORIG-3600,1,Llantas desbalanceadas o desalineadas,1,DEV,El volante vibra solo en un rango de velocidad y en recta (componente: Llantas)
G-ORIG-3601,1,Falla en sistema de sincronizacion variable de valvulas (VVT / VVT-i / Valvetronic),1,DEV,El motor tiene un ruido de cascabeleo al acelerar con gasolina de bajo octanaje
G-ORIG-3602,1,Falla en sistema de sincronizacion variable de valvulas (VVT / VVT-i / Valvetronic),1,TRAIN,El motor tiene un ruido de cascabeleo al acelerar con gasolina de bajo octanaje (componente: Sensor de detonacion)
G-ORIG-3603,1,Falla en servofreno (booster) o linea de vacio,1,TRAIN,pedal de freno duro como palo y no frena casi nada aunque lo pise con las dos piernas
G-ORIG-3604,1,Falla en servofreno (booster) o linea de vacio,1,DEV,"Corolla 2016 pedal de freno durísimo como piedra, ya cambié pastillas pero no tiene asistencia"
G-ORIG-3605,1,Falla en servofreno (booster) o linea de vacio,1,DEV,al pisar el pedal de freno se escucha un soplido o escape de aire por debajo del tablero
G-ORIG-3606,1,Falla en servofreno (booster) o linea de vacio,1,TRAIN,Yaris 2018 cuando piso el freno se siente duro y el motor cabecea como si chupara aire
G-ORIG-3607,1,Falla en servofreno (booster) o linea de vacio,1,TRAIN,"pedal de freno durisimo con motor prendido, parece que no tuviera servofreno"
G-ORIG-3608,1,Falla en servofreno (booster) o linea de vacio,1,TRAIN,"Nissan Sentra 2015 pedal de freno como tabla, hay que pararse encima para que detenga el carro"
G-ORIG-3609,1,Falla en servofreno (booster) o linea de vacio,1,TRAIN,se escucha un silbido continuo debajo del timon cada vez que piso el pedal de freno
G-ORIG-3610,1,Falla en servofreno (booster) o linea de vacio,1,DEV,"Kia Rio 2017 pedal de freno duro y no baja, el booster no retiene vacio"
G-ORIG-3611,1,Falla en servofreno (booster) o linea de vacio,1,TRAIN,Hyundai Accent 2018 manguera de vacio que va del multiple al booster de freno esta rajada y el pedal se puso duro
G-ORIG-3612,1,Falla en servofreno (booster) o linea de vacio,1,TRAIN,"freno duro sin asistencia de vacio, motor tiembla al presionar el freno a fondo"
G-ORIG-3613,1,Falla en servofreno (booster) o linea de vacio,1,DEV,"valvula check del booster pegada, pedal de freno sumamente duro"
G-ORIG-3614,1,Falla en servofreno (booster) o linea de vacio,1,TRAIN,Sentra 2016 se escapa el vacio del booster al frenar y el pedal queda rigido
G-ORIG-3615,1,Falla en servofreno (booster) o linea de vacio,1,TRAIN,"pedal de freno duro como roca al encender el auto, no hay vacio en el servofreno"
G-ORIG-3616,1,Falla en servofreno (booster) o linea de vacio,1,TRAIN,"Corolla 2017 piso el freno y suena un chiflido de aire por los pedales, el carro no frena bien"
G-ORIG-3617,1,Falla en servofreno (booster) o linea de vacio,1,TRAIN,"diafragma del booster de frenos roto o picado, pedal duro como piedra"
G-ORIG-3618,1,Falla en servofreno (booster) o linea de vacio,1,TRAIN,"Yaris 2019 pedal durisimo, manguera de vacio del servofreno cuarteada y con fuga"
G-ORIG-3619,1,Falla en servofreno (booster) o linea de vacio,1,TRAIN,"freno sin servofreno, pedal extremadamente pesado y distancia de frenado larguisima"
G-ORIG-3620,1,Falla en servofreno (booster) o linea de vacio,1,TRAIN,Accent 2016 al frenar el pedal se pone como palo y el motor se quiere apagar por entrada de aire falso
G-ORIG-3621,1,Falla en servofreno (booster) o linea de vacio,1,TRAIN,"Kia Picanto 2018 pedal de freno muy duro, no frena de golpe, booster sin vacio"
G-ORIG-3622,1,Falla en servofreno (booster) o linea de vacio,1,DEV,"pedal duro no tiene vacio el booster, al pisar se escucha succión de aire en la pedalera"
G-ORIG-3623,1,Falla en servofreno (booster) o linea de vacio,1,TRAIN,Toyota Etios 2019 freno sumamente duro como si el motor estuviera apagado
G-ORIG-3624,1,Falla en servofreno (booster) o linea de vacio,1,TRAIN,"bomba de vacio o manguera de booster rota, pedal duro en camioneta diesel"
G-ORIG-3625,1,Falla en servofreno (booster) o linea de vacio,1,TRAIN,"Versa 2018 fuga de vacio en el servofreno, pedal como roca y silba al frenar"
G-ORIG-3626,1,Falla en servofreno (booster) o linea de vacio,1,TRAIN,"pedal duro rigido, no son pastillas, es el booster de freno que perdio el diafragma"
G-ORIG-3627,1,Falla en servofreno (booster) o linea de vacio,1,TRAIN,"Corolla 2015 el freno no baja, se quedo arriba y durisimo como madera"
G-ORIG-3628,1,Falla en servofreno (booster) o linea de vacio,1,DEV,al pisar el freno chifla aire bajo el tablero y las rpm del motor suben solas
G-ORIG-3629,1,Falla en servofreno (booster) o linea de vacio,1,DEV,"freno durisimo, el servofreno no multiplica la fuerza de frenado"
G-ORIG-3630,1,Falla en servofreno (booster) o linea de vacio,1,TRAIN,"Accent 2017 pedal duro como piedra desde que prendo el motor, valvula antirretorno dañada"
G-ORIG-3631,1,Falla en servofreno (booster) o linea de vacio,1,DEV,"pedal de freno no tiene recorrido suave, durisimo y se siente aire soplando en el pie"
G-ORIG-3632,1,Falla en servofreno (booster) o linea de vacio,1,TRAIN,"Yaris mecanico pedal de freno pesado como piedra, pastillas y zapatas son nuevas"
G-ORIG-3633,1,Falla en servofreno (booster) o linea de vacio,1,TRAIN,silbido en la pedalera al aplicar el freno y pedal excesivamente duro
G-ORIG-3634,1,Falla en servofreno (booster) o linea de vacio,1,TRAIN,"Kia Rio 2019 falta vacio en el booster, freno muy duro para detener el vehiculo"
G-ORIG-3635,1,Falla en servofreno (booster) o linea de vacio,1,TRAIN,"Sentra 2017 servofreno soplado, pedal duro como una piedra al frenar"
G-ORIG-3636,1,Falla en servofreno (booster) o linea de vacio,1,TRAIN,freno duro por perdida de vacio del multiple de admision hacia el servofreno
G-ORIG-3637,1,Falla en servofreno (booster) o linea de vacio,1,TRAIN,"pedal duro como palo, al frenar se acelera un poquito el motor por la fuga de vacio"
G-ORIG-3638,1,Falla en servofreno (booster) o linea de vacio,1,TRAIN,"Versa 2019 no tiene freno suave, durisimo al fondo y silba en la cabina"
G-ORIG-3639,1,Falla en servofreno (booster) o linea de vacio,1,TRAIN,"diafragma interno del servofreno roto, pedal de freno duro y suena pssss al pisar"
G-ORIG-3640,1,Falla en servofreno (booster) o linea de vacio,1,DEV,"Toyota Corolla 2014 pedal de freno extremadamente duro, no es bomba ni pastillas, es el booster"
G-ORIG-3641,1,Falla en servofreno (booster) o linea de vacio,1,DEV,"Accent 2019 manguera de vacio del booster estrangulada o partida, freno duro"
G-ORIG-3642,1,Falla en servofreno (booster) o linea de vacio,1,DEV,"pedal durisimo como bloque de cemento, fuga de vacio en el pulmon del servofreno"
G-ORIG-3643,1,Falla electrica del cierre centralizado o actuador de puerta,1,TRAIN,con el control remoto no sube ni baja ningun seguro de las puertas
G-ORIG-3644,1,Falla electrica del cierre centralizado o actuador de puerta,1,TRAIN,Yaris 2018 el actuador de la puerta del piloto suena como matraca traca traca y no traba el pestillo
G-ORIG-3645,1,Falla electrica del cierre centralizado o actuador de puerta,1,TRAIN,presiono el boton del cierre centralizado y no se mueven los pestillos electricos
G-ORIG-3646,1,Falla electrica del cierre centralizado o actuador de puerta,1,TRAIN,Kia Rio 2019 el seguro de la puerta trasera derecha no baja con la alarma ni con el mando
G-ORIG-3647,1,Falla electrica del cierre centralizado o actuador de puerta,1,TRAIN,motorcito actuador del cierre centralizado se quedo pegado y suena clac clac rapido sin cerrar
G-ORIG-3648,1,Falla electrica del cierre centralizado o actuador de puerta,1,TRAIN,"Corolla 2017 seguro electrico no responde al control, hay que cerrarlo manualmente con la llave"
G-ORIG-3649,1,Falla electrica del cierre centralizado o actuador de puerta,1,TRAIN,Hyundai Accent 2016 pestillo electrico del copiloto no tiene fuerza para subir o bajar
G-ORIG-3650,1,Falla electrica del cierre centralizado o actuador de puerta,1,TRAIN,fusible del cierre centralizado se quema cada vez que acciono los seguros desde la puerta
G-ORIG-3651,1,Falla electrica del cierre centralizado o actuador de puerta,1,TRAIN,Nissan Versa 2018 con la llave manual si cierra pero el actuador electrico no acciona las demas puertas
G-ORIG-3652,1,Falla electrica del cierre centralizado o actuador de puerta,1,TRAIN,mando a distancia abre la maletera pero no desactiva el cierre centralizado de las 4 puertas
G-ORIG-3653,1,Falla electrica del cierre centralizado o actuador de puerta,1,TRAIN,actuador de pestillo de puerta delantera zumba pero no traba el seguro electrico
G-ORIG-3654,1,Falla electrica del cierre centralizado o actuador de puerta,1,TRAIN,"Corolla 2016 seguros electricos no bajan al pasar los 20 km por hora, modulo de cierre no envia señal"
G-ORIG-3655,1,Falla electrica del cierre centralizado o actuador de puerta,1,DEV,Accent 2017 puerta del piloto no traba con el boton maestro de los seguros
G-ORIG-3656,1,Falla electrica del cierre centralizado o actuador de puerta,1,TRAIN,Sentra 2015 suena un traqueteo electrico dentro del tapiz de la puerta al poner seguro con la alarma
G-ORIG-3657,1,Falla electrica del cierre centralizado o actuador de puerta,1,DEV,seguros electricos se abren y cierran solos de forma intermitente mientras voy manejando
G-ORIG-3658,1,Falla electrica del cierre centralizado o actuador de puerta,1,DEV,relevador o rele del cierre centralizado no pega y los pestillos electricos no funcionan
G-ORIG-3659,1,Falla electrica del cierre centralizado o actuador de puerta,1,DEV,"Kia Rio 2018 actuador electrico de la puerta del chofer quemado, no responde al control remoto"
G-ORIG-3660,1,Falla electrica del cierre centralizado o actuador de puerta,1,DEV,"Yaris 2017 pestillos electricos muertos, no responden al boton de la consola ni a la llave con chip"
G-ORIG-3661,1,Falla electrica del cierre centralizado o actuador de puerta,1,TRAIN,actuador de cierre centralizado gira en falso y suena un zumbido sin mover el seguro
G-ORIG-3662,1,Falla electrica del cierre centralizado o actuador de puerta,1,TRAIN,Hyundai Elantra 2018 puerta trasera izquierda no desbloquea con el cierre centralizado
G-ORIG-3663,1,Falla electrica del cierre centralizado o actuador de puerta,1,TRAIN,"modulo del cierre centralizado no recibe señal del control remoto, seguros no accionan"
G-ORIG-3664,1,Falla electrica del cierre centralizado o actuador de puerta,1,TRAIN,"cableado del actuador de puerta cortado en el pasacables del pilar, pestillo electrico inoperativo"
G-ORIG-3665,1,Falla electrica del cierre centralizado o actuador de puerta,1,TRAIN,Versa 2019 al presionar candado cerrado en el mando solo parpadean las luces pero los seguros no bajan
G-ORIG-3666,1,Falla electrica del cierre centralizado o actuador de puerta,1,TRAIN,motor electrico de la cerradura de puerta no tiene fuerza para levantar el pestillo
G-ORIG-3667,1,Falla electrica del cierre centralizado o actuador de puerta,1,TRAIN,Corolla 2018 seguro electrico del copiloto se queda trabado a medio camino y la alarma no arma
G-ORIG-3668,1,Falla electrica del cierre centralizado o actuador de puerta,1,TRAIN,chapa manual si gira pero el actuador electrico de cierre centralizado no emite ningun sonido
G-ORIG-3669,1,Falla electrica del cierre centralizado o actuador de puerta,1,TRAIN,"Accent 2018 falla electrica en los pestillos centralizados, no traba ninguna puerta con el switch"
G-ORIG-3670,1,Falla electrica del cierre centralizado o actuador de puerta,1,TRAIN,actuador de seguro de puerta suena clac clac como si los engranajes estuvieran barridos
G-ORIG-3671,1,Falla electrica del cierre centralizado o actuador de puerta,1,DEV,"Kia Picanto 2018 no abre seguros con control remoto, modulo confort del cierre centralizado sin energia"
G-ORIG-3672,1,Falla electrica del cierre centralizado o actuador de puerta,1,DEV,Sentra 2016 pestillos electricos bajan pero inmediatamente rebotan y se vuelven a abrir
G-ORIG-3673,1,Falla electrica del cierre centralizado o actuador de puerta,1,TRAIN,puerta del conductor no manda señal electrica para trabar las otras tres puertas
G-ORIG-3674,1,Falla electrica del cierre centralizado o actuador de puerta,1,DEV,"Yaris 2019 motor del actuador de cierre centralizado quemado, huele a circuito quemado dentro de la puerta"
G-ORIG-3675,1,Falla electrica del cierre centralizado o actuador de puerta,1,TRAIN,"los 4 seguros electricos dejaron de funcionar de un momento a otro, fusible o modulo de cierre"
G-ORIG-3676,1,Falla electrica del cierre centralizado o actuador de puerta,1,DEV,"Corolla 2015 el mando a distancia no acciona los seguros, bateria del control nueva"
G-ORIG-3677,1,Falla electrica del cierre centralizado o actuador de puerta,1,TRAIN,"actuador electrico trabado por engranaje interno roto, no abre seguro de puerta con llave ni mando"
G-ORIG-3678,1,Sobrecalentamiento o solenoides en caja automatica CVT / DSG,1,TRAIN,caja automatica CVT entra en modo de emergencia limp mode en carretera y no pasa de 40 km por hora
G-ORIG-3679,1,Sobrecalentamiento o solenoides en caja automatica CVT / DSG,1,TRAIN,"Nissan Sentra 2016 caja CVT recalienta en subida, sale testigo AT y patina al acelerar"
G-ORIG-3680,1,Sobrecalentamiento o solenoides en caja automatica CVT / DSG,1,TRAIN,"caja DSG de doble embrague no mete cambios pares, solo funciona en primera tercera y quinta"
G-ORIG-3681,1,Sobrecalentamiento o solenoides en caja automatica CVT / DSG,1,TRAIN,Yaris CVT patina la banda metalica sobre las poleas cuando calienta despues de media hora de viaje
G-ORIG-3682,1,Sobrecalentamiento o solenoides en caja automatica CVT / DSG,1,TRAIN,Corolla 2017 con caja CVT tiene codigo P0841 de sensor de presion de fluido y zumba al acelerar
G-ORIG-3683,1,Sobrecalentamiento o solenoides en caja automatica CVT / DSG,1,TRAIN,golpe fuerte o patada al pasar de neutro o parking a Drive en caja automatica caliente
G-ORIG-3684,1,Sobrecalentamiento o solenoides en caja automatica CVT / DSG,1,DEV,Kia Rio 2019 caja automatica patina entre segunda y tercera y las revoluciones suben en vacio
G-ORIG-3685,1,Sobrecalentamiento o solenoides en caja automatica CVT / DSG,1,TRAIN,temperatura de aceite de transmision automatica CVT sube al maximo y el carro pierde traccion
G-ORIG-3686,1,Sobrecalentamiento o solenoides en caja automatica CVT / DSG,1,TRAIN,caja DSG salta a neutro sola en carretera y parpadea la llave inglesa en el tablero
G-ORIG-3687,1,Sobrecalentamiento o solenoides en caja automatica CVT / DSG,1,TRAIN,"solenoide de presion de linea de caja CVT trancado, el carro arranca con un jalon violento"
G-ORIG-3688,1,Sobrecalentamiento o solenoides en caja automatica CVT / DSG,1,TRAIN,"Sentra CVT testigo de sobrecalentamiento de transmision prendido, carro no avanza hasta que enfria"
G-ORIG-3689,1,Sobrecalentamiento o solenoides en caja automatica CVT / DSG,1,TRAIN,"caja DSG 7 velocidades mecatronica con fuga de presion interna, no engancha reversa ni segunda"
G-ORIG-3690,1,Sobrecalentamiento o solenoides en caja automatica CVT / DSG,1,TRAIN,Corolla CVT suben las revoluciones a 4000 rpm pero la polea patina y el carro no gana velocidad
G-ORIG-3691,1,Sobrecalentamiento o solenoides en caja automatica CVT / DSG,1,TRAIN,Versa 2017 caja automatica da patada fuerte al reducir de tercera a segunda marcha
G-ORIG-3692,1,Sobrecalentamiento o solenoides en caja automatica CVT / DSG,1,TRAIN,"fluido de caja CVT degradado y quemado, genera vibracion y patinamiento de poleas conicas"
G-ORIG-3693,1,Sobrecalentamiento o solenoides en caja automatica CVT / DSG,1,TRAIN,"codigo P0700 y P0776 en transmision automatica CVT, electrovalvula de control pegada"
G-ORIG-3694,1,Sobrecalentamiento o solenoides en caja automatica CVT / DSG,1,TRAIN,"caja automatica golpea duro al entrar la marcha hacia atras, solenoides de caja con falla"
G-ORIG-3695,1,Sobrecalentamiento o solenoides en caja automatica CVT / DSG,1,TRAIN,Accent 2018 automatico calienta en trafico y demora en acoplar la marcha directa
G-ORIG-3696,1,Sobrecalentamiento o solenoides en caja automatica CVT / DSG,1,TRAIN,"caja DSG mecatronica no cambia de marcha, se queda pegada en tercera velocidad"
G-ORIG-3697,1,Sobrecalentamiento o solenoides en caja automatica CVT / DSG,1,DEV,zumbido continuo en caja CVT como turbina de avion y testigo de transmision en tablero
G-ORIG-3698,1,Sobrecalentamiento o solenoides en caja automatica CVT / DSG,1,TRAIN,"solenoide TCC de bloqueo de convertidor de par pegado, motor se cala al frenar"
G-ORIG-3699,1,Sobrecalentamiento o solenoides en caja automatica CVT / DSG,1,DEV,"Sentra 2018 caja CVT patinando en carretera, acelerador a fondo y la velocidad no aumenta"
G-ORIG-3700,1,Sobrecalentamiento o solenoides en caja automatica CVT / DSG,1,TRAIN,"caja de cambios automatica no hace los cambios a tiempo, se pasa de revoluciones y patea"
G-ORIG-3701,1,Sobrecalentamiento o solenoides en caja automatica CVT / DSG,1,TRAIN,"DSG doble embrague con codigo de presion de bomba mecatronica baja, no entra reversa"
G-ORIG-3702,1,Sobrecalentamiento o solenoides en caja automatica CVT / DSG,1,TRAIN,transmision CVT pierde presion hidraulica al calentar el aceite de caja y se neutraliza
G-ORIG-3703,1,Sobrecalentamiento o solenoides en caja automatica CVT / DSG,1,TRAIN,Yaris automatico caja CVT vibra feo al arrancar desde cero por desgaste de conos y correa
G-ORIG-3704,1,Sobrecalentamiento o solenoides en caja automatica CVT / DSG,1,DEV,caja automatica se desliza como si estuviera en neutro al acelerar en pendientes pronunciadas
G-ORIG-3705,1,Sobrecalentamiento o solenoides en caja automatica CVT / DSG,1,TRAIN,"testigo de temperatura de caja de cambios automatica prendido, fluido CVT negro y con olor a quemado"
G-ORIG-3706,1,Sobrecalentamiento o solenoides en caja automatica CVT / DSG,1,TRAIN,solenoide de cambio B atascado en cuerpo de valvulas de caja automatica
G-ORIG-3707,1,Sobrecalentamiento o solenoides en caja automatica CVT / DSG,1,TRAIN,Corolla 2016 caja CVT zumba fuerte al rodar a 80 y da tirones intermitentes al acelerar suave
G-ORIG-3708,1,Falla en caja robotizada Dualogic / I-Motion / Easytronic (Fiat / VW),1,TRAIN,Fiat con caja Dualogic se pasa a neutro sola cuando me detengo en el semaforo y pita el tablero
G-ORIG-3709,1,Falla en caja robotizada Dualogic / I-Motion / Easytronic (Fiat / VW),1,TRAIN,bomba electrohidraulica de caja robotizada I-Motion suena cada 10 segundos y no mantiene presion
G-ORIG-3710,1,Falla en caja robotizada Dualogic / I-Motion / Easytronic (Fiat / VW),1,TRAIN,Volkswagen Gol I-Motion mensaje en pantalla revisar transmision y no entran los cambios
G-ORIG-3711,1,Falla en caja robotizada Dualogic / I-Motion / Easytronic (Fiat / VW),1,DEV,"caja Dualogic no quiere meter reversa ni primera en frio, suena la alarma de averia de transmision"
G-ORIG-3712,1,Falla en caja robotizada Dualogic / I-Motion / Easytronic (Fiat / VW),1,TRAIN,"acumulador de presion de aceite de caja robotizada pinchado o sin gas, la bomba trabaja continuo"
G-ORIG-3713,1,Falla en caja robotizada Dualogic / I-Motion / Easytronic (Fiat / VW),1,DEV,caja Easytronic de Opel/Chevrolet se queda en F en el tablero y el motor no arranca
G-ORIG-3714,1,Falla en caja robotizada Dualogic / I-Motion / Easytronic (Fiat / VW),1,TRAIN,Dualogic pierde aceite hidraulico por el actuador robotizado y las marchas se traban
G-ORIG-3715,1,Falla en caja robotizada Dualogic / I-Motion / Easytronic (Fiat / VW),1,TRAIN,caja robotizada pega un tiron muy brusco al pasar de primera a segunda marcha
G-ORIG-3716,1,Falla en caja robotizada Dualogic / I-Motion / Easytronic (Fiat / VW),1,TRAIN,Fiat Palio Dualogic parpadea la marcha en el cuadro de instrumentos y no acopla velocidad
G-ORIG-3717,1,Falla en caja robotizada Dualogic / I-Motion / Easytronic (Fiat / VW),1,TRAIN,"electrobomba del sistema robotizado Dualogic quemada, no presuriza el circuito hidraulico"
G-ORIG-3718,1,Falla en caja robotizada Dualogic / I-Motion / Easytronic (Fiat / VW),1,TRAIN,caja I-Motion salta a neutro al frenar y hasta que no apago y prendo el carro no entra cambio
G-ORIG-3719,1,Falla en caja robotizada Dualogic / I-Motion / Easytronic (Fiat / VW),1,TRAIN,"rele de la bomba hidraulica de caja robotizada fogueado, bomba no enciende"
G-ORIG-3720,1,Falla en caja robotizada Dualogic / I-Motion / Easytronic (Fiat / VW),1,TRAIN,"sensor de posicion de marchas del actuador robotizado dañado, no encuentra el punto muerto"
G-ORIG-3721,1,Falla en caja robotizada Dualogic / I-Motion / Easytronic (Fiat / VW),1,TRAIN,caja Dualogic da error transmision averiada y no sube a tercera marcha
G-ORIG-3722,1,Falla en caja robotizada Dualogic / I-Motion / Easytronic (Fiat / VW),1,TRAIN,Fox I-Motion dañado el pulmon acumulador de nitrogeno de la caja robotizada
G-ORIG-3723,1,Falla en caja robotizada Dualogic / I-Motion / Easytronic (Fiat / VW),1,TRAIN,"actuador de embrague robotizado descalibrado, tiembla fuertemente al salir en primera"
G-ORIG-3724,1,Falla en caja robotizada Dualogic / I-Motion / Easytronic (Fiat / VW),1,TRAIN,bomba de presion de caja robotizada zumba todo el tiempo con la puerta del chofer abierta
G-ORIG-3725,1,Falla en caja robotizada Dualogic / I-Motion / Easytronic (Fiat / VW),1,DEV,Fiat Cronos Dualogic no acopla la directa ni el modo manual secuencial
G-ORIG-3726,1,Falla en caja robotizada Dualogic / I-Motion / Easytronic (Fiat / VW),1,TRAIN,caja Easytronic no desacopla el embrague electronico y el motor se cala de golpe al parar
G-ORIG-3727,1,Falla en caja robotizada Dualogic / I-Motion / Easytronic (Fiat / VW),1,TRAIN,perdida de fluido Tutela CS Speed en robot de transmision Dualogic
G-ORIG-3728,1,Falla en caja robotizada Dualogic / I-Motion / Easytronic (Fiat / VW),1,TRAIN,"caja robotizada no reconoce la palanca selectora de cambios, se queda bloqueada en N"
G-ORIG-3729,1,Falla en caja robotizada Dualogic / I-Motion / Easytronic (Fiat / VW),1,TRAIN,"acumulador de presion descargado en caja automatizada, bomba hidraulica se recalienta"
G-ORIG-3730,1,Falla en caja robotizada Dualogic / I-Motion / Easytronic (Fiat / VW),1,TRAIN,I-Motion golpetea en cada cambio de marcha y demora 3 segundos entre cambio y cambio
G-ORIG-3731,1,Falla en caja robotizada Dualogic / I-Motion / Easytronic (Fiat / VW),1,TRAIN,Dualogic salta neutro en subida y pita la campana del tablero con aviso caja no disponible
G-ORIG-3732,1,Falla en caja robotizada Dualogic / I-Motion / Easytronic (Fiat / VW),1,DEV,falla en electrovalvulas de seleccion de marchas del bloque robotizado
G-ORIG-3733,1,Bomba de gasolina quemada o con baja presion,1,DEV,se escucha un zumbido agudo muy fuerte en el tanque de gasolina debajo del asiento trasero
G-ORIG-3734,1,Bomba de gasolina quemada o con baja presion,1,TRAIN,"Yaris 2016 en subida empinada pierde fuerza y se ahoga como si faltara gasolina, tanque a la mitad"
G-ORIG-3735,1,Bomba de gasolina quemada o con baja presion,1,TRAIN,medí presion de combustible en la rampa y cae de 45 a 15 psi cada vez que acelero a fondo
G-ORIG-3736,1,Bomba de gasolina quemada o con baja presion,1,TRAIN,"Corolla 2015 en frio arranca bien pero cuando calienta y lo apago ya no prende, bomba de gasolina pegada"
G-ORIG-3737,1,Bomba de gasolina quemada o con baja presion,1,TRAIN,"Kia Rio 2017 motor gira con fuerza pero no enciende, no le llega presion de combustible al riel"
G-ORIG-3738,1,Bomba de gasolina quemada o con baja presion,1,DEV,"Accent 2018 al acelerar a fondo se chupa y pega un jalon feo, presion de bomba insuficiente"
G-ORIG-3739,1,Bomba de gasolina quemada o con baja presion,1,DEV,bomba de gasolina zumba como avispa debajo de los asientos traseros y el carro tironea en carretera
G-ORIG-3740,1,Bomba de gasolina quemada o con baja presion,1,DEV,Nissan Sentra 2016 demora mucho en prender por las mañanas porque la valvula check de la bomba no retiene presion
G-ORIG-3741,1,Bomba de gasolina quemada o con baja presion,1,TRAIN,con medio tanque de gasolina el carro tose y se apaga en curvas o pendientes
G-ORIG-3742,1,Bomba de gasolina quemada o con baja presion,1,TRAIN,presion de gasolina en el manometro se cae a cero al poner carga al motor
G-ORIG-3743,1,Bomba de gasolina quemada o con baja presion,1,TRAIN,Corolla 2014 la bomba de nafta no zumba al dar contacto y el auto no arranca
G-ORIG-3744,1,Bomba de gasolina quemada o con baja presion,1,TRAIN,Yaris 2018 acelero en carretera y el carro se agacha y no pasa de 80 por baja presion de combustible
G-ORIG-3745,1,Bomba de gasolina quemada o con baja presion,1,TRAIN,rele de bomba de gasolina caliente y la bomba deja de enviar combustible despues de una hora de viaje
G-ORIG-3746,1,Bomba de gasolina quemada o con baja presion,1,DEV,Accent 2016 motor se queda sin gasolina al exigirle potencia pero regulando funciona parejo
G-ORIG-3747,1,Bomba de gasolina quemada o con baja presion,1,TRAIN,"bomba de combustible quemada no activa al girar la llave, fusible y relay estan buenos"
G-ORIG-3748,1,Bomba de gasolina quemada o con baja presion,1,TRAIN,filtro de succion de la bomba de gasolina tupido de lodo en el fondo del tanque
G-ORIG-3749,1,Bomba de gasolina quemada o con baja presion,1,DEV,Sentra 2017 zumbido insoportable en el tanque de combustible y tironeo bajo aceleracion constante
G-ORIG-3750,1,Bomba de gasolina quemada o con baja presion,1,TRAIN,"presion de combustible baja a 20 psi en rampa de inyeccion, bomba defectuosa"
G-ORIG-3751,1,Bomba de gasolina quemada o con baja presion,1,DEV,"Kia Rio 2018 arranca luego de darle arranque 4 o 5 veces, descarga la linea de nafta"
G-ORIG-3752,1,Bomba de gasolina quemada o con baja presion,1,TRAIN,"bomba de gasolina se calienta y se apaga sola, despues de 20 minutos fria vuelve a prender normal"
G-ORIG-3753,1,Bomba de gasolina quemada o con baja presion,1,TRAIN,Versa 2018 pierde pique y aceleracion en subidas porque la bomba no entrega el caudal necesario
G-ORIG-3754,1,Bomba de gasolina quemada o con baja presion,1,TRAIN,Corolla 2016 no hay chispa descartado si tiene chispa pero la rampa de inyectores esta seca sin presion
G-ORIG-3755,1,Bomba de gasolina quemada o con baja presion,1,TRAIN,aforador y modulo de bomba de gasolina con cable recalentado en la tapa del tanque
G-ORIG-3756,1,Bomba de gasolina quemada o con baja presion,1,TRAIN,Yaris 2017 al pasar de 3000 revoluciones el motor se queda sin nafta y empieza a tironear
G-ORIG-3757,1,Bomba de gasolina quemada o con baja presion,1,TRAIN,"Accent 2015 la bomba de combustible se queda pegada, le doy golpecitos al tanque y vuelve a prender"
G-ORIG-3758,1,Bomba de gasolina quemada o con baja presion,1,TRAIN,"presion residual de combustible cae a cero apenas apago el motor, regulador o bomba defectuosa"
G-ORIG-3759,1,Bomba de gasolina quemada o con baja presion,1,TRAIN,Kia Picanto 2018 carro tose y pierde potencia en autopista como si se le acabara la gasolina
G-ORIG-3760,1,Bomba de gasolina quemada o con baja presion,1,TRAIN,bomba de gasolina ruidosa y con bajo caudal de litros por hora
G-ORIG-3761,1,Bomba de gasolina quemada o con baja presion,1,DEV,Sentra 2015 al pisar el acelerador fuerte se ahoga y en el reloj de presion la aguja cae de golpe
G-ORIG-3762,1,Bomba de gasolina quemada o con baja presion,1,TRAIN,modulo de bomba de gasolina en el tanque no levanta presion de trabajo especificada por el fabricante
G-ORIG-3763,1,Llantas desbalanceadas o desalineadas,1,TRAIN,timon vibra fuertemente entre 90 y 110 km por hora en autopista recta sin tocar para nada el pedal de freno
G-ORIG-3764,1,Llantas desbalanceadas o desalineadas,1,TRAIN,Yaris 2019 vibracion en el volante a 100 km por hora en pista lisa sin pisar los frenos
G-ORIG-3765,1,Llantas desbalanceadas o desalineadas,1,TRAIN,el carro se va hacia la izquierda solo en linea recta aunque mantenga el timon centrado y derecho
G-ORIG-3766,1,Llantas desbalanceadas o desalineadas,1,TRAIN,Corolla 2017 cambié llantas nuevas y ahora el volante tiembla en carretera a 95 km por hora
G-ORIG-3767,1,Llantas desbalanceadas o desalineadas,1,TRAIN,"desgaste prematuro de la llanta delantera por el borde interno, comba o convergencia abierta"
G-ORIG-3768,1,Llantas desbalanceadas o desalineadas,1,TRAIN,"Kia Rio 2018 a velocidad de 100 km por hora tiembla el timon, al acelerar o bajar a 70 desaparece la vibracion"
G-ORIG-3769,1,Llantas desbalanceadas o desalineadas,1,TRAIN,Accent 2020 despues de caer en un bache el timon quedo ladeado para que el auto ande recto
G-ORIG-3770,1,Llantas desbalanceadas o desalineadas,1,TRAIN,"Nissan Versa 2018 volante vibra a alta velocidad en autopista, sin frenar no es problema de discos"
G-ORIG-3771,1,Llantas desbalanceadas o desalineadas,1,DEV,llanta delantera derecha tiene un chichon o deformacion y bambolea el timon a baja velocidad
G-ORIG-3772,1,Llantas desbalanceadas o desalineadas,1,DEV,plomo de balanceo de la rueda delantera se cayo y empezo a vibrar el volante a 90 por hora
G-ORIG-3773,1,Llantas desbalanceadas o desalineadas,1,DEV,Corolla 2016 el auto tira hacia la derecha en carretera plana al soltar el volante unos segundos
G-ORIG-3774,1,Llantas desbalanceadas o desalineadas,1,TRAIN,Sentra 2017 timon tirita entre 90 y 115 km por hora rodando en carretera sin pisar el freno
G-ORIG-3775,1,Llantas desbalanceadas o desalineadas,1,TRAIN,desgaste en dientes de sierra en las llantas traseras por mala alineacion del eje posterior
G-ORIG-3776,1,Llantas desbalanceadas o desalineadas,1,TRAIN,Yaris 2018 vibracion constante en el asiento y en el piso del auto a 100 km por hora sin tocar el freno
G-ORIG-3777,1,Llantas desbalanceadas o desalineadas,1,TRAIN,"alineacion abierta, el vehiculo tiene tendencia a derivar a la izquierda de forma continua"
G-ORIG-3778,1,Llantas desbalanceadas o desalineadas,1,TRAIN,Kia Rio 2019 rueda delantera desbalanceada genera cascabeleo o temblor en el volante en velocidad crucero
G-ORIG-3779,1,Llantas desbalanceadas o desalineadas,1,TRAIN,Accent 2017 timon chueco para poder mantener el carro en su carril recto
G-ORIG-3780,1,Llantas desbalanceadas o desalineadas,1,DEV,Versa 2019 perdi el contrapeso de la llanta y ahora zumba y tiembla el timon a mas de 80
G-ORIG-3781,1,Llantas desbalanceadas o desalineadas,1,DEV,"geometria de suspension delantera desalineada, llantas chillan al doblar a poca velocidad"
G-ORIG-3782,1,Llantas desbalanceadas o desalineadas,1,DEV,"timon vibra solo entre 90 y 110 en velocidad constante, al frenar no cambia la vibracion"
G-ORIG-3783,1,Llantas desbalanceadas o desalineadas,1,TRAIN,Corolla 2018 camber negativo excesivo gasta la llanta por adentro de manera dispareja
G-ORIG-3784,1,Llantas desbalanceadas o desalineadas,1,TRAIN,"Sentra 2016 alineacion y balanceo necesario, el volante tironea a un costado en pista recta"
G-ORIG-3785,1,Llantas desbalanceadas o desalineadas,1,TRAIN,vibracion en timon que empieza exactamente a los 90 km por hora y se calma pasando los 120
G-ORIG-3786,1,Llantas desbalanceadas o desalineadas,1,TRAIN,"Yaris 2019 balanceo dinamico de las 4 ruedas descalibrado, volante vibra en carretera"
G-ORIG-3787,1,Llantas desbalanceadas o desalineadas,1,TRAIN,llanta delantera ovalada o deformada por golpe produce balanceo de la direccion
G-ORIG-3788,1,Discos de freno alabeados o desgastados,1,TRAIN,cuando freno a 80 o 90 km por hora el timon y el pedal de freno vibran y tiemblan fuertemente
G-ORIG-3789,1,Discos de freno alabeados o desgastados,1,TRAIN,Corolla 2017 al pisar el freno bajando una pendiente el volante cabecea y el pedal pulsa
G-ORIG-3790,1,Discos de freno alabeados o desgastados,1,TRAIN,Yaris 2018 sin frenar el carro va suave pero apenas toco el pedal de freno tiembla todo el timon
G-ORIG-3791,1,Discos de freno alabeados o desgastados,1,TRAIN,pedal de freno pulsa o rebota contra el pie unicamente durante la frenada a velocidad de carretera
G-ORIG-3792,1,Discos de freno alabeados o desgastados,1,TRAIN,Kia Rio 2020 discos de freno delanteros alabeados u ondulados por cambio termico al lavar con agua fria
G-ORIG-3793,1,Discos de freno alabeados o desgastados,1,DEV,Accent 2018 timon zapatea o vibra feo cada vez que aplico el freno a mas de 70 por hora
G-ORIG-3794,1,Discos de freno alabeados o desgastados,1,DEV,Nissan Versa 2019 al frenar suave no pasa nada pero al frenar fuerte a 90 tiembla el volante de lado a lado
G-ORIG-3795,1,Discos de freno alabeados o desgastados,1,DEV,discos de freno rectificados en exceso por debajo del espesor minimo de seguridad estan doblados
G-ORIG-3796,1,Discos de freno alabeados o desgastados,1,TRAIN,Sentra 2016 volante vibra de izquierda a derecha unicamente en el momento exacto de frenar
G-ORIG-3797,1,Discos de freno alabeados o desgastados,1,DEV,"surcos profundos y rebaba pronunciada en los discos de freno delanteros, pedal vibra al frenar"
G-ORIG-3798,1,Discos de freno alabeados o desgastados,1,TRAIN,Corolla 2015 alabeo en disco de freno medido con reloj comparador supera 0.08 milimetros
G-ORIG-3799,1,Discos de freno alabeados o desgastados,1,TRAIN,Yaris 2017 freno a fondo y siento pulsaciones en el pedal de freno y vibracion en la columna de direccion
G-ORIG-3800,1,Discos de freno alabeados o desgastados,1,TRAIN,discos de freno recalentados y cristalizados provocan zapateo violento en la frenada
G-ORIG-3801,1,Discos de freno alabeados o desgastados,1,TRAIN,Accent 2017 pisando el freno en bajada el timon sacude de lado a lado por disco deformado
G-ORIG-3802,1,Discos de freno alabeados o desgastados,1,TRAIN,"Kia Rio 2019 timon tirita unicamente al tocar el freno, rodando sin frenar va completamente parejo"
G-ORIG-3803,1,Discos de freno alabeados o desgastados,1,TRAIN,Versa 2018 discos de freno torcidos provocan golpeteo ritmico en el pedal al frenar a 80
G-ORIG-3804,1,Discos de freno alabeados o desgastados,1,DEV,"al aplicar los frenos en autopista el volante vibra con fuerza, al soltar el freno deja de vibrar"
G-ORIG-3805,1,Discos de freno alabeados o desgastados,1,TRAIN,Corolla 2018 freno de disco delantero alabeado genera trepidacion en el volante
G-ORIG-3806,1,Discos de freno alabeados o desgastados,1,DEV,Sentra 2017 pedal de freno tiembla de arriba a abajo al detener el carro desde 90 km por hora
G-ORIG-3807,1,Discos de freno alabeados o desgastados,1,DEV,discos de freno con variacion de espesor DTV causan pulsaciones en el pedal de freno
G-ORIG-3808,1,Fugas de aire o fallos en el sistema de frenos neumático (Camiones),1,TRAIN,camion diesel pierde presion de aire en los tanques por fuga continua en la manguera espiral del semirremolque
G-ORIG-3809,1,Fugas de aire o fallos en el sistema de frenos neumático (Camiones),1,TRAIN,fuga audible de aire constante en el pulmon de freno de estacionamiento trasero del camion
G-ORIG-3810,1,Fugas de aire o fallos en el sistema de frenos neumático (Camiones),1,TRAIN,los manometros de presion de aire del camion no suben de 60 psi por fuga continua en cañeria
G-ORIG-3811,1,Fugas de aire o fallos en el sistema de frenos neumático (Camiones),1,TRAIN,camion se queda bloqueado o frenado de atras porque no acumula suficiente aire comprimido
G-ORIG-3812,1,Fugas de aire o fallos en el sistema de frenos neumático (Camiones),1,TRAIN,manguera de aire de frenos neumático rota debajo del chasis sisea aire todo el tiempo
G-ORIG-3813,1,Fugas de aire o fallos en el sistema de frenos neumático (Camiones),1,TRAIN,pulmon de freno roto con diafragma de aire reventado en el eje tractor del camion
G-ORIG-3814,1,Fugas de aire o fallos en el sistema de frenos neumático (Camiones),1,TRAIN,"fuga de aire en la valvula de pedal de freno de camion, al pisar se escapa toda la presion"
G-ORIG-3815,1,Fugas de aire o fallos en el sistema de frenos neumático (Camiones),1,TRAIN,tanque de aire primario de frenos de camion se descarga por completo durante la noche
G-ORIG-3816,1,Fugas de aire o fallos en el sistema de frenos neumático (Camiones),1,DEV,fuga continua de aire por acople rapido de la linea de servicio entre tractor y carreta
G-ORIG-3817,1,Fugas de aire o fallos en el sistema de frenos neumático (Camiones),1,TRAIN,compresor de aire de camion trabaja continuo pero la presion de aire en los manometros no llega a 100 psi
G-ORIG-3818,1,Fugas de aire o fallos en el sistema de frenos neumático (Camiones),1,TRAIN,manguera roja de emergencia de frenos de camion botando aire a chorros por empaque gastado
G-ORIG-3819,1,Fugas de aire o fallos en el sistema de frenos neumático (Camiones),1,DEV,camion no desfrena porque los pulmones maxi-brake no reciben presion de aire para soltar resortes
G-ORIG-3820,1,Fugas de aire o fallos en el sistema de frenos neumático (Camiones),1,TRAIN,fuga masiva de aire comprimido en tuberia flexible del eje delantero de camion de carga
G-ORIG-3821,1,Fugas de aire o fallos en el sistema de frenos neumático (Camiones),1,DEV,valvula relé de freno trasero de camion escapa aire constante por el escape inferior
G-ORIG-3822,1,Fugas de aire o fallos en el sistema de frenos neumático (Camiones),1,TRAIN,silbido fuerte y continuo de escape de aire en el sistema de frenos neumático de bus interprovincial
G-ORIG-3823,1,Fugas de aire o fallos en el sistema de frenos neumático (Camiones),1,TRAIN,perdida de presion neumática en circuito secundario de frenos de camion pesado
G-ORIG-3824,1,Fugas de aire o fallos en el sistema de frenos neumático (Camiones),1,TRAIN,cañeria de cobre de aire de frenos picada por rozamiento con el chasis del camion
G-ORIG-3825,1,Fugas de aire o fallos en el sistema de frenos neumático (Camiones),1,DEV,manometro de aire baja de golpe a 40 psi al aplicar el freno de pedal en camion
G-ORIG-3826,1,Fugas de aire o fallos en el sistema de frenos neumático (Camiones),1,TRAIN,empaque de campana de pulmon de freno neumatico roto con fuga de aire evidente
G-ORIG-3827,1,Fugas de aire o fallos en el sistema de frenos neumático (Camiones),1,TRAIN,camion pierde aire comprimido y se prende la alarma sonora y chicharra de baja presion en tablero
G-ORIG-3828,1,Válvula de freno de aire o secador APS obstruido (Camiones),1,TRAIN,valvula del secador de aire APS de camion descarga o purga aire cada 10 segundos sin parar
G-ORIG-3829,1,Válvula de freno de aire o secador APS obstruido (Camiones),1,TRAIN,filtro o cartucho desecante del secador de aire de camion saturado de carbon y aceite de compresor
G-ORIG-3830,1,Válvula de freno de aire o secador APS obstruido (Camiones),1,TRAIN,valvula de descarga o gobernador de presion de aire de camion no corta a los 120 psi y se dispara la de alivio
G-ORIG-3831,1,Válvula de freno de aire o secador APS obstruido (Camiones),1,TRAIN,valvula secadora de aire de camion botando agua y lodo de aceite por la tobera de escape de purga
G-ORIG-3832,1,Válvula de freno de aire o secador APS obstruido (Camiones),1,DEV,"valvula de proteccion de cuatro circuitos APS de camion trabada, no reparte aire al circuito de suspension"
G-ORIG-3833,1,Válvula de freno de aire o secador APS obstruido (Camiones),1,TRAIN,secador de aire neumático congelado o con elemento calefactor quemado en clima frio
G-ORIG-3834,1,Válvula de freno de aire o secador APS obstruido (Camiones),1,DEV,gobernador de aire de camion no manda señal de descarga y el secador no realiza la purga automatica
G-ORIG-3835,1,Válvula de freno de aire o secador APS obstruido (Camiones),1,TRAIN,valvula de seguridad del secador de aire de camion disparada por sobrepresion de mas de 13 bar
G-ORIG-3836,1,Válvula de freno de aire o secador APS obstruido (Camiones),1,TRAIN,cartucho de secador de aire lleno de humedad pasa agua a los tanques de frenos de camion
G-ORIG-3837,1,Válvula de freno de aire o secador APS obstruido (Camiones),1,TRAIN,valvula de purga del modulo APS de camion se quedo abierta y no permite que carguen los tanques
G-ORIG-3838,1,Válvula de freno de aire o secador APS obstruido (Camiones),1,TRAIN,sensor de presion del secador electronico APS da falla de procesamiento de aire en camion
G-ORIG-3839,1,Válvula de freno de aire o secador APS obstruido (Camiones),1,TRAIN,valvula reguladora de presion del secador neumático de camion trabada con sarro y suciedad
G-ORIG-3840,1,Válvula de freno de aire o secador APS obstruido (Camiones),1,TRAIN,modulo secador de aire APS de camion no regenera el cartucho desecante y acumula condensacion
G-ORIG-3841,1,Válvula de freno de aire o secador APS obstruido (Camiones),1,TRAIN,descarga constante de aire con emulsion blanca de agua y aceite por el secador de camion
G-ORIG-3842,1,Válvula de freno de aire o secador APS obstruido (Camiones),1,TRAIN,"valvula de retencion del secador de aire de camion dañada, no retiene la presion de secado"
G-ORIG-3843,1,Falta o degradacion de aceite de caja de cambios,1,TRAIN,caja automatica demora en acoplar reversa cuando esta fria en las mananas y luego patea al entrar
G-ORIG-3844,1,Sobrecalentamiento o solenoides en caja automatica CVT / DSG,1,TRAIN,caja automatica demora en acoplar reversa cuando esta fria en las mananas y luego patea al entrar sintomas de solenoide de retroceso pegado
G-ORIG-3845,1,Falta o degradacion de aceite de caja de cambios,1,TRAIN,en frio pongo r en la palanca automatica y tarda varios segundos en enganchar la marcha trasera con sacudida
G-ORIG-3846,1,Sobrecalentamiento o solenoides en caja automatica CVT / DSG,1,DEV,en frio pongo r en la palanca automatica y tarda varios segundos en enganchar la marcha trasera con sacudida sintomas de solenoide de retroceso pegado
G-ORIG-3847,1,Falta o degradacion de aceite de caja de cambios,1,TRAIN,"transmision automatica no engancha retroceso inmediatamente despues de encender, golpea al aplicar r"
G-ORIG-3848,1,Sobrecalentamiento o solenoides en caja automatica CVT / DSG,1,TRAIN,"transmision automatica no engancha retroceso inmediatamente despues de encender, golpea al aplicar r sintomas de solenoide de retroceso pegado"
G-ORIG-3849,1,Falta o degradacion de aceite de caja de cambios,1,TRAIN,demora en aplicar reversa con motor frio en transmision automatica luego da un tiron seco
G-ORIG-3850,1,Sobrecalentamiento o solenoides en caja automatica CVT / DSG,1,TRAIN,demora en aplicar reversa con motor frio en transmision automatica luego da un tiron seco sintomas de solenoide de retroceso pegado
G-ORIG-3851,1,Falta o degradacion de aceite de caja de cambios,1,TRAIN,tarda en enganchar reversa en frias mananas transmision automatica hidraulica cuerpo de valvulas sucio
G-ORIG-3852,1,Sobrecalentamiento o solenoides en caja automatica CVT / DSG,1,DEV,tarda en enganchar reversa en frias mananas transmision automatica hidraulica cuerpo de valvulas sucio sintomas de solenoide de retroceso pegado
G-ORIG-3853,1,Falta o degradacion de aceite de caja de cambios,1,TRAIN,reversa demora en entrar cuando recien arranco en la manana y golpea la caja automatica
G-ORIG-3854,1,Sobrecalentamiento o solenoides en caja automatica CVT / DSG,1,TRAIN,reversa demora en entrar cuando recien arranco en la manana y golpea la caja automatica sintomas de solenoide de retroceso pegado
G-ORIG-3855,1,Falta o degradacion de aceite de caja de cambios,1,TRAIN,caja automatica golpea al meter retroceso cuando el fluido atf todavia esta frio
G-ORIG-3856,1,Sobrecalentamiento o solenoides en caja automatica CVT / DSG,1,TRAIN,caja automatica golpea al meter retroceso cuando el fluido atf todavia esta frio sintomas de solenoide de retroceso pegado
G-ORIG-3857,1,Falta o degradacion de aceite de caja de cambios,1,TRAIN,demora de varios segundos para que enganche reversa en caja automatica de 4 velocidades
G-ORIG-3858,1,Sobrecalentamiento o solenoides en caja automatica CVT / DSG,1,TRAIN,demora de varios segundos para que enganche reversa en caja automatica de 4 velocidades sintomas de solenoide de retroceso pegado
G-ORIG-3859,1,Falta o degradacion de aceite de caja de cambios,1,TRAIN,caja automatica no aplica retroceso rapido en frio se queda libre y luego entra con golpe brusco
G-ORIG-3860,1,Sobrecalentamiento o solenoides en caja automatica CVT / DSG,1,TRAIN,caja automatica no aplica retroceso rapido en frio se queda libre y luego entra con golpe brusco sintomas de solenoide de retroceso pegado
G-ORIG-3861,1,Falta o degradacion de aceite de caja de cambios,1,TRAIN,caja de cambios automatica tarda en entrar marcha atras en frio y suelta golpe fuerte
G-ORIG-3862,1,Sobrecalentamiento o solenoides en caja automatica CVT / DSG,1,DEV,caja de cambios automatica tarda en entrar marcha atras en frio y suelta golpe fuerte sintomas de solenoide de retroceso pegado
G-ORIG-3863,1,Falta o degradacion de aceite de caja de cambios,1,TRAIN,retardo en aplicacion de reversa en transmision automatica por baja presion de atf en frio
G-ORIG-3864,1,Sobrecalentamiento o solenoides en caja automatica CVT / DSG,1,TRAIN,retardo en aplicacion de reversa en transmision automatica por baja presion de atf en frio sintomas de solenoide de retroceso pegado
G-ORIG-3865,1,Falta o degradacion de aceite de caja de cambios,1,TRAIN,tiron al meter retroceso en caja automatica despues de estar estacionado toda la noche
G-ORIG-3866,1,Sobrecalentamiento o solenoides en caja automatica CVT / DSG,1,DEV,tiron al meter retroceso en caja automatica despues de estar estacionado toda la noche sintomas de solenoide de retroceso pegado
G-ORIG-3867,1,Falta o degradacion de aceite de caja de cambios,1,DEV,demora en aplicar reversa caja automatica convertidor de par o solenoides pegados en frio
G-ORIG-3868,1,Sobrecalentamiento o solenoides en caja automatica CVT / DSG,1,TRAIN,demora en aplicar reversa caja automatica convertidor de par o solenoides pegados en frio sintomas de solenoide de retroceso pegado
G-ORIG-3869,1,Falta o degradacion de aceite de caja de cambios,1,TRAIN,al poner r en caja automatica demora 4 segundos en reaccionar y entra pateando el eje trasero
G-ORIG-3870,1,Sobrecalentamiento o solenoides en caja automatica CVT / DSG,1,DEV,al poner r en caja automatica demora 4 segundos en reaccionar y entra pateando el eje trasero sintomas de solenoide de retroceso pegado
G-ORIG-3871,1,Falta o degradacion de aceite de caja de cambios,1,TRAIN,nivel bajo de fluido atf produce retraso al acoplar retroceso y cambio brusco con sacudida en frio
G-ORIG-3872,1,Sobrecalentamiento o solenoides en caja automatica CVT / DSG,1,TRAIN,nivel bajo de fluido atf produce retraso al acoplar retroceso y cambio brusco con sacudida en frio sintomas de solenoide de retroceso pegado
G-ORIG-3873,1,Fugas de aire o fallos en el sistema de frenos neumático (Camiones),1,TRAIN,camion no levanta presion de aire en los tanques y el compresor de piston trabaja sin cortar
G-ORIG-3874,1,Válvula de freno de aire o secador APS obstruido (Camiones),1,TRAIN,camion no levanta presion de aire en los tanques y el compresor de piston trabaja sin cortar valvula gobernadora y secador no purgan
G-ORIG-3875,1,Fugas de aire o fallos en el sistema de frenos neumático (Camiones),1,DEV,compresor de aire de camion trabaja continuo y las agujas de los manometros no suben a 8 bares
G-ORIG-3876,1,Válvula de freno de aire o secador APS obstruido (Camiones),1,TRAIN,compresor de aire de camion trabaja continuo y las agujas de los manometros no suben a 8 bares valvula gobernadora y secador no purgan
G-ORIG-3877,1,Fugas de aire o fallos en el sistema de frenos neumático (Camiones),1,DEV,compresor neumatico de freno de camion demora mucho tiempo en cargar los tanques principales
G-ORIG-3878,1,Válvula de freno de aire o secador APS obstruido (Camiones),1,TRAIN,compresor neumatico de freno de camion demora mucho tiempo en cargar los tanques principales valvula gobernadora y secador no purgan
G-ORIG-3879,1,Fugas de aire o fallos en el sistema de frenos neumático (Camiones),1,DEV,camion pesado pierde aire y el compresor de freno neumatico bombea todo el tiempo sin descansar
G-ORIG-3880,1,Válvula de freno de aire o secador APS obstruido (Camiones),1,TRAIN,camion pesado pierde aire y el compresor de freno neumatico bombea todo el tiempo sin descansar valvula gobernadora y secador no purgan
G-ORIG-3881,1,Fugas de aire o fallos en el sistema de frenos neumático (Camiones),1,TRAIN,compresor de aire del sistema de frenos de camion trabaja forzado y no levanta presion de servicio
G-ORIG-3882,1,Válvula de freno de aire o secador APS obstruido (Camiones),1,DEV,compresor de aire del sistema de frenos de camion trabaja forzado y no levanta presion de servicio valvula gobernadora y secador no purgan
G-ORIG-3883,1,Fugas de aire o fallos en el sistema de frenos neumático (Camiones),1,TRAIN,compresor neumatico de dos pistones de camion sopla aire pero no llena los calderines
G-ORIG-3884,1,Válvula de freno de aire o secador APS obstruido (Camiones),1,TRAIN,compresor neumatico de dos pistones de camion sopla aire pero no llena los calderines valvula gobernadora y secador no purgan
G-ORIG-3885,1,Fugas de aire o fallos en el sistema de frenos neumático (Camiones),1,DEV,demora excesiva en levantar presion en tanques de aire de camion compresor de frenos desgastado
G-ORIG-3886,1,Válvula de freno de aire o secador APS obstruido (Camiones),1,DEV,demora excesiva en levantar presion en tanques de aire de camion compresor de frenos desgastado valvula gobernadora y secador no purgan
G-ORIG-3887,1,Fugas de aire o fallos en el sistema de frenos neumático (Camiones),1,TRAIN,compresor de frenos de aire de camion recalienta por trabajar continuo y no carga los tanques
G-ORIG-3888,1,Válvula de freno de aire o secador APS obstruido (Camiones),1,DEV,compresor de frenos de aire de camion recalienta por trabajar continuo y no carga los tanques valvula gobernadora y secador no purgan
G-ORIG-3889,1,Fugas de aire o fallos en el sistema de frenos neumático (Camiones),1,TRAIN,compresor de aire vehicular de camion no comprime suficiente presion para soltar los frenos de resorte
G-ORIG-3890,1,Válvula de freno de aire o secador APS obstruido (Camiones),1,TRAIN,compresor de aire vehicular de camion no comprime suficiente presion para soltar los frenos de resorte valvula gobernadora y secador no purgan
G-ORIG-3891,1,Fugas de aire o fallos en el sistema de frenos neumático (Camiones),1,DEV,fuga en circuito neumatico hace que el compresor de aire de camion trabaje constantemente
G-ORIG-3892,1,Válvula de freno de aire o secador APS obstruido (Camiones),1,TRAIN,fuga en circuito neumatico hace que el compresor de aire de camion trabaje constantemente valvula gobernadora y secador no purgan
G-ORIG-3893,1,Fugas de aire o fallos en el sistema de frenos neumático (Camiones),1,TRAIN,compresor de aire de frenos de camion de carga bombea continuo y no alcanza presion de descarga
G-ORIG-3894,1,Válvula de freno de aire o secador APS obstruido (Camiones),1,TRAIN,compresor de aire de frenos de camion de carga bombea continuo y no alcanza presion de descarga valvula gobernadora y secador no purgan
G-ORIG-3895,1,Fugas de aire o fallos en el sistema de frenos neumático (Camiones),1,TRAIN,culatin de compresor de aire neumatico de camion con fugas no permite cargar tanques principales
G-ORIG-3896,1,Válvula de freno de aire o secador APS obstruido (Camiones),1,TRAIN,culatin de compresor de aire neumatico de camion con fugas no permite cargar tanques principales valvula gobernadora y secador no purgan
G-ORIG-3897,1,Fugas de aire o fallos en el sistema de frenos neumático (Camiones),1,TRAIN,manometro de aire de camion no sube compresor mecanico accionado por engranaje no rinde suficiente caudal
G-ORIG-3898,1,Válvula de freno de aire o secador APS obstruido (Camiones),1,TRAIN,manometro de aire de camion no sube compresor mecanico accionado por engranaje no rinde suficiente caudal valvula gobernadora y secador no purgan
G-ORIG-3899,1,Fugas de aire o fallos en el sistema de frenos neumático (Camiones),1,TRAIN,compresor de aire de tractocamion no corta la carga y tarda media hora en inflar el sistema
G-ORIG-3900,1,Válvula de freno de aire o secador APS obstruido (Camiones),1,TRAIN,compresor de aire de tractocamion no corta la carga y tarda media hora en inflar el sistema valvula gobernadora y secador no purgan
G-ORIG-3901,1,Fugas de aire o fallos en el sistema de frenos neumático (Camiones),1,TRAIN,camion demora demasiado en cargar aire compresor de frenos neumaticos con anillos desgastados
G-ORIG-3902,1,Válvula de freno de aire o secador APS obstruido (Camiones),1,TRAIN,camion demora demasiado en cargar aire compresor de frenos neumaticos con anillos desgastados valvula gobernadora y secador no purgan
G-ORIG-3903,1,Faja o cadena de distribucion destensada o con salto de punto,1,TRAIN,acaban de cambiar la faja de distribucion y el motor quedo sin fuerza tiembla y tira pedos por escape
G-ORIG-3904,1,Faja o cadena de distribucion destensada o con salto de punto,1,TRAIN,despues de cambio de correa de distribucion motor quedo fuera de punto pierde potencia y tironea
G-ORIG-3905,1,Faja o cadena de distribucion destensada o con salto de punto,1,TRAIN,faja de distribucion mal sincronizada motor tiembla disparejo explosiones sordas por tubo de escape
G-ORIG-3906,1,Faja o cadena de distribucion destensada o con salto de punto,1,TRAIN,cambiaron kit de distribucion y el carro quedo sin pique vibra en ralenti y suena sordo por escape
G-ORIG-3907,1,Faja o cadena de distribucion destensada o con salto de punto,1,TRAIN,motor con salto de diente en la faja de tiempo contraexplosiones en multiple y falta de fuerza
G-ORIG-3908,1,Faja o cadena de distribucion destensada o con salto de punto,1,TRAIN,distribucion saltada un diente ralenti disparejo y petardeo por el escape al acelerar en vacio
G-ORIG-3909,1,Faja o cadena de distribucion destensada o con salto de punto,1,TRAIN,salto de punto en correa de tiempo valvulas desfasadas motor inestable y pedorreo por tubo de escape
G-ORIG-3910,1,Faja o cadena de distribucion destensada o con salto de punto,1,TRAIN,despues de cambiar faja de tiempo motor no acelera bien tiembla en minimo y tose por el escape
G-ORIG-3911,1,Faja o cadena de distribucion destensada o con salto de punto,1,TRAIN,cambio de cadena de tiempo quedo corrida un diente falta de fuerza y detonaciones sordas en escape
G-ORIG-3912,1,Faja o cadena de distribucion destensada o con salto de punto,1,TRAIN,faja de distribucion destensada salto punto de sincronizacion genera temblor y perdida de fuerza
G-ORIG-3913,1,Baja presion de aceite o bomba de aceite defectuosa,1,TRAIN,taqueteo metalico rapido arriba en la culata al arrancar en frio que desaparece a los 5 minutos
G-ORIG-3914,1,Faja o cadena de distribucion destensada o con salto de punto,1,TRAIN,taqueteo metalico rapido arriba en la culata al arrancar en frio que desaparece a los 5 minutos ruido de cadena y taques
G-ORIG-3915,1,Baja presion de aceite o bomba de aceite defectuosa,1,TRAIN,sonido de taques hidraulicos tac tac tac arriba en la tapa de valvulas en las mananas al prender
G-ORIG-3916,1,Faja o cadena de distribucion destensada o con salto de punto,1,TRAIN,sonido de taques hidraulicos tac tac tac arriba en la tapa de valvulas en las mananas al prender ruido de cadena y taques
G-ORIG-3917,1,Baja presion de aceite o bomba de aceite defectuosa,1,TRAIN,en frio suena golpeteo metalico de taques o punterias arriba del motor luego de calentar se silencia
G-ORIG-3918,1,Faja o cadena de distribucion destensada o con salto de punto,1,DEV,en frio suena golpeteo metalico de taques o punterias arriba del motor luego de calentar se silencia ruido de cadena y taques
G-ORIG-3919,1,Baja presion de aceite o bomba de aceite defectuosa,1,TRAIN,taqueteo de taques arriba en el motor en frio tac tac tac despues de calentar el aceite se quita
G-ORIG-3920,1,Faja o cadena de distribucion destensada o con salto de punto,1,TRAIN,taqueteo de taques arriba en el motor en frio tac tac tac despues de calentar el aceite se quita ruido de cadena y taques
G-ORIG-3921,1,Baja presion de aceite o bomba de aceite defectuosa,1,DEV,ruido de taques descargados en las mananas por baja presion de aceite inicial en culata
G-ORIG-3922,1,Faja o cadena de distribucion destensada o con salto de punto,1,TRAIN,ruido de taques descargados en las mananas por baja presion de aceite inicial en culata ruido de cadena y taques
G-ORIG-3923,1,Desgaste de pastillas y zapatas de freno,1,TRAIN,una sola rueda delantera queda hirviendo despues de manejar y el carro se jala hacia ese lado
G-ORIG-3924,1,Discos de freno alabeados o desgastados,1,TRAIN,una sola rueda delantera queda hirviendo despues de manejar y el carro se jala hacia ese lado alabeo en disco por sobrecalentamiento
G-ORIG-3925,1,Desgaste de pastillas y zapatas de freno,1,TRAIN,caliper de freno delantero pegado la llanta calienta muchisimo y despide fuerte olor a balata quemada
G-ORIG-3926,1,Discos de freno alabeados o desgastados,1,TRAIN,caliper de freno delantero pegado la llanta calienta muchisimo y despide fuerte olor a balata quemada alabeo en disco por sobrecalentamiento
G-ORIG-3927,1,Desgaste de pastillas y zapatas de freno,1,TRAIN,mordaza de freno trabada rueda delantera derecha quema al tocar el aro y tira la direccion
G-ORIG-3928,1,Discos de freno alabeados o desgastados,1,TRAIN,mordaza de freno trabada rueda delantera derecha quema al tocar el aro y tira la direccion alabeo en disco por sobrecalentamiento
G-ORIG-3929,1,Desgaste de pastillas y zapatas de freno,1,TRAIN,embolo o piston de mordaza atascado rueda queda frenada calienta en exceso y auto se desvia
G-ORIG-3930,1,Discos de freno alabeados o desgastados,1,TRAIN,embolo o piston de mordaza atascado rueda queda frenada calienta en exceso y auto se desvia alabeo en disco por sobrecalentamiento
G-ORIG-3931,1,Desgaste de pastillas y zapatas de freno,1,TRAIN,freno delantero pegado llanta echa humo y calienta el aro olor amargo de pastilla de freno chamuscada
G-ORIG-3932,1,Discos de freno alabeados o desgastados,1,TRAIN,freno delantero pegado llanta echa humo y calienta el aro olor amargo de pastilla de freno chamuscada alabeo en disco por sobrecalentamiento
G-ORIG-3933,1,Desgaste de pastillas y zapatas de freno,1,TRAIN,caliper atascado en una rueda delantera el vehiculo jala con fuerza hacia la derecha al rodar
G-ORIG-3934,1,Discos de freno alabeados o desgastados,1,TRAIN,caliper atascado en una rueda delantera el vehiculo jala con fuerza hacia la derecha al rodar alabeo en disco por sobrecalentamiento
G-ORIG-3935,1,Desgaste de pastillas y zapatas de freno,1,DEV,pernos guia de mordaza de freno oxidados rueda se queda frenada disco al rojo vivo y aro caliente
G-ORIG-3936,1,Discos de freno alabeados o desgastados,1,TRAIN,pernos guia de mordaza de freno oxidados rueda se queda frenada disco al rojo vivo y aro caliente alabeo en disco por sobrecalentamiento
G-ORIG-3937,1,Desgaste de pastillas y zapatas de freno,1,TRAIN,rueda delantera se frena sola aro caliente despues de rodar 15 minutos desvio lateral al manejar
G-ORIG-3938,1,Discos de freno alabeados o desgastados,1,TRAIN,rueda delantera se frena sola aro caliente despues de rodar 15 minutos desvio lateral al manejar alabeo en disco por sobrecalentamiento
G-ORIG-3939,1,Desgaste de pastillas y zapatas de freno,1,TRAIN,piston de caliper no regresa rueda queda frenada se calienta el tambor o disco y jala la direccion
G-ORIG-3940,1,Discos de freno alabeados o desgastados,1,TRAIN,piston de caliper no regresa rueda queda frenada se calienta el tambor o disco y jala la direccion alabeo en disco por sobrecalentamiento
G-ORIG-3941,1,Desgaste de pastillas y zapatas de freno,1,TRAIN,despues de manejar en pista un aro delantero quema al tocarlo y el auto se frena hacia ese costado
G-ORIG-3942,1,Discos de freno alabeados o desgastados,1,TRAIN,despues de manejar en pista un aro delantero quema al tocarlo y el auto se frena hacia ese costado alabeo en disco por sobrecalentamiento
G-ORIG-3943,1,Desgaste de pastillas y zapatas de freno,1,TRAIN,olor a pastilla quemada en una rueda delantera y direccion jalando hacia la rueda que frena sola
G-ORIG-3944,1,Discos de freno alabeados o desgastados,1,TRAIN,olor a pastilla quemada en una rueda delantera y direccion jalando hacia la rueda que frena sola alabeo en disco por sobrecalentamiento
G-ORIG-3945,1,Desgaste de pastillas y zapatas de freno,1,TRAIN,disco y pastilla de un lado quedan aprisionados rueda hirviendo y sensacion de freno pegado
G-ORIG-3946,1,Discos de freno alabeados o desgastados,1,TRAIN,disco y pastilla de un lado quedan aprisionados rueda hirviendo y sensacion de freno pegado alabeo en disco por sobrecalentamiento
G-ORIG-3947,1,Desgaste de pastillas y zapatas de freno,1,DEV,mordaza pegada rueda derecha ardiendo desvio continuo de carril hacia el lado que calienta
G-ORIG-3948,1,Discos de freno alabeados o desgastados,1,TRAIN,mordaza pegada rueda derecha ardiendo desvio continuo de carril hacia el lado que calienta alabeo en disco por sobrecalentamiento
G-ORIG-3949,1,Desgaste de pastillas y zapatas de freno,1,TRAIN,freno pegado en rueda delantera genera calor excesivo en el rin y deriva lateral del volante
G-ORIG-3950,1,Discos de freno alabeados o desgastados,1,TRAIN,freno pegado en rueda delantera genera calor excesivo en el rin y deriva lateral del volante alabeo en disco por sobrecalentamiento
G-ORIG-3951,1,Desgaste de pastillas y zapatas de freno,1,TRAIN,caliper trabado presiona pastilla constantemente aro quema y vehiculo tiende a irse hacia ese lado
G-ORIG-3952,1,Discos de freno alabeados o desgastados,1,DEV,caliper trabado presiona pastilla constantemente aro quema y vehiculo tiende a irse hacia ese lado alabeo en disco por sobrecalentamiento
G-ORIG-3953,1,Juntas homocineticas o palieres danados,1,DEV,trompa del carro se sacude de lado a lado solo cuando acelero en tercera o cuarta en pista
G-ORIG-3954,1,Juntas homocineticas o palieres danados,1,TRAIN,vibracion oscilatoria en el frente del vehiculo al pisar acelerador bajo carga en cambios altos
G-ORIG-3955,1,Juntas homocineticas o palieres danados,1,TRAIN,al acelerar en carretera la trompa bambolea de izquierda a derecha al soltar acelerador desaparece
G-ORIG-3956,1,Juntas homocineticas o palieres danados,1,DEV,sacudida fuerte en la parte delantera solo al pisar gas en 3ra o 4ta marcha juego en copa de palier
G-ORIG-3957,1,Juntas homocineticas o palieres danados,1,DEV,trompa cabecea de lado a lado al exigir aceleracion en pista juego excesivo en triceta y copa de semieje
G-ORIG-3958,1,Juntas homocineticas o palieres danados,1,DEV,vibracion en el tren delantero unicamente bajo aceleracion en cuarta velocidad suelto gas y se calma
G-ORIG-3959,1,Juntas homocineticas o palieres danados,1,TRAIN,palier con desgaste en triceta produce que la trompa del auto se mueva de lado a lado al acelerar
G-ORIG-3960,1,Juntas homocineticas o palieres danados,1,DEV,carro se sacude adelante al acelerar en subida en 3ra marcha al dejar rodar en neutro rueda sedita
G-ORIG-3961,1,Juntas homocineticas o palieres danados,1,TRAIN,juego en junta interior copa triceta hace que el frente del auto zigzaguee al pisar el pedal
G-ORIG-3962,1,Juntas homocineticas o palieres danados,1,TRAIN,bamboleo lateral de la parte delantera al acelerar entre 60 y 90 kmh transmitido por el semieje
G-ORIG-3963,1,Juntas homocineticas o palieres danados,1,TRAIN,semieje con holgura en copa sacude toda la trompa al ganar velocidad en carretera al soltar se quita
G-ORIG-3964,1,Juntas homocineticas o palieres danados,1,TRAIN,sacudida delantera bajo torque en tercera y cuarta velocidad atribuible a triceta picada o desalineada
G-ORIG-3965,1,Juntas homocineticas o palieres danados,1,TRAIN,al presionar el acelerador la trompa se mueve de lado a lado al quitar el pie se estabiliza al instante
G-ORIG-3966,1,Juntas homocineticas o palieres danados,1,TRAIN,vibracion de oscilacion lateral del frente del carro provocada por desgaste interno en copa de palier
G-ORIG-3967,1,Juntas homocineticas o palieres danados,1,TRAIN,trompa sacude al acelerar en cambios altos por holgura en semieje delantero y triceta desgastada
G-ORIG-3968,1,Rodajes de caja mecanica o diferencial gastados,1,TRAIN,zumbido sordo como turbina de avion en una rueda delantera que aumenta con la velocidad
G-ORIG-3969,1,Juntas homocineticas o palieres danados,1,TRAIN,zumbido sordo como turbina de avion en una rueda delantera que aumenta con la velocidad holgura en rodamiento de rueda
G-ORIG-3970,1,Rodajes de caja mecanica o diferencial gastados,1,DEV,al pasar 60 o 70 kmh empieza zumbido que se calla al doblar a la izquierda y suena fuerte al doblar derecha
G-ORIG-3971,1,Juntas homocineticas o palieres danados,1,TRAIN,al pasar 60 o 70 kmh empieza zumbido que se calla al doblar a la izquierda y suena fuerte al doblar derecha holgura en rodamiento de rueda
G-ORIG-3972,1,Rodajes de caja mecanica o diferencial gastados,1,TRAIN,ruido de rodamiento de masa en rueda delantera zumba continuo y modula al cargar peso en curvas
G-ORIG-3973,1,Juntas homocineticas o palieres danados,1,TRAIN,ruido de rodamiento de masa en rueda delantera zumba continuo y modula al cargar peso en curvas holgura en rodamiento de rueda
G-ORIG-3974,1,Rodajes de caja mecanica o diferencial gastados,1,TRAIN,zumbido metalico en rueda delantera cambia de tono al girar el volante en carretera
G-ORIG-3975,1,Juntas homocineticas o palieres danados,1,TRAIN,zumbido metalico en rueda delantera cambia de tono al girar el volante en carretera holgura en rodamiento de rueda
G-ORIG-3976,1,Rodajes de caja mecanica o diferencial gastados,1,TRAIN,rodamiento de maza picado hace ruido de zumbido ronco que se intensifica a mayor velocidad en recta
G-ORIG-3977,1,Juntas homocineticas o palieres danados,1,TRAIN,rodamiento de maza picado hace ruido de zumbido ronco que se intensifica a mayor velocidad en recta holgura en rodamiento de rueda
G-ORIG-3978,1,Rodajes de caja mecanica o diferencial gastados,1,TRAIN,zumbido en rueda que se apaga al virar hacia un lado y redobla al girar hacia el lado opuesto
G-ORIG-3979,1,Juntas homocineticas o palieres danados,1,TRAIN,zumbido en rueda que se apaga al virar hacia un lado y redobla al girar hacia el lado opuesto holgura en rodamiento de rueda
G-ORIG-3980,1,Rodajes de caja mecanica o diferencial gastados,1,DEV,ruido de rodaje de rueda delantera zumbido tipo avion que incrementa de 60 a 100 km por hora
G-ORIG-3981,1,Juntas homocineticas o palieres danados,1,TRAIN,ruido de rodaje de rueda delantera zumbido tipo avion que incrementa de 60 a 100 km por hora holgura en rodamiento de rueda
G-ORIG-3982,1,Rodajes de caja mecanica o diferencial gastados,1,TRAIN,masa de rueda con rodamiento desgastado produce zumbido sordo modulado por la inclinacion del vehiculo
G-ORIG-3983,1,Juntas homocineticas o palieres danados,1,TRAIN,masa de rueda con rodamiento desgastado produce zumbido sordo modulado por la inclinacion del vehiculo holgura en rodamiento de rueda
G-ORIG-3984,1,Rodajes de caja mecanica o diferencial gastados,1,TRAIN,rueda zumba fuerte al rodar rapido y el sonido cambia al cambiar de carril en autopista
G-ORIG-3985,1,Juntas homocineticas o palieres danados,1,TRAIN,rueda zumba fuerte al rodar rapido y el sonido cambia al cambiar de carril en autopista holgura en rodamiento de rueda
G-ORIG-3986,1,Rodajes de caja mecanica o diferencial gastados,1,TRAIN,zumbido constante en rueda delantera derecha que se acentua al apoyar el peso en curva izquierda
G-ORIG-3987,1,Juntas homocineticas o palieres danados,1,TRAIN,zumbido constante en rueda delantera derecha que se acentua al apoyar el peso en curva izquierda holgura en rodamiento de rueda
G-ORIG-3988,1,Cremallera de direccion asistida con holgura o fuga,1,TRAIN,timon flotante con juego muerto al centro tengo que ir corrigiendo la trayectoria en autopista
G-ORIG-3989,1,Cremallera de direccion asistida con holgura o fuga,1,TRAIN,direccion con zona muerta en el centro el auto flota en carretera y no mantiene la linea recta
G-ORIG-3990,1,Cremallera de direccion asistida con holgura o fuga,1,TRAIN,holgura en cremallera de direccion timon tiene juego libre al medio y volante no responde inmediato
G-ORIG-3991,1,Cremallera de direccion asistida con holgura o fuga,1,TRAIN,timon se siente flojo con vaiven en el centro y obliga a corregir constantemente para no salir de carril
G-ORIG-3992,1,Cremallera de direccion asistida con holgura o fuga,1,TRAIN,juego en volante de direccion y sensacion de flotabilidad a alta velocidad por desgaste en caja de direccion
G-ORIG-3993,1,Cremallera de direccion asistida con holgura o fuga,1,TRAIN,cremallera de direccion mecanica o hidraulica con juego central ocasiona desviacion erratica
G-ORIG-3994,1,Cremallera de direccion asistida con holgura o fuga,1,TRAIN,volante con movimiento muerto al centro auto navega como lancha en pista recta sin respuesta rapida
G-ORIG-3995,1,Cremallera de direccion asistida con holgura o fuga,1,DEV,holgura de direccion volante baila en el centro antes de que las ruedas comiencen a cruzar
G-ORIG-3996,1,Cremallera de direccion asistida con holgura o fuga,1,TRAIN,timon no tiene firmeza al centro se mueve libre dos centimetros y el carro viborea en carretera
G-ORIG-3997,1,Cremallera de direccion asistida con holgura o fuga,1,TRAIN,cremallera con desgaste en dientes centrales perdida de precision y juego muerto al manejar en linea recta
G-ORIG-3998,1,Disco de embrague desgastado o patinando,1,TRAIN,al soltar el embrague para salir en primera marcha todo el carro tiembla y cabecea bastante
G-ORIG-3999,1,Disco de embrague desgastado o patinando,1,TRAIN,trepidacion fuerte al acoplar primera marcha embrague vibra al arrancar desde parado
G-ORIG-4000,1,Disco de embrague desgastado o patinando,1,TRAIN,disco de embrague vidriado o deformado hace que el carro tironee y tiemble al salir en primera
G-ORIG-4001,1,Disco de embrague desgastado o patinando,1,TRAIN,cuando saco el pie del pedal de embrague en primera sacude la carroceria una vez que avanza va normal
G-ORIG-4002,1,Disco de embrague desgastado o patinando,1,TRAIN,embrague salta y tironea al arrancar de cero en primera velocidad prensa o disco alabeado
G-ORIG-4003,1,Disco de embrague desgastado o patinando,1,DEV,vibracion fuerte al embragar en primera velocidad transmision mecanica tironea al iniciar marcha
G-ORIG-4004,1,Disco de embrague desgastado o patinando,1,TRAIN,embrague zapatea al salir en primera marcha prensa desalineada o resortes de disco vencidos
G-ORIG-4005,1,Disco de embrague desgastado o patinando,1,TRAIN,sacudida en primera marcha al soltar pedal de clutch una vez acoplado rueda parejo y suave
G-ORIG-4006,1,Disco de embrague desgastado o patinando,1,TRAIN,embrague trepida al salir en pendientes en primera velocidad volantemotor con recalentamiento y manchas
G-ORIG-4007,1,Disco de embrague desgastado o patinando,1,TRAIN,carro tiembla como si se fuera a desarmar solo al sacar el pedal de embrague en primera
G-ORIG-4008,1,Falla en servofreno (booster) o linea de vacio,1,TRAIN,pedal de freno durisimo para detener el carro hay que pararse en el pedal y silba aire al pisar
G-ORIG-4009,1,Falla en servofreno (booster) o linea de vacio,1,TRAIN,se escucha silbido o siseo de aire cerca del pedal al frenar y el pedal esta como una piedra
G-ORIG-4010,1,Falla en servofreno (booster) o linea de vacio,1,TRAIN,fuga de vacio en diafragma de servofreno pedal de freno duro y siseo de aire en el habitaculo
G-ORIG-4011,1,Falla en servofreno (booster) o linea de vacio,1,DEV,booster de freno pinchado silba aire constante bajo el tablero y requiere gran fuerza para frenar
G-ORIG-4012,1,Falla en servofreno (booster) o linea de vacio,1,TRAIN,pedal de freno pierde asistencia de vacio se pone duro como palo y silba al mantenerlo presionado
G-ORIG-4013,1,Falla en servofreno (booster) o linea de vacio,1,TRAIN,manguera de vacio de servofreno rajada genera pedal duro y chupada de aire en multiple de admision
G-ORIG-4014,1,Falla en servofreno (booster) o linea de vacio,1,DEV,servofreno con membrana rota silbido de aire al aplicar freno y motor tiende a alterar su ralenti
G-ORIG-4015,1,Falla en servofreno (booster) o linea de vacio,1,TRAIN,al pisar el freno se escucha una fuga de aire siseante en los pies y el carro frena con mucha dificultad
G-ORIG-4016,1,Falla en servofreno (booster) o linea de vacio,1,TRAIN,diafragma de booster de frenos roto pedal excesivamente rigido y soplido de vacio continuo
G-ORIG-4017,1,Falla en servofreno (booster) o linea de vacio,1,DEV,pedal duro silbido de aire al pisar y aumento de distancia de frenado por falla de servofreno
G-ORIG-4018,1,Falla en sensor de posicion de cigueñal (CKP) o arbol de levas (CMP),1,TRAIN,Vehiculo 1: El motor se apaga repentinamente luego de 20 minutos de marcha continua y no arranca hasta que se enfria 15 minutos
G-ORIG-4019,1,Falla en sensor de posicion de cigueñal (CKP) o arbol de levas (CMP),1,TRAIN,"Vehiculo 2: Tengo codigo P0336 en el escaner, al dar arranque el arrancador gira con fuerza pero no hay combustion a pesar de tener buena presion de gasolina"
G-ORIG-4020,1,Falla en sensor de posicion de cigueñal (CKP) o arbol de levas (CMP),1,TRAIN,Vehiculo 3: Falla termica en sensor de cigueñal: en frio enciende de inmediato pero a 95 grados se corta la senal y el motor se detiene
G-ORIG-4021,1,Falla en sensor de posicion de cigueñal (CKP) o arbol de levas (CMP),1,TRAIN,Vehiculo 4: Con osciloscopio automotriz se observa que la senal del sensor de posicion del arbol de levas CMP pierde amplitud y se deforma al subir la temperatura del motor
G-ORIG-4022,1,Falla en sensor de posicion de cigueñal (CKP) o arbol de levas (CMP),1,TRAIN,"Vehiculo 5: El carro tironea bruscamente a 110 km/h, la aguja de las RPM se cae a cero al instante y el motor se apaga"
G-ORIG-4023,1,Falla en sensor de posicion de cigueñal (CKP) o arbol de levas (CMP),1,TRAIN,"Vehiculo 6: Corte intempestivo de encendido en caliente, la bomba no zumba y las bobinas no reciben pulso de disparo de la ECM por falta de senal de RPM"
G-ORIG-4024,1,Falla en sensor de posicion de cigueñal (CKP) o arbol de levas (CMP),1,DEV,Vehiculo 7: Sensor de arbol de levas P0340 con arnes agrietado produce arranque sumamente largo de mas de 8 segundos antes de encender
G-ORIG-4025,1,Falla en sensor de posicion de cigueñal (CKP) o arbol de levas (CMP),1,TRAIN,Vehiculo 8: Al detenerse en ralenti despues de un viaje el motor se muere en seco; gira rapido el motor de arranque pero no hay chispa ni pulso de inyector
G-ORIG-4026,1,Falla en sensor de posicion de cigueñal (CKP) o arbol de levas (CMP),1,TRAIN,Vehiculo 9: Sensor CKP de efecto Hall con alimentacion de 5V inestable se apaga y deja al vehiculo botado en subida
G-ORIG-4027,1,Falla en sensor de posicion de cigueñal (CKP) o arbol de levas (CMP),1,TRAIN,Vehiculo 10: Resistencia de la bobina captadora del sensor de cigueñal se va a infinito al calentarse el bloque motor
G-ORIG-4028,1,Falla en sensor de posicion de cigueñal (CKP) o arbol de levas (CMP),1,TRAIN,Vehiculo 11: El motor se apaga repentinamente luego de 45 minutos de marcha continua y no arranca hasta que se enfria 15 minutos
G-ORIG-4029,1,Falla en sensor de posicion de cigueñal (CKP) o arbol de levas (CMP),1,TRAIN,"Vehiculo 12: Tengo codigo P0339 en el escaner, al dar arranque el arrancador gira con fuerza pero no hay senal de revoluciones en la linea de datos"
G-ORIG-4030,1,Falla en sensor de posicion de cigueñal (CKP) o arbol de levas (CMP),1,TRAIN,Vehiculo 13: Falla termica en sensor de cigueñal: en frio enciende de inmediato pero a 85 grados se corta la senal y el motor se detiene
G-ORIG-4031,1,Falla en sensor de posicion de cigueñal (CKP) o arbol de levas (CMP),1,TRAIN,Vehiculo 14: Con osciloscopio automotriz se observa que la senal del sensor CKP efecto Hall pierde amplitud y se deforma al subir la temperatura del motor
G-ORIG-4032,1,Falla en sensor de posicion de cigueñal (CKP) o arbol de levas (CMP),1,TRAIN,"Vehiculo 15: El carro tironea bruscamente a 110 km/h, la aguja de las RPM se cae a cero al instante y el motor se apaga"
G-ORIG-4033,1,Falla en sensor de posicion de cigueñal (CKP) o arbol de levas (CMP),1,TRAIN,"Vehiculo 16: Corte intempestivo de encendido en caliente, la bomba no zumba y las bobinas no reciben pulso de disparo de la ECM por falta de senal de RPM"
G-ORIG-4034,1,Falla en sensor de posicion de cigueñal (CKP) o arbol de levas (CMP),1,DEV,Vehiculo 17: Sensor de arbol de levas P0341 con arnes agrietado produce arranque sumamente largo de mas de 8 segundos antes de encender
G-ORIG-4035,1,Falla en sensor de posicion de cigueñal (CKP) o arbol de levas (CMP),1,DEV,Vehiculo 18: Al detenerse en ralenti despues de un viaje el motor se muere en seco; gira rapido el motor de arranque pero no hay chispa ni pulso de inyector
G-ORIG-4036,1,Falla en sensor de posicion de cigueñal (CKP) o arbol de levas (CMP),1,TRAIN,Vehiculo 19: Sensor CKP de efecto Hall con alimentacion de 5V inestable se apaga y deja al vehiculo botado en subida
G-ORIG-4037,1,Falla en sensor de posicion de cigueñal (CKP) o arbol de levas (CMP),1,DEV,Vehiculo 20: Resistencia de la bobina captadora del sensor de cigueñal se va a infinito al calentarse el bloque motor
G-ORIG-4038,1,Falla en sensor de posicion de cigueñal (CKP) o arbol de levas (CMP),1,TRAIN,Vehiculo 21: El motor se apaga repentinamente luego de 35 minutos de marcha continua y no arranca hasta que se enfria 15 minutos
G-ORIG-4039,1,Falla en sensor de posicion de cigueñal (CKP) o arbol de levas (CMP),1,TRAIN,"Vehiculo 22: Tengo codigo P0335 en el escaner, al dar arranque el arrancador gira con fuerza pero no hay combustion a pesar de tener buena presion de gasolina"
G-ORIG-4040,1,Falla en sensor de posicion de cigueñal (CKP) o arbol de levas (CMP),1,TRAIN,Vehiculo 23: Falla termica en sensor de cigueñal: en frio enciende de inmediato pero a 95 grados se corta la senal y el motor se detiene
G-ORIG-4041,1,Falla en sensor de posicion de cigueñal (CKP) o arbol de levas (CMP),1,DEV,Vehiculo 24: Con osciloscopio automotriz se observa que la senal del sensor de posicion del arbol de levas CMP pierde amplitud y se deforma al subir la temperatura del motor
G-ORIG-4042,1,Falla en sensor de posicion de cigueñal (CKP) o arbol de levas (CMP),1,TRAIN,"Vehiculo 25: El carro tironea bruscamente a 110 km/h, la aguja de las RPM se cae a cero al instante y el motor se apaga"
G-ORIG-4043,1,Falla en sensor de posicion de cigueñal (CKP) o arbol de levas (CMP),1,TRAIN,"Vehiculo 26: Corte intempestivo de encendido en caliente, la bomba no zumba y las bobinas no reciben pulso de disparo de la ECM por falta de senal de RPM"
G-ORIG-4044,1,Falla en sensor de posicion de cigueñal (CKP) o arbol de levas (CMP),1,DEV,Vehiculo 27: Sensor de arbol de levas P0342 con arnes agrietado produce arranque sumamente largo de mas de 8 segundos antes de encender
G-ORIG-4045,1,Falla en sensor de posicion de cigueñal (CKP) o arbol de levas (CMP),1,TRAIN,Vehiculo 28: Al detenerse en ralenti despues de un viaje el motor se muere en seco; gira rapido el motor de arranque pero no hay chispa ni pulso de inyector
G-ORIG-4046,1,Falla en sensor de posicion de cigueñal (CKP) o arbol de levas (CMP),1,TRAIN,Vehiculo 29: Sensor CKP de efecto Hall con alimentacion de 5V inestable se apaga y deja al vehiculo botado en subida
G-ORIG-4047,1,Falla en sensor de posicion de cigueñal (CKP) o arbol de levas (CMP),1,TRAIN,Vehiculo 30: Resistencia de la bobina captadora del sensor de cigueñal se va a infinito al calentarse el bloque motor
G-ORIG-4048,1,Falla en sensor de posicion de cigueñal (CKP) o arbol de levas (CMP),1,TRAIN,Vehiculo 31: El motor se apaga repentinamente luego de 20 minutos de marcha continua y no arranca hasta que se enfria 15 minutos
G-ORIG-4049,1,Falla en sensor de posicion de cigueñal (CKP) o arbol de levas (CMP),1,TRAIN,"Vehiculo 32: Tengo codigo P0336 en el escaner, al dar arranque el arrancador gira con fuerza pero no hay senal de revoluciones en la linea de datos"
G-ORIG-4050,1,Falla en sensor de posicion de cigueñal (CKP) o arbol de levas (CMP),1,TRAIN,Vehiculo 33: Falla termica en sensor de cigueñal: en frio enciende de inmediato pero a 85 grados se corta la senal y el motor se detiene
G-ORIG-4051,1,Falla en sensor de posicion de cigueñal (CKP) o arbol de levas (CMP),1,DEV,Vehiculo 34: Con osciloscopio automotriz se observa que la senal del sensor CKP efecto Hall pierde amplitud y se deforma al subir la temperatura del motor
G-ORIG-4052,1,Falla en sensor de posicion de cigueñal (CKP) o arbol de levas (CMP),1,TRAIN,"Vehiculo 35: El carro tironea bruscamente a 110 km/h, la aguja de las RPM se cae a cero al instante y el motor se apaga"
G-ORIG-4053,1,Falla en sensor de posicion de cigueñal (CKP) o arbol de levas (CMP),1,TRAIN,"Vehiculo 36: Corte intempestivo de encendido en caliente, la bomba no zumba y las bobinas no reciben pulso de disparo de la ECM por falta de senal de RPM"
G-ORIG-4054,1,Falla en sensor de posicion de cigueñal (CKP) o arbol de levas (CMP),1,TRAIN,Vehiculo 37: Sensor de arbol de levas P0340 con arnes agrietado produce arranque sumamente largo de mas de 8 segundos antes de encender
G-ORIG-4055,1,Falla en sensor de posicion de cigueñal (CKP) o arbol de levas (CMP),1,TRAIN,Vehiculo 38: Al detenerse en ralenti despues de un viaje el motor se muere en seco; gira rapido el motor de arranque pero no hay chispa ni pulso de inyector
G-ORIG-4056,1,Falla en sensor de posicion de cigueñal (CKP) o arbol de levas (CMP),1,DEV,Vehiculo 39: Sensor CKP de efecto Hall con alimentacion de 5V inestable se apaga y deja al vehiculo botado en subida
G-ORIG-4057,1,Falla en sensor de posicion de cigueñal (CKP) o arbol de levas (CMP),1,TRAIN,Vehiculo 40: Resistencia de la bobina captadora del sensor de cigueñal se va a infinito al calentarse el bloque motor
G-ORIG-4058,1,Falla en sensor de posicion de cigueñal (CKP) o arbol de levas (CMP),1,TRAIN,Vehiculo 41: El motor se apaga repentinamente luego de 45 minutos de marcha continua y no arranca hasta que se enfria 15 minutos
G-ORIG-4059,1,Falla en sensor de posicion de cigueñal (CKP) o arbol de levas (CMP),1,TRAIN,"Vehiculo 42: Tengo codigo P0339 en el escaner, al dar arranque el arrancador gira con fuerza pero no hay combustion a pesar de tener buena presion de gasolina"
G-ORIG-4060,1,Falla en sensor de posicion de cigueñal (CKP) o arbol de levas (CMP),1,DEV,Vehiculo 43: Falla termica en sensor de cigueñal: en frio enciende de inmediato pero a 95 grados se corta la senal y el motor se detiene
G-ORIG-4061,1,Falla en sensor de posicion de cigueñal (CKP) o arbol de levas (CMP),1,TRAIN,Vehiculo 44: Con osciloscopio automotriz se observa que la senal del sensor de posicion del arbol de levas CMP pierde amplitud y se deforma al subir la temperatura del motor
G-ORIG-4062,1,Falla en sensor de posicion de cigueñal (CKP) o arbol de levas (CMP),1,DEV,"Vehiculo 45: El carro tironea bruscamente a 110 km/h, la aguja de las RPM se cae a cero al instante y el motor se apaga"
G-ORIG-4063,1,Falla en sensor de posicion de cigueñal (CKP) o arbol de levas (CMP),1,TRAIN,"Vehiculo 46: Corte intempestivo de encendido en caliente, la bomba no zumba y las bobinas no reciben pulso de disparo de la ECM por falta de senal de RPM"
G-ORIG-4064,1,Falla en sensor de posicion de cigueñal (CKP) o arbol de levas (CMP),1,TRAIN,Vehiculo 47: Sensor de arbol de levas P0341 con arnes agrietado produce arranque sumamente largo de mas de 8 segundos antes de encender
G-ORIG-4065,1,Falla en sensor de posicion de cigueñal (CKP) o arbol de levas (CMP),1,DEV,Vehiculo 48: Al detenerse en ralenti despues de un viaje el motor se muere en seco; gira rapido el motor de arranque pero no hay chispa ni pulso de inyector
G-ORIG-4066,1,Falla en sensor de posicion de cigueñal (CKP) o arbol de levas (CMP),1,TRAIN,Vehiculo 49: Sensor CKP de efecto Hall con alimentacion de 5V inestable se apaga y deja al vehiculo botado en subida
G-ORIG-4067,1,Falla en sensor de posicion de cigueñal (CKP) o arbol de levas (CMP),1,TRAIN,Vehiculo 50: Resistencia de la bobina captadora del sensor de cigueñal se va a infinito al calentarse el bloque motor
G-ORIG-4068,1,Falla en sistema de control de emisiones evaporativas EVAP (canister o valvula de purga),1,TRAIN,"Vehiculo 1: Inmediatamente despues de tanquear combustible en el grifo el motor tose, se ahoga y le cuesta mucho volver a prender"
G-ORIG-4069,1,Falla en sistema de control de emisiones evaporativas EVAP (canister o valvula de purga),1,TRAIN,Vehiculo 2: Fuerte olor a gasolina pura dentro del habitaculo y cerca del tanque despues de llenar el deposito completo de combustible
G-ORIG-4070,1,Falla en sistema de control de emisiones evaporativas EVAP (canister o valvula de purga),1,TRAIN,Vehiculo 3: Valvula solenoide de purga del canister con fuga interna al aplicarle vacio manual deja pasar vapores de nafta sin control hacia la admision
G-ORIG-4071,1,Falla en sistema de control de emisiones evaporativas EVAP (canister o valvula de purga),1,DEV,Vehiculo 4: Codigo de falla P0455 en scanner automotriz relacionado con el sistema de emisiones evaporativas EVAP
G-ORIG-4072,1,Falla en sistema de control de emisiones evaporativas EVAP (canister o valvula de purga),1,TRAIN,Vehiculo 5: Al destapar la tapa de gasolina en la estacion se escucha un gran vacio que deforma el tanque metalico por acumulacion indebida de vacio en el tanque
G-ORIG-4073,1,Falla en sistema de control de emisiones evaporativas EVAP (canister o valvula de purga),1,TRAIN,Vehiculo 6: El ralenti sube y baja erratico y la mezcla se va a extremadamente rica apenas cargo combustible en la estacion
G-ORIG-4074,1,Falla en sistema de control de emisiones evaporativas EVAP (canister o valvula de purga),1,TRAIN,Vehiculo 7: Canister de carbon activado saturado de nafta liquida por sobrellenado continuo de la pistola del surtidor
G-ORIG-4075,1,Falla en sistema de control de emisiones evaporativas EVAP (canister o valvula de purga),1,TRAIN,Vehiculo 8: Prueba con maquina generadora de humo detecta fuga de vapor en la valvula vent solenoide trasera
G-ORIG-4076,1,Falla en sistema de control de emisiones evaporativas EVAP (canister o valvula de purga),1,TRAIN,Vehiculo 9: La valvula de purga del multiple succiona constantemente en ralenti impidiendo la regulacion estequiometrica
G-ORIG-4077,1,Falla en sistema de control de emisiones evaporativas EVAP (canister o valvula de purga),1,TRAIN,Vehiculo 10: Testigo de falla de motor encendido con DTC P0456 microfuga detectada en circuito de recuperacion de vapores
G-ORIG-4078,1,Falla en sistema de control de emisiones evaporativas EVAP (canister o valvula de purga),1,TRAIN,"Vehiculo 11: Inmediatamente despues de tanquear combustible en el grifo el motor tose, se ahoga y le cuesta mucho volver a prender"
G-ORIG-4079,1,Falla en sistema de control de emisiones evaporativas EVAP (canister o valvula de purga),1,TRAIN,Vehiculo 12: Fuerte olor a gasolina pura dentro del habitaculo y cerca del tanque despues de llenar gasolina hasta el tope de la boca
G-ORIG-4080,1,Falla en sistema de control de emisiones evaporativas EVAP (canister o valvula de purga),1,TRAIN,Vehiculo 13: Valvula solenoide de purga del canister trabada abierta de forma permanente deja pasar vapores de nafta sin control hacia la admision
G-ORIG-4081,1,Falla en sistema de control de emisiones evaporativas EVAP (canister o valvula de purga),1,TRAIN,Vehiculo 14: Codigo de falla P0455 en scanner automotriz relacionado con el sistema de emisiones evaporativas EVAP
G-ORIG-4082,1,Falla en sistema de control de emisiones evaporativas EVAP (canister o valvula de purga),1,TRAIN,Vehiculo 15: Al destapar la tapa de gasolina en la estacion se escucha un gran chasquido de aire que entra con fuerza por acumulacion indebida de vacio en el tanque
G-ORIG-4083,1,Falla en sistema de control de emisiones evaporativas EVAP (canister o valvula de purga),1,DEV,Vehiculo 16: El ralenti sube y baja erratico y la mezcla se va a extremadamente rica apenas cargo combustible en la estacion
G-ORIG-4084,1,Falla en sistema de control de emisiones evaporativas EVAP (canister o valvula de purga),1,TRAIN,Vehiculo 17: Canister de carbon activado saturado de nafta liquida por sobrellenado continuo de la pistola del surtidor
G-ORIG-4085,1,Falla en sistema de control de emisiones evaporativas EVAP (canister o valvula de purga),1,TRAIN,Vehiculo 18: Prueba con maquina generadora de humo detecta fuga de vapor en el empaque del tapon de llenado de nafta
G-ORIG-4086,1,Falla en sistema de control de emisiones evaporativas EVAP (canister o valvula de purga),1,DEV,Vehiculo 19: La valvula de purga del multiple succiona constantemente en ralenti impidiendo la regulacion estequiometrica
G-ORIG-4087,1,Falla en sistema de control de emisiones evaporativas EVAP (canister o valvula de purga),1,DEV,Vehiculo 20: Testigo de falla de motor encendido con DTC P0456 microfuga detectada en circuito de recuperacion de vapores
G-ORIG-4088,1,Falla en sistema de control de emisiones evaporativas EVAP (canister o valvula de purga),1,DEV,"Vehiculo 21: Inmediatamente despues de tanquear combustible en el grifo el motor tose, se ahoga y le cuesta mucho volver a prender"
G-ORIG-4089,1,Falla en sistema de control de emisiones evaporativas EVAP (canister o valvula de purga),1,TRAIN,Vehiculo 22: Fuerte olor a gasolina pura dentro del habitaculo y cerca del tanque despues de llenar el tanque a full
G-ORIG-4090,1,Falla en sistema de control de emisiones evaporativas EVAP (canister o valvula de purga),1,TRAIN,Vehiculo 23: Valvula solenoide de purga del canister con asiento de goma danado que no cierra deja pasar vapores de nafta sin control hacia la admision
G-ORIG-4091,1,Falla en sistema de control de emisiones evaporativas EVAP (canister o valvula de purga),1,TRAIN,Vehiculo 24: Codigo de falla P0455 en scanner automotriz relacionado con el sistema de emisiones evaporativas EVAP
G-ORIG-4092,1,Falla en sistema de control de emisiones evaporativas EVAP (canister o valvula de purga),1,DEV,Vehiculo 25: Al destapar la tapa de gasolina en la estacion se escucha un gran silbido de succion de aire por acumulacion indebida de vacio en el tanque
G-ORIG-4093,1,Falla en sistema de control de emisiones evaporativas EVAP (canister o valvula de purga),1,TRAIN,Vehiculo 26: El ralenti sube y baja erratico y la mezcla se va a extremadamente rica apenas cargo combustible en la estacion
G-ORIG-4094,1,Falla en sistema de control de emisiones evaporativas EVAP (canister o valvula de purga),1,TRAIN,Vehiculo 27: Canister de carbon activado saturado de nafta liquida por sobrellenado continuo de la pistola del surtidor
G-ORIG-4095,1,Falla en sistema de control de emisiones evaporativas EVAP (canister o valvula de purga),1,DEV,Vehiculo 28: Prueba con maquina generadora de humo detecta fuga de vapor en la manguera de venteo del canister
G-ORIG-4096,1,Falla en sistema de control de emisiones evaporativas EVAP (canister o valvula de purga),1,DEV,Vehiculo 29: La valvula de purga del multiple succiona constantemente en ralenti impidiendo la regulacion estequiometrica
G-ORIG-4097,1,Falla en sistema de control de emisiones evaporativas EVAP (canister o valvula de purga),1,TRAIN,Vehiculo 30: Testigo de falla de motor encendido con DTC P0456 microfuga detectada en circuito de recuperacion de vapores
G-ORIG-4098,1,Falla en sistema de control de emisiones evaporativas EVAP (canister o valvula de purga),1,TRAIN,"Vehiculo 31: Inmediatamente despues de tanquear combustible en el grifo el motor tose, se ahoga y le cuesta mucho volver a prender"
G-ORIG-4099,1,Falla en sistema de control de emisiones evaporativas EVAP (canister o valvula de purga),1,TRAIN,Vehiculo 32: Fuerte olor a gasolina pura dentro del habitaculo y cerca del tanque despues de llenar el deposito completo de combustible
G-ORIG-4100,1,Falla en sistema de control de emisiones evaporativas EVAP (canister o valvula de purga),1,TRAIN,Vehiculo 33: Valvula solenoide de purga del canister con fuga interna al aplicarle vacio manual deja pasar vapores de nafta sin control hacia la admision
G-ORIG-4101,1,Falla en sistema de control de emisiones evaporativas EVAP (canister o valvula de purga),1,DEV,Vehiculo 34: Codigo de falla P0455 en scanner automotriz relacionado con el sistema de emisiones evaporativas EVAP
G-ORIG-4102,1,Falla en sistema de control de emisiones evaporativas EVAP (canister o valvula de purga),1,TRAIN,Vehiculo 35: Al destapar la tapa de gasolina en la estacion se escucha un gran vacio que deforma el tanque metalico por acumulacion indebida de vacio en el tanque
G-ORIG-4103,1,Falla en sistema de control de emisiones evaporativas EVAP (canister o valvula de purga),1,TRAIN,Vehiculo 36: El ralenti sube y baja erratico y la mezcla se va a extremadamente rica apenas cargo combustible en la estacion
G-ORIG-4104,1,Falla en sistema de control de emisiones evaporativas EVAP (canister o valvula de purga),1,TRAIN,Vehiculo 37: Canister de carbon activado saturado de nafta liquida por sobrellenado continuo de la pistola del surtidor
G-ORIG-4105,1,Falla en sistema de control de emisiones evaporativas EVAP (canister o valvula de purga),1,TRAIN,Vehiculo 38: Prueba con maquina generadora de humo detecta fuga de vapor en la valvula vent solenoide trasera
G-ORIG-4106,1,Falla en sistema de control de emisiones evaporativas EVAP (canister o valvula de purga),1,TRAIN,Vehiculo 39: La valvula de purga del multiple succiona constantemente en ralenti impidiendo la regulacion estequiometrica
G-ORIG-4107,1,Falla en sistema de control de emisiones evaporativas EVAP (canister o valvula de purga),1,TRAIN,Vehiculo 40: Testigo de falla de motor encendido con DTC P0456 microfuga detectada en circuito de recuperacion de vapores
G-ORIG-4108,1,Falla en sistema de control de emisiones evaporativas EVAP (canister o valvula de purga),1,TRAIN,"Vehiculo 41: Inmediatamente despues de tanquear combustible en el grifo el motor tose, se ahoga y le cuesta mucho volver a prender"
G-ORIG-4109,1,Falla en sistema de control de emisiones evaporativas EVAP (canister o valvula de purga),1,TRAIN,Vehiculo 42: Fuerte olor a gasolina pura dentro del habitaculo y cerca del tanque despues de llenar gasolina hasta el tope de la boca
G-ORIG-4110,1,Falla en sistema de control de emisiones evaporativas EVAP (canister o valvula de purga),1,TRAIN,Vehiculo 43: Valvula solenoide de purga del canister trabada abierta de forma permanente deja pasar vapores de nafta sin control hacia la admision
G-ORIG-4111,1,Falla en sistema de control de emisiones evaporativas EVAP (canister o valvula de purga),1,TRAIN,Vehiculo 44: Codigo de falla P0455 en scanner automotriz relacionado con el sistema de emisiones evaporativas EVAP
G-ORIG-4112,1,Falla en sistema de control de emisiones evaporativas EVAP (canister o valvula de purga),1,TRAIN,Vehiculo 45: Al destapar la tapa de gasolina en la estacion se escucha un gran chasquido de aire que entra con fuerza por acumulacion indebida de vacio en el tanque
G-ORIG-4113,1,Falla en sistema de control de emisiones evaporativas EVAP (canister o valvula de purga),1,TRAIN,Vehiculo 46: El ralenti sube y baja erratico y la mezcla se va a extremadamente rica apenas cargo combustible en la estacion
G-ORIG-4114,1,Falla en sistema de control de emisiones evaporativas EVAP (canister o valvula de purga),1,DEV,Vehiculo 47: Canister de carbon activado saturado de nafta liquida por sobrellenado continuo de la pistola del surtidor
G-ORIG-4115,1,Falla en sistema de control de emisiones evaporativas EVAP (canister o valvula de purga),1,TRAIN,Vehiculo 48: Prueba con maquina generadora de humo detecta fuga de vapor en el empaque del tapon de llenado de nafta
G-ORIG-4116,1,Falla en sistema de control de emisiones evaporativas EVAP (canister o valvula de purga),1,TRAIN,Vehiculo 49: La valvula de purga del multiple succiona constantemente en ralenti impidiendo la regulacion estequiometrica
G-ORIG-4117,1,Falla en sistema de control de emisiones evaporativas EVAP (canister o valvula de purga),1,TRAIN,Vehiculo 50: Testigo de falla de motor encendido con DTC P0456 microfuga detectada en circuito de recuperacion de vapores
G-ORIG-4118,1,Convertidor catalitico ineficiente u obstruido (DTC P0420 / P0430),1,TRAIN,"Vehiculo 1: Luz de check engine fija con codigo P0420 banco 1, monitor de eficiencia de conversion catalitica reprobado"
G-ORIG-4119,1,Convertidor catalitico ineficiente u obstruido (DTC P0420 / P0430),1,DEV,Vehiculo 2: En la grafica del escaner el sensor de oxigeno downstream 2 copia la forma de onda del sensor 1 sin amortiguar la senal
G-ORIG-4120,1,Convertidor catalitico ineficiente u obstruido (DTC P0420 / P0430),1,TRAIN,"Vehiculo 3: Perdida progresiva de potencia en pendientes y carreteras, motor no desarrolla mas de 4000 rpm por contrapresion de escape tapada"
G-ORIG-4121,1,Convertidor catalitico ineficiente u obstruido (DTC P0420 / P0430),1,TRAIN,Vehiculo 4: Manometro en rosca del sensor de oxigeno delantero indica 6.5 psi de presion en el multiple de escape en ralenti
G-ORIG-4122,1,Convertidor catalitico ineficiente u obstruido (DTC P0420 / P0430),1,TRAIN,Vehiculo 5: Sustrato ceramico del catalizador quebrado genera ruido de cascabel metalico dentro del canister de escape bajo el piso
G-ORIG-4123,1,Convertidor catalitico ineficiente u obstruido (DTC P0420 / P0430),1,DEV,Vehiculo 6: Olor desagradable a azufre y gases picantes saliendo por el tubo de escape con rendimiento de combustible reducido
G-ORIG-4124,1,Convertidor catalitico ineficiente u obstruido (DTC P0420 / P0430),1,TRAIN,Vehiculo 7: Prueba de pirómetro infrarrojo muestra que la entrada del catalizador esta a 320 C y la salida a 290 C sin generar calor exotermico
G-ORIG-4125,1,Convertidor catalitico ineficiente u obstruido (DTC P0420 / P0430),1,TRAIN,Vehiculo 8: Catalizador obstruido calienta excesivamente el piso del habitaculo y multiple de escape se torna incandescente
G-ORIG-4126,1,Convertidor catalitico ineficiente u obstruido (DTC P0420 / P0430),1,TRAIN,Vehiculo 9: Vehiculo rechazado en inspeccion tecnica vehicular por hidrocarburos y monoxido de carbono altos con codigo P0420
G-ORIG-4127,1,Convertidor catalitico ineficiente u obstruido (DTC P0420 / P0430),1,DEV,Vehiculo 10: Falla de desahogo del motor en alta velocidad provocada por panal de ceramica fundido en el primer convertidor
G-ORIG-4128,1,Convertidor catalitico ineficiente u obstruido (DTC P0420 / P0430),1,DEV,"Vehiculo 11: Luz de check engine fija con codigo P0420 Catalyst Efficiency Below Threshold, monitor de eficiencia de conversion catalitica reprobado"
G-ORIG-4129,1,Convertidor catalitico ineficiente u obstruido (DTC P0420 / P0430),1,TRAIN,Vehiculo 12: En la grafica del escaner el sensor de oxigeno downstream 2 copia la forma de onda del sensor 1 sin amortiguar la senal
G-ORIG-4130,1,Convertidor catalitico ineficiente u obstruido (DTC P0420 / P0430),1,TRAIN,"Vehiculo 13: Perdida progresiva de potencia en pendientes y carreteras, motor no desarrolla mas de 3000 rpm por contrapresion de escape tapada"
G-ORIG-4131,1,Convertidor catalitico ineficiente u obstruido (DTC P0420 / P0430),1,TRAIN,Vehiculo 14: Manometro en rosca del sensor de oxigeno delantero indica 4.0 psi de presion en el multiple de escape en ralenti
G-ORIG-4132,1,Convertidor catalitico ineficiente u obstruido (DTC P0420 / P0430),1,TRAIN,Vehiculo 15: Sustrato ceramico del catalizador quebrado genera ruido de cascabel metalico dentro del canister de escape bajo el piso
G-ORIG-4133,1,Convertidor catalitico ineficiente u obstruido (DTC P0420 / P0430),1,TRAIN,Vehiculo 16: Olor desagradable a azufre y gases picantes saliendo por el tubo de escape con rendimiento de combustible reducido
G-ORIG-4134,1,Convertidor catalitico ineficiente u obstruido (DTC P0420 / P0430),1,TRAIN,Vehiculo 17: Prueba de pirómetro infrarrojo muestra que la entrada del catalizador esta a 350 C y la salida a 310 C sin generar calor exotermico
G-ORIG-4135,1,Convertidor catalitico ineficiente u obstruido (DTC P0420 / P0430),1,TRAIN,Vehiculo 18: Catalizador obstruido calienta excesivamente el piso del habitaculo y multiple de escape se torna incandescente
G-ORIG-4136,1,Convertidor catalitico ineficiente u obstruido (DTC P0420 / P0430),1,TRAIN,Vehiculo 19: Vehiculo rechazado en inspeccion tecnica vehicular por hidrocarburos y monoxido de carbono altos con codigo P0420
G-ORIG-4137,1,Convertidor catalitico ineficiente u obstruido (DTC P0420 / P0430),1,TRAIN,Vehiculo 20: Falla de desahogo del motor en alta velocidad provocada por panal de ceramica fundido en el primer convertidor
G-ORIG-4138,1,Convertidor catalitico ineficiente u obstruido (DTC P0420 / P0430),1,TRAIN,"Vehiculo 21: Luz de check engine fija con codigo P0420 banco 1, monitor de eficiencia de conversion catalitica reprobado"
G-ORIG-4139,1,Convertidor catalitico ineficiente u obstruido (DTC P0420 / P0430),1,DEV,Vehiculo 22: En la grafica del escaner el sensor de oxigeno downstream 2 copia la forma de onda del sensor 1 sin amortiguar la senal
G-ORIG-4140,1,Convertidor catalitico ineficiente u obstruido (DTC P0420 / P0430),1,DEV,"Vehiculo 23: Perdida progresiva de potencia en pendientes y carreteras, motor no desarrolla mas de 4000 rpm por contrapresion de escape tapada"
G-ORIG-4141,1,Convertidor catalitico ineficiente u obstruido (DTC P0420 / P0430),1,TRAIN,Vehiculo 24: Manometro en rosca del sensor de oxigeno delantero indica 6.5 psi de presion en el multiple de escape en ralenti
G-ORIG-4142,1,Convertidor catalitico ineficiente u obstruido (DTC P0420 / P0430),1,TRAIN,Vehiculo 25: Sustrato ceramico del catalizador quebrado genera ruido de cascabel metalico dentro del canister de escape bajo el piso
G-ORIG-4143,1,Convertidor catalitico ineficiente u obstruido (DTC P0420 / P0430),1,TRAIN,Vehiculo 26: Olor desagradable a azufre y gases picantes saliendo por el tubo de escape con rendimiento de combustible reducido
G-ORIG-4144,1,Convertidor catalitico ineficiente u obstruido (DTC P0420 / P0430),1,TRAIN,Vehiculo 27: Prueba de pirómetro infrarrojo muestra que la entrada del catalizador esta a 380 C y la salida a 330 C sin generar calor exotermico
G-ORIG-4145,1,Convertidor catalitico ineficiente u obstruido (DTC P0420 / P0430),1,TRAIN,Vehiculo 28: Catalizador obstruido calienta excesivamente el piso del habitaculo y multiple de escape se torna incandescente
G-ORIG-4146,1,Convertidor catalitico ineficiente u obstruido (DTC P0420 / P0430),1,TRAIN,Vehiculo 29: Vehiculo rechazado en inspeccion tecnica vehicular por hidrocarburos y monoxido de carbono altos con codigo P0420
G-ORIG-4147,1,Convertidor catalitico ineficiente u obstruido (DTC P0420 / P0430),1,DEV,Vehiculo 30: Falla de desahogo del motor en alta velocidad provocada por panal de ceramica fundido en el primer convertidor
G-ORIG-4148,1,Convertidor catalitico ineficiente u obstruido (DTC P0420 / P0430),1,TRAIN,"Vehiculo 31: Luz de check engine fija con codigo P0420 Catalyst Efficiency Below Threshold, monitor de eficiencia de conversion catalitica reprobado"
G-ORIG-4149,1,Convertidor catalitico ineficiente u obstruido (DTC P0420 / P0430),1,TRAIN,Vehiculo 32: En la grafica del escaner el sensor de oxigeno downstream 2 copia la forma de onda del sensor 1 sin amortiguar la senal
G-ORIG-4150,1,Convertidor catalitico ineficiente u obstruido (DTC P0420 / P0430),1,TRAIN,"Vehiculo 33: Perdida progresiva de potencia en pendientes y carreteras, motor no desarrolla mas de 3000 rpm por contrapresion de escape tapada"
G-ORIG-4151,1,Convertidor catalitico ineficiente u obstruido (DTC P0420 / P0430),1,TRAIN,Vehiculo 34: Manometro en rosca del sensor de oxigeno delantero indica 4.0 psi de presion en el multiple de escape en ralenti
G-ORIG-4152,1,Convertidor catalitico ineficiente u obstruido (DTC P0420 / P0430),1,TRAIN,Vehiculo 35: Sustrato ceramico del catalizador quebrado genera ruido de cascabel metalico dentro del canister de escape bajo el piso
G-ORIG-4153,1,Convertidor catalitico ineficiente u obstruido (DTC P0420 / P0430),1,DEV,Vehiculo 36: Olor desagradable a azufre y gases picantes saliendo por el tubo de escape con rendimiento de combustible reducido
G-ORIG-4154,1,Convertidor catalitico ineficiente u obstruido (DTC P0420 / P0430),1,TRAIN,Vehiculo 37: Prueba de pirómetro infrarrojo muestra que la entrada del catalizador esta a 320 C y la salida a 290 C sin generar calor exotermico
G-ORIG-4155,1,Convertidor catalitico ineficiente u obstruido (DTC P0420 / P0430),1,TRAIN,Vehiculo 38: Catalizador obstruido calienta excesivamente el piso del habitaculo y multiple de escape se torna incandescente
G-ORIG-4156,1,Convertidor catalitico ineficiente u obstruido (DTC P0420 / P0430),1,TRAIN,Vehiculo 39: Vehiculo rechazado en inspeccion tecnica vehicular por hidrocarburos y monoxido de carbono altos con codigo P0420
G-ORIG-4157,1,Convertidor catalitico ineficiente u obstruido (DTC P0420 / P0430),1,TRAIN,Vehiculo 40: Falla de desahogo del motor en alta velocidad provocada por panal de ceramica fundido en el primer convertidor
G-ORIG-4158,1,Convertidor catalitico ineficiente u obstruido (DTC P0420 / P0430),1,TRAIN,"Vehiculo 41: Luz de check engine fija con codigo P0420 banco 1, monitor de eficiencia de conversion catalitica reprobado"
G-ORIG-4159,1,Convertidor catalitico ineficiente u obstruido (DTC P0420 / P0430),1,TRAIN,Vehiculo 42: En la grafica del escaner el sensor de oxigeno downstream 2 copia la forma de onda del sensor 1 sin amortiguar la senal
G-ORIG-4160,1,Convertidor catalitico ineficiente u obstruido (DTC P0420 / P0430),1,DEV,"Vehiculo 43: Perdida progresiva de potencia en pendientes y carreteras, motor no desarrolla mas de 4000 rpm por contrapresion de escape tapada"
G-ORIG-4161,1,Convertidor catalitico ineficiente u obstruido (DTC P0420 / P0430),1,TRAIN,Vehiculo 44: Manometro en rosca del sensor de oxigeno delantero indica 6.5 psi de presion en el multiple de escape en ralenti
G-ORIG-4162,1,Convertidor catalitico ineficiente u obstruido (DTC P0420 / P0430),1,TRAIN,Vehiculo 45: Sustrato ceramico del catalizador quebrado genera ruido de cascabel metalico dentro del canister de escape bajo el piso
G-ORIG-4163,1,Convertidor catalitico ineficiente u obstruido (DTC P0420 / P0430),1,TRAIN,Vehiculo 46: Olor desagradable a azufre y gases picantes saliendo por el tubo de escape con rendimiento de combustible reducido
G-ORIG-4164,1,Convertidor catalitico ineficiente u obstruido (DTC P0420 / P0430),1,DEV,Vehiculo 47: Prueba de pirómetro infrarrojo muestra que la entrada del catalizador esta a 350 C y la salida a 310 C sin generar calor exotermico
G-ORIG-4165,1,Convertidor catalitico ineficiente u obstruido (DTC P0420 / P0430),1,TRAIN,Vehiculo 48: Catalizador obstruido calienta excesivamente el piso del habitaculo y multiple de escape se torna incandescente
G-ORIG-4166,1,Convertidor catalitico ineficiente u obstruido (DTC P0420 / P0430),1,TRAIN,Vehiculo 49: Vehiculo rechazado en inspeccion tecnica vehicular por hidrocarburos y monoxido de carbono altos con codigo P0420
G-ORIG-4167,1,Convertidor catalitico ineficiente u obstruido (DTC P0420 / P0430),1,TRAIN,Vehiculo 50: Falla de desahogo del motor en alta velocidad provocada por panal de ceramica fundido en el primer convertidor
G-ORIG-4168,1,Falla en regulador de presion de combustible o diafragma roto,1,TRAIN,Vehiculo 1: Diafragma del regulador de presion de gasolina roto fuga nafta pura hacia la manguera de vacio que conecta al multiple
G-ORIG-4169,1,Falla en regulador de presion de combustible o diafragma roto,1,TRAIN,Vehiculo 2: Presion de riel medida con manometro se eleva a 65 psi excediendo el limite especificado de 40 psi
G-ORIG-4170,1,Falla en regulador de presion de combustible o diafragma roto,1,DEV,Vehiculo 3: Al desconectar la toma de vacio del regulador de presion de nafta sale combustible liquido en abundancia
G-ORIG-4171,1,Falla en regulador de presion de combustible o diafragma roto,1,DEV,Vehiculo 4: Dificultad de encendido en caliente por ahogo excesivo y bujias empapadas de combustible no quemado
G-ORIG-4172,1,Falla en regulador de presion de combustible o diafragma roto,1,TRAIN,Vehiculo 5: Humo negro denso por el tubo de escape con fuerte olor a gasolina cruda y fuel trims en menos 25 por ciento
G-ORIG-4173,1,Falla en regulador de presion de combustible o diafragma roto,1,TRAIN,Vehiculo 6: Regulador mecanico de presion no retiene presion residual al apagar el motor y cae a cero en 5 segundos
G-ORIG-4174,1,Falla en regulador de presion de combustible o diafragma roto,1,TRAIN,Vehiculo 7: Resorte interno del regulador vencido no permite aumentar el caudal y la presion cae fuertemente al acelerar
G-ORIG-4175,1,Falla en regulador de presion de combustible o diafragma roto,1,TRAIN,Vehiculo 8: Mezcla sumamente rica en ralenti provocada por nafta que se filtra directamente por la linea de vacio del regulador
G-ORIG-4176,1,Falla en regulador de presion de combustible o diafragma roto,1,TRAIN,Vehiculo 9: Bujias carbonizadas en los 4 cilindros por exceso de presion en la rampa de inyeccion de combustible
G-ORIG-4177,1,Falla en regulador de presion de combustible o diafragma roto,1,TRAIN,Vehiculo 10: Tirones por sobrepresion de gasolina en el riel de inyectores con codigos de mezcla rica permanente
G-ORIG-4178,1,Falla en regulador de presion de combustible o diafragma roto,1,DEV,Vehiculo 11: Diafragma del regulador de presion de gasolina roto pasa gasolina liquida hacia la manguera de vacio que conecta al multiple
G-ORIG-4179,1,Falla en regulador de presion de combustible o diafragma roto,1,TRAIN,Vehiculo 12: Presion de riel medida con manometro se eleva a 75 psi excediendo el limite especificado de 40 psi
G-ORIG-4180,1,Falla en regulador de presion de combustible o diafragma roto,1,TRAIN,Vehiculo 13: Al desconectar la toma de vacio del regulador de presion de nafta sale combustible liquido en abundancia
G-ORIG-4181,1,Falla en regulador de presion de combustible o diafragma roto,1,DEV,Vehiculo 14: Dificultad de encendido en caliente por ahogo excesivo y bujias empapadas de combustible no quemado
G-ORIG-4182,1,Falla en regulador de presion de combustible o diafragma roto,1,DEV,Vehiculo 15: Humo negro denso por el tubo de escape con fuerte olor a gasolina cruda y fuel trims en menos 25 por ciento
G-ORIG-4183,1,Falla en regulador de presion de combustible o diafragma roto,1,TRAIN,Vehiculo 16: Regulador mecanico de presion no retiene presion residual al apagar el motor y cae a cero en 10 segundos
G-ORIG-4184,1,Falla en regulador de presion de combustible o diafragma roto,1,TRAIN,Vehiculo 17: Resorte interno del regulador vencido no permite aumentar el caudal y la presion cae fuertemente al acelerar
G-ORIG-4185,1,Falla en regulador de presion de combustible o diafragma roto,1,TRAIN,Vehiculo 18: Mezcla sumamente rica en ralenti provocada por nafta que se filtra directamente por la linea de vacio del regulador
G-ORIG-4186,1,Falla en regulador de presion de combustible o diafragma roto,1,TRAIN,Vehiculo 19: Bujias carbonizadas en los 4 cilindros por exceso de presion en la rampa de inyeccion de combustible
G-ORIG-4187,1,Falla en regulador de presion de combustible o diafragma roto,1,DEV,Vehiculo 20: Tirones por sobrepresion de gasolina en el riel de inyectores con codigos de mezcla rica permanente
G-ORIG-4188,1,Falla en regulador de presion de combustible o diafragma roto,1,TRAIN,Vehiculo 21: Diafragma del regulador de presion de gasolina roto chorrea combustible crudo hacia la manguera de vacio que conecta al multiple
G-ORIG-4189,1,Falla en regulador de presion de combustible o diafragma roto,1,TRAIN,Vehiculo 22: Presion de riel medida con manometro se eleva a 65 psi excediendo el limite especificado de 40 psi
G-ORIG-4190,1,Falla en regulador de presion de combustible o diafragma roto,1,TRAIN,Vehiculo 23: Al desconectar la toma de vacio del regulador de presion de nafta sale combustible liquido en abundancia
G-ORIG-4191,1,Falla en regulador de presion de combustible o diafragma roto,1,TRAIN,Vehiculo 24: Dificultad de encendido en caliente por ahogo excesivo y bujias empapadas de combustible no quemado
G-ORIG-4192,1,Falla en regulador de presion de combustible o diafragma roto,1,TRAIN,Vehiculo 25: Humo negro denso por el tubo de escape con fuerte olor a gasolina cruda y fuel trims en menos 25 por ciento
G-ORIG-4193,1,Falla en regulador de presion de combustible o diafragma roto,1,TRAIN,Vehiculo 26: Regulador mecanico de presion no retiene presion residual al apagar el motor y cae a cero en 5 segundos
G-ORIG-4194,1,Falla en regulador de presion de combustible o diafragma roto,1,TRAIN,Vehiculo 27: Resorte interno del regulador vencido no permite aumentar el caudal y la presion cae fuertemente al acelerar
G-ORIG-4195,1,Falla en regulador de presion de combustible o diafragma roto,1,TRAIN,Vehiculo 28: Mezcla sumamente rica en ralenti provocada por nafta que se filtra directamente por la linea de vacio del regulador
G-ORIG-4196,1,Falla en regulador de presion de combustible o diafragma roto,1,TRAIN,Vehiculo 29: Bujias carbonizadas en los 4 cilindros por exceso de presion en la rampa de inyeccion de combustible
G-ORIG-4197,1,Falla en regulador de presion de combustible o diafragma roto,1,TRAIN,Vehiculo 30: Tirones por sobrepresion de gasolina en el riel de inyectores con codigos de mezcla rica permanente
G-ORIG-4198,1,Falla en regulador de presion de combustible o diafragma roto,1,TRAIN,Vehiculo 31: Diafragma del regulador de presion de gasolina roto fuga nafta pura hacia la manguera de vacio que conecta al multiple
G-ORIG-4199,1,Falla en regulador de presion de combustible o diafragma roto,1,TRAIN,Vehiculo 32: Presion de riel medida con manometro se eleva a 75 psi excediendo el limite especificado de 40 psi
G-ORIG-4200,1,Falla en regulador de presion de combustible o diafragma roto,1,TRAIN,Vehiculo 33: Al desconectar la toma de vacio del regulador de presion de nafta sale combustible liquido en abundancia
G-ORIG-4201,1,Falla en regulador de presion de combustible o diafragma roto,1,DEV,Vehiculo 34: Dificultad de encendido en caliente por ahogo excesivo y bujias empapadas de combustible no quemado
G-ORIG-4202,1,Falla en regulador de presion de combustible o diafragma roto,1,TRAIN,Vehiculo 35: Humo negro denso por el tubo de escape con fuerte olor a gasolina cruda y fuel trims en menos 25 por ciento
G-ORIG-4203,1,Falla en regulador de presion de combustible o diafragma roto,1,TRAIN,Vehiculo 36: Regulador mecanico de presion no retiene presion residual al apagar el motor y cae a cero en 10 segundos
G-ORIG-4204,1,Falla en regulador de presion de combustible o diafragma roto,1,DEV,Vehiculo 37: Resorte interno del regulador vencido no permite aumentar el caudal y la presion cae fuertemente al acelerar
G-ORIG-4205,1,Falla en regulador de presion de combustible o diafragma roto,1,DEV,Vehiculo 38: Mezcla sumamente rica en ralenti provocada por nafta que se filtra directamente por la linea de vacio del regulador
G-ORIG-4206,1,Falla en regulador de presion de combustible o diafragma roto,1,TRAIN,Vehiculo 39: Bujias carbonizadas en los 4 cilindros por exceso de presion en la rampa de inyeccion de combustible
G-ORIG-4207,1,Falla en regulador de presion de combustible o diafragma roto,1,TRAIN,Vehiculo 40: Tirones por sobrepresion de gasolina en el riel de inyectores con codigos de mezcla rica permanente
G-ORIG-4208,1,Falla en regulador de presion de combustible o diafragma roto,1,TRAIN,Vehiculo 41: Diafragma del regulador de presion de gasolina roto pasa gasolina liquida hacia la manguera de vacio que conecta al multiple
G-ORIG-4209,1,Falla en regulador de presion de combustible o diafragma roto,1,TRAIN,Vehiculo 42: Presion de riel medida con manometro se eleva a 65 psi excediendo el limite especificado de 40 psi
G-ORIG-4210,1,Falla en regulador de presion de combustible o diafragma roto,1,TRAIN,Vehiculo 43: Al desconectar la toma de vacio del regulador de presion de nafta sale combustible liquido en abundancia
G-ORIG-4211,1,Falla en regulador de presion de combustible o diafragma roto,1,TRAIN,Vehiculo 44: Dificultad de encendido en caliente por ahogo excesivo y bujias empapadas de combustible no quemado
G-ORIG-4212,1,Falla en regulador de presion de combustible o diafragma roto,1,TRAIN,Vehiculo 45: Humo negro denso por el tubo de escape con fuerte olor a gasolina cruda y fuel trims en menos 25 por ciento
G-ORIG-4213,1,Falla en regulador de presion de combustible o diafragma roto,1,TRAIN,Vehiculo 46: Regulador mecanico de presion no retiene presion residual al apagar el motor y cae a cero en 5 segundos
G-ORIG-4214,1,Falla en regulador de presion de combustible o diafragma roto,1,TRAIN,Vehiculo 47: Resorte interno del regulador vencido no permite aumentar el caudal y la presion cae fuertemente al acelerar
G-ORIG-4215,1,Falla en regulador de presion de combustible o diafragma roto,1,TRAIN,Vehiculo 48: Mezcla sumamente rica en ralenti provocada por nafta que se filtra directamente por la linea de vacio del regulador
G-ORIG-4216,1,Falla en regulador de presion de combustible o diafragma roto,1,TRAIN,Vehiculo 49: Bujias carbonizadas en los 4 cilindros por exceso de presion en la rampa de inyeccion de combustible
G-ORIG-4217,1,Falla en regulador de presion de combustible o diafragma roto,1,TRAIN,Vehiculo 50: Tirones por sobrepresion de gasolina en el riel de inyectores con codigos de mezcla rica permanente
G-ORIG-4218,1,Falla en circuito o solenoide de inyector individual (DTC P0201 - P0208),1,DEV,"Vehiculo 1: Codigo de falla P0201 en scanner, cilindro 1 completamente inactivo tanto en ralenti como al acelerar"
G-ORIG-4219,1,Falla en circuito o solenoide de inyector individual (DTC P0201 - P0208),1,TRAIN,Vehiculo 2: Medicion con multimetro en el inyector del cilindro 2 marca resistencia de 0.2 ohms (cortocircuito total) confirmando solenoide cortado
G-ORIG-4220,1,Falla en circuito o solenoide de inyector individual (DTC P0201 - P0208),1,TRAIN,Vehiculo 3: Punta logica conectada al conector del inyector 3 no parpadea al dar marcha por falta de senal de conmutacion a masa
G-ORIG-4221,1,Falla en circuito o solenoide de inyector individual (DTC P0201 - P0208),1,TRAIN,Vehiculo 4: Cable de control del inyector 4 cortado en el arnes principal cerca de la tapa de balancines
G-ORIG-4222,1,Falla en circuito o solenoide de inyector individual (DTC P0201 - P0208),1,TRAIN,Vehiculo 5: Conector electrico del inyector numero 1 quebrado con pines sulfatados que hacen falso contacto intermitente
G-ORIG-4223,1,Falla en circuito o solenoide de inyector individual (DTC P0201 - P0208),1,TRAIN,"Vehiculo 6: DTC P0202 injector circuit open, el motor tiembla fuertemente en tres cilindros de forma continua"
G-ORIG-4224,1,Falla en circuito o solenoide de inyector individual (DTC P0201 - P0208),1,DEV,Vehiculo 7: Driver de potencia del inyector 3 dentro de la computadora de motor quemado no entrega pulso de inyeccion
G-ORIG-4225,1,Falla en circuito o solenoide de inyector individual (DTC P0201 - P0208),1,TRAIN,"Vehiculo 8: El cilindro 4 no trabaja a pesar de intercambiar bujia y bobina, la prueba confirma solenoide de inyector abierto"
G-ORIG-4226,1,Falla en circuito o solenoide de inyector individual (DTC P0201 - P0208),1,TRAIN,Vehiculo 9: Falla de encendido estatica en cilindro 1 originada por corte electrico en la linea positiva de 12V del inyector
G-ORIG-4227,1,Falla en circuito o solenoide de inyector individual (DTC P0201 - P0208),1,TRAIN,Vehiculo 10: Inyector 2 no acciona su aguja interna ni emite clic acustico verificado con estetoscopio de mecanico
G-ORIG-4228,1,Falla en circuito o solenoide de inyector individual (DTC P0201 - P0208),1,TRAIN,"Vehiculo 11: Codigo de falla P0203 en scanner, cilindro 3 completamente inactivo tanto en ralenti como al acelerar"
G-ORIG-4229,1,Falla en circuito o solenoide de inyector individual (DTC P0201 - P0208),1,TRAIN,Vehiculo 12: Medicion con multimetro en el inyector del cilindro 4 marca resistencia abierta en circuito confirmando solenoide cortado
G-ORIG-4230,1,Falla en circuito o solenoide de inyector individual (DTC P0201 - P0208),1,DEV,Vehiculo 13: Punta logica conectada al conector del inyector 1 no parpadea al dar marcha por falta de senal de conmutacion a masa
G-ORIG-4231,1,Falla en circuito o solenoide de inyector individual (DTC P0201 - P0208),1,TRAIN,Vehiculo 14: Cable de control del inyector 2 cortado en el arnes principal cerca de la tapa de balancines
G-ORIG-4232,1,Falla en circuito o solenoide de inyector individual (DTC P0201 - P0208),1,DEV,Vehiculo 15: Conector electrico del inyector numero 3 quebrado con pines sulfatados que hacen falso contacto intermitente
G-ORIG-4233,1,Falla en circuito o solenoide de inyector individual (DTC P0201 - P0208),1,TRAIN,"Vehiculo 16: DTC P0204 injector circuit open, el motor tiembla fuertemente en tres cilindros de forma continua"
G-ORIG-4234,1,Falla en circuito o solenoide de inyector individual (DTC P0201 - P0208),1,DEV,Vehiculo 17: Driver de potencia del inyector 1 dentro de la computadora de motor quemado no entrega pulso de inyeccion
G-ORIG-4235,1,Falla en circuito o solenoide de inyector individual (DTC P0201 - P0208),1,TRAIN,"Vehiculo 18: El cilindro 2 no trabaja a pesar de intercambiar bujia y bobina, la prueba confirma solenoide de inyector abierto"
G-ORIG-4236,1,Falla en circuito o solenoide de inyector individual (DTC P0201 - P0208),1,TRAIN,Vehiculo 19: Falla de encendido estatica en cilindro 3 originada por corte electrico en la linea positiva de 12V del inyector
G-ORIG-4237,1,Falla en circuito o solenoide de inyector individual (DTC P0201 - P0208),1,TRAIN,Vehiculo 20: Inyector 4 no acciona su aguja interna ni emite clic acustico verificado con estetoscopio de mecanico
G-ORIG-4238,1,Falla en circuito o solenoide de inyector individual (DTC P0201 - P0208),1,TRAIN,"Vehiculo 21: Codigo de falla P0201 en scanner, cilindro 1 completamente inactivo tanto en ralenti como al acelerar"
G-ORIG-4239,1,Falla en circuito o solenoide de inyector individual (DTC P0201 - P0208),1,TRAIN,Vehiculo 22: Medicion con multimetro en el inyector del cilindro 2 marca resistencia de 0.2 ohms (cortocircuito total) confirmando solenoide cortado
G-ORIG-4240,1,Falla en circuito o solenoide de inyector individual (DTC P0201 - P0208),1,TRAIN,Vehiculo 23: Punta logica conectada al conector del inyector 3 no parpadea al dar marcha por falta de senal de conmutacion a masa
G-ORIG-4241,1,Falla en circuito o solenoide de inyector individual (DTC P0201 - P0208),1,TRAIN,Vehiculo 24: Cable de control del inyector 4 cortado en el arnes principal cerca de la tapa de balancines
G-ORIG-4242,1,Falla en circuito o solenoide de inyector individual (DTC P0201 - P0208),1,TRAIN,Vehiculo 25: Conector electrico del inyector numero 1 quebrado con pines sulfatados que hacen falso contacto intermitente
G-ORIG-4243,1,Falla en circuito o solenoide de inyector individual (DTC P0201 - P0208),1,TRAIN,"Vehiculo 26: DTC P0202 injector circuit open, el motor tiembla fuertemente en tres cilindros de forma continua"
G-ORIG-4244,1,Falla en circuito o solenoide de inyector individual (DTC P0201 - P0208),1,TRAIN,Vehiculo 27: Driver de potencia del inyector 3 dentro de la computadora de motor quemado no entrega pulso de inyeccion
G-ORIG-4245,1,Falla en circuito o solenoide de inyector individual (DTC P0201 - P0208),1,TRAIN,"Vehiculo 28: El cilindro 4 no trabaja a pesar de intercambiar bujia y bobina, la prueba confirma solenoide de inyector abierto"
G-ORIG-4246,1,Falla en circuito o solenoide de inyector individual (DTC P0201 - P0208),1,TRAIN,Vehiculo 29: Falla de encendido estatica en cilindro 1 originada por corte electrico en la linea positiva de 12V del inyector
G-ORIG-4247,1,Falla en circuito o solenoide de inyector individual (DTC P0201 - P0208),1,DEV,Vehiculo 30: Inyector 2 no acciona su aguja interna ni emite clic acustico verificado con estetoscopio de mecanico
G-ORIG-4248,1,Falla en circuito o solenoide de inyector individual (DTC P0201 - P0208),1,DEV,"Vehiculo 31: Codigo de falla P0203 en scanner, cilindro 3 completamente inactivo tanto en ralenti como al acelerar"
G-ORIG-4249,1,Falla en circuito o solenoide de inyector individual (DTC P0201 - P0208),1,TRAIN,Vehiculo 32: Medicion con multimetro en el inyector del cilindro 4 marca resistencia abierta en circuito confirmando solenoide cortado
G-ORIG-4250,1,Falla en circuito o solenoide de inyector individual (DTC P0201 - P0208),1,TRAIN,Vehiculo 33: Punta logica conectada al conector del inyector 1 no parpadea al dar marcha por falta de senal de conmutacion a masa
G-ORIG-4251,1,Falla en circuito o solenoide de inyector individual (DTC P0201 - P0208),1,TRAIN,Vehiculo 34: Cable de control del inyector 2 cortado en el arnes principal cerca de la tapa de balancines
G-ORIG-4252,1,Falla en circuito o solenoide de inyector individual (DTC P0201 - P0208),1,DEV,Vehiculo 35: Conector electrico del inyector numero 3 quebrado con pines sulfatados que hacen falso contacto intermitente
G-ORIG-4253,1,Falla en circuito o solenoide de inyector individual (DTC P0201 - P0208),1,TRAIN,"Vehiculo 36: DTC P0204 injector circuit open, el motor tiembla fuertemente en tres cilindros de forma continua"
G-ORIG-4254,1,Falla en circuito o solenoide de inyector individual (DTC P0201 - P0208),1,TRAIN,Vehiculo 37: Driver de potencia del inyector 1 dentro de la computadora de motor quemado no entrega pulso de inyeccion
G-ORIG-4255,1,Falla en circuito o solenoide de inyector individual (DTC P0201 - P0208),1,TRAIN,"Vehiculo 38: El cilindro 2 no trabaja a pesar de intercambiar bujia y bobina, la prueba confirma solenoide de inyector abierto"
G-ORIG-4256,1,Falla en circuito o solenoide de inyector individual (DTC P0201 - P0208),1,TRAIN,Vehiculo 39: Falla de encendido estatica en cilindro 3 originada por corte electrico en la linea positiva de 12V del inyector
G-ORIG-4257,1,Falla en circuito o solenoide de inyector individual (DTC P0201 - P0208),1,TRAIN,Vehiculo 40: Inyector 4 no acciona su aguja interna ni emite clic acustico verificado con estetoscopio de mecanico
G-ORIG-4258,1,Falla en circuito o solenoide de inyector individual (DTC P0201 - P0208),1,TRAIN,"Vehiculo 41: Codigo de falla P0201 en scanner, cilindro 1 completamente inactivo tanto en ralenti como al acelerar"
G-ORIG-4259,1,Falla en circuito o solenoide de inyector individual (DTC P0201 - P0208),1,DEV,Vehiculo 42: Medicion con multimetro en el inyector del cilindro 2 marca resistencia de 0.2 ohms (cortocircuito total) confirmando solenoide cortado
G-ORIG-4260,1,Falla en circuito o solenoide de inyector individual (DTC P0201 - P0208),1,TRAIN,Vehiculo 43: Punta logica conectada al conector del inyector 3 no parpadea al dar marcha por falta de senal de conmutacion a masa
G-ORIG-4261,1,Falla en circuito o solenoide de inyector individual (DTC P0201 - P0208),1,TRAIN,Vehiculo 44: Cable de control del inyector 4 cortado en el arnes principal cerca de la tapa de balancines
G-ORIG-4262,1,Falla en circuito o solenoide de inyector individual (DTC P0201 - P0208),1,TRAIN,Vehiculo 45: Conector electrico del inyector numero 1 quebrado con pines sulfatados que hacen falso contacto intermitente
G-ORIG-4263,1,Falla en circuito o solenoide de inyector individual (DTC P0201 - P0208),1,TRAIN,"Vehiculo 46: DTC P0202 injector circuit open, el motor tiembla fuertemente en tres cilindros de forma continua"
G-ORIG-4264,1,Falla en circuito o solenoide de inyector individual (DTC P0201 - P0208),1,DEV,Vehiculo 47: Driver de potencia del inyector 3 dentro de la computadora de motor quemado no entrega pulso de inyeccion
G-ORIG-4265,1,Falla en circuito o solenoide de inyector individual (DTC P0201 - P0208),1,DEV,"Vehiculo 48: El cilindro 4 no trabaja a pesar de intercambiar bujia y bobina, la prueba confirma solenoide de inyector abierto"
G-ORIG-4266,1,Falla en circuito o solenoide de inyector individual (DTC P0201 - P0208),1,TRAIN,Vehiculo 49: Falla de encendido estatica en cilindro 1 originada por corte electrico en la linea positiva de 12V del inyector
G-ORIG-4267,1,Falla en circuito o solenoide de inyector individual (DTC P0201 - P0208),1,TRAIN,Vehiculo 50: Inyector 2 no acciona su aguja interna ni emite clic acustico verificado con estetoscopio de mecanico
G-ORIG-4268,1,Perdida de compresion en cilindro por valvulas pisadas o anillos desgastados,1,DEV,Vehiculo 1: Cilindro 1 sin compresion: manometro marca 50 psi mientras los otros cilindros registran 160 psi parejos
G-ORIG-4269,1,Perdida de compresion en cilindro por valvulas pisadas o anillos desgastados,1,TRAIN,"Vehiculo 2: Falla de cilindro constante en caliente, se cambiaron bujias bobina e inyector pero la prueba de compresion confirma falla mecanica"
G-ORIG-4270,1,Perdida de compresion en cilindro por valvulas pisadas o anillos desgastados,1,TRAIN,Vehiculo 3: Prueba de fugas de cilindro leakdown test en cilindro 3 muestra 60 por ciento de fuga de aire hacia el tapon de aceite (anillos gastados)
G-ORIG-4271,1,Perdida de compresion en cilindro por valvulas pisadas o anillos desgastados,1,TRAIN,Vehiculo 4: Valvula de escape del cilindro 4 quemada o con asiento carbonizado no sella la presion de combustion
G-ORIG-4272,1,Perdida de compresion en cilindro por valvulas pisadas o anillos desgastados,1,DEV,Vehiculo 5: Anillos de compresion pegados o rotos en piston 1 permiten paso de compresion hacia el carter generando humo por la varilla
G-ORIG-4273,1,Perdida de compresion en cilindro por valvulas pisadas o anillos desgastados,1,DEV,Vehiculo 6: Motor cojea en ralenti con soplido rítmico audible en el multiple de admision por valvula de admision pisada
G-ORIG-4274,1,Perdida de compresion en cilindro por valvulas pisadas o anillos desgastados,1,TRAIN,Vehiculo 7: Prueba humeda con chorro de aceite eleva la compresion de 55 a 135 psi verificando desgaste en anillos
G-ORIG-4275,1,Perdida de compresion en cilindro por valvulas pisadas o anillos desgastados,1,TRAIN,Vehiculo 8: Asiento de valvula descalibrado deja la valvula sin juego de taques impidiendo su cierre hermetico en temperatura de operacion
G-ORIG-4276,1,Perdida de compresion en cilindro por valvulas pisadas o anillos desgastados,1,TRAIN,Vehiculo 9: Piston con fisura o anillos alineados pierden la compresion provocando codigo persistente de misfire en cilindro 1
G-ORIG-4277,1,Perdida de compresion en cilindro por valvulas pisadas o anillos desgastados,1,TRAIN,Vehiculo 10: Vibracion fuerte en ralenti por desbalance de compresion de mas del 40 por ciento entre cilindros del motor
G-ORIG-4278,1,Perdida de compresion en cilindro por valvulas pisadas o anillos desgastados,1,TRAIN,Vehiculo 11: Cilindro 3 sin compresion: manometro marca 70 psi mientras los otros cilindros registran 160 psi parejos
G-ORIG-4279,1,Perdida de compresion en cilindro por valvulas pisadas o anillos desgastados,1,TRAIN,"Vehiculo 12: Falla de cilindro constante en caliente, se cambiaron bujias bobina e inyector pero la prueba de compresion confirma falla mecanica"
G-ORIG-4280,1,Perdida de compresion en cilindro por valvulas pisadas o anillos desgastados,1,TRAIN,Vehiculo 13: Prueba de fugas de cilindro leakdown test en cilindro 1 muestra 40 por ciento de fuga de aire hacia el multiple de admision (valvula pisada)
G-ORIG-4281,1,Perdida de compresion en cilindro por valvulas pisadas o anillos desgastados,1,TRAIN,Vehiculo 14: Valvula de escape del cilindro 2 quemada o con asiento carbonizado no sella la presion de combustion
G-ORIG-4282,1,Perdida de compresion en cilindro por valvulas pisadas o anillos desgastados,1,TRAIN,Vehiculo 15: Anillos de compresion pegados o rotos en piston 3 permiten paso de compresion hacia el carter generando humo por la varilla
G-ORIG-4283,1,Perdida de compresion en cilindro por valvulas pisadas o anillos desgastados,1,DEV,Vehiculo 16: Motor cojea en ralenti con soplido rítmico audible en el multiple de admision por valvula de admision pisada
G-ORIG-4284,1,Perdida de compresion en cilindro por valvulas pisadas o anillos desgastados,1,TRAIN,Vehiculo 17: Prueba humeda con chorro de aceite eleva la compresion de 65 a 145 psi verificando desgaste en anillos
G-ORIG-4285,1,Perdida de compresion en cilindro por valvulas pisadas o anillos desgastados,1,DEV,Vehiculo 18: Asiento de valvula descalibrado deja la valvula sin juego de taques impidiendo su cierre hermetico en temperatura de operacion
G-ORIG-4286,1,Perdida de compresion en cilindro por valvulas pisadas o anillos desgastados,1,TRAIN,Vehiculo 19: Piston con fisura o anillos alineados pierden la compresion provocando codigo persistente de misfire en cilindro 3
G-ORIG-4287,1,Perdida de compresion en cilindro por valvulas pisadas o anillos desgastados,1,TRAIN,Vehiculo 20: Vibracion fuerte en ralenti por desbalance de compresion de mas del 40 por ciento entre cilindros del motor
G-ORIG-4288,1,Perdida de compresion en cilindro por valvulas pisadas o anillos desgastados,1,TRAIN,Vehiculo 21: Cilindro 1 sin compresion: manometro marca 50 psi mientras los otros cilindros registran 160 psi parejos
G-ORIG-4289,1,Perdida de compresion en cilindro por valvulas pisadas o anillos desgastados,1,DEV,"Vehiculo 22: Falla de cilindro constante en caliente, se cambiaron bujias bobina e inyector pero la prueba de compresion confirma falla mecanica"
G-ORIG-4290,1,Perdida de compresion en cilindro por valvulas pisadas o anillos desgastados,1,TRAIN,Vehiculo 23: Prueba de fugas de cilindro leakdown test en cilindro 3 muestra 60 por ciento de fuga de aire hacia el tubo de escape (valvula de escape quemada)
G-ORIG-4291,1,Perdida de compresion en cilindro por valvulas pisadas o anillos desgastados,1,TRAIN,Vehiculo 24: Valvula de escape del cilindro 4 quemada o con asiento carbonizado no sella la presion de combustion
G-ORIG-4292,1,Perdida de compresion en cilindro por valvulas pisadas o anillos desgastados,1,TRAIN,Vehiculo 25: Anillos de compresion pegados o rotos en piston 1 permiten paso de compresion hacia el carter generando humo por la varilla
G-ORIG-4293,1,Perdida de compresion en cilindro por valvulas pisadas o anillos desgastados,1,TRAIN,Vehiculo 26: Motor cojea en ralenti con soplido rítmico audible en el multiple de admision por valvula de admision pisada
G-ORIG-4294,1,Perdida de compresion en cilindro por valvulas pisadas o anillos desgastados,1,TRAIN,Vehiculo 27: Prueba humeda con chorro de aceite eleva la compresion de 75 a 155 psi verificando desgaste en anillos
G-ORIG-4295,1,Perdida de compresion en cilindro por valvulas pisadas o anillos desgastados,1,TRAIN,Vehiculo 28: Asiento de valvula descalibrado deja la valvula sin juego de taques impidiendo su cierre hermetico en temperatura de operacion
G-ORIG-4296,1,Perdida de compresion en cilindro por valvulas pisadas o anillos desgastados,1,TRAIN,Vehiculo 29: Piston con fisura o anillos alineados pierden la compresion provocando codigo persistente de misfire en cilindro 1
G-ORIG-4297,1,Perdida de compresion en cilindro por valvulas pisadas o anillos desgastados,1,TRAIN,Vehiculo 30: Vibracion fuerte en ralenti por desbalance de compresion de mas del 40 por ciento entre cilindros del motor
G-ORIG-4298,1,Perdida de compresion en cilindro por valvulas pisadas o anillos desgastados,1,TRAIN,Vehiculo 31: Cilindro 3 sin compresion: manometro marca 70 psi mientras los otros cilindros registran 160 psi parejos
G-ORIG-4299,1,Perdida de compresion en cilindro por valvulas pisadas o anillos desgastados,1,DEV,"Vehiculo 32: Falla de cilindro constante en caliente, se cambiaron bujias bobina e inyector pero la prueba de compresion confirma falla mecanica"
G-ORIG-4300,1,Perdida de compresion en cilindro por valvulas pisadas o anillos desgastados,1,TRAIN,Vehiculo 33: Prueba de fugas de cilindro leakdown test en cilindro 1 muestra 40 por ciento de fuga de aire hacia el tapon de aceite (anillos gastados)
G-ORIG-4301,1,Perdida de compresion en cilindro por valvulas pisadas o anillos desgastados,1,TRAIN,Vehiculo 34: Valvula de escape del cilindro 2 quemada o con asiento carbonizado no sella la presion de combustion
G-ORIG-4302,1,Perdida de compresion en cilindro por valvulas pisadas o anillos desgastados,1,TRAIN,Vehiculo 35: Anillos de compresion pegados o rotos en piston 3 permiten paso de compresion hacia el carter generando humo por la varilla
G-ORIG-4303,1,Perdida de compresion en cilindro por valvulas pisadas o anillos desgastados,1,TRAIN,Vehiculo 36: Motor cojea en ralenti con soplido rítmico audible en el multiple de admision por valvula de admision pisada
G-ORIG-4304,1,Perdida de compresion en cilindro por valvulas pisadas o anillos desgastados,1,TRAIN,Vehiculo 37: Prueba humeda con chorro de aceite eleva la compresion de 55 a 135 psi verificando desgaste en anillos
G-ORIG-4305,1,Perdida de compresion en cilindro por valvulas pisadas o anillos desgastados,1,TRAIN,Vehiculo 38: Asiento de valvula descalibrado deja la valvula sin juego de taques impidiendo su cierre hermetico en temperatura de operacion
G-ORIG-4306,1,Perdida de compresion en cilindro por valvulas pisadas o anillos desgastados,1,TRAIN,Vehiculo 39: Piston con fisura o anillos alineados pierden la compresion provocando codigo persistente de misfire en cilindro 3
G-ORIG-4307,1,Perdida de compresion en cilindro por valvulas pisadas o anillos desgastados,1,TRAIN,Vehiculo 40: Vibracion fuerte en ralenti por desbalance de compresion de mas del 40 por ciento entre cilindros del motor
G-ORIG-4308,1,Perdida de compresion en cilindro por valvulas pisadas o anillos desgastados,1,TRAIN,Vehiculo 41: Cilindro 1 sin compresion: manometro marca 50 psi mientras los otros cilindros registran 160 psi parejos
G-ORIG-4309,1,Perdida de compresion en cilindro por valvulas pisadas o anillos desgastados,1,TRAIN,"Vehiculo 42: Falla de cilindro constante en caliente, se cambiaron bujias bobina e inyector pero la prueba de compresion confirma falla mecanica"
G-ORIG-4310,1,Perdida de compresion en cilindro por valvulas pisadas o anillos desgastados,1,TRAIN,Vehiculo 43: Prueba de fugas de cilindro leakdown test en cilindro 3 muestra 60 por ciento de fuga de aire hacia el multiple de admision (valvula pisada)
G-ORIG-4311,1,Perdida de compresion en cilindro por valvulas pisadas o anillos desgastados,1,DEV,Vehiculo 44: Valvula de escape del cilindro 4 quemada o con asiento carbonizado no sella la presion de combustion
G-ORIG-4312,1,Perdida de compresion en cilindro por valvulas pisadas o anillos desgastados,1,TRAIN,Vehiculo 45: Anillos de compresion pegados o rotos en piston 1 permiten paso de compresion hacia el carter generando humo por la varilla
G-ORIG-4313,1,Perdida de compresion en cilindro por valvulas pisadas o anillos desgastados,1,TRAIN,Vehiculo 46: Motor cojea en ralenti con soplido rítmico audible en el multiple de admision por valvula de admision pisada
G-ORIG-4314,1,Perdida de compresion en cilindro por valvulas pisadas o anillos desgastados,1,DEV,Vehiculo 47: Prueba humeda con chorro de aceite eleva la compresion de 65 a 145 psi verificando desgaste en anillos
G-ORIG-4315,1,Perdida de compresion en cilindro por valvulas pisadas o anillos desgastados,1,TRAIN,Vehiculo 48: Asiento de valvula descalibrado deja la valvula sin juego de taques impidiendo su cierre hermetico en temperatura de operacion
G-ORIG-4316,1,Perdida de compresion en cilindro por valvulas pisadas o anillos desgastados,1,TRAIN,Vehiculo 49: Piston con fisura o anillos alineados pierden la compresion provocando codigo persistente de misfire en cilindro 1
G-ORIG-4317,1,Perdida de compresion en cilindro por valvulas pisadas o anillos desgastados,1,TRAIN,Vehiculo 50: Vibracion fuerte en ralenti por desbalance de compresion de mas del 40 por ciento entre cilindros del motor
G-ORIG-4318,1,Caliper de freno trabado o mordaza pegada (piston agarrotado),1,TRAIN,Vehiculo 1: Rueda delantera izquierdo recalienta exageradamente tras rodar 10 minutos con olor a pastilla chamuscada
G-ORIG-4319,1,Caliper de freno trabado o mordaza pegada (piston agarrotado),1,TRAIN,Vehiculo 2: El carro tira y se jala fuertemente hacia el lado derecho en linea recta sin necesidad de accionar el pedal de frenos
G-ORIG-4320,1,Caliper de freno trabado o mordaza pegada (piston agarrotado),1,TRAIN,Vehiculo 3: Piston del caliper de freno trabado con corrosion interna y guardapolvo roto no libera la presion sobre el disco
G-ORIG-4321,1,Caliper de freno trabado o mordaza pegada (piston agarrotado),1,TRAIN,Vehiculo 4: Pernos pasadores guia de la mordaza totalmente secos sin lubricante impiden el desplazamiento flotante de la pinza
G-ORIG-4322,1,Caliper de freno trabado o mordaza pegada (piston agarrotado),1,TRAIN,Vehiculo 5: Pastilla de freno interna de la rueda trasero derecho gastada hasta el metal mientras la pastilla exterior tiene 60 por ciento de espesor
G-ORIG-4323,1,Caliper de freno trabado o mordaza pegada (piston agarrotado),1,DEV,Vehiculo 6: Al suspender el vehiculo la rueda trasero izquierdo se encuentra completamente bloqueada y no gira con fuerza manual
G-ORIG-4324,1,Caliper de freno trabado o mordaza pegada (piston agarrotado),1,TRAIN,Vehiculo 7: Humo y calor radiante saliendo del aro izquierdo tras conducir en autopista a velocidad constante
G-ORIG-4325,1,Caliper de freno trabado o mordaza pegada (piston agarrotado),1,TRAIN,Vehiculo 8: Disco de freno de la rueda derecho presenta coloracion azul violacea y alabeo por friccion continua involuntaria
G-ORIG-4326,1,Caliper de freno trabado o mordaza pegada (piston agarrotado),1,TRAIN,Vehiculo 9: Flexible de freno delantero colapsado internamente no permite el retorno del fluido manteniendo el caliper accionado
G-ORIG-4327,1,Caliper de freno trabado o mordaza pegada (piston agarrotado),1,TRAIN,Vehiculo 10: Aumento en el consumo de gasolina y sensacion de carro amarrado o frenado provocado por pinza de freno pegada
G-ORIG-4328,1,Caliper de freno trabado o mordaza pegada (piston agarrotado),1,TRAIN,Vehiculo 11: Rueda delantera trasero derecho recalienta exageradamente tras rodar 20 minutos con olor a pastilla chamuscada
G-ORIG-4329,1,Caliper de freno trabado o mordaza pegada (piston agarrotado),1,DEV,Vehiculo 12: El carro tira y se jala fuertemente hacia el lado trasero izquierdo en linea recta sin necesidad de accionar el pedal de frenos
G-ORIG-4330,1,Caliper de freno trabado o mordaza pegada (piston agarrotado),1,DEV,Vehiculo 13: Piston del caliper de freno trabado con corrosion interna y guardapolvo roto no libera la presion sobre el disco
G-ORIG-4331,1,Caliper de freno trabado o mordaza pegada (piston agarrotado),1,TRAIN,Vehiculo 14: Pernos pasadores guia de la mordaza totalmente secos sin lubricante impiden el desplazamiento flotante de la pinza
G-ORIG-4332,1,Caliper de freno trabado o mordaza pegada (piston agarrotado),1,TRAIN,Vehiculo 15: Pastilla de freno interna de la rueda delantero derecho gastada hasta el metal mientras la pastilla exterior tiene 60 por ciento de espesor
G-ORIG-4333,1,Caliper de freno trabado o mordaza pegada (piston agarrotado),1,TRAIN,Vehiculo 16: Al suspender el vehiculo la rueda delantero izquierdo se encuentra completamente bloqueada y no gira con fuerza manual
G-ORIG-4334,1,Caliper de freno trabado o mordaza pegada (piston agarrotado),1,TRAIN,Vehiculo 17: Humo y calor radiante saliendo del aro trasero derecho tras conducir en autopista a velocidad constante
G-ORIG-4335,1,Caliper de freno trabado o mordaza pegada (piston agarrotado),1,TRAIN,Vehiculo 18: Disco de freno de la rueda trasero izquierdo presenta coloracion azul violacea y alabeo por friccion continua involuntaria
G-ORIG-4336,1,Caliper de freno trabado o mordaza pegada (piston agarrotado),1,TRAIN,Vehiculo 19: Flexible de freno delantero colapsado internamente no permite el retorno del fluido manteniendo el caliper accionado
G-ORIG-4337,1,Caliper de freno trabado o mordaza pegada (piston agarrotado),1,TRAIN,Vehiculo 20: Aumento en el consumo de gasolina y sensacion de carro amarrado o frenado provocado por pinza de freno pegada
G-ORIG-4338,1,Caliper de freno trabado o mordaza pegada (piston agarrotado),1,TRAIN,Vehiculo 21: Rueda delantera delantero derecho recalienta exageradamente tras rodar 10 minutos con olor a pastilla chamuscada
G-ORIG-4339,1,Caliper de freno trabado o mordaza pegada (piston agarrotado),1,TRAIN,Vehiculo 22: El carro tira y se jala fuertemente hacia el lado delantero izquierdo en linea recta sin necesidad de accionar el pedal de frenos
G-ORIG-4340,1,Caliper de freno trabado o mordaza pegada (piston agarrotado),1,DEV,Vehiculo 23: Piston del caliper de freno trabado con corrosion interna y guardapolvo roto no libera la presion sobre el disco
G-ORIG-4341,1,Caliper de freno trabado o mordaza pegada (piston agarrotado),1,TRAIN,Vehiculo 24: Pernos pasadores guia de la mordaza totalmente secos sin lubricante impiden el desplazamiento flotante de la pinza
G-ORIG-4342,1,Caliper de freno trabado o mordaza pegada (piston agarrotado),1,TRAIN,Vehiculo 25: Pastilla de freno interna de la rueda izquierdo gastada hasta el metal mientras la pastilla exterior tiene 60 por ciento de espesor
G-ORIG-4343,1,Caliper de freno trabado o mordaza pegada (piston agarrotado),1,TRAIN,Vehiculo 26: Al suspender el vehiculo la rueda derecho se encuentra completamente bloqueada y no gira con fuerza manual
G-ORIG-4344,1,Caliper de freno trabado o mordaza pegada (piston agarrotado),1,TRAIN,Vehiculo 27: Humo y calor radiante saliendo del aro delantero derecho tras conducir en autopista a velocidad constante
G-ORIG-4345,1,Caliper de freno trabado o mordaza pegada (piston agarrotado),1,DEV,Vehiculo 28: Disco de freno de la rueda delantero izquierdo presenta coloracion azul violacea y alabeo por friccion continua involuntaria
G-ORIG-4346,1,Caliper de freno trabado o mordaza pegada (piston agarrotado),1,TRAIN,Vehiculo 29: Flexible de freno delantero colapsado internamente no permite el retorno del fluido manteniendo el caliper accionado
G-ORIG-4347,1,Caliper de freno trabado o mordaza pegada (piston agarrotado),1,DEV,Vehiculo 30: Aumento en el consumo de gasolina y sensacion de carro amarrado o frenado provocado por pinza de freno pegada
G-ORIG-4348,1,Caliper de freno trabado o mordaza pegada (piston agarrotado),1,DEV,Vehiculo 31: Rueda delantera izquierdo recalienta exageradamente tras rodar 20 minutos con olor a pastilla chamuscada
G-ORIG-4349,1,Caliper de freno trabado o mordaza pegada (piston agarrotado),1,TRAIN,Vehiculo 32: El carro tira y se jala fuertemente hacia el lado derecho en linea recta sin necesidad de accionar el pedal de frenos
G-ORIG-4350,1,Caliper de freno trabado o mordaza pegada (piston agarrotado),1,TRAIN,Vehiculo 33: Piston del caliper de freno trabado con corrosion interna y guardapolvo roto no libera la presion sobre el disco
G-ORIG-4351,1,Caliper de freno trabado o mordaza pegada (piston agarrotado),1,TRAIN,Vehiculo 34: Pernos pasadores guia de la mordaza totalmente secos sin lubricante impiden el desplazamiento flotante de la pinza
G-ORIG-4352,1,Caliper de freno trabado o mordaza pegada (piston agarrotado),1,TRAIN,Vehiculo 35: Pastilla de freno interna de la rueda trasero derecho gastada hasta el metal mientras la pastilla exterior tiene 60 por ciento de espesor
G-ORIG-4353,1,Caliper de freno trabado o mordaza pegada (piston agarrotado),1,TRAIN,Vehiculo 36: Al suspender el vehiculo la rueda trasero izquierdo se encuentra completamente bloqueada y no gira con fuerza manual
G-ORIG-4354,1,Caliper de freno trabado o mordaza pegada (piston agarrotado),1,TRAIN,Vehiculo 37: Humo y calor radiante saliendo del aro izquierdo tras conducir en autopista a velocidad constante
G-ORIG-4355,1,Caliper de freno trabado o mordaza pegada (piston agarrotado),1,DEV,Vehiculo 38: Disco de freno de la rueda derecho presenta coloracion azul violacea y alabeo por friccion continua involuntaria
G-ORIG-4356,1,Caliper de freno trabado o mordaza pegada (piston agarrotado),1,TRAIN,Vehiculo 39: Flexible de freno delantero colapsado internamente no permite el retorno del fluido manteniendo el caliper accionado
G-ORIG-4357,1,Caliper de freno trabado o mordaza pegada (piston agarrotado),1,DEV,Vehiculo 40: Aumento en el consumo de gasolina y sensacion de carro amarrado o frenado provocado por pinza de freno pegada
G-ORIG-4358,1,Caliper de freno trabado o mordaza pegada (piston agarrotado),1,TRAIN,Vehiculo 41: Rueda delantera trasero derecho recalienta exageradamente tras rodar 10 minutos con olor a pastilla chamuscada
G-ORIG-4359,1,Caliper de freno trabado o mordaza pegada (piston agarrotado),1,TRAIN,Vehiculo 42: El carro tira y se jala fuertemente hacia el lado trasero izquierdo en linea recta sin necesidad de accionar el pedal de frenos
G-ORIG-4360,1,Caliper de freno trabado o mordaza pegada (piston agarrotado),1,TRAIN,Vehiculo 43: Piston del caliper de freno trabado con corrosion interna y guardapolvo roto no libera la presion sobre el disco
G-ORIG-4361,1,Caliper de freno trabado o mordaza pegada (piston agarrotado),1,TRAIN,Vehiculo 44: Pernos pasadores guia de la mordaza totalmente secos sin lubricante impiden el desplazamiento flotante de la pinza
G-ORIG-4362,1,Caliper de freno trabado o mordaza pegada (piston agarrotado),1,TRAIN,Vehiculo 45: Pastilla de freno interna de la rueda delantero derecho gastada hasta el metal mientras la pastilla exterior tiene 60 por ciento de espesor
G-ORIG-4363,1,Caliper de freno trabado o mordaza pegada (piston agarrotado),1,TRAIN,Vehiculo 46: Al suspender el vehiculo la rueda delantero izquierdo se encuentra completamente bloqueada y no gira con fuerza manual
G-ORIG-4364,1,Caliper de freno trabado o mordaza pegada (piston agarrotado),1,TRAIN,Vehiculo 47: Humo y calor radiante saliendo del aro trasero derecho tras conducir en autopista a velocidad constante
G-ORIG-4365,1,Caliper de freno trabado o mordaza pegada (piston agarrotado),1,DEV,Vehiculo 48: Disco de freno de la rueda trasero izquierdo presenta coloracion azul violacea y alabeo por friccion continua involuntaria
G-ORIG-4366,1,Caliper de freno trabado o mordaza pegada (piston agarrotado),1,TRAIN,Vehiculo 49: Flexible de freno delantero colapsado internamente no permite el retorno del fluido manteniendo el caliper accionado
G-ORIG-4367,1,Caliper de freno trabado o mordaza pegada (piston agarrotado),1,TRAIN,Vehiculo 50: Aumento en el consumo de gasolina y sensacion de carro amarrado o frenado provocado por pinza de freno pegada
G-ORIG-4368,1,Desgaste en collarin de empuje o crapodina de embrague,1,DEV,Vehiculo 1: Ruido de chillido metalico agudo o rozamiento chirriante que suena exclusivamente cuando piso el pedal de embrague
G-ORIG-4369,1,Desgaste en collarin de empuje o crapodina de embrague,1,TRAIN,Vehiculo 2: Al presionar el embrague a fondo para realizar el cambio de marcha aparece un zumbido fuerte que desaparece al soltar el pedal
G-ORIG-4370,1,Desgaste en collarin de empuje o crapodina de embrague,1,TRAIN,Vehiculo 3: Crapodina o ruleman de empuje sin lubricacion genera vibracion y quejido chirriante al apoyar contra el diafragma de la prensa
G-ORIG-4371,1,Desgaste en collarin de empuje o crapodina de embrague,1,TRAIN,Vehiculo 4: Pulsacion y temblor perceptible en la planta del pie al momento de desembragar con motor en marcha
G-ORIG-4372,1,Desgaste en collarin de empuje o crapodina de embrague,1,TRAIN,"Vehiculo 5: En punto muerto con el pedal suelto el vehiculo no produce ningun ruido, pero al pisar el pedal chilla de inmediato"
G-ORIG-4373,1,Desgaste en collarin de empuje o crapodina de embrague,1,TRAIN,Vehiculo 6: Rodamiento del collarin agarrotado roza metal con metal contra las puntas del resorte de diafragma del plato
G-ORIG-4374,1,Desgaste en collarin de empuje o crapodina de embrague,1,TRAIN,Vehiculo 7: Chirrido estridente al mantener el embrague presionado esperando la luz verde del semaforo
G-ORIG-4375,1,Desgaste en collarin de empuje o crapodina de embrague,1,TRAIN,Vehiculo 8: Collarin hidraulico con pistas con pitting y bolas picadas produce rumor seco solo bajo carga del pedal
G-ORIG-4376,1,Desgaste en collarin de empuje o crapodina de embrague,1,TRAIN,Vehiculo 9: Zumbido chirriante en la campana de transmision que se corta en el instante en que retiro el pie del pedal de clutch
G-ORIG-4377,1,Desgaste en collarin de empuje o crapodina de embrague,1,DEV,Vehiculo 10: Ruido de rodamiento desgastado que se activa al accionar el bombin de embrague contra el diafragma
G-ORIG-4378,1,Desgaste en collarin de empuje o crapodina de embrague,1,TRAIN,Vehiculo 11: Ruido de chillido metalico agudo o rozamiento chirriante que suena exclusivamente cuando piso el pedal de embrague
G-ORIG-4379,1,Desgaste en collarin de empuje o crapodina de embrague,1,DEV,Vehiculo 12: Al presionar el embrague a fondo para realizar el cambio de marcha aparece un zumbido fuerte que desaparece al soltar el pedal
G-ORIG-4380,1,Desgaste en collarin de empuje o crapodina de embrague,1,TRAIN,Vehiculo 13: Crapodina o ruleman de empuje sin lubricacion genera vibracion y quejido chirriante al apoyar contra el diafragma de la prensa
G-ORIG-4381,1,Desgaste en collarin de empuje o crapodina de embrague,1,DEV,Vehiculo 14: Pulsacion y temblor perceptible en la planta del pie al momento de desembragar con motor en marcha
G-ORIG-4382,1,Desgaste en collarin de empuje o crapodina de embrague,1,TRAIN,"Vehiculo 15: En punto muerto con el pedal suelto el vehiculo no produce ningun ruido, pero al pisar el pedal chilla de inmediato"
G-ORIG-4383,1,Desgaste en collarin de empuje o crapodina de embrague,1,TRAIN,Vehiculo 16: Rodamiento del collarin agarrotado roza metal con metal contra las puntas del resorte de diafragma del plato
G-ORIG-4384,1,Desgaste en collarin de empuje o crapodina de embrague,1,DEV,Vehiculo 17: Chirrido estridente al mantener el embrague presionado esperando la luz verde del semaforo
G-ORIG-4385,1,Desgaste en collarin de empuje o crapodina de embrague,1,TRAIN,Vehiculo 18: Collarin hidraulico con pistas con pitting y bolas picadas produce rumor seco solo bajo carga del pedal
G-ORIG-4386,1,Desgaste en collarin de empuje o crapodina de embrague,1,TRAIN,Vehiculo 19: Zumbido chirriante en la campana de transmision que se corta en el instante en que retiro el pie del pedal de clutch
G-ORIG-4387,1,Desgaste en collarin de empuje o crapodina de embrague,1,TRAIN,Vehiculo 20: Ruido de rodamiento desgastado que se activa al accionar el bombin de embrague contra el diafragma
G-ORIG-4388,1,Desgaste en collarin de empuje o crapodina de embrague,1,TRAIN,Vehiculo 21: Ruido de chillido metalico agudo o rozamiento chirriante que suena exclusivamente cuando piso el pedal de embrague
G-ORIG-4389,1,Desgaste en collarin de empuje o crapodina de embrague,1,DEV,Vehiculo 22: Al presionar el embrague a fondo para realizar el cambio de marcha aparece un zumbido fuerte que desaparece al soltar el pedal
G-ORIG-4390,1,Desgaste en collarin de empuje o crapodina de embrague,1,TRAIN,Vehiculo 23: Crapodina o ruleman de empuje sin lubricacion genera vibracion y quejido chirriante al apoyar contra el diafragma de la prensa
G-ORIG-4391,1,Desgaste en collarin de empuje o crapodina de embrague,1,TRAIN,Vehiculo 24: Pulsacion y temblor perceptible en la planta del pie al momento de desembragar con motor en marcha
G-ORIG-4392,1,Desgaste en collarin de empuje o crapodina de embrague,1,DEV,"Vehiculo 25: En punto muerto con el pedal suelto el vehiculo no produce ningun ruido, pero al pisar el pedal chilla de inmediato"
G-ORIG-4393,1,Desgaste en collarin de empuje o crapodina de embrague,1,TRAIN,Vehiculo 26: Rodamiento del collarin agarrotado roza metal con metal contra las puntas del resorte de diafragma del plato
G-ORIG-4394,1,Desgaste en collarin de empuje o crapodina de embrague,1,TRAIN,Vehiculo 27: Chirrido estridente al mantener el embrague presionado esperando la luz verde del semaforo
G-ORIG-4395,1,Desgaste en collarin de empuje o crapodina de embrague,1,TRAIN,Vehiculo 28: Collarin hidraulico con pistas con pitting y bolas picadas produce rumor seco solo bajo carga del pedal
G-ORIG-4396,1,Desgaste en collarin de empuje o crapodina de embrague,1,TRAIN,Vehiculo 29: Zumbido chirriante en la campana de transmision que se corta en el instante en que retiro el pie del pedal de clutch
G-ORIG-4397,1,Desgaste en collarin de empuje o crapodina de embrague,1,TRAIN,Vehiculo 30: Ruido de rodamiento desgastado que se activa al accionar el bombin de embrague contra el diafragma
G-ORIG-4398,1,Desgaste en collarin de empuje o crapodina de embrague,1,TRAIN,Vehiculo 31: Ruido de chillido metalico agudo o rozamiento chirriante que suena exclusivamente cuando piso el pedal de embrague
G-ORIG-4399,1,Desgaste en collarin de empuje o crapodina de embrague,1,TRAIN,Vehiculo 32: Al presionar el embrague a fondo para realizar el cambio de marcha aparece un zumbido fuerte que desaparece al soltar el pedal
G-ORIG-4400,1,Desgaste en collarin de empuje o crapodina de embrague,1,TRAIN,Vehiculo 33: Crapodina o ruleman de empuje sin lubricacion genera vibracion y quejido chirriante al apoyar contra el diafragma de la prensa
G-ORIG-4401,1,Desgaste en collarin de empuje o crapodina de embrague,1,TRAIN,Vehiculo 34: Pulsacion y temblor perceptible en la planta del pie al momento de desembragar con motor en marcha
G-ORIG-4402,1,Desgaste en collarin de empuje o crapodina de embrague,1,TRAIN,"Vehiculo 35: En punto muerto con el pedal suelto el vehiculo no produce ningun ruido, pero al pisar el pedal chilla de inmediato"
G-ORIG-4403,1,Desgaste en collarin de empuje o crapodina de embrague,1,TRAIN,Vehiculo 36: Rodamiento del collarin agarrotado roza metal con metal contra las puntas del resorte de diafragma del plato
G-ORIG-4404,1,Desgaste en collarin de empuje o crapodina de embrague,1,TRAIN,Vehiculo 37: Chirrido estridente al mantener el embrague presionado esperando la luz verde del semaforo
G-ORIG-4405,1,Desgaste en collarin de empuje o crapodina de embrague,1,TRAIN,Vehiculo 38: Collarin hidraulico con pistas con pitting y bolas picadas produce rumor seco solo bajo carga del pedal
G-ORIG-4406,1,Desgaste en collarin de empuje o crapodina de embrague,1,TRAIN,Vehiculo 39: Zumbido chirriante en la campana de transmision que se corta en el instante en que retiro el pie del pedal de clutch
G-ORIG-4407,1,Desgaste en collarin de empuje o crapodina de embrague,1,DEV,Vehiculo 40: Ruido de rodamiento desgastado que se activa al accionar el bombin de embrague contra el diafragma
G-ORIG-4408,1,Desgaste en collarin de empuje o crapodina de embrague,1,TRAIN,Vehiculo 41: Ruido de chillido metalico agudo o rozamiento chirriante que suena exclusivamente cuando piso el pedal de embrague
G-ORIG-4409,1,Desgaste en collarin de empuje o crapodina de embrague,1,TRAIN,Vehiculo 42: Al presionar el embrague a fondo para realizar el cambio de marcha aparece un zumbido fuerte que desaparece al soltar el pedal
G-ORIG-4410,1,Desgaste en collarin de empuje o crapodina de embrague,1,TRAIN,Vehiculo 43: Crapodina o ruleman de empuje sin lubricacion genera vibracion y quejido chirriante al apoyar contra el diafragma de la prensa
G-ORIG-4411,1,Desgaste en collarin de empuje o crapodina de embrague,1,TRAIN,Vehiculo 44: Pulsacion y temblor perceptible en la planta del pie al momento de desembragar con motor en marcha
G-ORIG-4412,1,Desgaste en collarin de empuje o crapodina de embrague,1,TRAIN,"Vehiculo 45: En punto muerto con el pedal suelto el vehiculo no produce ningun ruido, pero al pisar el pedal chilla de inmediato"
G-ORIG-4413,1,Desgaste en collarin de empuje o crapodina de embrague,1,TRAIN,Vehiculo 46: Rodamiento del collarin agarrotado roza metal con metal contra las puntas del resorte de diafragma del plato
G-ORIG-4414,1,Desgaste en collarin de empuje o crapodina de embrague,1,TRAIN,Vehiculo 47: Chirrido estridente al mantener el embrague presionado esperando la luz verde del semaforo
G-ORIG-4415,1,Desgaste en collarin de empuje o crapodina de embrague,1,DEV,Vehiculo 48: Collarin hidraulico con pistas con pitting y bolas picadas produce rumor seco solo bajo carga del pedal
G-ORIG-4416,1,Desgaste en collarin de empuje o crapodina de embrague,1,TRAIN,Vehiculo 49: Zumbido chirriante en la campana de transmision que se corta en el instante en que retiro el pie del pedal de clutch
G-ORIG-4417,1,Desgaste en collarin de empuje o crapodina de embrague,1,TRAIN,Vehiculo 50: Ruido de rodamiento desgastado que se activa al accionar el bombin de embrague contra el diafragma
G-ORIG-4418,1,Rodajes de transmision manual o eje primario gastados,1,TRAIN,"Vehiculo 1: Con el motor encendido en neutro suena un ronroneo continuo en la caja, pero al pisar el embrague el ruido desaparece por completo"
G-ORIG-4419,1,Rodajes de transmision manual o eje primario gastados,1,TRAIN,Vehiculo 2: Zumbido permanente de rodajes dentro de la caja de cambios mecanica que se apaga al desembragar y detener el eje de entrada
G-ORIG-4420,1,Rodajes de transmision manual o eje primario gastados,1,TRAIN,Vehiculo 3: Rodamiento del arbol primario de transmision con pistas picadas zumba constantemente en marcha neutra y acelerando
G-ORIG-4421,1,Rodajes de transmision manual o eje primario gastados,1,TRAIN,Vehiculo 4: Al pisar el pedal de clutch se corta el sonido de engranajes y rulemanes girando en la caja manual
G-ORIG-4422,1,Rodajes de transmision manual o eje primario gastados,1,TRAIN,Vehiculo 5: Ruido como de licuadora o cascabel en la transmision con vehiculo detenido que cesa al pisar el pedal a fondo
G-ORIG-4423,1,Rodajes de transmision manual o eje primario gastados,1,TRAIN,Vehiculo 6: Rodajes conicos de apoyo del eje principal de caja desgastados producen zumbido que sube con las revoluciones del motor
G-ORIG-4424,1,Rodajes de transmision manual o eje primario gastados,1,TRAIN,Vehiculo 7: Falta de lubricacion en la transmision provoco desgaste en los rodamientos del tren de engranajes con zumbido en neutro
G-ORIG-4425,1,Rodajes de transmision manual o eje primario gastados,1,TRAIN,Vehiculo 8: Sonido de rodadura interna en caja de velocidades que solo se manifiesta cuando el eje primario esta girando embragado
G-ORIG-4426,1,Rodajes de transmision manual o eje primario gastados,1,TRAIN,Vehiculo 9: Aspereza y rumor mecanico en la palanca de cambios en ralenti que se elimina al presionar el embrague
G-ORIG-4427,1,Rodajes de transmision manual o eje primario gastados,1,TRAIN,Vehiculo 10: Zumbido continuo en transmision manual presente en punto muerto y en marchas intermedias que cesa al desembragar
G-ORIG-4428,1,Rodajes de transmision manual o eje primario gastados,1,TRAIN,"Vehiculo 11: Con el motor encendido en neutro suena un ronroneo continuo en la caja, pero al pisar el embrague el ruido desaparece por completo"
G-ORIG-4429,1,Rodajes de transmision manual o eje primario gastados,1,TRAIN,Vehiculo 12: Zumbido permanente de rodajes dentro de la caja de cambios mecanica que se apaga al desembragar y detener el eje de entrada
G-ORIG-4430,1,Rodajes de transmision manual o eje primario gastados,1,TRAIN,Vehiculo 13: Rodamiento del arbol primario de transmision con pistas picadas zumba constantemente en marcha neutra y acelerando
G-ORIG-4431,1,Rodajes de transmision manual o eje primario gastados,1,DEV,Vehiculo 14: Al pisar el pedal de clutch se corta el sonido de engranajes y rulemanes girando en la caja manual
G-ORIG-4432,1,Rodajes de transmision manual o eje primario gastados,1,TRAIN,Vehiculo 15: Ruido como de licuadora o cascabel en la transmision con vehiculo detenido que cesa al pisar el pedal a fondo
G-ORIG-4433,1,Rodajes de transmision manual o eje primario gastados,1,DEV,Vehiculo 16: Rodajes conicos de apoyo del eje principal de caja desgastados producen zumbido que sube con las revoluciones del motor
G-ORIG-4434,1,Rodajes de transmision manual o eje primario gastados,1,TRAIN,Vehiculo 17: Falta de lubricacion en la transmision provoco desgaste en los rodamientos del tren de engranajes con zumbido en neutro
G-ORIG-4435,1,Rodajes de transmision manual o eje primario gastados,1,TRAIN,Vehiculo 18: Sonido de rodadura interna en caja de velocidades que solo se manifiesta cuando el eje primario esta girando embragado
G-ORIG-4436,1,Rodajes de transmision manual o eje primario gastados,1,TRAIN,Vehiculo 19: Aspereza y rumor mecanico en la palanca de cambios en ralenti que se elimina al presionar el embrague
G-ORIG-4437,1,Rodajes de transmision manual o eje primario gastados,1,TRAIN,Vehiculo 20: Zumbido continuo en transmision manual presente en punto muerto y en marchas intermedias que cesa al desembragar
G-ORIG-4438,1,Rodajes de transmision manual o eje primario gastados,1,TRAIN,"Vehiculo 21: Con el motor encendido en neutro suena un ronroneo continuo en la caja, pero al pisar el embrague el ruido desaparece por completo"
G-ORIG-4439,1,Rodajes de transmision manual o eje primario gastados,1,TRAIN,Vehiculo 22: Zumbido permanente de rodajes dentro de la caja de cambios mecanica que se apaga al desembragar y detener el eje de entrada
G-ORIG-4440,1,Rodajes de transmision manual o eje primario gastados,1,TRAIN,Vehiculo 23: Rodamiento del arbol primario de transmision con pistas picadas zumba constantemente en marcha neutra y acelerando
G-ORIG-4441,1,Rodajes de transmision manual o eje primario gastados,1,TRAIN,Vehiculo 24: Al pisar el pedal de clutch se corta el sonido de engranajes y rulemanes girando en la caja manual
G-ORIG-4442,1,Rodajes de transmision manual o eje primario gastados,1,DEV,Vehiculo 25: Ruido como de licuadora o cascabel en la transmision con vehiculo detenido que cesa al pisar el pedal a fondo
G-ORIG-4443,1,Rodajes de transmision manual o eje primario gastados,1,DEV,Vehiculo 26: Rodajes conicos de apoyo del eje principal de caja desgastados producen zumbido que sube con las revoluciones del motor
G-ORIG-4444,1,Rodajes de transmision manual o eje primario gastados,1,TRAIN,Vehiculo 27: Falta de lubricacion en la transmision provoco desgaste en los rodamientos del tren de engranajes con zumbido en neutro
G-ORIG-4445,1,Rodajes de transmision manual o eje primario gastados,1,TRAIN,Vehiculo 28: Sonido de rodadura interna en caja de velocidades que solo se manifiesta cuando el eje primario esta girando embragado
G-ORIG-4446,1,Rodajes de transmision manual o eje primario gastados,1,TRAIN,Vehiculo 29: Aspereza y rumor mecanico en la palanca de cambios en ralenti que se elimina al presionar el embrague
G-ORIG-4447,1,Rodajes de transmision manual o eje primario gastados,1,DEV,Vehiculo 30: Zumbido continuo en transmision manual presente en punto muerto y en marchas intermedias que cesa al desembragar
G-ORIG-4448,1,Rodajes de transmision manual o eje primario gastados,1,TRAIN,"Vehiculo 31: Con el motor encendido en neutro suena un ronroneo continuo en la caja, pero al pisar el embrague el ruido desaparece por completo"
G-ORIG-4449,1,Rodajes de transmision manual o eje primario gastados,1,TRAIN,Vehiculo 32: Zumbido permanente de rodajes dentro de la caja de cambios mecanica que se apaga al desembragar y detener el eje de entrada
G-ORIG-4450,1,Rodajes de transmision manual o eje primario gastados,1,DEV,Vehiculo 33: Rodamiento del arbol primario de transmision con pistas picadas zumba constantemente en marcha neutra y acelerando
G-ORIG-4451,1,Rodajes de transmision manual o eje primario gastados,1,TRAIN,Vehiculo 34: Al pisar el pedal de clutch se corta el sonido de engranajes y rulemanes girando en la caja manual
G-ORIG-4452,1,Rodajes de transmision manual o eje primario gastados,1,TRAIN,Vehiculo 35: Ruido como de licuadora o cascabel en la transmision con vehiculo detenido que cesa al pisar el pedal a fondo
G-ORIG-4453,1,Rodajes de transmision manual o eje primario gastados,1,DEV,Vehiculo 36: Rodajes conicos de apoyo del eje principal de caja desgastados producen zumbido que sube con las revoluciones del motor
G-ORIG-4454,1,Rodajes de transmision manual o eje primario gastados,1,DEV,Vehiculo 37: Falta de lubricacion en la transmision provoco desgaste en los rodamientos del tren de engranajes con zumbido en neutro
G-ORIG-4455,1,Rodajes de transmision manual o eje primario gastados,1,TRAIN,Vehiculo 38: Sonido de rodadura interna en caja de velocidades que solo se manifiesta cuando el eje primario esta girando embragado
G-ORIG-4456,1,Rodajes de transmision manual o eje primario gastados,1,TRAIN,Vehiculo 39: Aspereza y rumor mecanico en la palanca de cambios en ralenti que se elimina al presionar el embrague
G-ORIG-4457,1,Rodajes de transmision manual o eje primario gastados,1,DEV,Vehiculo 40: Zumbido continuo en transmision manual presente en punto muerto y en marchas intermedias que cesa al desembragar
G-ORIG-4458,1,Rodajes de transmision manual o eje primario gastados,1,TRAIN,"Vehiculo 41: Con el motor encendido en neutro suena un ronroneo continuo en la caja, pero al pisar el embrague el ruido desaparece por completo"
G-ORIG-4459,1,Rodajes de transmision manual o eje primario gastados,1,DEV,Vehiculo 42: Zumbido permanente de rodajes dentro de la caja de cambios mecanica que se apaga al desembragar y detener el eje de entrada
G-ORIG-4460,1,Rodajes de transmision manual o eje primario gastados,1,TRAIN,Vehiculo 43: Rodamiento del arbol primario de transmision con pistas picadas zumba constantemente en marcha neutra y acelerando
G-ORIG-4461,1,Rodajes de transmision manual o eje primario gastados,1,DEV,Vehiculo 44: Al pisar el pedal de clutch se corta el sonido de engranajes y rulemanes girando en la caja manual
G-ORIG-4462,1,Rodajes de transmision manual o eje primario gastados,1,TRAIN,Vehiculo 45: Ruido como de licuadora o cascabel en la transmision con vehiculo detenido que cesa al pisar el pedal a fondo
G-ORIG-4463,1,Rodajes de transmision manual o eje primario gastados,1,DEV,Vehiculo 46: Rodajes conicos de apoyo del eje principal de caja desgastados producen zumbido que sube con las revoluciones del motor
G-ORIG-4464,1,Rodajes de transmision manual o eje primario gastados,1,TRAIN,Vehiculo 47: Falta de lubricacion en la transmision provoco desgaste en los rodamientos del tren de engranajes con zumbido en neutro
G-ORIG-4465,1,Rodajes de transmision manual o eje primario gastados,1,TRAIN,Vehiculo 48: Sonido de rodadura interna en caja de velocidades que solo se manifiesta cuando el eje primario esta girando embragado
G-ORIG-4466,1,Rodajes de transmision manual o eje primario gastados,1,TRAIN,Vehiculo 49: Aspereza y rumor mecanico en la palanca de cambios en ralenti que se elimina al presionar el embrague
G-ORIG-4467,1,Rodajes de transmision manual o eje primario gastados,1,TRAIN,Vehiculo 50: Zumbido continuo en transmision manual presente en punto muerto y en marchas intermedias que cesa al desembragar
G-ORIG-4468,1,Rodamiento de maza o rodaje de rueda picado (zumbido de rodadura),1,TRAIN,Vehiculo 1: Zumbido sordo y grave de rodadura a partir de 50 km/h que se intensifica claramente al tomar curva hacia la derecha cargando la rueda izquierda
G-ORIG-4469,1,Rodamiento de maza o rodaje de rueda picado (zumbido de rodadura),1,TRAIN,Vehiculo 2: Ruido continuo como de avion a helice en las ruedas que incrementa su frecuencia y volumen a mayor velocidad
G-ORIG-4470,1,Rodamiento de maza o rodaje de rueda picado (zumbido de rodadura),1,TRAIN,Vehiculo 3: Al doblar hacia la curva abierta en carretera el zumbido de rueda se intensifica de manera notoria al cargarse el peso sobre la rueda exterior
G-ORIG-4471,1,Rodamiento de maza o rodaje de rueda picado (zumbido de rodadura),1,TRAIN,Vehiculo 4: Prueba con estetoscopio y giro manual de la rueda en el elevador revela aspereza y holgura en el rodamiento de maza
G-ORIG-4472,1,Rodamiento de maza o rodaje de rueda picado (zumbido de rodadura),1,TRAIN,Vehiculo 5: Rodaje sellado de buje de rueda delantera con fatiga superficial en las pistas genera zumbido de rozamiento constante
G-ORIG-4473,1,Rodamiento de maza o rodaje de rueda picado (zumbido de rodadura),1,DEV,Vehiculo 6: Vibracion de alta frecuencia perceptible en el piso y timon provocada por rodamiento de rueda picado
G-ORIG-4474,1,Rodamiento de maza o rodaje de rueda picado (zumbido de rodadura),1,TRAIN,Vehiculo 7: El zumbido de rodadura no cambia si piso el freno o si pongo la caja en neutro rodando en bajada
G-ORIG-4475,1,Rodamiento de maza o rodaje de rueda picado (zumbido de rodadura),1,TRAIN,Vehiculo 8: Maza de rueda toma temperatura excesiva por rodamiento sin grasa sintetica con pistas con picaduras de oxido
G-ORIG-4476,1,Rodamiento de maza o rodaje de rueda picado (zumbido de rodadura),1,TRAIN,Vehiculo 9: Sonido de rodaje wub wub en la rueda trasera que se vuelve insoportable en autopista sobre asfalto parejo
G-ORIG-4477,1,Rodamiento de maza o rodaje de rueda picado (zumbido de rodadura),1,DEV,Vehiculo 10: Juego de cojinete de rueda perceptible al bambolear la llanta con las manos a las 12 y 6 horas
G-ORIG-4478,1,Rodamiento de maza o rodaje de rueda picado (zumbido de rodadura),1,TRAIN,Vehiculo 11: Zumbido sordo y grave de rodadura a partir de 50 km/h que se intensifica claramente al tomar curva hacia la izquierda cargando la rueda derecha
G-ORIG-4479,1,Rodamiento de maza o rodaje de rueda picado (zumbido de rodadura),1,TRAIN,Vehiculo 12: Ruido continuo como de avion a helice en las ruedas que incrementa su frecuencia y volumen a mayor velocidad
G-ORIG-4480,1,Rodamiento de maza o rodaje de rueda picado (zumbido de rodadura),1,TRAIN,Vehiculo 13: Al doblar hacia la la derecha cargando la rueda izquierda el zumbido de rueda aumenta fuertemente de volumen al cargarse el peso sobre la rueda exterior
G-ORIG-4481,1,Rodamiento de maza o rodaje de rueda picado (zumbido de rodadura),1,TRAIN,Vehiculo 14: Prueba con estetoscopio y giro manual de la rueda en el elevador revela aspereza y holgura en el rodamiento de maza
G-ORIG-4482,1,Rodamiento de maza o rodaje de rueda picado (zumbido de rodadura),1,TRAIN,Vehiculo 15: Rodaje sellado de buje de rueda delantera con fatiga superficial en las pistas genera zumbido de rozamiento constante
G-ORIG-4483,1,Rodamiento de maza o rodaje de rueda picado (zumbido de rodadura),1,DEV,Vehiculo 16: Vibracion de alta frecuencia perceptible en el piso y timon provocada por rodamiento de rueda picado
G-ORIG-4484,1,Rodamiento de maza o rodaje de rueda picado (zumbido de rodadura),1,TRAIN,Vehiculo 17: El zumbido de rodadura no cambia si piso el freno o si pongo la caja en neutro rodando en bajada
G-ORIG-4485,1,Rodamiento de maza o rodaje de rueda picado (zumbido de rodadura),1,TRAIN,Vehiculo 18: Maza de rueda toma temperatura excesiva por rodamiento sin grasa sintetica con pistas con picaduras de oxido
G-ORIG-4486,1,Rodamiento de maza o rodaje de rueda picado (zumbido de rodadura),1,TRAIN,Vehiculo 19: Sonido de rodaje wub wub en la rueda trasera que se vuelve insoportable en autopista sobre asfalto parejo
G-ORIG-4487,1,Rodamiento de maza o rodaje de rueda picado (zumbido de rodadura),1,DEV,Vehiculo 20: Juego de cojinete de rueda perceptible al bambolear la llanta con las manos a las 12 y 6 horas
G-ORIG-4488,1,Rodamiento de maza o rodaje de rueda picado (zumbido de rodadura),1,TRAIN,Vehiculo 21: Zumbido sordo y grave de rodadura a partir de 50 km/h que se intensifica claramente al tomar curva hacia curva abierta en carretera
G-ORIG-4489,1,Rodamiento de maza o rodaje de rueda picado (zumbido de rodadura),1,TRAIN,Vehiculo 22: Ruido continuo como de avion a helice en las ruedas que incrementa su frecuencia y volumen a mayor velocidad
G-ORIG-4490,1,Rodamiento de maza o rodaje de rueda picado (zumbido de rodadura),1,TRAIN,Vehiculo 23: Al doblar hacia la la izquierda cargando la rueda derecha el zumbido de rueda se agudiza de forma evidente al cargarse el peso sobre la rueda exterior
G-ORIG-4491,1,Rodamiento de maza o rodaje de rueda picado (zumbido de rodadura),1,TRAIN,Vehiculo 24: Prueba con estetoscopio y giro manual de la rueda en el elevador revela aspereza y holgura en el rodamiento de maza
G-ORIG-4492,1,Rodamiento de maza o rodaje de rueda picado (zumbido de rodadura),1,TRAIN,Vehiculo 25: Rodaje sellado de buje de rueda delantera con fatiga superficial en las pistas genera zumbido de rozamiento constante
G-ORIG-4493,1,Rodamiento de maza o rodaje de rueda picado (zumbido de rodadura),1,TRAIN,Vehiculo 26: Vibracion de alta frecuencia perceptible en el piso y timon provocada por rodamiento de rueda picado
G-ORIG-4494,1,Rodamiento de maza o rodaje de rueda picado (zumbido de rodadura),1,TRAIN,Vehiculo 27: El zumbido de rodadura no cambia si piso el freno o si pongo la caja en neutro rodando en bajada
G-ORIG-4495,1,Rodamiento de maza o rodaje de rueda picado (zumbido de rodadura),1,TRAIN,Vehiculo 28: Maza de rueda toma temperatura excesiva por rodamiento sin grasa sintetica con pistas con picaduras de oxido
G-ORIG-4496,1,Rodamiento de maza o rodaje de rueda picado (zumbido de rodadura),1,TRAIN,Vehiculo 29: Sonido de rodaje wub wub en la rueda trasera que se vuelve insoportable en autopista sobre asfalto parejo
G-ORIG-4497,1,Rodamiento de maza o rodaje de rueda picado (zumbido de rodadura),1,TRAIN,Vehiculo 30: Juego de cojinete de rueda perceptible al bambolear la llanta con las manos a las 12 y 6 horas
G-ORIG-4498,1,Rodamiento de maza o rodaje de rueda picado (zumbido de rodadura),1,TRAIN,Vehiculo 31: Zumbido sordo y grave de rodadura a partir de 50 km/h que se intensifica claramente al tomar curva hacia la derecha cargando la rueda izquierda
G-ORIG-4499,1,Rodamiento de maza o rodaje de rueda picado (zumbido de rodadura),1,DEV,Vehiculo 32: Ruido continuo como de avion a helice en las ruedas que incrementa su frecuencia y volumen a mayor velocidad
G-ORIG-4500,1,Rodamiento de maza o rodaje de rueda picado (zumbido de rodadura),1,DEV,Vehiculo 33: Al doblar hacia la curva abierta en carretera el zumbido de rueda se intensifica de manera notoria al cargarse el peso sobre la rueda exterior
G-ORIG-4501,1,Rodamiento de maza o rodaje de rueda picado (zumbido de rodadura),1,TRAIN,Vehiculo 34: Prueba con estetoscopio y giro manual de la rueda en el elevador revela aspereza y holgura en el rodamiento de maza
G-ORIG-4502,1,Rodamiento de maza o rodaje de rueda picado (zumbido de rodadura),1,TRAIN,Vehiculo 35: Rodaje sellado de buje de rueda delantera con fatiga superficial en las pistas genera zumbido de rozamiento constante
G-ORIG-4503,1,Rodamiento de maza o rodaje de rueda picado (zumbido de rodadura),1,TRAIN,Vehiculo 36: Vibracion de alta frecuencia perceptible en el piso y timon provocada por rodamiento de rueda picado
G-ORIG-4504,1,Rodamiento de maza o rodaje de rueda picado (zumbido de rodadura),1,TRAIN,Vehiculo 37: El zumbido de rodadura no cambia si piso el freno o si pongo la caja en neutro rodando en bajada
G-ORIG-4505,1,Rodamiento de maza o rodaje de rueda picado (zumbido de rodadura),1,TRAIN,Vehiculo 38: Maza de rueda toma temperatura excesiva por rodamiento sin grasa sintetica con pistas con picaduras de oxido
G-ORIG-4506,1,Rodamiento de maza o rodaje de rueda picado (zumbido de rodadura),1,TRAIN,Vehiculo 39: Sonido de rodaje wub wub en la rueda trasera que se vuelve insoportable en autopista sobre asfalto parejo
G-ORIG-4507,1,Rodamiento de maza o rodaje de rueda picado (zumbido de rodadura),1,TRAIN,Vehiculo 40: Juego de cojinete de rueda perceptible al bambolear la llanta con las manos a las 12 y 6 horas
G-ORIG-4508,1,Rodamiento de maza o rodaje de rueda picado (zumbido de rodadura),1,DEV,Vehiculo 41: Zumbido sordo y grave de rodadura a partir de 50 km/h que se intensifica claramente al tomar curva hacia la izquierda cargando la rueda derecha
G-ORIG-4509,1,Rodamiento de maza o rodaje de rueda picado (zumbido de rodadura),1,TRAIN,Vehiculo 42: Ruido continuo como de avion a helice en las ruedas que incrementa su frecuencia y volumen a mayor velocidad
G-ORIG-4510,1,Rodamiento de maza o rodaje de rueda picado (zumbido de rodadura),1,DEV,Vehiculo 43: Al doblar hacia la la derecha cargando la rueda izquierda el zumbido de rueda aumenta fuertemente de volumen al cargarse el peso sobre la rueda exterior
G-ORIG-4511,1,Rodamiento de maza o rodaje de rueda picado (zumbido de rodadura),1,TRAIN,Vehiculo 44: Prueba con estetoscopio y giro manual de la rueda en el elevador revela aspereza y holgura en el rodamiento de maza
G-ORIG-4512,1,Rodamiento de maza o rodaje de rueda picado (zumbido de rodadura),1,DEV,Vehiculo 45: Rodaje sellado de buje de rueda delantera con fatiga superficial en las pistas genera zumbido de rozamiento constante
G-ORIG-4513,1,Rodamiento de maza o rodaje de rueda picado (zumbido de rodadura),1,DEV,Vehiculo 46: Vibracion de alta frecuencia perceptible en el piso y timon provocada por rodamiento de rueda picado
G-ORIG-4514,1,Rodamiento de maza o rodaje de rueda picado (zumbido de rodadura),1,TRAIN,Vehiculo 47: El zumbido de rodadura no cambia si piso el freno o si pongo la caja en neutro rodando en bajada
G-ORIG-4515,1,Rodamiento de maza o rodaje de rueda picado (zumbido de rodadura),1,DEV,Vehiculo 48: Maza de rueda toma temperatura excesiva por rodamiento sin grasa sintetica con pistas con picaduras de oxido
G-ORIG-4516,1,Rodamiento de maza o rodaje de rueda picado (zumbido de rodadura),1,TRAIN,Vehiculo 49: Sonido de rodaje wub wub en la rueda trasera que se vuelve insoportable en autopista sobre asfalto parejo
G-ORIG-4517,1,Rodamiento de maza o rodaje de rueda picado (zumbido de rodadura),1,TRAIN,Vehiculo 50: Juego de cojinete de rueda perceptible al bambolear la llanta con las manos a las 12 y 6 horas
G-ORIG-4518,1,Falla en motor de arranque o solenoide defectuoso (clac seco o carbones gastados),1,TRAIN,Vehiculo 1: Giro la llave a la posicion START y solo se escucha un clac seco pero el motor de arranque no gira nada
G-ORIG-4519,1,Falla en motor de arranque o solenoide defectuoso (clac seco o carbones gastados),1,TRAIN,Vehiculo 2: Bateria completamente cargada a 12.6 voltios pero al dar contacto se oye un solo clic metalico y no da marcha
G-ORIG-4520,1,Falla en motor de arranque o solenoide defectuoso (clac seco o carbones gastados),1,TRAIN,Vehiculo 3: Tengo que darle unos golpes suaves a la carcasa del motor de arranque para que los carbones hagan contacto y encienda
G-ORIG-4521,1,Falla en motor de arranque o solenoide defectuoso (clac seco o carbones gastados),1,TRAIN,Vehiculo 4: Escobillas y carbones del arrancador totalmente consumidos no transmiten la corriente al colector del inducido
G-ORIG-4522,1,Falla en motor de arranque o solenoide defectuoso (clac seco o carbones gastados),1,DEV,Vehiculo 5: Terminal 50 del solenoide recibe 12V con la llave en arranque pero los contactos internos fogueados impiden girar
G-ORIG-4523,1,Falla en motor de arranque o solenoide defectuoso (clac seco o carbones gastados),1,TRAIN,"Vehiculo 6: El motor de arranque se queda mudo de manera aleatoria, a veces prende normal y otras veces no hace ningun sonido"
G-ORIG-4524,1,Falla en motor de arranque o solenoide defectuoso (clac seco o carbones gastados),1,TRAIN,Vehiculo 7: Solenoide de arranque con bobina de retencion cortada produce golpeteo clac clac sin engranar el bendix
G-ORIG-4525,1,Falla en motor de arranque o solenoide defectuoso (clac seco o carbones gastados),1,DEV,"Vehiculo 8: Faros del vehiculo alumbran con maxima potencia y testigos firmes, pero el arrancador no reacciona al dar arranque"
G-ORIG-4526,1,Falla en motor de arranque o solenoide defectuoso (clac seco o carbones gastados),1,DEV,Vehiculo 9: Bendix o motor de arranque gira en vacio zumbando a alta velocidad sin acoplar a la corona del volante motor
G-ORIG-4527,1,Falla en motor de arranque o solenoide defectuoso (clac seco o carbones gastados),1,TRAIN,Vehiculo 10: Falso contacto en la linea de alimentacion del arrancador deja el vehiculo sin poder dar marcha sin aviso previo
G-ORIG-4528,1,Falla en motor de arranque o solenoide defectuoso (clac seco o carbones gastados),1,TRAIN,Vehiculo 11: Giro la llave a la posicion START y solo se escucha un clac seco pero el motor de arranque no gira nada
G-ORIG-4529,1,Falla en motor de arranque o solenoide defectuoso (clac seco o carbones gastados),1,TRAIN,Vehiculo 12: Bateria completamente cargada a 12.8 voltios pero al dar contacto se oye un solo clic metalico y no da marcha
G-ORIG-4530,1,Falla en motor de arranque o solenoide defectuoso (clac seco o carbones gastados),1,TRAIN,Vehiculo 13: Tengo que darle unos golpes suaves a la carcasa del motor de arranque para que los carbones hagan contacto y encienda
G-ORIG-4531,1,Falla en motor de arranque o solenoide defectuoso (clac seco o carbones gastados),1,TRAIN,Vehiculo 14: Escobillas y carbones del arrancador totalmente consumidos no transmiten la corriente al colector del inducido
G-ORIG-4532,1,Falla en motor de arranque o solenoide defectuoso (clac seco o carbones gastados),1,TRAIN,Vehiculo 15: Terminal 50 del solenoide recibe 12V con la llave en arranque pero los contactos internos fogueados impiden girar
G-ORIG-4533,1,Falla en motor de arranque o solenoide defectuoso (clac seco o carbones gastados),1,TRAIN,"Vehiculo 16: El motor de arranque se queda mudo de manera aleatoria, a veces prende normal y otras veces no hace ningun sonido"
G-ORIG-4534,1,Falla en motor de arranque o solenoide defectuoso (clac seco o carbones gastados),1,TRAIN,Vehiculo 17: Solenoide de arranque con bobina de retencion cortada produce golpeteo clac clac sin engranar el bendix
G-ORIG-4535,1,Falla en motor de arranque o solenoide defectuoso (clac seco o carbones gastados),1,DEV,"Vehiculo 18: Faros del vehiculo alumbran con maxima potencia y testigos firmes, pero el arrancador no reacciona al dar arranque"
G-ORIG-4536,1,Falla en motor de arranque o solenoide defectuoso (clac seco o carbones gastados),1,TRAIN,Vehiculo 19: Bendix o motor de arranque gira en vacio zumbando a alta velocidad sin acoplar a la corona del volante motor
G-ORIG-4537,1,Falla en motor de arranque o solenoide defectuoso (clac seco o carbones gastados),1,TRAIN,Vehiculo 20: Falso contacto en la linea de alimentacion del arrancador deja el vehiculo sin poder dar marcha sin aviso previo
G-ORIG-4538,1,Falla en motor de arranque o solenoide defectuoso (clac seco o carbones gastados),1,TRAIN,Vehiculo 21: Giro la llave a la posicion START y solo se escucha un clac seco pero el motor de arranque no gira nada
G-ORIG-4539,1,Falla en motor de arranque o solenoide defectuoso (clac seco o carbones gastados),1,TRAIN,Vehiculo 22: Bateria completamente cargada a 12.6 voltios pero al dar contacto se oye un solo clic metalico y no da marcha
G-ORIG-4540,1,Falla en motor de arranque o solenoide defectuoso (clac seco o carbones gastados),1,TRAIN,Vehiculo 23: Tengo que darle unos golpes suaves a la carcasa del motor de arranque para que los carbones hagan contacto y encienda
G-ORIG-4541,1,Falla en motor de arranque o solenoide defectuoso (clac seco o carbones gastados),1,TRAIN,Vehiculo 24: Escobillas y carbones del arrancador totalmente consumidos no transmiten la corriente al colector del inducido
G-ORIG-4542,1,Falla en motor de arranque o solenoide defectuoso (clac seco o carbones gastados),1,TRAIN,Vehiculo 25: Terminal 50 del solenoide recibe 12V con la llave en arranque pero los contactos internos fogueados impiden girar
G-ORIG-4543,1,Falla en motor de arranque o solenoide defectuoso (clac seco o carbones gastados),1,TRAIN,"Vehiculo 26: El motor de arranque se queda mudo de manera aleatoria, a veces prende normal y otras veces no hace ningun sonido"
G-ORIG-4544,1,Falla en motor de arranque o solenoide defectuoso (clac seco o carbones gastados),1,DEV,Vehiculo 27: Solenoide de arranque con bobina de retencion cortada produce golpeteo clac clac sin engranar el bendix
G-ORIG-4545,1,Falla en motor de arranque o solenoide defectuoso (clac seco o carbones gastados),1,DEV,"Vehiculo 28: Faros del vehiculo alumbran con maxima potencia y testigos firmes, pero el arrancador no reacciona al dar arranque"
G-ORIG-4546,1,Falla en motor de arranque o solenoide defectuoso (clac seco o carbones gastados),1,TRAIN,Vehiculo 29: Bendix o motor de arranque gira en vacio zumbando a alta velocidad sin acoplar a la corona del volante motor
G-ORIG-4547,1,Falla en motor de arranque o solenoide defectuoso (clac seco o carbones gastados),1,TRAIN,Vehiculo 30: Falso contacto en la linea de alimentacion del arrancador deja el vehiculo sin poder dar marcha sin aviso previo
G-ORIG-4548,1,Falla en motor de arranque o solenoide defectuoso (clac seco o carbones gastados),1,TRAIN,Vehiculo 31: Giro la llave a la posicion START y solo se escucha un clac seco pero el motor de arranque no gira nada
G-ORIG-4549,1,Falla en motor de arranque o solenoide defectuoso (clac seco o carbones gastados),1,TRAIN,Vehiculo 32: Bateria completamente cargada a 12.8 voltios pero al dar contacto se oye un solo clic metalico y no da marcha
G-ORIG-4550,1,Falla en motor de arranque o solenoide defectuoso (clac seco o carbones gastados),1,TRAIN,Vehiculo 33: Tengo que darle unos golpes suaves a la carcasa del motor de arranque para que los carbones hagan contacto y encienda
G-ORIG-4551,1,Falla en motor de arranque o solenoide defectuoso (clac seco o carbones gastados),1,DEV,Vehiculo 34: Escobillas y carbones del arrancador totalmente consumidos no transmiten la corriente al colector del inducido
G-ORIG-4552,1,Falla en motor de arranque o solenoide defectuoso (clac seco o carbones gastados),1,TRAIN,Vehiculo 35: Terminal 50 del solenoide recibe 12V con la llave en arranque pero los contactos internos fogueados impiden girar
G-ORIG-4553,1,Falla en motor de arranque o solenoide defectuoso (clac seco o carbones gastados),1,TRAIN,"Vehiculo 36: El motor de arranque se queda mudo de manera aleatoria, a veces prende normal y otras veces no hace ningun sonido"
G-ORIG-4554,1,Falla en motor de arranque o solenoide defectuoso (clac seco o carbones gastados),1,TRAIN,Vehiculo 37: Solenoide de arranque con bobina de retencion cortada produce golpeteo clac clac sin engranar el bendix
G-ORIG-4555,1,Falla en motor de arranque o solenoide defectuoso (clac seco o carbones gastados),1,TRAIN,"Vehiculo 38: Faros del vehiculo alumbran con maxima potencia y testigos firmes, pero el arrancador no reacciona al dar arranque"
G-ORIG-4556,1,Falla en motor de arranque o solenoide defectuoso (clac seco o carbones gastados),1,TRAIN,Vehiculo 39: Bendix o motor de arranque gira en vacio zumbando a alta velocidad sin acoplar a la corona del volante motor
G-ORIG-4557,1,Falla en motor de arranque o solenoide defectuoso (clac seco o carbones gastados),1,TRAIN,Vehiculo 40: Falso contacto en la linea de alimentacion del arrancador deja el vehiculo sin poder dar marcha sin aviso previo
G-ORIG-4558,1,Falla en motor de arranque o solenoide defectuoso (clac seco o carbones gastados),1,TRAIN,Vehiculo 41: Giro la llave a la posicion START y solo se escucha un clac seco pero el motor de arranque no gira nada
G-ORIG-4559,1,Falla en motor de arranque o solenoide defectuoso (clac seco o carbones gastados),1,DEV,Vehiculo 42: Bateria completamente cargada a 12.6 voltios pero al dar contacto se oye un solo clic metalico y no da marcha
G-ORIG-4560,1,Falla en motor de arranque o solenoide defectuoso (clac seco o carbones gastados),1,TRAIN,Vehiculo 43: Tengo que darle unos golpes suaves a la carcasa del motor de arranque para que los carbones hagan contacto y encienda
G-ORIG-4561,1,Falla en motor de arranque o solenoide defectuoso (clac seco o carbones gastados),1,TRAIN,Vehiculo 44: Escobillas y carbones del arrancador totalmente consumidos no transmiten la corriente al colector del inducido
G-ORIG-4562,1,Falla en motor de arranque o solenoide defectuoso (clac seco o carbones gastados),1,TRAIN,Vehiculo 45: Terminal 50 del solenoide recibe 12V con la llave en arranque pero los contactos internos fogueados impiden girar
G-ORIG-4563,1,Falla en motor de arranque o solenoide defectuoso (clac seco o carbones gastados),1,TRAIN,"Vehiculo 46: El motor de arranque se queda mudo de manera aleatoria, a veces prende normal y otras veces no hace ningun sonido"
G-ORIG-4564,1,Falla en motor de arranque o solenoide defectuoso (clac seco o carbones gastados),1,TRAIN,Vehiculo 47: Solenoide de arranque con bobina de retencion cortada produce golpeteo clac clac sin engranar el bendix
G-ORIG-4565,1,Falla en motor de arranque o solenoide defectuoso (clac seco o carbones gastados),1,DEV,"Vehiculo 48: Faros del vehiculo alumbran con maxima potencia y testigos firmes, pero el arrancador no reacciona al dar arranque"
G-ORIG-4566,1,Falla en motor de arranque o solenoide defectuoso (clac seco o carbones gastados),1,TRAIN,Vehiculo 49: Bendix o motor de arranque gira en vacio zumbando a alta velocidad sin acoplar a la corona del volante motor
G-ORIG-4567,1,Falla en motor de arranque o solenoide defectuoso (clac seco o carbones gastados),1,TRAIN,Vehiculo 50: Falso contacto en la linea de alimentacion del arrancador deja el vehiculo sin poder dar marcha sin aviso previo
G-ORIG-4568,1,Fuga parasita de corriente en reposo (consumo nocturno de bateria),1,TRAIN,Vehiculo 1: Bateria amanece totalmente descargada a 11.2V si dejo el auto estacionado de un dia para otro
G-ORIG-4569,1,Fuga parasita de corriente en reposo (consumo nocturno de bateria),1,TRAIN,Vehiculo 2: Bateria nueva instalada hace una semana se drena sola despues de 48 horas sin encender el vehiculo
G-ORIG-4570,1,Fuga parasita de corriente en reposo (consumo nocturno de bateria),1,TRAIN,Vehiculo 3: Medicion con multimetro en serie en borne negativo marca 450 miliamperios de consumo parasito en reposo con llave fuera
G-ORIG-4571,1,Fuga parasita de corriente en reposo (consumo nocturno de bateria),1,TRAIN,Vehiculo 4: Modulo electronico de confort BCM o radio no entra en modo reposo y sigue consumiendo 0.80 amperios apagado
G-ORIG-4572,1,Fuga parasita de corriente en reposo (consumo nocturno de bateria),1,TRAIN,Vehiculo 5: Luz interior de la maletera o guantera permanece encendida con la tapa cerrada descargando la bateria por la noche
G-ORIG-4573,1,Fuga parasita de corriente en reposo (consumo nocturno de bateria),1,TRAIN,Vehiculo 6: Alternador carga perfecto a 14.2 voltios pero el carro amanece sin bateria por fuga parásita continua
G-ORIG-4574,1,Fuga parasita de corriente en reposo (consumo nocturno de bateria),1,TRAIN,Vehiculo 7: Al retirar los fusibles uno por uno el consumo cae a 25 mA al desconectar el circuito del fusible de accesorios
G-ORIG-4575,1,Fuga parasita de corriente en reposo (consumo nocturno de bateria),1,DEV,Vehiculo 8: Alarma o sistema de rastreo satelital GPS defectuoso tiene consumo excesivo de corriente que agota la bateria
G-ORIG-4576,1,Fuga parasita de corriente en reposo (consumo nocturno de bateria),1,TRAIN,Vehiculo 9: Consumo en reposo de mas de 250 mA excede por mucho la norma tecnica de maximo 50 mA segun manual OEM
G-ORIG-4577,1,Fuga parasita de corriente en reposo (consumo nocturno de bateria),1,TRAIN,Vehiculo 10: Si desconecto el borne de la bateria al parquearlo arranca al primer toque al dia siguiente confirmando fuga
G-ORIG-4578,1,Fuga parasita de corriente en reposo (consumo nocturno de bateria),1,TRAIN,Vehiculo 11: Bateria amanece totalmente descargada a 10.8V si dejo el auto estacionado de un dia para otro
G-ORIG-4579,1,Fuga parasita de corriente en reposo (consumo nocturno de bateria),1,TRAIN,Vehiculo 12: Bateria nueva instalada hace una semana se drena sola despues de 48 horas sin encender el vehiculo
G-ORIG-4580,1,Fuga parasita de corriente en reposo (consumo nocturno de bateria),1,TRAIN,Vehiculo 13: Medicion con multimetro en serie en borne negativo marca 250 miliamperios de consumo parasito en reposo con llave fuera
G-ORIG-4581,1,Fuga parasita de corriente en reposo (consumo nocturno de bateria),1,DEV,Vehiculo 14: Modulo electronico de confort BCM o radio no entra en modo reposo y sigue consumiendo 0.45 amperios apagado
G-ORIG-4582,1,Fuga parasita de corriente en reposo (consumo nocturno de bateria),1,TRAIN,Vehiculo 15: Luz interior de la maletera o guantera permanece encendida con la tapa cerrada descargando la bateria por la noche
G-ORIG-4583,1,Fuga parasita de corriente en reposo (consumo nocturno de bateria),1,TRAIN,Vehiculo 16: Alternador carga perfecto a 14.2 voltios pero el carro amanece sin bateria por fuga parásita continua
G-ORIG-4584,1,Fuga parasita de corriente en reposo (consumo nocturno de bateria),1,DEV,Vehiculo 17: Al retirar los fusibles uno por uno el consumo cae a 25 mA al desconectar el circuito del fusible de accesorios
G-ORIG-4585,1,Fuga parasita de corriente en reposo (consumo nocturno de bateria),1,TRAIN,Vehiculo 18: Alarma o sistema de rastreo satelital GPS defectuoso tiene consumo excesivo de corriente que agota la bateria
G-ORIG-4586,1,Fuga parasita de corriente en reposo (consumo nocturno de bateria),1,TRAIN,Vehiculo 19: Consumo en reposo de mas de 450 mA excede por mucho la norma tecnica de maximo 50 mA segun manual OEM
G-ORIG-4587,1,Fuga parasita de corriente en reposo (consumo nocturno de bateria),1,TRAIN,Vehiculo 20: Si desconecto el borne de la bateria al parquearlo arranca al primer toque al dia siguiente confirmando fuga
G-ORIG-4588,1,Fuga parasita de corriente en reposo (consumo nocturno de bateria),1,TRAIN,Vehiculo 21: Bateria amanece totalmente descargada a 11.2V si dejo el auto estacionado de un dia para otro
G-ORIG-4589,1,Fuga parasita de corriente en reposo (consumo nocturno de bateria),1,DEV,Vehiculo 22: Bateria nueva instalada hace una semana se drena sola despues de 48 horas sin encender el vehiculo
G-ORIG-4590,1,Fuga parasita de corriente en reposo (consumo nocturno de bateria),1,TRAIN,Vehiculo 23: Medicion con multimetro en serie en borne negativo marca 450 miliamperios de consumo parasito en reposo con llave fuera
G-ORIG-4591,1,Fuga parasita de corriente en reposo (consumo nocturno de bateria),1,TRAIN,Vehiculo 24: Modulo electronico de confort BCM o radio no entra en modo reposo y sigue consumiendo 0.80 amperios apagado
G-ORIG-4592,1,Fuga parasita de corriente en reposo (consumo nocturno de bateria),1,TRAIN,Vehiculo 25: Luz interior de la maletera o guantera permanece encendida con la tapa cerrada descargando la bateria por la noche
G-ORIG-4593,1,Fuga parasita de corriente en reposo (consumo nocturno de bateria),1,DEV,Vehiculo 26: Alternador carga perfecto a 14.2 voltios pero el carro amanece sin bateria por fuga parásita continua
G-ORIG-4594,1,Fuga parasita de corriente en reposo (consumo nocturno de bateria),1,DEV,Vehiculo 27: Al retirar los fusibles uno por uno el consumo cae a 25 mA al desconectar el circuito del fusible de accesorios
G-ORIG-4595,1,Fuga parasita de corriente en reposo (consumo nocturno de bateria),1,TRAIN,Vehiculo 28: Alarma o sistema de rastreo satelital GPS defectuoso tiene consumo excesivo de corriente que agota la bateria
G-ORIG-4596,1,Fuga parasita de corriente en reposo (consumo nocturno de bateria),1,DEV,Vehiculo 29: Consumo en reposo de mas de 250 mA excede por mucho la norma tecnica de maximo 50 mA segun manual OEM
G-ORIG-4597,1,Fuga parasita de corriente en reposo (consumo nocturno de bateria),1,TRAIN,Vehiculo 30: Si desconecto el borne de la bateria al parquearlo arranca al primer toque al dia siguiente confirmando fuga
G-ORIG-4598,1,Fuga parasita de corriente en reposo (consumo nocturno de bateria),1,TRAIN,Vehiculo 31: Bateria amanece totalmente descargada a 10.8V si dejo el auto estacionado de un dia para otro
G-ORIG-4599,1,Fuga parasita de corriente en reposo (consumo nocturno de bateria),1,TRAIN,Vehiculo 32: Bateria nueva instalada hace una semana se drena sola despues de 48 horas sin encender el vehiculo
G-ORIG-4600,1,Fuga parasita de corriente en reposo (consumo nocturno de bateria),1,TRAIN,Vehiculo 33: Medicion con multimetro en serie en borne negativo marca 250 miliamperios de consumo parasito en reposo con llave fuera
G-ORIG-4601,1,Fuga parasita de corriente en reposo (consumo nocturno de bateria),1,TRAIN,Vehiculo 34: Modulo electronico de confort BCM o radio no entra en modo reposo y sigue consumiendo 0.45 amperios apagado
G-ORIG-4602,1,Fuga parasita de corriente en reposo (consumo nocturno de bateria),1,TRAIN,Vehiculo 35: Luz interior de la maletera o guantera permanece encendida con la tapa cerrada descargando la bateria por la noche
G-ORIG-4603,1,Fuga parasita de corriente en reposo (consumo nocturno de bateria),1,TRAIN,Vehiculo 36: Alternador carga perfecto a 14.2 voltios pero el carro amanece sin bateria por fuga parásita continua
G-ORIG-4604,1,Fuga parasita de corriente en reposo (consumo nocturno de bateria),1,DEV,Vehiculo 37: Al retirar los fusibles uno por uno el consumo cae a 25 mA al desconectar el circuito del fusible de accesorios
G-ORIG-4605,1,Fuga parasita de corriente en reposo (consumo nocturno de bateria),1,TRAIN,Vehiculo 38: Alarma o sistema de rastreo satelital GPS defectuoso tiene consumo excesivo de corriente que agota la bateria
G-ORIG-4606,1,Fuga parasita de corriente en reposo (consumo nocturno de bateria),1,TRAIN,Vehiculo 39: Consumo en reposo de mas de 450 mA excede por mucho la norma tecnica de maximo 50 mA segun manual OEM
G-ORIG-4607,1,Fuga parasita de corriente en reposo (consumo nocturno de bateria),1,TRAIN,Vehiculo 40: Si desconecto el borne de la bateria al parquearlo arranca al primer toque al dia siguiente confirmando fuga
G-ORIG-4608,1,Fuga parasita de corriente en reposo (consumo nocturno de bateria),1,TRAIN,Vehiculo 41: Bateria amanece totalmente descargada a 11.2V si dejo el auto estacionado de un dia para otro
G-ORIG-4609,1,Fuga parasita de corriente en reposo (consumo nocturno de bateria),1,TRAIN,Vehiculo 42: Bateria nueva instalada hace una semana se drena sola despues de 48 horas sin encender el vehiculo
G-ORIG-4610,1,Fuga parasita de corriente en reposo (consumo nocturno de bateria),1,DEV,Vehiculo 43: Medicion con multimetro en serie en borne negativo marca 450 miliamperios de consumo parasito en reposo con llave fuera
G-ORIG-4611,1,Fuga parasita de corriente en reposo (consumo nocturno de bateria),1,TRAIN,Vehiculo 44: Modulo electronico de confort BCM o radio no entra en modo reposo y sigue consumiendo 0.80 amperios apagado
G-ORIG-4612,1,Fuga parasita de corriente en reposo (consumo nocturno de bateria),1,DEV,Vehiculo 45: Luz interior de la maletera o guantera permanece encendida con la tapa cerrada descargando la bateria por la noche
G-ORIG-4613,1,Fuga parasita de corriente en reposo (consumo nocturno de bateria),1,TRAIN,Vehiculo 46: Alternador carga perfecto a 14.2 voltios pero el carro amanece sin bateria por fuga parásita continua
G-ORIG-4614,1,Fuga parasita de corriente en reposo (consumo nocturno de bateria),1,TRAIN,Vehiculo 47: Al retirar los fusibles uno por uno el consumo cae a 25 mA al desconectar el circuito del fusible de accesorios
G-ORIG-4615,1,Fuga parasita de corriente en reposo (consumo nocturno de bateria),1,TRAIN,Vehiculo 48: Alarma o sistema de rastreo satelital GPS defectuoso tiene consumo excesivo de corriente que agota la bateria
G-ORIG-4616,1,Fuga parasita de corriente en reposo (consumo nocturno de bateria),1,DEV,Vehiculo 49: Consumo en reposo de mas de 250 mA excede por mucho la norma tecnica de maximo 50 mA segun manual OEM
G-ORIG-4617,1,Fuga parasita de corriente en reposo (consumo nocturno de bateria),1,TRAIN,Vehiculo 50: Si desconecto el borne de la bateria al parquearlo arranca al primer toque al dia siguiente confirmando fuga
G-ORIG-4618,1,Falla en actuador de resorte o camara Maxi-Brake trabada (frenos de aire),1,TRAIN,Camion 1: Camion de carga con sistema de frenos de aire tiene la rueda trasera derecha totalmente bloqueada y arrastrando neumático
G-ORIG-4619,1,Falla en actuador de resorte o camara Maxi-Brake trabada (frenos de aire),1,DEV,Camion 2: Al liberar la valvula amarilla de parqueo del tablero la camara de resorte Maxi-Brake izquierda no comprime el resorte
G-ORIG-4620,1,Falla en actuador de resorte o camara Maxi-Brake trabada (frenos de aire),1,TRAIN,Camion 3: Presion de aire en manometros marca 8.5 bares pero el diafragma de la camara de estacionamiento pierde aire por el orificio de alivio
G-ORIG-4621,1,Falla en actuador de resorte o camara Maxi-Brake trabada (frenos de aire),1,TRAIN,Camion 4: Fuga continua de aire a presion en el actuador elastico Maxi-Brake impide que las balatas de freno se separen del tambor
G-ORIG-4622,1,Falla en actuador de resorte o camara Maxi-Brake trabada (frenos de aire),1,TRAIN,Camion 5: Camara combinada de servicio y emergencia tipo 30/30 trabada mecanicamente por resorte de alta potencia roto
G-ORIG-4623,1,Falla en actuador de resorte o camara Maxi-Brake trabada (frenos de aire),1,TRAIN,Camion 6: Ruedas motrices posteriores bloqueadas sin poder mover el camion por falta de liberacion neumatica en el actuador
G-ORIG-4624,1,Falla en actuador de resorte o camara Maxi-Brake trabada (frenos de aire),1,TRAIN,Camion 7: Olor a balata quemada y humo en el eje trasero provocado por camara Maxi-Brake que no retrae la varilla de empuje
G-ORIG-4625,1,Falla en actuador de resorte o camara Maxi-Brake trabada (frenos de aire),1,TRAIN,Camion 8: Falla de desenganche del freno de resorte de seguridad por rotura del sello diafragma en la seccion de parqueo
G-ORIG-4626,1,Falla en actuador de resorte o camara Maxi-Brake trabada (frenos de aire),1,TRAIN,Camion 9: Perdida de aire acelerada al accionar el pedal de freno por cilindro de freno neumatico Maxi-Brake fisurado
G-ORIG-4627,1,Falla en actuador de resorte o camara Maxi-Brake trabada (frenos de aire),1,TRAIN,Camion 10: Tornillo de descompresion manual de la camara Maxi-Brake tuvo que ser ajustado para poder destrabar la rueda del camion
G-ORIG-4628,1,Falla en actuador de resorte o camara Maxi-Brake trabada (frenos de aire),1,DEV,Camion 11: Camion de carga con sistema de frenos de aire tiene la rueda trasera trasera motriz derecha totalmente bloqueada y arrastrando neumático
G-ORIG-4629,1,Falla en actuador de resorte o camara Maxi-Brake trabada (frenos de aire),1,TRAIN,Camion 12: Al liberar la valvula amarilla de parqueo del tablero la camara de resorte Maxi-Brake trasera motriz izquierda no comprime el resorte
G-ORIG-4630,1,Falla en actuador de resorte o camara Maxi-Brake trabada (frenos de aire),1,TRAIN,Camion 13: Presion de aire en manometros marca 8.5 bares pero el diafragma de la camara de estacionamiento pierde aire por el orificio de alivio
G-ORIG-4631,1,Falla en actuador de resorte o camara Maxi-Brake trabada (frenos de aire),1,TRAIN,Camion 14: Fuga continua de aire a presion en el actuador elastico Maxi-Brake impide que las balatas de freno se separen del tambor
G-ORIG-4632,1,Falla en actuador de resorte o camara Maxi-Brake trabada (frenos de aire),1,TRAIN,Camion 15: Camara combinada de servicio y emergencia tipo 30/30 trabada mecanicamente por resorte de alta potencia roto
G-ORIG-4633,1,Falla en actuador de resorte o camara Maxi-Brake trabada (frenos de aire),1,TRAIN,Camion 16: Ruedas motrices posteriores bloqueadas sin poder mover el camion por falta de liberacion neumatica en el actuador
G-ORIG-4634,1,Falla en actuador de resorte o camara Maxi-Brake trabada (frenos de aire),1,TRAIN,Camion 17: Olor a balata quemada y humo en el eje trasero provocado por camara Maxi-Brake que no retrae la varilla de empuje
G-ORIG-4635,1,Falla en actuador de resorte o camara Maxi-Brake trabada (frenos de aire),1,TRAIN,Camion 18: Falla de desenganche del freno de resorte de seguridad por rotura del sello diafragma en la seccion de parqueo
G-ORIG-4636,1,Falla en actuador de resorte o camara Maxi-Brake trabada (frenos de aire),1,TRAIN,Camion 19: Perdida de aire acelerada al accionar el pedal de freno por cilindro de freno neumatico Maxi-Brake fisurado
G-ORIG-4637,1,Falla en actuador de resorte o camara Maxi-Brake trabada (frenos de aire),1,TRAIN,Camion 20: Tornillo de descompresion manual de la camara Maxi-Brake tuvo que ser ajustado para poder destrabar la rueda del camion
G-ORIG-4638,1,Falla en actuador de resorte o camara Maxi-Brake trabada (frenos de aire),1,DEV,Camion 21: Camion de carga con sistema de frenos de aire tiene la rueda trasera derecha totalmente bloqueada y arrastrando neumático
G-ORIG-4639,1,Falla en actuador de resorte o camara Maxi-Brake trabada (frenos de aire),1,TRAIN,Camion 22: Al liberar la valvula amarilla de parqueo del tablero la camara de resorte Maxi-Brake izquierda no comprime el resorte
G-ORIG-4640,1,Falla en actuador de resorte o camara Maxi-Brake trabada (frenos de aire),1,TRAIN,Camion 23: Presion de aire en manometros marca 8.5 bares pero el diafragma de la camara de estacionamiento pierde aire por el orificio de alivio
G-ORIG-4641,1,Falla en actuador de resorte o camara Maxi-Brake trabada (frenos de aire),1,TRAIN,Camion 24: Fuga continua de aire a presion en el actuador elastico Maxi-Brake impide que las balatas de freno se separen del tambor
G-ORIG-4642,1,Falla en actuador de resorte o camara Maxi-Brake trabada (frenos de aire),1,DEV,Camion 25: Camara combinada de servicio y emergencia tipo 30/30 trabada mecanicamente por resorte de alta potencia roto
G-ORIG-4643,1,Falla en actuador de resorte o camara Maxi-Brake trabada (frenos de aire),1,TRAIN,Camion 26: Ruedas motrices posteriores bloqueadas sin poder mover el camion por falta de liberacion neumatica en el actuador
G-ORIG-4644,1,Falla en actuador de resorte o camara Maxi-Brake trabada (frenos de aire),1,TRAIN,Camion 27: Olor a balata quemada y humo en el eje trasero provocado por camara Maxi-Brake que no retrae la varilla de empuje
G-ORIG-4645,1,Falla en actuador de resorte o camara Maxi-Brake trabada (frenos de aire),1,TRAIN,Camion 28: Falla de desenganche del freno de resorte de seguridad por rotura del sello diafragma en la seccion de parqueo
G-ORIG-4646,1,Falla en actuador de resorte o camara Maxi-Brake trabada (frenos de aire),1,TRAIN,Camion 29: Perdida de aire acelerada al accionar el pedal de freno por cilindro de freno neumatico Maxi-Brake fisurado
G-ORIG-4647,1,Falla en actuador de resorte o camara Maxi-Brake trabada (frenos de aire),1,TRAIN,Camion 30: Tornillo de descompresion manual de la camara Maxi-Brake tuvo que ser ajustado para poder destrabar la rueda del camion
G-ORIG-4648,1,Falla en actuador de resorte o camara Maxi-Brake trabada (frenos de aire),1,TRAIN,Camion 31: Camion de carga con sistema de frenos de aire tiene la rueda trasera trasera motriz derecha totalmente bloqueada y arrastrando neumático
G-ORIG-4649,1,Falla en actuador de resorte o camara Maxi-Brake trabada (frenos de aire),1,DEV,Camion 32: Al liberar la valvula amarilla de parqueo del tablero la camara de resorte Maxi-Brake trasera motriz izquierda no comprime el resorte
G-ORIG-4650,1,Falla en actuador de resorte o camara Maxi-Brake trabada (frenos de aire),1,TRAIN,Camion 33: Presion de aire en manometros marca 8.5 bares pero el diafragma de la camara de estacionamiento pierde aire por el orificio de alivio
G-ORIG-4651,1,Falla en actuador de resorte o camara Maxi-Brake trabada (frenos de aire),1,TRAIN,Camion 34: Fuga continua de aire a presion en el actuador elastico Maxi-Brake impide que las balatas de freno se separen del tambor
G-ORIG-4652,1,Falla en actuador de resorte o camara Maxi-Brake trabada (frenos de aire),1,TRAIN,Camion 35: Camara combinada de servicio y emergencia tipo 30/30 trabada mecanicamente por resorte de alta potencia roto
G-ORIG-4653,1,Falla en actuador de resorte o camara Maxi-Brake trabada (frenos de aire),1,TRAIN,Camion 36: Ruedas motrices posteriores bloqueadas sin poder mover el camion por falta de liberacion neumatica en el actuador
G-ORIG-4654,1,Falla en actuador de resorte o camara Maxi-Brake trabada (frenos de aire),1,TRAIN,Camion 37: Olor a balata quemada y humo en el eje trasero provocado por camara Maxi-Brake que no retrae la varilla de empuje
G-ORIG-4655,1,Falla en actuador de resorte o camara Maxi-Brake trabada (frenos de aire),1,TRAIN,Camion 38: Falla de desenganche del freno de resorte de seguridad por rotura del sello diafragma en la seccion de parqueo
G-ORIG-4656,1,Falla en actuador de resorte o camara Maxi-Brake trabada (frenos de aire),1,TRAIN,Camion 39: Perdida de aire acelerada al accionar el pedal de freno por cilindro de freno neumatico Maxi-Brake fisurado
G-ORIG-4657,1,Falla en actuador de resorte o camara Maxi-Brake trabada (frenos de aire),1,DEV,Camion 40: Tornillo de descompresion manual de la camara Maxi-Brake tuvo que ser ajustado para poder destrabar la rueda del camion
G-ORIG-4658,1,Falla en actuador de resorte o camara Maxi-Brake trabada (frenos de aire),1,TRAIN,Camion 41: Camion de carga con sistema de frenos de aire tiene la rueda trasera derecha totalmente bloqueada y arrastrando neumático
G-ORIG-4659,1,Falla en actuador de resorte o camara Maxi-Brake trabada (frenos de aire),1,TRAIN,Camion 42: Al liberar la valvula amarilla de parqueo del tablero la camara de resorte Maxi-Brake izquierda no comprime el resorte
G-ORIG-4660,1,Falla en actuador de resorte o camara Maxi-Brake trabada (frenos de aire),1,TRAIN,Camion 43: Presion de aire en manometros marca 8.5 bares pero el diafragma de la camara de estacionamiento pierde aire por el orificio de alivio
G-ORIG-4661,1,Falla en actuador de resorte o camara Maxi-Brake trabada (frenos de aire),1,DEV,Camion 44: Fuga continua de aire a presion en el actuador elastico Maxi-Brake impide que las balatas de freno se separen del tambor
G-ORIG-4662,1,Falla en actuador de resorte o camara Maxi-Brake trabada (frenos de aire),1,TRAIN,Camion 45: Camara combinada de servicio y emergencia tipo 30/30 trabada mecanicamente por resorte de alta potencia roto
G-ORIG-4663,1,Falla en actuador de resorte o camara Maxi-Brake trabada (frenos de aire),1,DEV,Camion 46: Ruedas motrices posteriores bloqueadas sin poder mover el camion por falta de liberacion neumatica en el actuador
G-ORIG-4664,1,Falla en actuador de resorte o camara Maxi-Brake trabada (frenos de aire),1,DEV,Camion 47: Olor a balata quemada y humo en el eje trasero provocado por camara Maxi-Brake que no retrae la varilla de empuje
G-ORIG-4665,1,Falla en actuador de resorte o camara Maxi-Brake trabada (frenos de aire),1,TRAIN,Camion 48: Falla de desenganche del freno de resorte de seguridad por rotura del sello diafragma en la seccion de parqueo
G-ORIG-4666,1,Falla en actuador de resorte o camara Maxi-Brake trabada (frenos de aire),1,DEV,Camion 49: Perdida de aire acelerada al accionar el pedal de freno por cilindro de freno neumatico Maxi-Brake fisurado
G-ORIG-4667,1,Falla en actuador de resorte o camara Maxi-Brake trabada (frenos de aire),1,TRAIN,Camion 50: Tornillo de descompresion manual de la camara Maxi-Brake tuvo que ser ajustado para poder destrabar la rueda del camion
G-ORIG-4668,1,Falla en sensor de posicion de cigueñal (CKP) o arbol de levas (CMP),1,TRAIN,"Despues de andar 30 minutos por carretera el motor se apaga de golpe, giro la llave y da marcha con buena fuerza pero no arranca hasta que se enfria media hora"
G-ORIG-4669,1,Falla en sensor de posicion de cigueñal (CKP) o arbol de levas (CMP),1,TRAIN,"Tengo codigo P0335 en scanner, el motor gira al dar arranque pero no hay senal de encendido ni chispa en las bujias"
G-ORIG-4670,1,Falla en sensor de posicion de cigueñal (CKP) o arbol de levas (CMP),1,DEV,"El carro se detiene en caliente como si le cortaran la corriente de golpe, espero que baje la temperatura y prende normal al primer toque"
G-ORIG-4671,1,Falla en sensor de posicion de cigueñal (CKP) o arbol de levas (CMP),1,TRAIN,"Falla intermitente en sensor inductivo de cigueñal, con osciloscopio la senal de onda senoidal se corta cuando sube la temperatura del bloque"
G-ORIG-4672,1,Falla en sensor de posicion de cigueñal (CKP) o arbol de levas (CMP),1,TRAIN,"Codigo P0336 en escaner, sensor de cigueñal no registra pulsos de RPM mientras gira el motor de arranque"
G-ORIG-4673,1,Falla en sensor de posicion de cigueñal (CKP) o arbol de levas (CMP),1,TRAIN,"Al acelerar a 3000 rpm la aguja del tacometro cae abruptamente a cero y el motor tironea fuerte antes de apagarse, sensor ckp sospechoso"
G-ORIG-4674,1,Falla en sensor de posicion de cigueñal (CKP) o arbol de levas (CMP),1,DEV,Motor gira con velocidad adecuada pero la computadora no detecta giro de cigueñal y corta inyeccion de combustible
G-ORIG-4675,1,Falla en sensor de posicion de cigueñal (CKP) o arbol de levas (CMP),1,TRAIN,"El motor pierde pulso de inyectores y pulso de chispa en caliente, el sensor de posicion de cigueñal marca circuito abierto al calentarse"
G-ORIG-4676,1,Falla en sensor de posicion de cigueñal (CKP) o arbol de levas (CMP),1,TRAIN,"P0340 falla en circuito del sensor de posicion de arbol de levas banco 1, tarda mucho en encender dando arranque prolongado"
G-ORIG-4677,1,Falla en sensor de posicion de cigueñal (CKP) o arbol de levas (CMP),1,TRAIN,"Arranca perfecto por la manana en frio, pero despues de calentar a 90 grados si lo apago no vuelve a prender hasta que se enfria por completo"
G-ORIG-4678,1,Falla en sensor de posicion de cigueñal (CKP) o arbol de levas (CMP),1,TRAIN,Sensor de cigueñal tipo Hall pierde alimentacion de 5 voltios o senal de salida cuadrada se degrada con la vibracion
G-ORIG-4679,1,Falla en sensor de posicion de cigueñal (CKP) o arbol de levas (CMP),1,TRAIN,"DTC P0335 Crankshaft Position Sensor Circuit Malfunction, vehiculo no enciende en caliente gira motor pero no arranca"
G-ORIG-4680,1,Falla en sensor de posicion de cigueñal (CKP) o arbol de levas (CMP),1,TRAIN,"El motor se muere de repente al parar en un semaforo despues de un viaje largo, arrancador gira rapido pero no hay combustion"
G-ORIG-4681,1,Falla en sensor de posicion de cigueñal (CKP) o arbol de levas (CMP),1,TRAIN,Falta de sincronizacion entre ckp y cmp por sensor de posicion con bobinado abierto por fatiga termica
G-ORIG-4682,1,Falla en sensor de posicion de cigueñal (CKP) o arbol de levas (CMP),1,TRAIN,Sensor de cigueñal sucio con virutas metalicas en la punta no genera suficiente voltaje en el entrehierro
G-ORIG-4683,1,Falla en sensor de posicion de cigueñal (CKP) o arbol de levas (CMP),1,TRAIN,"En autopista se apago el motor de improvisto, no hay chispa en ninguna bobina y la bomba no activa por falta de pulso ckp"
G-ORIG-4684,1,Falla en sensor de posicion de cigueñal (CKP) o arbol de levas (CMP),1,TRAIN,"El escaner no muestra revoluciones por minuto durante el arranque, indicando fallo total de senal del sensor ckp"
G-ORIG-4685,1,Falla en sensor de posicion de cigueñal (CKP) o arbol de levas (CMP),1,TRAIN,"Vehiculo tironea violentamente al calentar y se apaga, en el scanner aparece DTC P0335"
G-ORIG-4686,1,Falla en sensor de posicion de cigueñal (CKP) o arbol de levas (CMP),1,DEV,"Corte repentino de encendido en caliente, sin codigos de encendido pero sin senal de RPM en linea de datos"
G-ORIG-4687,1,Falla en sensor de posicion de cigueñal (CKP) o arbol de levas (CMP),1,TRAIN,Sensor ckp magnetico pierde inductancia al llegar a temperatura de operacion impidiendo el arranque
G-ORIG-4688,1,Falla en sistema de control de emisiones evaporativas EVAP (canister o valvula de purga),1,TRAIN,Apenas termino de llenar el tanque de gasolina en el grifo el carro le cuesta arrancar y sale olor fuerte a nafta en el escape
G-ORIG-4689,1,Falla en sistema de control de emisiones evaporativas EVAP (canister o valvula de purga),1,DEV,"Valvula de purga del canister se quedo trabada abierta, succiona vapores en exceso y ahoga el motor en ralenti tras cargar combustible"
G-ORIG-4690,1,Falla en sistema de control de emisiones evaporativas EVAP (canister o valvula de purga),1,TRAIN,DTC P0440 en scanner falla en el sistema de control de emisiones por evaporacion
G-ORIG-4691,1,Falla en sistema de control de emisiones evaporativas EVAP (canister o valvula de purga),1,TRAIN,DTC P0442 deteccion de fuga pequena en sistema EVAP canister o manguera agrietada
G-ORIG-4692,1,Falla en sistema de control de emisiones evaporativas EVAP (canister o valvula de purga),1,TRAIN,"DTC P0455 fuga grande detectada en el sistema EVAP, sello de tapa de combustible danado o linea de purga desconectada"
G-ORIG-4693,1,Falla en sistema de control de emisiones evaporativas EVAP (canister o valvula de purga),1,TRAIN,Olor penetrante a gasolina dentro de la cabina y cerca del guardabarros trasero despues de tanquear a full
G-ORIG-4694,1,Falla en sistema de control de emisiones evaporativas EVAP (canister o valvula de purga),1,TRAIN,Al retirar la tapa del tanque de combustible se escucha un fuerte silbido de succion de vacio por solenoide de purga trabado
G-ORIG-4695,1,Falla en sistema de control de emisiones evaporativas EVAP (canister o valvula de purga),1,TRAIN,Ralenti inestable y mezcla excesivamente rica solo inmediatamente despues de poner gasolina en la estacion de servicio
G-ORIG-4696,1,Falla en sistema de control de emisiones evaporativas EVAP (canister o valvula de purga),1,TRAIN,Canister de carbon activado inundado con combustible liquido por sobrellenar el tanque
G-ORIG-4697,1,Falla en sistema de control de emisiones evaporativas EVAP (canister o valvula de purga),1,TRAIN,Solenoide de purga EVAP no cierra hermeticamente cuando se le aplica vacio con bomba manual Mityvac
G-ORIG-4698,1,Falla en sistema de control de emisiones evaporativas EVAP (canister o valvula de purga),1,TRAIN,Luz de check engine encendida con codigo P0441 flujo incorrecto de purga del sistema evaporativo
G-ORIG-4699,1,Falla en sistema de control de emisiones evaporativas EVAP (canister o valvula de purga),1,TRAIN,"Motor se ahoga y bajan las revoluciones al detenerse luego de repostar combustible, valvula purga canister permeable"
G-ORIG-4700,1,Falla en sistema de control de emisiones evaporativas EVAP (canister o valvula de purga),1,DEV,Prueba de humo en sistema EVAP muestra fuga de humo por el respiradero de la valvula de ventilacion del canister
G-ORIG-4701,1,Falla en sistema de control de emisiones evaporativas EVAP (canister o valvula de purga),1,DEV,Olor a gases de gasolina en el compartimiento del motor cerca del solenoide de purga del multiple de admision
G-ORIG-4702,1,Falla en sistema de control de emisiones evaporativas EVAP (canister o valvula de purga),1,TRAIN,"Codigo P0456 microfuga en sistema EVAP canister, empaque de tapa de tanque agrietado"
G-ORIG-4703,1,Convertidor catalitico ineficiente u obstruido (DTC P0420 / P0430),1,TRAIN,Check engine prendido con scanner marcando P0420 eficiencia del sistema de catalizador por debajo del umbral banco 1
G-ORIG-4704,1,Convertidor catalitico ineficiente u obstruido (DTC P0420 / P0430),1,TRAIN,En la grafica del scanner el sensor de oxigeno downstream oscila identico al sensor upstream indicando que el catalizador no almacena oxigeno
G-ORIG-4705,1,Convertidor catalitico ineficiente u obstruido (DTC P0420 / P0430),1,TRAIN,"DTC P0430 eficiencia de catalizador banco 2 insuficiente, no supera la prueba de gases contaminantes por hidrocarburos y monoxido"
G-ORIG-4706,1,Convertidor catalitico ineficiente u obstruido (DTC P0420 / P0430),1,TRAIN,"Perdida de fuerza notable en subidas y alta velocidad por catalizador tapado, contrapresion de escape superior a 3 psi en ralenti"
G-ORIG-4707,1,Convertidor catalitico ineficiente u obstruido (DTC P0420 / P0430),1,TRAIN,Al acelerar a fondo el motor no pasa de 3500 rpm y se escucha un soplido ahogado por convertidor catalitico obstruido
G-ORIG-4708,1,Convertidor catalitico ineficiente u obstruido (DTC P0420 / P0430),1,DEV,Sustrato ceramico del catalizador fundido o desprendido genera un cascabeleo y sonido metalico dentro del tubo de escape
G-ORIG-4709,1,Convertidor catalitico ineficiente u obstruido (DTC P0420 / P0430),1,TRAIN,"Temperatura a la salida del catalizador es menor que a la entrada con pirómetro laser, indicando catalizador inactivo que no realiza conversion"
G-ORIG-4710,1,Convertidor catalitico ineficiente u obstruido (DTC P0420 / P0430),1,TRAIN,Consumo excesivo de combustible y falta de potencia con codigo OBD2 P0420 Catalyst System Efficiency Below Threshold
G-ORIG-4711,1,Convertidor catalitico ineficiente u obstruido (DTC P0420 / P0430),1,DEV,El carro huele a azufre y huevo podrido por el tubo de escape y no tiene fuerza en pendientes pronunciadas
G-ORIG-4712,1,Convertidor catalitico ineficiente u obstruido (DTC P0420 / P0430),1,TRAIN,Monitoreo OBD2 del catalizador no completa ciclo y arroja falla constante P0420
G-ORIG-4713,1,Convertidor catalitico ineficiente u obstruido (DTC P0420 / P0430),1,TRAIN,Multiple de escape se pone al rojo vivo por exceso de contrapresion causada por ceramica catalitica tapada
G-ORIG-4714,1,Convertidor catalitico ineficiente u obstruido (DTC P0420 / P0430),1,DEV,"Prueba de manometro en rosca de sensor de oxigeno delantero marca 5 psi de presion de escape, catalizador obstruido"
G-ORIG-4715,1,Convertidor catalitico ineficiente u obstruido (DTC P0420 / P0430),1,TRAIN,Catalizador ceramico roto por golpe en el chasis produce ruido de piedritas adentro del silenciador de escape
G-ORIG-4716,1,Convertidor catalitico ineficiente u obstruido (DTC P0420 / P0430),1,TRAIN,"Luz MIL encendida con P0420 tras cambiar sensor de oxigeno, la lectura confirma convertidor catalitico agotado"
G-ORIG-4717,1,Convertidor catalitico ineficiente u obstruido (DTC P0420 / P0430),1,TRAIN,Emisiones de gases rechazadas en la revision tecnica por falla de conversion catalitica del convertidor de gases
G-ORIG-4718,1,Falla en regulador de presion de combustible o diafragma roto,1,DEV,Diafragma del regulador de presion roto pasa gasolina pura a traves de la manguera de vacio directo al multiple de admision
G-ORIG-4719,1,Falla en regulador de presion de combustible o diafragma roto,1,TRAIN,Al desconectar la manguera de vacio del regulador de presion de combustible gotea nafta liquida
G-ORIG-4720,1,Falla en regulador de presion de combustible o diafragma roto,1,TRAIN,"Bujias salen completamente negras y humedas de gasolina cruda, humo negro por escape y olor fuerte a combustible"
G-ORIG-4721,1,Falla en regulador de presion de combustible o diafragma roto,1,TRAIN,Presion de combustible en el riel de inyectores se dispara a mas de 65 psi cuando el manual especifica maximo 43 psi con vacio
G-ORIG-4722,1,Falla en regulador de presion de combustible o diafragma roto,1,TRAIN,Dificultad severa para encender el motor en caliente porque se ahoga por exceso de combustible acumulado en la admision
G-ORIG-4723,1,Falla en regulador de presion de combustible o diafragma roto,1,TRAIN,Valvula reguladora de presion no mantiene presion residual al apagar el motor y se descarga la linea a cero bares inmediatamente
G-ORIG-4724,1,Falla en regulador de presion de combustible o diafragma roto,1,TRAIN,Regulador de presion trabado cerrado produce mezcla sumamente rica y pulsos de inyeccion negativos en los fuel trims STFT y LTFT
G-ORIG-4725,1,Falla en regulador de presion de combustible o diafragma roto,1,TRAIN,"El carro consume el doble de gasolina, tira humo negro por el escape y la admision esta empapada de nafta por diafragma roto"
G-ORIG-4726,1,Falla en regulador de presion de combustible o diafragma roto,1,DEV,Regulador mecanico de riel de inyeccion con resorte vencido no eleva presion bajo aceleracion a fondo
G-ORIG-4727,1,Falla en regulador de presion de combustible o diafragma roto,1,TRAIN,Presion de nafta inestable oscila violentamente en el manometro del riel de combustible en ralenti
G-ORIG-4728,1,Falla en regulador de presion de combustible o diafragma roto,1,TRAIN,Al dar arranque huele mucho a nafta por la admision y el motor tose ahogado por nafta filtrada por la manguerita de vacio
G-ORIG-4729,1,Falla en regulador de presion de combustible o diafragma roto,1,DEV,Regulador de presion de gasolina danado genera codigo de mezcla rica permanente P0172
G-ORIG-4730,1,Falla en circuito o solenoide de inyector individual (DTC P0201 - P0208),1,TRAIN,"Scanner arroja DTC P0202 circuito abierto en inyector numero 2, motor cojea en 3 cilindros permanentemente"
G-ORIG-4731,1,Falla en circuito o solenoide de inyector individual (DTC P0201 - P0208),1,TRAIN,"Codigo P0201 circuito de inyector cilindro 1 defectuoso, la resistencia del inyector marca infinito con el multimetro"
G-ORIG-4732,1,Falla en circuito o solenoide de inyector individual (DTC P0201 - P0208),1,TRAIN,"DTC P0203 injector circuit open cylinder 3, no hay pulso de disparo negativo desde la computadora al inyector"
G-ORIG-4733,1,Falla en circuito o solenoide de inyector individual (DTC P0201 - P0208),1,TRAIN,Conector de inyector del cilindro 4 quebrado o con cables pelados hace falso contacto y genera P0204
G-ORIG-4734,1,Falla en circuito o solenoide de inyector individual (DTC P0201 - P0208),1,TRAIN,"Falla de cilindro constante en caliente y en frio, con punta logica no destella el pulso del inyector afectado"
G-ORIG-4735,1,Falla en circuito o solenoide de inyector individual (DTC P0201 - P0208),1,TRAIN,Solenoide de inyector quemado con resistencia en cortocircuito inferior a 1 ohm cuando debe marcar 14 ohms
G-ORIG-4736,1,Falla en circuito o solenoide de inyector individual (DTC P0201 - P0208),1,TRAIN,"Falla cilindro 2 permanentemente, cambie bujias y bobina pero sigue cojeando y el scanner marca P0202"
G-ORIG-4737,1,Falla en circuito o solenoide de inyector individual (DTC P0201 - P0208),1,TRAIN,Arnes electrico de inyectores rozando contra la tapa de punterias tiene cable a tierra del inyector cortado
G-ORIG-4738,1,Falla en circuito o solenoide de inyector individual (DTC P0201 - P0208),1,TRAIN,DTC P0200 falla general en circuito de control de inyectores de combustible
G-ORIG-4739,1,Falla en circuito o solenoide de inyector individual (DTC P0201 - P0208),1,TRAIN,Driver de inyector en la ECM danado no commuta a tierra el solenoide del inyector del cilindro numero 1
G-ORIG-4740,1,Falla en circuito o solenoide de inyector individual (DTC P0201 - P0208),1,TRAIN,Inyector numero 3 no produce clic audible con estetoscopio de mecanico y registra falla electrica P0203
G-ORIG-4741,1,Falla en circuito o solenoide de inyector individual (DTC P0201 - P0208),1,DEV,Falla de encendido en cilindro 2 provocada por corte electrico en la linea de senal del inyector P0202
G-ORIG-4742,1,Perdida de compresion en cilindro por valvulas pisadas o anillos desgastados,1,TRAIN,"Falla un cilindro permanentemente, ya intercambie bujia, bobina e inyector y la falla no se mueve del cilindro 1"
G-ORIG-4743,1,Perdida de compresion en cilindro por valvulas pisadas o anillos desgastados,1,TRAIN,Medicion de compresion en seco marca 70 psi en cilindro 3 y 160 psi en los otros tres cilindros
G-ORIG-4744,1,Perdida de compresion en cilindro por valvulas pisadas o anillos desgastados,1,TRAIN,Prueba de compresion humeda con aceite eleva la presion de 60 a 140 psi confirmando desgaste severo de anillos de piston
G-ORIG-4745,1,Perdida de compresion en cilindro por valvulas pisadas o anillos desgastados,1,DEV,Prueba de fugas de cilindro leak-down test revela 45% de fuga con escape de aire soplado por el multiple de admision valvula pisada
G-ORIG-4746,1,Perdida de compresion en cilindro por valvulas pisadas o anillos desgastados,1,DEV,Valvula de escape quemada no sella hermeticamente produciendo falla de fuego constante y piston sin compresion
G-ORIG-4747,1,Perdida de compresion en cilindro por valvulas pisadas o anillos desgastados,1,TRAIN,"Motor tiembla en ralenti desparejo, cambie bujias y bobinas nuevas pero el cilindro 4 no tiene nada de compresion"
G-ORIG-4748,1,Perdida de compresion en cilindro por valvulas pisadas o anillos desgastados,1,TRAIN,Soplido por la varilla medidora de aceite o tapon de llenado blow-by excesivo por anillos de compresion rotos o pegados
G-ORIG-4749,1,Perdida de compresion en cilindro por valvulas pisadas o anillos desgastados,1,TRAIN,"Luz de check parpadea P0301, se descartaron bujias bobina y cables, manometro confirma 50 psi en cilindro 1"
G-ORIG-4750,1,Perdida de compresion en cilindro por valvulas pisadas o anillos desgastados,1,TRAIN,Asiento de valvula carbonizado o valvula doblada por salto de punto no retiene compresion de la camara
G-ORIG-4751,1,Perdida de compresion en cilindro por valvulas pisadas o anillos desgastados,1,TRAIN,Al medir compresion con manometro motor gira disparejo al dar arranque por falta de compresion en un cilindro
G-ORIG-4752,1,Perdida de compresion en cilindro por valvulas pisadas o anillos desgastados,1,TRAIN,"El cilindro 2 no quema la mezcla a pesar de haber chispa azul potente e inyeccion verificada con probeta, falta compresion mecanica"
G-ORIG-4753,1,Perdida de compresion en cilindro por valvulas pisadas o anillos desgastados,1,DEV,Valvula de admision sin holgura queda pisada en caliente perdiendo toda la estanqueidad y presion de combustion
G-ORIG-4754,1,Caliper de freno trabado o mordaza pegada (piston agarrotado),1,DEV,Despues de rodar 15 minutos en plano siento olor a quemado fuerte en la rueda delantera derecha y el aro quema al tocarlo
G-ORIG-4755,1,Caliper de freno trabado o mordaza pegada (piston agarrotado),1,TRAIN,"El carro jala fuertemente hacia la izquierda mientras conduzco en recta sin tocar el pedal de freno, mordaza pegada"
G-ORIG-4756,1,Caliper de freno trabado o mordaza pegada (piston agarrotado),1,TRAIN,Piston del caliper no retrocede al soltar el freno debido a oxido en el cilindro interior y guardapolvo roto
G-ORIG-4757,1,Caliper de freno trabado o mordaza pegada (piston agarrotado),1,TRAIN,Pernos guia deslizantes del caliper estan totalmente secos y agarrotados impidiendo que la pinza flote libremente
G-ORIG-4758,1,Caliper de freno trabado o mordaza pegada (piston agarrotado),1,TRAIN,Pastilla interior de freno de la rueda delantera izquierda esta en el fierro mientras la exterior tiene mas de la mitad de vida
G-ORIG-4759,1,Caliper de freno trabado o mordaza pegada (piston agarrotado),1,TRAIN,Al levantar el vehiculo en la gata la rueda trasera derecha esta totalmente frenada y cuesta girarla con las dos manos
G-ORIG-4760,1,Caliper de freno trabado o mordaza pegada (piston agarrotado),1,TRAIN,Consumo elevado de combustible y llanta delantera caliente con abundante polvillo negro de freno acumulado en el aro
G-ORIG-4761,1,Caliper de freno trabado o mordaza pegada (piston agarrotado),1,DEV,Mordaza de freno trabada calienta el liquido de frenos hasta hervirlo y genera pedal esponjoso en bajadas
G-ORIG-4762,1,Caliper de freno trabado o mordaza pegada (piston agarrotado),1,TRAIN,El disco de freno de una sola rueda se pone azul por friccion continua sin haber accionado el pedal de freno
G-ORIG-4763,1,Caliper de freno trabado o mordaza pegada (piston agarrotado),1,TRAIN,Perno pasador del caliper doblado o sin lubricacion traba la mordaza contra el disco de freno
G-ORIG-4764,1,Caliper de freno trabado o mordaza pegada (piston agarrotado),1,TRAIN,Rueda delantera humea al detener el vehiculo despues de un recorrido corto en autopista por caliper trabado
G-ORIG-4765,1,Caliper de freno trabado o mordaza pegada (piston agarrotado),1,TRAIN,Manguera flexible de freno obstruida internamente actua como valvula check impidiendo el retorno del liquido de la mordaza
G-ORIG-4766,1,Rodamiento de maza o rodaje de rueda picado (zumbido de rodadura),1,TRAIN,Zumbido ronco continuo como de avion a partir de 60 km/h que aumenta de intensidad a mayor velocidad
G-ORIG-4767,1,Rodamiento de maza o rodaje de rueda picado (zumbido de rodadura),1,DEV,Al tomar una curva hacia la derecha el zumbido de rodadura se hace mucho mas fuerte porque se carga el rodaje izquierdo
G-ORIG-4768,1,Rodamiento de maza o rodaje de rueda picado (zumbido de rodadura),1,TRAIN,El zumbido ronco de rueda disminuye notablemente cuando giro hacia la izquierda quitandole peso al lado afectado
G-ORIG-4769,1,Rodamiento de maza o rodaje de rueda picado (zumbido de rodadura),1,TRAIN,Al girar la rueda en el elevador con la mano apoyada en el espiral de suspension se siente una aspereza y vibracion clara en la maza
G-ORIG-4770,1,Rodamiento de maza o rodaje de rueda picado (zumbido de rodadura),1,DEV,Rodaje de rueda doble hilera de bolas con pista picada produce rumor sordo de rodamiento constante
G-ORIG-4771,1,Rodamiento de maza o rodaje de rueda picado (zumbido de rodadura),1,TRAIN,Juego axial y cabeceo perceptible al mover la rueda con las manos en posicion 12 y 6 horas en el elevador
G-ORIG-4772,1,Rodamiento de maza o rodaje de rueda picado (zumbido de rodadura),1,TRAIN,Zumbido metalico permanente en rueda delantera que no cambia al frenar ni al poner neutro en bajada
G-ORIG-4773,1,Rodamiento de maza o rodaje de rueda picado (zumbido de rodadura),1,TRAIN,Maza de rueda recalienta y genera zumbido de rodaje seco que vibra ligeramente en el piso del vehiculo
G-ORIG-4774,1,Rodamiento de maza o rodaje de rueda picado (zumbido de rodadura),1,TRAIN,Ruido de rozamiento wub wub wub en la rueda trasera que se acelera con la velocidad de desplazamiento
G-ORIG-4775,1,Rodamiento de maza o rodaje de rueda picado (zumbido de rodadura),1,TRAIN,Rodamiento sellado de cubo de rueda con sello roto perdio la grasa sintetica y las pistas estan con pitting
G-ORIG-4776,1,Rodamiento de maza o rodaje de rueda picado (zumbido de rodadura),1,TRAIN,Zumbido constante en la cabina que suena en el tren delantero al rodar por asfalto liso
G-ORIG-4777,1,Rodamiento de maza o rodaje de rueda picado (zumbido de rodadura),1,TRAIN,Prueba de fonendoscopio en la maza de rueda en el elevador confirma sonido de rodillos danados
G-ORIG-4778,1,Falla en actuador de resorte o camara Maxi-Brake trabada (frenos de aire),1,TRAIN,Camion de carga pesada con sistema de frenos neumatico no libera el freno de parqueo en el eje motriz trasero
G-ORIG-4779,1,Falla en actuador de resorte o camara Maxi-Brake trabada (frenos de aire),1,TRAIN,Presion de aire en los tanques marca 8 bares pero la camara de resorte Maxi-Brake tiene el diafragma roto y pierde aire
G-ORIG-4780,1,Falla en actuador de resorte o camara Maxi-Brake trabada (frenos de aire),1,TRAIN,Al soltar la valvula de parqueo amarilla en el tablero la rueda trasera izquierda se queda bloqueada arrastrando llanta
G-ORIG-4781,1,Falla en actuador de resorte o camara Maxi-Brake trabada (frenos de aire),1,DEV,Fuga constante de aire comprimido por el orificio de alivio del actuador elastico Maxi-Brake al aplicar presion
G-ORIG-4782,1,Falla en actuador de resorte o camara Maxi-Brake trabada (frenos de aire),1,TRAIN,Camara de freno combinada servicio estacionamiento con resorte de potencia roto o atascado mecanicamente
G-ORIG-4783,1,Falla en actuador de resorte o camara Maxi-Brake trabada (frenos de aire),1,DEV,El camion no avanza porque las balatas traseras quedan pegadas al tambor por falta de presion de liberacion en la camara de resorte
G-ORIG-4784,1,Falla en actuador de resorte o camara Maxi-Brake trabada (frenos de aire),1,TRAIN,Resorte interno de seguridad del Maxi-Brake no comprime completamente por baja presion de liberacion en el circuito secundario
G-ORIG-4785,1,Falla en actuador de resorte o camara Maxi-Brake trabada (frenos de aire),1,TRAIN,Perdida rapida de aire en el circuito de parqueo impide desbloquear las ruedas del remolque o eje posterior
G-ORIG-4786,1,Falla en actuador de resorte o camara Maxi-Brake trabada (frenos de aire),1,TRAIN,Camara de resorte de aire recalentada con humo en tambor trasero por actuador neumatico defectuoso
G-ORIG-4787,1,Falla en actuador de resorte o camara Maxi-Brake trabada (frenos de aire),1,TRAIN,Diafragma de estacionamiento de camara tipo 30/30 perforado fuga aire continuo al desactivar el freno de mano neumatico
G-ORIG-4788,1,Desgaste en collarin de empuje o crapodina de embrague,1,TRAIN,Al pisar el pedal de embrague se escucha un chillido metalico agudo o zumbido fuerte que desaparece completamente cuando suelto el pedal
G-ORIG-4789,1,Desgaste en collarin de empuje o crapodina de embrague,1,TRAIN,Ruido de friccion en la caja de cambios que suena exclusivamente mientras mantengo presionado el pedal del clutch
G-ORIG-4790,1,Desgaste en collarin de empuje o crapodina de embrague,1,TRAIN,Collarin de empuje seco y sin grasa suena a rodamiento oxidado al apoyar contra el diafragma de la prensa de embrague
G-ORIG-4791,1,Desgaste en collarin de empuje o crapodina de embrague,1,TRAIN,Vibracion y aspereza notable en la planta del pie al momento de pisar el embrague para meter primera marcha
G-ORIG-4792,1,Desgaste en collarin de empuje o crapodina de embrague,1,TRAIN,Crapodina o ruleman de empuje de embrague hidraulico chilla al desembragar y disminuye al soltar el pedal
G-ORIG-4793,1,Desgaste en collarin de empuje o crapodina de embrague,1,DEV,Sonido de rodaje seco que aparece inmediatamente al hundir el pedal de embrague con motor en marcha
G-ORIG-4794,1,Desgaste en collarin de empuje o crapodina de embrague,1,TRAIN,Rodamiento del collarin atascado roza contra los dedos del plato opresor provocando chillido chirriante
G-ORIG-4795,1,Desgaste en collarin de empuje o crapodina de embrague,1,DEV,El carro en neutro no hace ningun ruido pero al apretar el clutch para cambiar de marcha hace un quejido agudo
G-ORIG-4796,1,Desgaste en collarin de empuje o crapodina de embrague,1,TRAIN,Collarin con pistas picadas genera traqueteo de friccion que cesa cuando el embrague esta completamente acoplado
G-ORIG-4797,1,Desgaste en collarin de empuje o crapodina de embrague,1,TRAIN,Chillido estridente en la campana de transmision al accionar el pedal del embrague en semaforos
G-ORIG-4798,1,Desgaste en collarin de empuje o crapodina de embrague,1,DEV,"Al pisar embrague en frio suena un chirrido que va aumentando conforme pasan los minutos, collarin gastado"
G-ORIG-4799,1,Desgaste en collarin de empuje o crapodina de embrague,1,TRAIN,Ruido de rozamiento en transmision que se activa solamente bajo presion del bombin sobre el collarin de empuje
G-ORIG-4800,1,Rodajes de transmision manual o eje primario gastados,1,TRAIN,"En neutro con motor encendido se escucha un zumbido o ronroneo continuo en la caja, pero al pisar el embrague a fondo el ruido desaparece"
G-ORIG-4801,1,Rodajes de transmision manual o eje primario gastados,1,TRAIN,Zumbido constante en la transmision manual que se apaga inmediatamente cuando hundo el pedal de clutch y se detiene el eje de entrada
G-ORIG-4802,1,Rodajes de transmision manual o eje primario gastados,1,TRAIN,Rodamiento del eje primario de caja mecanica con desgaste severo hace ruido en punto muerto y en todas las marchas
G-ORIG-4803,1,Rodajes de transmision manual o eje primario gastados,1,TRAIN,Ronroneo de engranajes y rodajes en la caja que se siente en la palanca de cambios en ralenti y cesa al pisar embrague
G-ORIG-4804,1,Rodajes de transmision manual o eje primario gastados,1,TRAIN,Al soltar el pedal de embrague en neutro empieza a sonar como licuadora con rodajes secos dentro de la caja de cambios
G-ORIG-4805,1,Rodajes de transmision manual o eje primario gastados,1,TRAIN,"Caja manual suena a ruleman picado cuando el vehiculo esta regulando sin pisar embrague, al desembragar queda silencioso"
G-ORIG-4806,1,Rodajes de transmision manual o eje primario gastados,1,TRAIN,Rodaje de apoyo del arbol primario desgastado genera zumbido que aumenta al acelerar en primera segunda y tercera velocidad
G-ORIG-4807,1,Rodajes de transmision manual o eje primario gastados,1,TRAIN,Ruido sordo de rodamientos en la caja de velocidades que desaparece al aislar la transmision presionando el embrague
G-ORIG-4808,1,Rodajes de transmision manual o eje primario gastados,1,TRAIN,Zumbido de caja mecanica que suena fuerte al rodar y desaparece al colocar neutro y presionar el pedal del clutch
G-ORIG-4809,1,Rodajes de transmision manual o eje primario gastados,1,TRAIN,Falta de aceite de transmision daño los rodamientos conicos del eje primario produciendo rumor continuo en neutro
G-ORIG-4810,1,Falla en motor de arranque o solenoide defectuoso (clac seco o carbones gastados),1,DEV,Giro la llave de contacto y solo se escucha un clac seco en el arrancador pero el motor de arranque no gira nada
G-ORIG-4811,1,Falla en motor de arranque o solenoide defectuoso (clac seco o carbones gastados),1,TRAIN,Bateria marca 12.6 voltios y faros prenden con buena potencia pero al dar arranque se escucha un solo clic y se queda mudo
G-ORIG-4812,1,Falla en motor de arranque o solenoide defectuoso (clac seco o carbones gastados),1,TRAIN,Tengo que darle unos golpecitos con una llave a la carcasa del arrancador para que enganchen los carbones y recien enciende
G-ORIG-4813,1,Falla en motor de arranque o solenoide defectuoso (clac seco o carbones gastados),1,DEV,Carbones o escobillas del motor de arranque totalmente desgastados no hacen contacto con el colector del inducido
G-ORIG-4814,1,Falla en motor de arranque o solenoide defectuoso (clac seco o carbones gastados),1,TRAIN,Terminal 50 del solenoide recibe 12V con la llave en posicion START pero el arrancador no acciona el bendix ni gira
G-ORIG-4815,1,Falla en motor de arranque o solenoide defectuoso (clac seco o carbones gastados),1,TRAIN,Contactos de potencia de cobre del solenoide fogueados o carbonizados impiden el paso de corriente al inducido
G-ORIG-4816,1,Falla en motor de arranque o solenoide defectuoso (clac seco o carbones gastados),1,TRAIN,Al dar arranque se apagan tenuemente los testigos del tablero pero el arrancador no mueve el volante motor clac clac
G-ORIG-4817,1,Falla en motor de arranque o solenoide defectuoso (clac seco o carbones gastados),1,TRAIN,El arrancador a veces gira normal y otras veces hace un clic metalico seco y no hace absolutamente nada
G-ORIG-4818,1,Falla en motor de arranque o solenoide defectuoso (clac seco o carbones gastados),1,DEV,Bobina del automatico o rele del solenoide de arranque con falso contacto interno no retiene el embolo
G-ORIG-4819,1,Falla en motor de arranque o solenoide defectuoso (clac seco o carbones gastados),1,TRAIN,Motor de arranque se queda pegado o zumba en vacio sin engranar el bendix a la cercha del volante
G-ORIG-4820,1,Falla en motor de arranque o solenoide defectuoso (clac seco o carbones gastados),1,TRAIN,Luces del tablero quedan encendidas firmes pero el motor no da marcha solo se oye un chasquido debajo del motor
G-ORIG-4821,1,Falla en motor de arranque o solenoide defectuoso (clac seco o carbones gastados),1,TRAIN,"El carro no da arranque de manera aleatoria, arrancador mudo a pesar de bateria nueva recien instalada"
G-ORIG-4822,1,Fuga parasita de corriente en reposo (consumo nocturno de bateria),1,TRAIN,La bateria amanece completamente muerta y descargada si dejo el vehiculo parado toda la noche o durante el fin de semana
G-ORIG-4823,1,Fuga parasita de corriente en reposo (consumo nocturno de bateria),1,TRAIN,"Bateria nueva se descarga sola en dos dias de estacionamiento, alternador carga perfecto a 14.3V con motor encendido"
G-ORIG-4824,1,Fuga parasita de corriente en reposo (consumo nocturno de bateria),1,TRAIN,Medicion con multimetro en serie en borne negativo marca consumo parasito de 350 miliamperios en reposo con llave retirada
G-ORIG-4825,1,Fuga parasita de corriente en reposo (consumo nocturno de bateria),1,TRAIN,Modulo de confort de carroceria BCM no entra en modo sleep y sigue consumiendo 0.4 amperios con el auto apagado y cerrado
G-ORIG-4826,1,Fuga parasita de corriente en reposo (consumo nocturno de bateria),1,TRAIN,Luz interior de la guantera o del maletero se queda encendida permanentemente descargando la bateria en la noche
G-ORIG-4827,1,Fuga parasita de corriente en reposo (consumo nocturno de bateria),1,TRAIN,Alarma no original o radio pantalla aftermarket tiene consumo parásito continuo que drena la bateria en reposo
G-ORIG-4828,1,Fuga parasita de corriente en reposo (consumo nocturno de bateria),1,TRAIN,Corriente parasita de 280 mA en reposo excede la tolerancia de 50 mA segun manual de taller y descarga el acumulador
G-ORIG-4829,1,Fuga parasita de corriente en reposo (consumo nocturno de bateria),1,TRAIN,Si desconecto el borne de la bateria por la noche arranca perfecto al dia siguiente confirmando fuga de corriente
G-ORIG-4830,1,Fuga parasita de corriente en reposo (consumo nocturno de bateria),1,TRAIN,Al retirar fusibles uno por uno en la fusilera el consumo parasito de 0.5A cae a 0.02A al sacar el fusible de la radio
G-ORIG-4831,1,Fuga parasita de corriente en reposo (consumo nocturno de bateria),1,TRAIN,Descarga lenta de acumulador en reposo con alternador y bateria en excelente estado comprobados en banco
G-ORIG-4832,1,Fuga parasita de corriente en reposo (consumo nocturno de bateria),1,DEV,"El carro se queda sin energia despues de 48 horas sin uso, requiriendo auxilio de arranque con cables"
