id,clase_objetivo,macro_sistema,nivel_informacion,estado_auditoria,motivos,sim_intra_max,sim_inter_max,inter_ref_origen,dtc,es_contrastivo,clase_contrastiva
F10L01_0001,Falla en bujias o bobinas de encendido (misfire),MOTOR,L1,APROBADO,CONFORME,0.3496,0.4879,TRAIN,,NO,
F10L01_0002,Falla en bujias o bobinas de encendido (misfire),MOTOR,L1,APROBADO,CONFORME,0.3236,0.3849,TRAIN,,NO,
F10L01_0003,Falla en bujias o bobinas de encendido (misfire),MOTOR,L1,APROBADO,CONFORME,0.523,0.1879,TRAIN,,NO,
F10L01_0004,Falla en bujias o bobinas de encendido (misfire),MOTOR,L1,APROBADO,CONFORME,0.1675,0.203,TRAIN,,NO,
F10L01_0005,Falla en bujias o bobinas de encendido (misfire),MOTOR,L1,APROBADO,CONFORME,0.3352,0.4593,TRAIN,,NO,
F10L01_0006,Falla en bujias o bobinas de encendido (misfire),MOTOR,L1,APROBADO,CONFORME,0.2225,0.4034,TRAIN,,NO,
F10L01_0007,Falla en bujias o bobinas de encendido (misfire),MOTOR,L1,APROBADO,CONFORME,0.4493,0.2085,DEV_60,,NO,
F10L01_0008,Falla en bujias o bobinas de encendido (misfire),MOTOR,L1,APROBADO,CONFORME,0.1916,0.1738,TRAIN,,NO,
F10L01_0009,Falla en bujias o bobinas de encendido (misfire),MOTOR,L1,APROBADO,CONFORME,0.2907,0.4372,TRAIN,,NO,
F10L01_0010,Falla en bujias o bobinas de encendido (misfire),MOTOR,L1,APROBADO,CONFORME,0.1989,0.1558,TRAIN,,NO,
F10L01_0011,Falla en bujias o bobinas de encendido (misfire),MOTOR,L2,APROBADO,CONFORME,0.2688,0.4767,TRAIN,,NO,
F10L01_0012,Falla en bujias o bobinas de encendido (misfire),MOTOR,L2,APROBADO,CONFORME,0.2591,0.3271,TRAIN,,NO,
F10L01_0013,Falla en bujias o bobinas de encendido (misfire),MOTOR,L2,APROBADO,CONFORME,0.2901,0.2901,TRAIN,,SI,Cuerpo de aceleracion o valvula IAC sucia
F10L01_0014,Falla en bujias o bobinas de encendido (misfire),MOTOR,L2,APROBADO,CONFORME,0.2853,0.4647,TRAIN,P0300,NO,
F10L01_0015,Falla en bujias o bobinas de encendido (misfire),MOTOR,L2,APROBADO,CONFORME,0.3186,0.3919,TRAIN,,SI,Bomba de gasolina quemada o con baja presion
F10L01_0016,Falla en bujias o bobinas de encendido (misfire),MOTOR,L2,APROBADO,CONFORME,0.2971,0.2932,TRAIN,,NO,
F10L01_0017,Falla en bujias o bobinas de encendido (misfire),MOTOR,L2,APROBADO,CONFORME,0.3236,0.4562,TRAIN,,NO,
F10L01_0018,Falla en bujias o bobinas de encendido (misfire),MOTOR,L2,APROBADO,CONFORME,0.2321,0.2409,TRAIN,,NO,
F10L01_0019,Falla en bujias o bobinas de encendido (misfire),MOTOR,L2,APROBADO,CONFORME,0.1522,0.3372,TRAIN,,NO,
F10L01_0020,Falla en bujias o bobinas de encendido (misfire),MOTOR,L2,APROBADO,CONFORME,0.3187,0.1582,TRAIN,,NO,
F10L01_0021,Falla en bujias o bobinas de encendido (misfire),MOTOR,L2,APROBADO,CONFORME,0.2669,0.2592,TRAIN,,SI,Cuerpo de aceleracion o valvula IAC sucia
F10L01_0022,Falla en bujias o bobinas de encendido (misfire),MOTOR,L2,APROBADO,CONFORME,0.2458,0.2085,TRAIN,P0301,NO,
F10L01_0023,Falla en bujias o bobinas de encendido (misfire),MOTOR,L2,APROBADO,CONFORME,0.1372,0.2477,TRAIN,,SI,Inyectores sucios o filtro de combustible obstruido
F10L01_0024,Falla en bujias o bobinas de encendido (misfire),MOTOR,L2,APROBADO,CONFORME,0.1736,0.1808,TRAIN,,NO,
F10L01_0025,Falla en bujias o bobinas de encendido (misfire),MOTOR,L2,APROBADO,CONFORME,0.2,0.2167,TRAIN,,NO,
F10L01_0026,Falla en bujias o bobinas de encendido (misfire),MOTOR,L3,APROBADO,CONFORME,0.1868,0.3951,TRAIN,P0300,NO,
F10L01_0027,Falla en bujias o bobinas de encendido (misfire),MOTOR,L3,APROBADO,CONFORME,0.2591,0.3429,TRAIN,,SI,Bomba de gasolina quemada o con baja presion
F10L01_0028,Falla en bujias o bobinas de encendido (misfire),MOTOR,L3,APROBADO,CONFORME,0.2458,0.2003,TRAIN,P0302,NO,
F10L01_0029,Falla en bujias o bobinas de encendido (misfire),MOTOR,L3,APROBADO,CONFORME,0.1857,0.1623,TRAIN,,SI,Discos de freno alabeados o desgastados
F10L01_0030,Falla en bujias o bobinas de encendido (misfire),MOTOR,L3,APROBADO,CONFORME,0.3187,0.1963,TRAIN,,NO,
F10L01_0031,Falla en bujias o bobinas de encendido (misfire),MOTOR,L3,APROBADO,CONFORME,0.2103,0.1661,TRAIN,P0301,NO,
F10L01_0032,Falla en bujias o bobinas de encendido (misfire),MOTOR,L3,APROBADO,CONFORME,0.1422,0.2372,TRAIN,,SI,Bomba de gasolina quemada o con baja presion
F10L01_0033,Falla en bujias o bobinas de encendido (misfire),MOTOR,L3,APROBADO,CONFORME,0.1637,0.206,TRAIN,P0303,NO,
F10L01_0034,Falla en bujias o bobinas de encendido (misfire),MOTOR,L3,APROBADO,CONFORME,0.2241,0.2623,TRAIN,,NO,
F10L01_0035,Falla en bujias o bobinas de encendido (misfire),MOTOR,L3,APROBADO,CONFORME,0.1528,0.1976,TRAIN,,NO,
F10L01_0036,Falla en bujias o bobinas de encendido (misfire),MOTOR,L3,APROBADO,CONFORME,0.1136,0.1709,TRAIN,,NO,
F10L01_0037,Falla en bujias o bobinas de encendido (misfire),MOTOR,L3,APROBADO,CONFORME,0.244,0.1662,TRAIN,P0304,NO,
F10L01_0038,Falla en bujias o bobinas de encendido (misfire),MOTOR,L3,APROBADO,CONFORME,0.1818,0.1675,TRAIN,,SI,Llantas desbalanceadas o desalineadas
F10L01_0039,Falla en bujias o bobinas de encendido (misfire),MOTOR,L3,APROBADO,CONFORME,0.2272,0.1687,TRAIN,,SI,Empaque de culata soplado o danado
F10L01_0040,Falla en bujias o bobinas de encendido (misfire),MOTOR,L3,APROBADO,CONFORME,0.1079,0.143,TRAIN,P0300,NO,
F10L01_0041,Bomba de gasolina quemada o con baja presion,MOTOR,L1,APROBADO,CONFORME,0.4865,0.3632,TRAIN,,NO,
F10L01_0042,Bomba de gasolina quemada o con baja presion,MOTOR,L1,APROBADO,CONFORME,0.2875,0.7316,TRAIN,,NO,
F10L01_0043,Bomba de gasolina quemada o con baja presion,MOTOR,L1,APROBADO,CONFORME,0.3934,0.27,TRAIN,,NO,
F10L01_0044,Bomba de gasolina quemada o con baja presion,MOTOR,L1,APROBADO,CONFORME,0.3864,0.4237,TRAIN,,NO,
F10L01_0045,Bomba de gasolina quemada o con baja presion,MOTOR,L1,APROBADO,CONFORME,0.2502,0.4235,TRAIN,,NO,
F10L01_0046,Bomba de gasolina quemada o con baja presion,MOTOR,L1,APROBADO,CONFORME,0.166,0.2758,TRAIN,,NO,
F10L01_0047,Bomba de gasolina quemada o con baja presion,MOTOR,L1,APROBADO,CONFORME,0.5329,0.2803,TEST_100,,NO,
F10L01_0048,Bomba de gasolina quemada o con baja presion,MOTOR,L1,APROBADO,CONFORME,0.2557,0.2906,TRAIN,,NO,
F10L01_0049,Bomba de gasolina quemada o con baja presion,MOTOR,L1,APROBADO,CONFORME,0.3305,0.3917,TRAIN,,NO,
F10L01_0050,Bomba de gasolina quemada o con baja presion,MOTOR,L1,APROBADO,CONFORME,0.1886,0.2585,TEST_100,,NO,
F10L01_0051,Bomba de gasolina quemada o con baja presion,MOTOR,L2,APROBADO,CONFORME,0.4328,0.4694,TRAIN,,NO,
F10L01_0052,Bomba de gasolina quemada o con baja presion,MOTOR,L2,APROBADO,CONFORME,0.2842,0.6184,TRAIN,,NO,
F10L01_0053,Bomba de gasolina quemada o con baja presion,MOTOR,L2,APROBADO,CONFORME,0.2971,0.3874,TRAIN,,SI,Falla en bujias o bobinas de encendido (misfire)
F10L01_0054,Bomba de gasolina quemada o con baja presion,MOTOR,L2,APROBADO,CONFORME,0.2355,0.3557,TRAIN,,NO,
F10L01_0055,Bomba de gasolina quemada o con baja presion,MOTOR,L2,APROBADO,CONFORME,0.4626,0.25,TRAIN,,NO,
F10L01_0056,Bomba de gasolina quemada o con baja presion,MOTOR,L2,APROBADO,CONFORME,0.1997,0.2566,TRAIN,,NO,
F10L01_0057,Bomba de gasolina quemada o con baja presion,MOTOR,L2,APROBADO,CONFORME,0.25,0.2456,TRAIN,,NO,
F10L01_0058,Bomba de gasolina quemada o con baja presion,MOTOR,L2,APROBADO,CONFORME,0.1983,0.2196,TRAIN,,NO,
F10L01_0059,Bomba de gasolina quemada o con baja presion,MOTOR,L2,APROBADO,CONFORME,0.2607,0.2539,TRAIN,,NO,
F10L01_0060,Bomba de gasolina quemada o con baja presion,MOTOR,L2,APROBADO,CONFORME,0.1946,0.4234,TRAIN,,NO,
F10L01_0061,Bomba de gasolina quemada o con baja presion,MOTOR,L2,APROBADO,CONFORME,0.2037,0.1472,TRAIN,,NO,
F10L01_0062,Bomba de gasolina quemada o con baja presion,MOTOR,L2,APROBADO,CONFORME,0.449,0.27,TRAIN,,SI,Falla en bujias o bobinas de encendido (misfire)
F10L01_0063,Bomba de gasolina quemada o con baja presion,MOTOR,L2,APROBADO,CONFORME,0.2262,0.2265,TRAIN,,SI,Falla en bujias o bobinas de encendido (misfire)
F10L01_0064,Bomba de gasolina quemada o con baja presion,MOTOR,L2,APROBADO,CONFORME,0.2576,0.4453,TRAIN,,NO,
F10L01_0065,Bomba de gasolina quemada o con baja presion,MOTOR,L2,APROBADO,CONFORME,0.2535,0.2409,TRAIN,,NO,
F10L01_0066,Bomba de gasolina quemada o con baja presion,MOTOR,L3,APROBADO,CONFORME,0.4328,0.5621,TRAIN,,SI,Falla en bujias o bobinas de encendido (misfire)
F10L01_0067,Bomba de gasolina quemada o con baja presion,MOTOR,L3,APROBADO,CONFORME,0.217,0.1594,TRAIN,,SI,Inyectores sucios o filtro de combustible obstruido
F10L01_0068,Bomba de gasolina quemada o con baja presion,MOTOR,L3,APROBADO,CONFORME,0.1531,0.1658,TRAIN,,NO,
F10L01_0069,Bomba de gasolina quemada o con baja presion,MOTOR,L3,APROBADO,CONFORME,0.2364,0.2219,TRAIN,,SI,Falla en bujias o bobinas de encendido (misfire)
F10L01_0070,Bomba de gasolina quemada o con baja presion,MOTOR,L3,APROBADO,CONFORME,0.2777,0.1907,TRAIN,,NO,
F10L01_0071,Bomba de gasolina quemada o con baja presion,MOTOR,L3,APROBADO,CONFORME,0.1368,0.1764,TRAIN,,NO,
F10L01_0072,Bomba de gasolina quemada o con baja presion,MOTOR,L3,APROBADO,CONFORME,0.2535,0.2251,TRAIN,,SI,Falla en bujias o bobinas de encendido (misfire)
F10L01_0073,Bomba de gasolina quemada o con baja presion,MOTOR,L3,APROBADO,CONFORME,0.1883,0.239,TRAIN,,NO,
F10L01_0074,Bomba de gasolina quemada o con baja presion,MOTOR,L3,APROBADO,CONFORME,0.2382,0.1729,TRAIN,,NO,
F10L01_0075,Bomba de gasolina quemada o con baja presion,MOTOR,L3,APROBADO,CONFORME,0.1662,0.1578,TRAIN,,NO,
F10L01_0076,Bomba de gasolina quemada o con baja presion,MOTOR,L3,APROBADO,CONFORME,0.2317,0.176,TRAIN,,SI,Falla en bujias o bobinas de encendido (misfire)
F10L01_0077,Bomba de gasolina quemada o con baja presion,MOTOR,L3,APROBADO,CONFORME,0.1775,0.3896,TRAIN,,SI,Inyectores sucios o filtro de combustible obstruido
F10L01_0078,Bomba de gasolina quemada o con baja presion,MOTOR,L3,APROBADO,CONFORME,0.221,0.2829,TRAIN,,NO,
F10L01_0079,Bomba de gasolina quemada o con baja presion,MOTOR,L3,APROBADO,CONFORME,0.2102,0.199,TRAIN,,NO,
F10L01_0080,Bomba de gasolina quemada o con baja presion,MOTOR,L3,APROBADO,CONFORME,0.1857,0.1985,TRAIN,,SI,Inyectores sucios o filtro de combustible obstruido
F10L01_0081,Inyectores sucios o filtro de combustible obstruido,MOTOR,L1,APROBADO,CONFORME,0.4626,0.1742,TRAIN,,NO,
F10L01_0082,Inyectores sucios o filtro de combustible obstruido,MOTOR,L1,APROBADO,CONFORME,0.225,0.1759,TRAIN,,NO,
F10L01_0083,Inyectores sucios o filtro de combustible obstruido,MOTOR,L1,APROBADO,CONFORME,0.3056,0.5096,TRAIN,,NO,
F10L01_0084,Inyectores sucios o filtro de combustible obstruido,MOTOR,L1,APROBADO,CONFORME,0.275,0.3861,TRAIN,,NO,
F10L01_0085,Inyectores sucios o filtro de combustible obstruido,MOTOR,L1,APROBADO,CONFORME,0.449,0.2986,TRAIN,,NO,
F10L01_0086,Inyectores sucios o filtro de combustible obstruido,MOTOR,L1,APROBADO,CONFORME,0.4493,0.277,TRAIN,,NO,
F10L01_0087,Inyectores sucios o filtro de combustible obstruido,MOTOR,L1,APROBADO,CONFORME,0.4865,0.3039,TRAIN,,NO,
F10L01_0088,Inyectores sucios o filtro de combustible obstruido,MOTOR,L1,APROBADO,CONFORME,0.3423,0.1946,TRAIN,,NO,
F10L01_0089,Inyectores sucios o filtro de combustible obstruido,MOTOR,L1,APROBADO,CONFORME,0.2181,0.2041,TRAIN,,NO,
F10L01_0090,Inyectores sucios o filtro de combustible obstruido,MOTOR,L1,APROBADO,CONFORME,0.2101,0.2565,TRAIN,,NO,
F10L01_0091,Inyectores sucios o filtro de combustible obstruido,MOTOR,L2,APROBADO,CONFORME,0.2354,0.2615,TRAIN,,SI,Bomba de gasolina quemada o con baja presion
F10L01_0092,Inyectores sucios o filtro de combustible obstruido,MOTOR,L2,APROBADO,CONFORME,0.1489,0.1891,TRAIN,,NO,
F10L01_0093,Inyectores sucios o filtro de combustible obstruido,MOTOR,L2,APROBADO,CONFORME,0.1906,0.2277,TRAIN,,SI,Bomba de gasolina quemada o con baja presion
F10L01_0094,Inyectores sucios o filtro de combustible obstruido,MOTOR,L2,APROBADO,CONFORME,0.2637,0.1477,TRAIN,,SI,Falla en bujias o bobinas de encendido (misfire)
F10L01_0095,Inyectores sucios o filtro de combustible obstruido,MOTOR,L2,APROBADO,CONFORME,0.2815,0.2295,TRAIN,,NO,
F10L01_0096,Inyectores sucios o filtro de combustible obstruido,MOTOR,L2,APROBADO,CONFORME,0.2382,0.2092,TRAIN,,NO,
F10L01_0097,Inyectores sucios o filtro de combustible obstruido,MOTOR,L2,APROBADO,CONFORME,0.2873,0.31,TRAIN,,NO,
F10L01_0098,Inyectores sucios o filtro de combustible obstruido,MOTOR,L2,APROBADO,CONFORME,0.2793,0.1773,TRAIN,,NO,
F10L01_0099,Inyectores sucios o filtro de combustible obstruido,MOTOR,L2,APROBADO,CONFORME,0.1576,0.1614,TRAIN,,NO,
F10L01_0100,Inyectores sucios o filtro de combustible obstruido,MOTOR,L2,APROBADO,CONFORME,0.2475,0.3566,TRAIN,,SI,Bomba de gasolina quemada o con baja presion
F10L01_0101,Inyectores sucios o filtro de combustible obstruido,MOTOR,L2,APROBADO,CONFORME,0.2585,0.0858,FIELD_60,,SI,Falla en sensor de oxigeno o mezcla rica
F10L01_0102,Inyectores sucios o filtro de combustible obstruido,MOTOR,L2,APROBADO,CONFORME,0.1816,0.1641,TRAIN,,SI,Bomba de gasolina quemada o con baja presion
F10L01_0103,Inyectores sucios o filtro de combustible obstruido,MOTOR,L2,APROBADO,CONFORME,0.2443,0.2154,TRAIN,,SI,Falla en bujias o bobinas de encendido (misfire)
F10L01_0104,Inyectores sucios o filtro de combustible obstruido,MOTOR,L2,APROBADO,CONFORME,0.2343,0.4004,TRAIN,,NO,
F10L01_0105,Inyectores sucios o filtro de combustible obstruido,MOTOR,L2,APROBADO,CONFORME,0.1323,0.1374,TRAIN,,NO,
F10L01_0106,Inyectores sucios o filtro de combustible obstruido,MOTOR,L3,APROBADO,CONFORME,0.2428,0.2396,TRAIN,,SI,Bomba de gasolina quemada o con baja presion
F10L01_0107,Inyectores sucios o filtro de combustible obstruido,MOTOR,L3,APROBADO,CONFORME,0.2364,0.1633,TRAIN,,SI,Falla en bujias o bobinas de encendido (misfire)
F10L01_0108,Inyectores sucios o filtro de combustible obstruido,MOTOR,L3,APROBADO,CONFORME,0.1763,0.1525,TRAIN,,SI,Bomba de gasolina quemada o con baja presion
F10L01_0109,Inyectores sucios o filtro de combustible obstruido,MOTOR,L3,APROBADO,CONFORME,0.2873,0.1585,TRAIN,,SI,Falla en sensor de oxigeno o mezcla rica
F10L01_0110,Inyectores sucios o filtro de combustible obstruido,MOTOR,L3,APROBADO,CONFORME,0.2793,0.1328,TRAIN,,NO,
F10L01_0111,Inyectores sucios o filtro de combustible obstruido,MOTOR,L3,APROBADO,CONFORME,0.2475,0.1785,TRAIN,,SI,Bomba de gasolina quemada o con baja presion
F10L01_0112,Inyectores sucios o filtro de combustible obstruido,MOTOR,L3,APROBADO,CONFORME,0.2585,0.1808,TRAIN,,NO,
F10L01_0113,Inyectores sucios o filtro de combustible obstruido,MOTOR,L3,APROBADO,CONFORME,0.211,0.1557,TRAIN,,SI,Falla en sensor de oxigeno o mezcla rica
F10L01_0114,Inyectores sucios o filtro de combustible obstruido,MOTOR,L3,APROBADO,CONFORME,0.2251,0.2015,TRAIN,,SI,Bomba de gasolina quemada o con baja presion
F10L01_0115,Inyectores sucios o filtro de combustible obstruido,MOTOR,L3,APROBADO,CONFORME,0.1008,0.1409,TRAIN,,NO,
F10L01_0116,Inyectores sucios o filtro de combustible obstruido,MOTOR,L3,APROBADO,CONFORME,0.2343,0.2229,TRAIN,,SI,Bomba de gasolina quemada o con baja presion
F10L01_0117,Inyectores sucios o filtro de combustible obstruido,MOTOR,L3,APROBADO,CONFORME,0.1151,0.1024,TRAIN,,NO,
F10L01_0118,Inyectores sucios o filtro de combustible obstruido,MOTOR,L3,APROBADO,CONFORME,0.156,0.1346,TRAIN,,SI,Bomba de gasolina quemada o con baja presion
F10L01_0119,Inyectores sucios o filtro de combustible obstruido,MOTOR,L3,APROBADO,CONFORME,0.1702,0.1365,DEV_60,,SI,Falla en bujias o bobinas de encendido (misfire)
F10L01_0120,Inyectores sucios o filtro de combustible obstruido,MOTOR,L3,APROBADO,CONFORME,0.225,0.1502,TRAIN,,NO,
F10L01_0121,Falla en sensor de oxigeno o mezcla rica,MOTOR,L1,APROBADO,CONFORME,0.4029,0.3839,TRAIN,,NO,
F10L01_0122,Falla en sensor de oxigeno o mezcla rica,MOTOR,L1,APROBADO,CONFORME,0.4938,0.3791,G2,,NO,
F10L01_0123,Falla en sensor de oxigeno o mezcla rica,MOTOR,L1,APROBADO,CONFORME,0.261,0.4968,TRAIN,,NO,
F10L01_0124,Falla en sensor de oxigeno o mezcla rica,MOTOR,L1,APROBADO,CONFORME,0.7215,0.2684,TRAIN,,NO,
F10L01_0125,Falla en sensor de oxigeno o mezcla rica,MOTOR,L1,APROBADO,CONFORME,0.1489,0.1858,TRAIN,,NO,
F10L01_0126,Falla en sensor de oxigeno o mezcla rica,MOTOR,L1,APROBADO,CONFORME,0.2163,0.439,TRAIN,,NO,
F10L01_0127,Falla en sensor de oxigeno o mezcla rica,MOTOR,L1,APROBADO,CONFORME,0.2847,0.1723,TRAIN,,NO,
F10L01_0128,Falla en sensor de oxigeno o mezcla rica,MOTOR,L1,APROBADO,CONFORME,0.3423,0.213,TRAIN,,NO,
F10L01_0129,Falla en sensor de oxigeno o mezcla rica,MOTOR,L1,APROBADO,CONFORME,0.2417,0.2151,TRAIN,,NO,
F10L01_0130,Falla en sensor de oxigeno o mezcla rica,MOTOR,L1,APROBADO,CONFORME,0.3067,0.1722,TRAIN,,NO,
F10L01_0131,Falla en sensor de oxigeno o mezcla rica,MOTOR,L2,APROBADO,CONFORME,0.4938,0.2455,TRAIN,,NO,
F10L01_0132,Falla en sensor de oxigeno o mezcla rica,MOTOR,L2,APROBADO,CONFORME,0.7215,0.2858,TRAIN,,NO,
F10L01_0133,Falla en sensor de oxigeno o mezcla rica,MOTOR,L2,APROBADO,CONFORME,0.2877,0.2981,TRAIN,,NO,
F10L01_0134,Falla en sensor de oxigeno o mezcla rica,MOTOR,L2,APROBADO,CONFORME,0.217,0.2699,TRAIN,,SI,Inyectores sucios o filtro de combustible obstruido
F10L01_0135,Falla en sensor de oxigeno o mezcla rica,MOTOR,L2,APROBADO,CONFORME,0.2215,0.1585,TRAIN,,NO,
F10L01_0136,Falla en sensor de oxigeno o mezcla rica,MOTOR,L2,APROBADO,CONFORME,0.2287,0.1699,TRAIN,,SI,Falla en bujias o bobinas de encendido (misfire)
F10L01_0137,Falla en sensor de oxigeno o mezcla rica,MOTOR,L2,APROBADO,CONFORME,0.2853,0.5395,TRAIN,,NO,
F10L01_0138,Falla en sensor de oxigeno o mezcla rica,MOTOR,L2,APROBADO,CONFORME,0.202,0.1209,TRAIN,,NO,
F10L01_0139,Falla en sensor de oxigeno o mezcla rica,MOTOR,L2,APROBADO,CONFORME,0.2532,0.2529,TRAIN,,NO,
F10L01_0140,Falla en sensor de oxigeno o mezcla rica,MOTOR,L2,APROBADO,CONFORME,0.3067,0.1606,TRAIN,,SI,Bomba de gasolina quemada o con baja presion
F10L01_0141,Falla en sensor de oxigeno o mezcla rica,MOTOR,L2,APROBADO,CONFORME,0.2846,0.2301,TRAIN,,NO,
F10L01_0142,Falla en sensor de oxigeno o mezcla rica,MOTOR,L2,APROBADO,CONFORME,0.2623,0.2683,TRAIN,,NO,
F10L01_0143,Falla en sensor de oxigeno o mezcla rica,MOTOR,L2,APROBADO,CONFORME,0.2024,0.2319,TRAIN,,NO,
F10L01_0144,Falla en sensor de oxigeno o mezcla rica,MOTOR,L2,APROBADO,CONFORME,0.3056,0.1827,TRAIN,,NO,
F10L01_0145,Falla en sensor de oxigeno o mezcla rica,MOTOR,L2,APROBADO,CONFORME,0.1455,0.0763,TRAIN,P0172,NO,
F10L01_0146,Falla en sensor de oxigeno o mezcla rica,MOTOR,L3,APROBADO,CONFORME,0.4361,0.2253,TRAIN,,SI,Falla en bujias o bobinas de encendido (misfire)
F10L01_0147,Falla en sensor de oxigeno o mezcla rica,MOTOR,L3,APROBADO,CONFORME,0.2532,0.1842,TRAIN,P0172,SI,Bomba de gasolina quemada o con baja presion
F10L01_0148,Falla en sensor de oxigeno o mezcla rica,MOTOR,L3,APROBADO,CONFORME,0.2088,0.1511,TRAIN,,NO,
F10L01_0149,Falla en sensor de oxigeno o mezcla rica,MOTOR,L3,APROBADO,CONFORME,0.2379,0.2303,TRAIN,,SI,Falla en bujias o bobinas de encendido (misfire)
F10L01_0150,Falla en sensor de oxigeno o mezcla rica,MOTOR,L3,APROBADO,CONFORME,0.2846,0.2066,TRAIN,,SI,Bomba de gasolina quemada o con baja presion
F10L01_0151,Falla en sensor de oxigeno o mezcla rica,MOTOR,L3,APROBADO,CONFORME,0.2847,0.1965,TRAIN,,SI,Bomba de gasolina quemada o con baja presion
F10L01_0152,Falla en sensor de oxigeno o mezcla rica,MOTOR,L3,APROBADO,CONFORME,0.2623,0.1773,TRAIN,,NO,
F10L01_0153,Falla en sensor de oxigeno o mezcla rica,MOTOR,L3,APROBADO,CONFORME,0.1689,0.155,TRAIN,,NO,
F10L01_0154,Falla en sensor de oxigeno o mezcla rica,MOTOR,L3,APROBADO,CONFORME,0.1337,0.1538,TRAIN,,SI,Inyectores sucios o filtro de combustible obstruido
F10L01_0155,Falla en sensor de oxigeno o mezcla rica,MOTOR,L3,APROBADO,CONFORME,0.2149,0.1939,TRAIN,P0172,NO,
F10L01_0156,Falla en sensor de oxigeno o mezcla rica,MOTOR,L3,APROBADO,CONFORME,0.202,0.1932,TRAIN,,SI,Falla en bujias o bobinas de encendido (misfire)
F10L01_0157,Falla en sensor de oxigeno o mezcla rica,MOTOR,L3,APROBADO,CONFORME,0.1975,0.2556,TRAIN,,NO,
F10L01_0158,Falla en sensor de oxigeno o mezcla rica,MOTOR,L3,APROBADO,CONFORME,0.2287,0.2305,TRAIN,,SI,Bomba de gasolina quemada o con baja presion
F10L01_0159,Falla en sensor de oxigeno o mezcla rica,MOTOR,L3,APROBADO,CONFORME,0.1918,0.1806,TRAIN,,NO,
F10L01_0160,Falla en sensor de oxigeno o mezcla rica,MOTOR,L3,APROBADO,CONFORME,0.2158,0.3433,TRAIN,P0172,SI,Bomba de gasolina quemada o con baja presion
F10L01_0161,Cuerpo de aceleracion o valvula IAC sucia,MOTOR,L1,APROBADO,CONFORME,0.2743,0.2666,TRAIN,,NO,
F10L01_0162,Cuerpo de aceleracion o valvula IAC sucia,MOTOR,L1,APROBADO,CONFORME,0.4029,0.3335,TRAIN,,NO,
F10L01_0163,Cuerpo de aceleracion o valvula IAC sucia,MOTOR,L1,APROBADO,CONFORME,0.2804,0.2247,TRAIN,,NO,
F10L01_0164,Cuerpo de aceleracion o valvula IAC sucia,MOTOR,L1,APROBADO,CONFORME,0.3106,0.5091,TRAIN,,NO,
F10L01_0165,Cuerpo de aceleracion o valvula IAC sucia,MOTOR,L1,APROBADO,CONFORME,0.5329,0.2034,TRAIN,,NO,
F10L01_0166,Cuerpo de aceleracion o valvula IAC sucia,MOTOR,L1,APROBADO,CONFORME,0.1491,0.1565,TRAIN,,NO,
F10L01_0167,Cuerpo de aceleracion o valvula IAC sucia,MOTOR,L1,APROBADO,CONFORME,0.2848,0.2489,TRAIN,,NO,
F10L01_0168,Cuerpo de aceleracion o valvula IAC sucia,MOTOR,L1,APROBADO,CONFORME,0.29,0.2937,TRAIN,,NO,
F10L01_0169,Cuerpo de aceleracion o valvula IAC sucia,MOTOR,L1,APROBADO,CONFORME,0.2804,0.2722,TRAIN,,NO,
F10L01_0170,Cuerpo de aceleracion o valvula IAC sucia,MOTOR,L1,APROBADO,CONFORME,0.2892,0.176,TRAIN,,NO,
F10L01_0171,Cuerpo de aceleracion o valvula IAC sucia,MOTOR,L2,APROBADO,CONFORME,0.5055,0.2696,TRAIN,,SI,Falla en bujias o bobinas de encendido (misfire)
F10L01_0172,Cuerpo de aceleracion o valvula IAC sucia,MOTOR,L2,APROBADO,CONFORME,0.5159,0.3638,TRAIN,,NO,
F10L01_0173,Cuerpo de aceleracion o valvula IAC sucia,MOTOR,L2,APROBADO,CONFORME,0.2921,0.4405,TRAIN,,NO,
F10L01_0174,Cuerpo de aceleracion o valvula IAC sucia,MOTOR,L2,APROBADO,CONFORME,0.2443,0.2253,TRAIN,,SI,Falla en bujias o bobinas de encendido (misfire)
F10L01_0175,Cuerpo de aceleracion o valvula IAC sucia,MOTOR,L2,APROBADO,CONFORME,0.2125,0.2971,TRAIN,,NO,
F10L01_0176,Cuerpo de aceleracion o valvula IAC sucia,MOTOR,L2,APROBADO,CONFORME,0.214,0.2185,TRAIN,,SI,Falla en bujias o bobinas de encendido (misfire)
F10L01_0177,Cuerpo de aceleracion o valvula IAC sucia,MOTOR,L2,APROBADO,CONFORME,0.1993,0.2963,G2,,NO,
F10L01_0178,Cuerpo de aceleracion o valvula IAC sucia,MOTOR,L2,APROBADO,CONFORME,0.4228,0.2068,TRAIN,,NO,
F10L01_0179,Cuerpo de aceleracion o valvula IAC sucia,MOTOR,L2,APROBADO,CONFORME,0.2351,0.2971,FIELD_60,,NO,
F10L01_0180,Cuerpo de aceleracion o valvula IAC sucia,MOTOR,L2,APROBADO,CONFORME,0.1611,0.1667,TRAIN,,NO,
F10L01_0181,Cuerpo de aceleracion o valvula IAC sucia,MOTOR,L2,APROBADO,CONFORME,0.297,0.2095,TRAIN,,NO,
F10L01_0182,Cuerpo de aceleracion o valvula IAC sucia,MOTOR,L2,APROBADO,CONFORME,0.2214,0.1665,TRAIN,,SI,Falla en bujias o bobinas de encendido (misfire)
F10L01_0183,Cuerpo de aceleracion o valvula IAC sucia,MOTOR,L2,APROBADO,CONFORME,0.1458,0.0961,TRAIN,,NO,
F10L01_0184,Cuerpo de aceleracion o valvula IAC sucia,MOTOR,L2,APROBADO,CONFORME,0.2436,0.2759,TRAIN,,SI,Falla en bujias o bobinas de encendido (misfire)
F10L01_0185,Cuerpo de aceleracion o valvula IAC sucia,MOTOR,L2,APROBADO,CONFORME,0.2485,0.2094,TRAIN,,SI,Bomba de gasolina quemada o con baja presion
F10L01_0186,Cuerpo de aceleracion o valvula IAC sucia,MOTOR,L3,APROBADO,CONFORME,0.5055,0.1771,TRAIN,,SI,Falla en bujias o bobinas de encendido (misfire)
F10L01_0187,Cuerpo de aceleracion o valvula IAC sucia,MOTOR,L3,APROBADO,CONFORME,0.5159,0.2938,TRAIN,,SI,Bomba de gasolina quemada o con baja presion
F10L01_0188,Cuerpo de aceleracion o valvula IAC sucia,MOTOR,L3,APROBADO,CONFORME,0.4228,0.1366,TRAIN,,NO,
F10L01_0189,Cuerpo de aceleracion o valvula IAC sucia,MOTOR,L3,APROBADO,CONFORME,0.2921,0.2539,TRAIN,,SI,Falla en sensor de oxigeno o mezcla rica
F10L01_0190,Cuerpo de aceleracion o valvula IAC sucia,MOTOR,L3,APROBADO,CONFORME,0.1724,0.3218,TEST_100,,SI,Falla en bujias o bobinas de encendido (misfire)
F10L01_0191,Cuerpo de aceleracion o valvula IAC sucia,MOTOR,L3,APROBADO,CONFORME,0.1692,0.1867,G1,,NO,
F10L01_0192,Cuerpo de aceleracion o valvula IAC sucia,MOTOR,L3,APROBADO,CONFORME,0.2056,0.1487,TRAIN,,SI,Falla en bujias o bobinas de encendido (misfire)
F10L01_0193,Cuerpo de aceleracion o valvula IAC sucia,MOTOR,L3,APROBADO,CONFORME,0.2907,0.1988,TRAIN,,NO,
F10L01_0194,Cuerpo de aceleracion o valvula IAC sucia,MOTOR,L3,APROBADO,CONFORME,0.1013,0.1554,TRAIN,,SI,Falla en bujias o bobinas de encendido (misfire)
F10L01_0195,Cuerpo de aceleracion o valvula IAC sucia,MOTOR,L3,APROBADO,CONFORME,0.2246,0.2075,TRAIN,,SI,Bomba de gasolina quemada o con baja presion
F10L01_0196,Cuerpo de aceleracion o valvula IAC sucia,MOTOR,L3,APROBADO,CONFORME,0.1926,0.1581,TRAIN,,NO,
F10L01_0197,Cuerpo de aceleracion o valvula IAC sucia,MOTOR,L3,APROBADO,CONFORME,0.1632,0.1542,TRAIN,,SI,Falla en bujias o bobinas de encendido (misfire)
F10L01_0198,Cuerpo de aceleracion o valvula IAC sucia,MOTOR,L3,APROBADO,CONFORME,0.2879,0.1269,TRAIN,,NO,
F10L01_0199,Cuerpo de aceleracion o valvula IAC sucia,MOTOR,L3,APROBADO,CONFORME,0.2119,0.1923,TRAIN,,SI,Falla en bujias o bobinas de encendido (misfire)
F10L01_0200,Cuerpo de aceleracion o valvula IAC sucia,MOTOR,L3,APROBADO,CONFORME,0.2025,0.1783,TRAIN,,SI,Falla en bujias o bobinas de encendido (misfire)
F10-L02-0001,Empaque de culata soplado o danado,MOTOR,L1,APROBADO,CONFORME,0.1706,0.228,TRAIN,,NO,
F10-L02-0002,Empaque de culata soplado o danado,MOTOR,L1,APROBADO,CONFORME,0.2014,0.2457,TRAIN,,NO,
F10-L02-0003,Empaque de culata soplado o danado,MOTOR,L1,APROBADO,CONFORME,0.4011,0.5206,TRAIN,,NO,
F10-L02-0004,Empaque de culata soplado o danado,MOTOR,L1,APROBADO,CONFORME,0.1482,0.1944,TRAIN,,NO,
F10-L02-0005,Empaque de culata soplado o danado,MOTOR,L1,APROBADO,CONFORME,0.2314,0.213,TRAIN,,NO,
F10-L02-0006,Empaque de culata soplado o danado,MOTOR,L1,APROBADO,CONFORME,0.1621,0.1003,TRAIN,,NO,
F10-L02-0007,Empaque de culata soplado o danado,MOTOR,L1,APROBADO,CONFORME,0.27,0.2918,TRAIN,,NO,
F10-L02-0008,Empaque de culata soplado o danado,MOTOR,L1,APROBADO,CONFORME,0.1275,0.1331,TRAIN,,NO,
F10-L02-0009,Empaque de culata soplado o danado,MOTOR,L1,APROBADO,CONFORME,0.2277,0.1874,DEV_60,,NO,
F10-L02-0010,Empaque de culata soplado o danado,MOTOR,L1,APROBADO,CONFORME,0.2177,0.152,TRAIN,,NO,
F10-L02-0011,Empaque de culata soplado o danado,MOTOR,L2,APROBADO,CONFORME,0.1518,0.2273,TRAIN,,SI,Falla en termostato o motoventilador de radiador
F10-L02-0012,Empaque de culata soplado o danado,MOTOR,L2,APROBADO,CONFORME,0.2306,0.2329,TRAIN,,SI,Falla en bujias o bobinas de encendido (misfire)
F10-L02-0013,Empaque de culata soplado o danado,MOTOR,L2,APROBADO,CONFORME,0.157,0.3151,TRAIN,,SI,Fuga en mangueras de refrigerante o radiador picado
F10-L02-0014,Empaque de culata soplado o danado,MOTOR,L2,APROBADO,CONFORME,0.2169,0.3371,TRAIN,,SI,Falla en termostato o motoventilador de radiador
F10-L02-0015,Empaque de culata soplado o danado,MOTOR,L2,APROBADO,CONFORME,0.1823,0.1685,TRAIN,,SI,Falla en termostato o motoventilador de radiador
F10-L02-0016,Empaque de culata soplado o danado,MOTOR,L2,APROBADO,CONFORME,0.1772,0.246,TRAIN,,NO,
F10-L02-0017,Empaque de culata soplado o danado,MOTOR,L2,APROBADO,CONFORME,0.171,0.1555,TRAIN,,SI,Falla en termostato o motoventilador de radiador
F10-L02-0018,Empaque de culata soplado o danado,MOTOR,L2,APROBADO,CONFORME,0.1125,0.0959,TRAIN,,SI,Fuga en mangueras de refrigerante o radiador picado
F10-L02-0019,Empaque de culata soplado o danado,MOTOR,L2,APROBADO,CONFORME,0.1522,0.101,TRAIN,,SI,Falla en bujias o bobinas de encendido (misfire)
F10-L02-0020,Empaque de culata soplado o danado,MOTOR,L2,APROBADO,CONFORME,0.111,0.2156,TRAIN,,NO,
F10-L02-0021,Empaque de culata soplado o danado,MOTOR,L2,APROBADO,CONFORME,0.1861,0.187,TRAIN,,SI,Fuga en mangueras de refrigerante o radiador picado
F10-L02-0022,Empaque de culata soplado o danado,MOTOR,L2,APROBADO,CONFORME,0.1807,0.1184,TRAIN,,SI,Falla en termostato o motoventilador de radiador
F10-L02-0023,Empaque de culata soplado o danado,MOTOR,L2,APROBADO,CONFORME,0.1761,0.1544,TRAIN,,SI,Fuga en mangueras de refrigerante o radiador picado
F10-L02-0024,Empaque de culata soplado o danado,MOTOR,L2,APROBADO,CONFORME,0.1437,0.1382,TRAIN,,NO,
F10-L02-0025,Empaque de culata soplado o danado,MOTOR,L2,APROBADO,CONFORME,0.1105,0.1232,TRAIN,,SI,Falla en termostato o motoventilador de radiador
F10-L02-0026,Empaque de culata soplado o danado,MOTOR,L3,APROBADO,CONFORME,0.1326,0.1511,TRAIN,P0217,SI,Fuga en mangueras de refrigerante o radiador picado
F10-L02-0027,Empaque de culata soplado o danado,MOTOR,L3,APROBADO,CONFORME,0.1586,0.1737,TRAIN,P0303,SI,Falla en bujias o bobinas de encendido (misfire)
F10-L02-0028,Empaque de culata soplado o danado,MOTOR,L3,APROBADO,CONFORME,0.1093,0.1124,TRAIN,,SI,Falla en termostato o motoventilador de radiador
F10-L02-0029,Empaque de culata soplado o danado,MOTOR,L3,APROBADO,CONFORME,0.1339,0.1524,TRAIN,,NO,
F10-L02-0030,Empaque de culata soplado o danado,MOTOR,L3,APROBADO,CONFORME,0.1269,0.1686,TRAIN,,SI,Fuga en mangueras de refrigerante o radiador picado
F10-L02-0031,Empaque de culata soplado o danado,MOTOR,L3,APROBADO,CONFORME,0.2227,0.1644,TRAIN,,SI,Falla en termostato o motoventilador de radiador
F10-L02-0032,Empaque de culata soplado o danado,MOTOR,L3,APROBADO,CONFORME,0.1115,0.226,TRAIN,,SI,Consumo de aceite por desgaste de anillos o retenes
F10-L02-0033,Empaque de culata soplado o danado,MOTOR,L3,APROBADO,CONFORME,0.1743,0.152,TRAIN,,NO,
F10-L02-0034,Empaque de culata soplado o danado,MOTOR,L3,APROBADO,CONFORME,0.171,0.2718,TRAIN,P0217,SI,Falla en termostato o motoventilador de radiador
F10-L02-0035,Empaque de culata soplado o danado,MOTOR,L3,APROBADO,CONFORME,0.1529,0.1525,TRAIN,P0300,SI,Falla en bujias o bobinas de encendido (misfire)
F10-L02-0036,Empaque de culata soplado o danado,MOTOR,L3,APROBADO,CONFORME,0.1539,0.1221,TRAIN,,SI,Fuga en mangueras de refrigerante o radiador picado
F10-L02-0037,Empaque de culata soplado o danado,MOTOR,L3,APROBADO,CONFORME,0.1229,0.1207,TRAIN,,SI,Fuga en mangueras de refrigerante o radiador picado
F10-L02-0038,Empaque de culata soplado o danado,MOTOR,L3,APROBADO,CONFORME,0.1365,0.1098,TRAIN,,SI,Fuga en mangueras de refrigerante o radiador picado
F10-L02-0039,Empaque de culata soplado o danado,MOTOR,L3,APROBADO,CONFORME,0.1024,0.1024,TRAIN,,SI,Falla en bujias o bobinas de encendido (misfire)
F10-L02-0040,Empaque de culata soplado o danado,MOTOR,L3,APROBADO,CONFORME,0.1239,0.1801,TRAIN,P0217,SI,Falla en termostato o motoventilador de radiador
F10-L02-0041,Falla en termostato o motoventilador de radiador,MOTOR,L1,APROBADO,CONFORME,0.2514,0.2521,TRAIN,,NO,
F10-L02-0042,Falla en termostato o motoventilador de radiador,MOTOR,L1,APROBADO,CONFORME,0.4339,0.1291,TRAIN,,NO,
F10-L02-0043,Falla en termostato o motoventilador de radiador,MOTOR,L1,APROBADO,CONFORME,0.2113,0.2309,TRAIN,,NO,
F10-L02-0044,Falla en termostato o motoventilador de radiador,MOTOR,L1,APROBADO,CONFORME,0.2712,0.3536,TRAIN,,NO,
F10-L02-0045,Falla en termostato o motoventilador de radiador,MOTOR,L1,APROBADO,CONFORME,0.2168,0.1852,TEST_100,,NO,
F10-L02-0046,Falla en termostato o motoventilador de radiador,MOTOR,L1,APROBADO,CONFORME,0.1618,0.2091,TRAIN,,NO,
F10-L02-0047,Falla en termostato o motoventilador de radiador,MOTOR,L1,APROBADO,CONFORME,0.2514,0.2359,TRAIN,,NO,
F10-L02-0048,Falla en termostato o motoventilador de radiador,MOTOR,L1,APROBADO,CONFORME,0.1748,0.1846,TRAIN,,NO,
F10-L02-0049,Falla en termostato o motoventilador de radiador,MOTOR,L1,APROBADO,CONFORME,0.192,0.1777,TRAIN,,NO,
F10-L02-0050,Falla en termostato o motoventilador de radiador,MOTOR,L1,APROBADO,CONFORME,0.2025,0.1861,TRAIN,,NO,
F10-L02-0051,Falla en termostato o motoventilador de radiador,MOTOR,L2,APROBADO,CONFORME,0.1182,0.1868,G2,,SI,Empaque de culata soplado o danado
F10-L02-0052,Falla en termostato o motoventilador de radiador,MOTOR,L2,APROBADO,CONFORME,0.1229,0.2751,TRAIN,,SI,Empaque de culata soplado o danado
F10-L02-0053,Falla en termostato o motoventilador de radiador,MOTOR,L2,APROBADO,CONFORME,0.2127,0.2289,TRAIN,P0128,NO,
F10-L02-0054,Falla en termostato o motoventilador de radiador,MOTOR,L2,APROBADO,CONFORME,0.1519,0.1902,TRAIN,,NO,
F10-L02-0055,Falla en termostato o motoventilador de radiador,MOTOR,L2,APROBADO,CONFORME,0.2225,0.2023,TRAIN,,SI,Empaque de culata soplado o danado
F10-L02-0056,Falla en termostato o motoventilador de radiador,MOTOR,L2,APROBADO,CONFORME,0.0941,0.0876,TRAIN,,SI,Fuga en mangueras de refrigerante o radiador picado
F10-L02-0057,Falla en termostato o motoventilador de radiador,MOTOR,L2,APROBADO,CONFORME,0.1761,0.1555,TRAIN,,SI,Fuga en mangueras de refrigerante o radiador picado
F10-L02-0058,Falla en termostato o motoventilador de radiador,MOTOR,L2,APROBADO,CONFORME,0.2216,0.1456,TRAIN,P0128,NO,
F10-L02-0059,Falla en termostato o motoventilador de radiador,MOTOR,L2,APROBADO,CONFORME,0.1125,0.113,TRAIN,,NO,
F10-L02-0060,Falla en termostato o motoventilador de radiador,MOTOR,L2,APROBADO,CONFORME,0.1509,0.2073,TRAIN,,SI,Empaque de culata soplado o danado
F10-L02-0061,Falla en termostato o motoventilador de radiador,MOTOR,L2,APROBADO,CONFORME,0.297,0.1787,TEST_100,,SI,Empaque de culata soplado o danado
F10-L02-0062,Falla en termostato o motoventilador de radiador,MOTOR,L2,APROBADO,CONFORME,0.1255,0.1545,TRAIN,,SI,Fuga en mangueras de refrigerante o radiador picado
F10-L02-0063,Falla en termostato o motoventilador de radiador,MOTOR,L2,APROBADO,CONFORME,0.1033,0.2118,TRAIN,P0480,NO,
F10-L02-0064,Falla en termostato o motoventilador de radiador,MOTOR,L2,APROBADO,CONFORME,0.2225,0.1068,TRAIN,,SI,Fuga en mangueras de refrigerante o radiador picado
F10-L02-0065,Falla en termostato o motoventilador de radiador,MOTOR,L2,APROBADO,CONFORME,0.1979,0.3359,TRAIN,,NO,
F10-L02-0066,Falla en termostato o motoventilador de radiador,MOTOR,L3,APROBADO,CONFORME,0.1596,0.1166,TRAIN,P0480,SI,Empaque de culata soplado o danado
F10-L02-0067,Falla en termostato o motoventilador de radiador,MOTOR,L3,APROBADO,CONFORME,0.1196,0.156,TRAIN,,SI,Empaque de culata soplado o danado
F10-L02-0068,Falla en termostato o motoventilador de radiador,MOTOR,L3,APROBADO,CONFORME,0.1631,0.1743,TRAIN,P0128,NO,
F10-L02-0069,Falla en termostato o motoventilador de radiador,MOTOR,L3,APROBADO,CONFORME,0.1098,0.1506,TRAIN,,SI,Empaque de culata soplado o danado
F10-L02-0070,Falla en termostato o motoventilador de radiador,MOTOR,L3,APROBADO,CONFORME,0.1463,0.1407,TRAIN,,SI,Empaque de culata soplado o danado
F10-L02-0071,Falla en termostato o motoventilador de radiador,MOTOR,L3,APROBADO,CONFORME,0.1109,0.1178,TRAIN,P0217,SI,Empaque de culata soplado o danado
F10-L02-0072,Falla en termostato o motoventilador de radiador,MOTOR,L3,APROBADO,CONFORME,0.107,0.1571,TRAIN,P0480,NO,
F10-L02-0073,Falla en termostato o motoventilador de radiador,MOTOR,L3,APROBADO,CONFORME,0.112,0.1656,TRAIN,,SI,Empaque de culata soplado o danado
F10-L02-0074,Falla en termostato o motoventilador de radiador,MOTOR,L3,APROBADO,CONFORME,0.0869,0.11,TRAIN,P0128,NO,
F10-L02-0075,Falla en termostato o motoventilador de radiador,MOTOR,L3,APROBADO,CONFORME,0.1585,0.158,TRAIN,,SI,Fuga en mangueras de refrigerante o radiador picado
F10-L02-0076,Falla en termostato o motoventilador de radiador,MOTOR,L3,APROBADO,CONFORME,0.1341,0.1484,G1,,NO,
F10-L02-0077,Falla en termostato o motoventilador de radiador,MOTOR,L3,APROBADO,CONFORME,0.0998,0.0967,TRAIN,,SI,Empaque de culata soplado o danado
F10-L02-0078,Falla en termostato o motoventilador de radiador,MOTOR,L3,APROBADO,CONFORME,0.1367,0.1689,TRAIN,P0217,SI,Fuga en mangueras de refrigerante o radiador picado
F10-L02-0079,Falla en termostato o motoventilador de radiador,MOTOR,L3,APROBADO,CONFORME,0.1378,0.1477,TRAIN,P0128,NO,
F10-L02-0080,Falla en termostato o motoventilador de radiador,MOTOR,L3,APROBADO,CONFORME,0.1638,0.1144,TRAIN,,SI,Empaque de culata soplado o danado
F10-L02-0081,Fuga en mangueras de refrigerante o radiador picado,MOTOR,L1,APROBADO,CONFORME,0.2851,0.3631,G2,,NO,
F10-L02-0082,Fuga en mangueras de refrigerante o radiador picado,MOTOR,L1,APROBADO,CONFORME,0.1997,0.2955,TRAIN,,NO,
F10-L02-0083,Fuga en mangueras de refrigerante o radiador picado,MOTOR,L1,APROBADO,CONFORME,0.2402,0.2417,TRAIN,,NO,
F10-L02-0084,Fuga en mangueras de refrigerante o radiador picado,MOTOR,L1,APROBADO,CONFORME,0.1751,0.1832,TRAIN,,NO,
F10-L02-0085,Fuga en mangueras de refrigerante o radiador picado,MOTOR,L1,APROBADO,CONFORME,0.209,0.1125,FIELD_60,,NO,
F10-L02-0086,Fuga en mangueras de refrigerante o radiador picado,MOTOR,L1,APROBADO,CONFORME,0.4346,0.3126,TRAIN,,NO,
F10-L02-0087,Fuga en mangueras de refrigerante o radiador picado,MOTOR,L1,APROBADO,CONFORME,0.1592,0.2326,TEST_100,,NO,
F10-L02-0088,Fuga en mangueras de refrigerante o radiador picado,MOTOR,L1,APROBADO,CONFORME,0.1848,0.1277,TRAIN,,NO,
F10-L02-0089,Fuga en mangueras de refrigerante o radiador picado,MOTOR,L1,APROBADO,CONFORME,0.1436,0.2091,TRAIN,,NO,
F10-L02-0090,Fuga en mangueras de refrigerante o radiador picado,MOTOR,L1,APROBADO,CONFORME,0.1691,0.2037,TRAIN,,NO,
F10-L02-0091,Fuga en mangueras de refrigerante o radiador picado,MOTOR,L2,APROBADO,CONFORME,0.226,0.2562,TRAIN,,SI,Falla en termostato o motoventilador de radiador
F10-L02-0092,Fuga en mangueras de refrigerante o radiador picado,MOTOR,L2,APROBADO,CONFORME,0.1877,0.1727,TRAIN,,SI,Falla en termostato o motoventilador de radiador
F10-L02-0093,Fuga en mangueras de refrigerante o radiador picado,MOTOR,L2,APROBADO,CONFORME,0.1653,0.2347,TRAIN,,SI,Empaque de culata soplado o danado
F10-L02-0094,Fuga en mangueras de refrigerante o radiador picado,MOTOR,L2,APROBADO,CONFORME,0.149,0.3167,TRAIN,,SI,Empaque de culata soplado o danado
F10-L02-0095,Fuga en mangueras de refrigerante o radiador picado,MOTOR,L2,APROBADO,CONFORME,0.0982,0.106,TRAIN,,SI,Falla en termostato o motoventilador de radiador
F10-L02-0096,Fuga en mangueras de refrigerante o radiador picado,MOTOR,L2,APROBADO,CONFORME,0.1592,0.1245,TRAIN,,NO,
F10-L02-0097,Fuga en mangueras de refrigerante o radiador picado,MOTOR,L2,APROBADO,CONFORME,0.1593,0.1575,TRAIN,,NO,
F10-L02-0098,Fuga en mangueras de refrigerante o radiador picado,MOTOR,L2,APROBADO,CONFORME,0.1258,0.1002,TEST_100,,SI,Falla en termostato o motoventilador de radiador
F10-L02-0099,Fuga en mangueras de refrigerante o radiador picado,MOTOR,L2,APROBADO,CONFORME,0.2645,0.2268,TRAIN,,SI,Empaque de culata soplado o danado
F10-L02-0100,Fuga en mangueras de refrigerante o radiador picado,MOTOR,L2,APROBADO,CONFORME,0.1386,0.2013,TRAIN,,SI,Empaque de culata soplado o danado
F10-L02-0101,Fuga en mangueras de refrigerante o radiador picado,MOTOR,L2,APROBADO,CONFORME,0.148,0.125,TRAIN,,NO,
F10-L02-0102,Fuga en mangueras de refrigerante o radiador picado,MOTOR,L2,APROBADO,CONFORME,0.1848,0.215,TRAIN,,NO,
F10-L02-0103,Fuga en mangueras de refrigerante o radiador picado,MOTOR,L2,APROBADO,CONFORME,0.0863,0.1155,TRAIN,,SI,Empaque de culata soplado o danado
F10-L02-0104,Fuga en mangueras de refrigerante o radiador picado,MOTOR,L2,APROBADO,CONFORME,0.2648,0.1871,G2,,NO,
F10-L02-0105,Fuga en mangueras de refrigerante o radiador picado,MOTOR,L2,APROBADO,CONFORME,0.1536,0.1919,TRAIN,,NO,
F10-L02-0106,Fuga en mangueras de refrigerante o radiador picado,MOTOR,L3,APROBADO,CONFORME,0.1451,0.2106,TRAIN,,SI,Empaque de culata soplado o danado
F10-L02-0107,Fuga en mangueras de refrigerante o radiador picado,MOTOR,L3,APROBADO,CONFORME,0.1008,0.1461,TRAIN,,NO,
F10-L02-0108,Fuga en mangueras de refrigerante o radiador picado,MOTOR,L3,APROBADO,CONFORME,0.1877,0.1182,TRAIN,,SI,Falla en termostato o motoventilador de radiador
F10-L02-0109,Fuga en mangueras de refrigerante o radiador picado,MOTOR,L3,APROBADO,CONFORME,0.1771,0.1397,TRAIN,,SI,Empaque de culata soplado o danado
F10-L02-0110,Fuga en mangueras de refrigerante o radiador picado,MOTOR,L3,APROBADO,CONFORME,0.2645,0.1831,TRAIN,,SI,Empaque de culata soplado o danado
F10-L02-0111,Fuga en mangueras de refrigerante o radiador picado,MOTOR,L3,APROBADO,CONFORME,0.1424,0.1147,TRAIN,,SI,Empaque de culata soplado o danado
F10-L02-0112,Fuga en mangueras de refrigerante o radiador picado,MOTOR,L3,APROBADO,CONFORME,0.1324,0.1228,TRAIN,,SI,Empaque de culata soplado o danado
F10-L02-0113,Fuga en mangueras de refrigerante o radiador picado,MOTOR,L3,APROBADO,CONFORME,0.1247,0.1779,TRAIN,,SI,Falla en termostato o motoventilador de radiador
F10-L02-0114,Fuga en mangueras de refrigerante o radiador picado,MOTOR,L3,APROBADO,CONFORME,0.1851,0.1287,TRAIN,,SI,Falla en termostato o motoventilador de radiador
F10-L02-0115,Fuga en mangueras de refrigerante o radiador picado,MOTOR,L3,APROBADO,CONFORME,0.1691,0.1211,TRAIN,,SI,Empaque de culata soplado o danado
F10-L02-0116,Fuga en mangueras de refrigerante o radiador picado,MOTOR,L3,APROBADO,CONFORME,0.1775,0.1634,FIELD_60,,NO,
F10-L02-0117,Fuga en mangueras de refrigerante o radiador picado,MOTOR,L3,APROBADO,CONFORME,0.1148,0.1512,TRAIN,,NO,
F10-L02-0118,Fuga en mangueras de refrigerante o radiador picado,MOTOR,L3,APROBADO,CONFORME,0.1132,0.1019,TRAIN,,SI,Empaque de culata soplado o danado
F10-L02-0119,Fuga en mangueras de refrigerante o radiador picado,MOTOR,L3,APROBADO,CONFORME,0.1315,0.1068,TRAIN,,NO,
F10-L02-0120,Fuga en mangueras de refrigerante o radiador picado,MOTOR,L3,APROBADO,CONFORME,0.143,0.1557,TRAIN,,SI,Empaque de culata soplado o danado
F10-L02-0121,Consumo de aceite por desgaste de anillos o retenes,MOTOR,L1,APROBADO,CONFORME,0.1797,0.339,TRAIN,,NO,
F10-L02-0122,Consumo de aceite por desgaste de anillos o retenes,MOTOR,L1,APROBADO,CONFORME,0.2956,0.2787,TRAIN,,NO,
F10-L02-0123,Consumo de aceite por desgaste de anillos o retenes,MOTOR,L1,APROBADO,CONFORME,0.303,0.3707,TRAIN,,NO,
F10-L02-0124,Consumo de aceite por desgaste de anillos o retenes,MOTOR,L1,APROBADO,CONFORME,0.216,0.1344,TRAIN,,NO,
F10-L02-0125,Consumo de aceite por desgaste de anillos o retenes,MOTOR,L1,APROBADO,CONFORME,0.1688,0.2364,TRAIN,,NO,
F10-L02-0126,Consumo de aceite por desgaste de anillos o retenes,MOTOR,L1,APROBADO,CONFORME,0.1445,0.1665,TRAIN,,NO,
F10-L02-0127,Consumo de aceite por desgaste de anillos o retenes,MOTOR,L1,APROBADO,CONFORME,0.1864,0.1584,TRAIN,,NO,
F10-L02-0128,Consumo de aceite por desgaste de anillos o retenes,MOTOR,L1,APROBADO,CONFORME,0.2895,0.2103,TRAIN,,NO,
F10-L02-0129,Consumo de aceite por desgaste de anillos o retenes,MOTOR,L1,APROBADO,CONFORME,0.2803,0.3585,TRAIN,,NO,
F10-L02-0130,Consumo de aceite por desgaste de anillos o retenes,MOTOR,L1,APROBADO,CONFORME,0.1327,0.2647,TRAIN,,NO,
F10-L02-0131,Consumo de aceite por desgaste de anillos o retenes,MOTOR,L2,APROBADO,CONFORME,0.1228,0.2695,TRAIN,,SI,Baja presion de aceite o bomba de aceite defectuosa
F10-L02-0132,Consumo de aceite por desgaste de anillos o retenes,MOTOR,L2,APROBADO,CONFORME,0.1797,0.2378,TRAIN,,SI,Baja presion de aceite o bomba de aceite defectuosa
F10-L02-0133,Consumo de aceite por desgaste de anillos o retenes,MOTOR,L2,APROBADO,CONFORME,0.1333,0.148,TRAIN,,SI,Baja presion de aceite o bomba de aceite defectuosa
F10-L02-0134,Consumo de aceite por desgaste de anillos o retenes,MOTOR,L2,APROBADO,CONFORME,0.2803,0.1989,TRAIN,,SI,Baja presion de aceite o bomba de aceite defectuosa
F10-L02-0135,Consumo de aceite por desgaste de anillos o retenes,MOTOR,L2,APROBADO,CONFORME,0.1441,0.2666,TRAIN,,NO,
F10-L02-0136,Consumo de aceite por desgaste de anillos o retenes,MOTOR,L2,APROBADO,CONFORME,0.1954,0.1634,DEV_60,,SI,Empaque de culata soplado o danado
F10-L02-0137,Consumo de aceite por desgaste de anillos o retenes,MOTOR,L2,APROBADO,CONFORME,0.2541,0.2245,TRAIN,,SI,Baja presion de aceite o bomba de aceite defectuosa
F10-L02-0138,Consumo de aceite por desgaste de anillos o retenes,MOTOR,L2,APROBADO,CONFORME,0.3069,0.2762,TRAIN,,NO,
F10-L02-0139,Consumo de aceite por desgaste de anillos o retenes,MOTOR,L2,APROBADO,CONFORME,0.1683,0.3315,TRAIN,,SI,Baja presion de aceite o bomba de aceite defectuosa
F10-L02-0140,Consumo de aceite por desgaste de anillos o retenes,MOTOR,L2,APROBADO,CONFORME,0.1501,0.1434,TRAIN,,NO,
F10-L02-0141,Consumo de aceite por desgaste de anillos o retenes,MOTOR,L2,APROBADO,CONFORME,0.1351,0.245,TRAIN,,NO,
F10-L02-0142,Consumo de aceite por desgaste de anillos o retenes,MOTOR,L2,APROBADO,CONFORME,0.2417,0.188,TRAIN,P0420,SI,Convertidor catalitico ineficiente u obstruido (DTC P0420 / P0430)
F10-L02-0143,Consumo de aceite por desgaste de anillos o retenes,MOTOR,L2,APROBADO,CONFORME,0.1101,0.1408,TRAIN,,SI,Baja presion de aceite o bomba de aceite defectuosa
F10-L02-0144,Consumo de aceite por desgaste de anillos o retenes,MOTOR,L2,APROBADO,CONFORME,0.1323,0.1835,TRAIN,,SI,Baja presion de aceite o bomba de aceite defectuosa
F10-L02-0145,Consumo de aceite por desgaste de anillos o retenes,MOTOR,L2,APROBADO,CONFORME,0.1086,0.156,TRAIN,,NO,
F10-L02-0146,Consumo de aceite por desgaste de anillos o retenes,MOTOR,L3,APROBADO,CONFORME,0.3266,0.2176,TRAIN,,SI,Baja presion de aceite o bomba de aceite defectuosa
F10-L02-0147,Consumo de aceite por desgaste de anillos o retenes,MOTOR,L3,APROBADO,CONFORME,0.1347,0.1398,TRAIN,,SI,Empaque de culata soplado o danado
F10-L02-0148,Consumo de aceite por desgaste de anillos o retenes,MOTOR,L3,APROBADO,CONFORME,0.1189,0.1774,TRAIN,,SI,Baja presion de aceite o bomba de aceite defectuosa
F10-L02-0149,Consumo de aceite por desgaste de anillos o retenes,MOTOR,L3,APROBADO,CONFORME,0.1261,0.124,TRAIN,P0300,SI,Falla en bujias o bobinas de encendido (misfire)
F10-L02-0150,Consumo de aceite por desgaste de anillos o retenes,MOTOR,L3,APROBADO,CONFORME,0.1311,0.1933,TRAIN,,SI,Empaque de culata soplado o danado
F10-L02-0151,Consumo de aceite por desgaste de anillos o retenes,MOTOR,L3,APROBADO,CONFORME,0.1279,0.1815,TRAIN,,SI,Baja presion de aceite o bomba de aceite defectuosa
F10-L02-0152,Consumo de aceite por desgaste de anillos o retenes,MOTOR,L3,APROBADO,CONFORME,0.1379,0.16,TRAIN,,NO,
F10-L02-0153,Consumo de aceite por desgaste de anillos o retenes,MOTOR,L3,APROBADO,CONFORME,0.1399,0.2757,DEV_60,P0420,SI,Convertidor catalitico ineficiente u obstruido (DTC P0420 / P0430)
F10-L02-0154,Consumo de aceite por desgaste de anillos o retenes,MOTOR,L3,APROBADO,CONFORME,0.2013,0.2535,TRAIN,,SI,Baja presion de aceite o bomba de aceite defectuosa
F10-L02-0155,Consumo de aceite por desgaste de anillos o retenes,MOTOR,L3,APROBADO,CONFORME,0.1101,0.1246,TRAIN,,SI,Empaque de culata soplado o danado
F10-L02-0156,Consumo de aceite por desgaste de anillos o retenes,MOTOR,L3,APROBADO,CONFORME,0.1302,0.1766,TRAIN,,NO,
F10-L02-0157,Consumo de aceite por desgaste de anillos o retenes,MOTOR,L3,APROBADO,CONFORME,0.1644,0.1711,TRAIN,,SI,Empaque de culata soplado o danado
F10-L02-0158,Consumo de aceite por desgaste de anillos o retenes,MOTOR,L3,APROBADO,CONFORME,0.1954,0.1911,TRAIN,,SI,Falla en bujias o bobinas de encendido (misfire)
F10-L02-0159,Consumo de aceite por desgaste de anillos o retenes,MOTOR,L3,APROBADO,CONFORME,0.2013,0.2295,TRAIN,,SI,Baja presion de aceite o bomba de aceite defectuosa
F10-L02-0160,Consumo de aceite por desgaste de anillos o retenes,MOTOR,L3,APROBADO,CONFORME,0.2091,0.1364,FIELD_60,,NO,
F10-L02-0161,Baja presion de aceite o bomba de aceite defectuosa,MOTOR,L1,APROBADO,CONFORME,0.1965,0.3124,TRAIN,,NO,
F10-L02-0162,Baja presion de aceite o bomba de aceite defectuosa,MOTOR,L1,APROBADO,CONFORME,0.2946,0.3237,G2,,NO,
F10-L02-0163,Baja presion de aceite o bomba de aceite defectuosa,MOTOR,L1,APROBADO,CONFORME,0.2896,0.1576,TRAIN,,NO,
F10-L02-0164,Baja presion de aceite o bomba de aceite defectuosa,MOTOR,L1,APROBADO,CONFORME,0.1709,0.2195,TRAIN,,NO,
F10-L02-0165,Baja presion de aceite o bomba de aceite defectuosa,MOTOR,L1,APROBADO,CONFORME,0.405,0.292,TRAIN,,NO,
F10-L02-0166,Baja presion de aceite o bomba de aceite defectuosa,MOTOR,L1,APROBADO,CONFORME,0.261,0.2255,TRAIN,,NO,
F10-L02-0167,Baja presion de aceite o bomba de aceite defectuosa,MOTOR,L1,APROBADO,CONFORME,0.3186,0.3163,TRAIN,,NO,
F10-L02-0168,Baja presion de aceite o bomba de aceite defectuosa,MOTOR,L1,APROBADO,CONFORME,0.2574,0.2235,G2,,NO,
F10-L02-0169,Baja presion de aceite o bomba de aceite defectuosa,MOTOR,L1,APROBADO,CONFORME,0.2359,0.264,TRAIN,,NO,
F10-L02-0170,Baja presion de aceite o bomba de aceite defectuosa,MOTOR,L1,APROBADO,CONFORME,0.1817,0.1992,TRAIN,,NO,
F10-L02-0171,Baja presion de aceite o bomba de aceite defectuosa,MOTOR,L2,APROBADO,CONFORME,0.1748,0.2511,TRAIN,,SI,Consumo de aceite por desgaste de anillos o retenes
F10-L02-0172,Baja presion de aceite o bomba de aceite defectuosa,MOTOR,L2,APROBADO,CONFORME,0.2896,0.1677,TRAIN,,SI,Consumo de aceite por desgaste de anillos o retenes
F10-L02-0173,Baja presion de aceite o bomba de aceite defectuosa,MOTOR,L2,APROBADO,CONFORME,0.1776,0.1552,TRAIN,,NO,
F10-L02-0174,Baja presion de aceite o bomba de aceite defectuosa,MOTOR,L2,APROBADO,CONFORME,0.2943,0.1946,TRAIN,,NO,
F10-L02-0175,Baja presion de aceite o bomba de aceite defectuosa,MOTOR,L2,APROBADO,CONFORME,0.1979,0.1693,TRAIN,,SI,Consumo de aceite por desgaste de anillos o retenes
F10-L02-0176,Baja presion de aceite o bomba de aceite defectuosa,MOTOR,L2,APROBADO,CONFORME,0.1509,0.1441,TRAIN,,NO,
F10-L02-0177,Baja presion de aceite o bomba de aceite defectuosa,MOTOR,L2,APROBADO,CONFORME,0.1948,0.1273,TRAIN,,NO,
F10-L02-0178,Baja presion de aceite o bomba de aceite defectuosa,MOTOR,L2,APROBADO,CONFORME,0.1732,0.1557,TRAIN,P0524,NO,
F10-L02-0179,Baja presion de aceite o bomba de aceite defectuosa,MOTOR,L2,APROBADO,CONFORME,0.2875,0.2437,FIELD_60,,SI,Consumo de aceite por desgaste de anillos o retenes
F10-L02-0180,Baja presion de aceite o bomba de aceite defectuosa,MOTOR,L2,APROBADO,CONFORME,0.1676,0.2389,TRAIN,,NO,
F10-L02-0181,Baja presion de aceite o bomba de aceite defectuosa,MOTOR,L2,APROBADO,CONFORME,0.1786,0.1788,TRAIN,,NO,
F10-L02-0182,Baja presion de aceite o bomba de aceite defectuosa,MOTOR,L2,APROBADO,CONFORME,0.1664,0.2089,TRAIN,,NO,
F10-L02-0183,Baja presion de aceite o bomba de aceite defectuosa,MOTOR,L2,APROBADO,CONFORME,0.1146,0.3329,TRAIN,,NO,
F10-L02-0184,Baja presion de aceite o bomba de aceite defectuosa,MOTOR,L2,APROBADO,CONFORME,0.1948,0.2487,TRAIN,,SI,Empaque de culata soplado o danado
F10-L02-0185,Baja presion de aceite o bomba de aceite defectuosa,MOTOR,L2,APROBADO,CONFORME,0.1719,0.1603,TRAIN,,NO,
F10-L02-0186,Baja presion de aceite o bomba de aceite defectuosa,MOTOR,L3,APROBADO,CONFORME,0.1532,0.1951,TRAIN,P0524,SI,Consumo de aceite por desgaste de anillos o retenes
F10-L02-0187,Baja presion de aceite o bomba de aceite defectuosa,MOTOR,L3,APROBADO,CONFORME,0.1294,0.1494,TRAIN,,SI,Consumo de aceite por desgaste de anillos o retenes
F10-L02-0188,Baja presion de aceite o bomba de aceite defectuosa,MOTOR,L3,APROBADO,CONFORME,0.0982,0.1588,TRAIN,P0524,SI,Empaque de culata soplado o danado
F10-L02-0189,Baja presion de aceite o bomba de aceite defectuosa,MOTOR,L3,APROBADO,CONFORME,0.1776,0.1742,TRAIN,,NO,
F10-L02-0190,Baja presion de aceite o bomba de aceite defectuosa,MOTOR,L3,APROBADO,CONFORME,0.202,0.1554,TRAIN,,SI,Consumo de aceite por desgaste de anillos o retenes
F10-L02-0191,Baja presion de aceite o bomba de aceite defectuosa,MOTOR,L3,APROBADO,CONFORME,0.1435,0.1837,TRAIN,,SI,Consumo de aceite por desgaste de anillos o retenes
F10-L02-0192,Baja presion de aceite o bomba de aceite defectuosa,MOTOR,L3,APROBADO,CONFORME,0.088,0.1124,DEV_60,,NO,
F10-L02-0193,Baja presion de aceite o bomba de aceite defectuosa,MOTOR,L3,APROBADO,CONFORME,0.124,0.1093,TRAIN,,NO,
F10-L02-0194,Baja presion de aceite o bomba de aceite defectuosa,MOTOR,L3,APROBADO,CONFORME,0.1732,0.1938,DEV_60,,SI,Consumo de aceite por desgaste de anillos o retenes
F10-L02-0195,Baja presion de aceite o bomba de aceite defectuosa,MOTOR,L3,APROBADO,CONFORME,0.1199,0.0704,TRAIN,P0524,NO,
F10-L02-0196,Baja presion de aceite o bomba de aceite defectuosa,MOTOR,L3,APROBADO,CONFORME,0.1317,0.2353,TRAIN,,NO,
F10-L02-0197,Baja presion de aceite o bomba de aceite defectuosa,MOTOR,L3,APROBADO,CONFORME,0.1287,0.1969,TRAIN,,SI,Consumo de aceite por desgaste de anillos o retenes
F10-L02-0198,Baja presion de aceite o bomba de aceite defectuosa,MOTOR,L3,APROBADO,CONFORME,0.1659,0.1897,TRAIN,,SI,Consumo de aceite por desgaste de anillos o retenes
F10-L02-0199,Baja presion de aceite o bomba de aceite defectuosa,MOTOR,L3,APROBADO,CONFORME,0.2109,0.1643,G2,,SI,Consumo de aceite por desgaste de anillos o retenes
F10-L02-0200,Baja presion de aceite o bomba de aceite defectuosa,MOTOR,L3,APROBADO,CONFORME,0.1719,0.1265,TRAIN,,SI,Consumo de aceite por desgaste de anillos o retenes
F10-L03-0001,Faja o cadena de distribucion destensada o con salto de punto,MOTOR,L1,APROBADO,CONFORME,0.2456,0.1764,TRAIN,,NO,
F10-L03-0002,Faja o cadena de distribucion destensada o con salto de punto,MOTOR,L1,APROBADO,CONFORME,0.2639,0.2061,TRAIN,,NO,
F10-L03-0003,Faja o cadena de distribucion destensada o con salto de punto,MOTOR,L1,APROBADO,CONFORME,0.2341,0.297,TRAIN,,NO,
F10-L03-0004,Faja o cadena de distribucion destensada o con salto de punto,MOTOR,L1,APROBADO,CONFORME,0.1715,0.1575,TRAIN,,NO,
F10-L03-0005,Faja o cadena de distribucion destensada o con salto de punto,MOTOR,L1,APROBADO,CONFORME,0.2956,0.3458,TRAIN,,NO,
F10-L03-0006,Faja o cadena de distribucion destensada o con salto de punto,MOTOR,L1,APROBADO,CONFORME,0.1475,0.1429,TRAIN,,NO,
F10-L03-0007,Faja o cadena de distribucion destensada o con salto de punto,MOTOR,L1,APROBADO,CONFORME,0.1073,0.228,TRAIN,,NO,
F10-L03-0008,Faja o cadena de distribucion destensada o con salto de punto,MOTOR,L1,APROBADO,CONFORME,0.2191,0.1286,TRAIN,,NO,
F10-L03-0009,Faja o cadena de distribucion destensada o con salto de punto,MOTOR,L1,APROBADO,CONFORME,0.1621,0.1431,TRAIN,,NO,
F10-L03-0010,Faja o cadena de distribucion destensada o con salto de punto,MOTOR,L1,APROBADO,CONFORME,0.1511,0.2209,TEST_100,,NO,
F10-L03-0011,Faja o cadena de distribucion destensada o con salto de punto,MOTOR,L2,APROBADO,CONFORME,0.1643,0.2032,FIELD_60,,SI,Falla en sistema de sincronizacion variable de valvulas (VVT / VVT-i / Valvetronic)
F10-L03-0012,Faja o cadena de distribucion destensada o con salto de punto,MOTOR,L2,APROBADO,CONFORME,0.1539,0.1621,TRAIN,,SI,Disco de embrague desgastado o patinando
F10-L03-0013,Faja o cadena de distribucion destensada o con salto de punto,MOTOR,L2,APROBADO,CONFORME,0.1617,0.2239,TRAIN,,NO,
F10-L03-0014,Faja o cadena de distribucion destensada o con salto de punto,MOTOR,L2,APROBADO,CONFORME,0.1641,0.2754,TRAIN,P0016,SI,Falla en sistema de sincronizacion variable de valvulas (VVT / VVT-i / Valvetronic)
F10-L03-0015,Faja o cadena de distribucion destensada o con salto de punto,MOTOR,L2,APROBADO,CONFORME,0.2542,0.2565,TRAIN,,NO,
F10-L03-0016,Faja o cadena de distribucion destensada o con salto de punto,MOTOR,L2,APROBADO,CONFORME,0.1383,0.1859,TRAIN,,SI,Falla en bujias o bobinas de encendido (misfire)
F10-L03-0017,Faja o cadena de distribucion destensada o con salto de punto,MOTOR,L2,APROBADO,CONFORME,0.1536,0.0979,TRAIN,,NO,
F10-L03-0018,Faja o cadena de distribucion destensada o con salto de punto,MOTOR,L2,APROBADO,CONFORME,0.1565,0.1659,TRAIN,,SI,Falla en bujias o bobinas de encendido (misfire)
F10-L03-0019,Faja o cadena de distribucion destensada o con salto de punto,MOTOR,L2,APROBADO,CONFORME,0.1948,0.1691,TRAIN,,NO,
F10-L03-0020,Faja o cadena de distribucion destensada o con salto de punto,MOTOR,L2,APROBADO,CONFORME,0.1665,0.1366,TRAIN,,NO,
F10-L03-0021,Faja o cadena de distribucion destensada o con salto de punto,MOTOR,L2,APROBADO,CONFORME,0.147,0.1803,TRAIN,,SI,Falla en bujias o bobinas de encendido (misfire)
F10-L03-0022,Faja o cadena de distribucion destensada o con salto de punto,MOTOR,L2,APROBADO,CONFORME,0.189,0.1065,TRAIN,,NO,
F10-L03-0023,Faja o cadena de distribucion destensada o con salto de punto,MOTOR,L2,APROBADO,CONFORME,0.1804,0.2854,TRAIN,,NO,
F10-L03-0024,Faja o cadena de distribucion destensada o con salto de punto,MOTOR,L2,APROBADO,CONFORME,0.1333,0.1301,TRAIN,,SI,Perdida de compresion en cilindro por valvulas pisadas o anillos desgastados
F10-L03-0025,Faja o cadena de distribucion destensada o con salto de punto,MOTOR,L2,APROBADO,CONFORME,0.1563,0.2112,TRAIN,,SI,Falla en motor de arranque o solenoide defectuoso (clac seco o carbones gastados)
F10-L03-0026,Faja o cadena de distribucion destensada o con salto de punto,MOTOR,L3,APROBADO,CONFORME,0.1396,0.1785,TRAIN,P0016,SI,Falla en sistema de sincronizacion variable de valvulas (VVT / VVT-i / Valvetronic)
F10-L03-0027,Faja o cadena de distribucion destensada o con salto de punto,MOTOR,L3,APROBADO,CONFORME,0.1789,0.1288,TRAIN,,NO,
F10-L03-0028,Faja o cadena de distribucion destensada o con salto de punto,MOTOR,L3,APROBADO,CONFORME,0.1287,0.1082,TRAIN,,SI,Baja presion de aceite o bomba de aceite defectuosa
F10-L03-0029,Faja o cadena de distribucion destensada o con salto de punto,MOTOR,L3,APROBADO,CONFORME,0.143,0.1135,TRAIN,P0017,SI,Falla en bujias o bobinas de encendido (misfire)
F10-L03-0030,Faja o cadena de distribucion destensada o con salto de punto,MOTOR,L3,APROBADO,CONFORME,0.1608,0.1594,TRAIN,P0016,NO,
F10-L03-0031,Faja o cadena de distribucion destensada o con salto de punto,MOTOR,L3,APROBADO,CONFORME,0.1223,0.1646,TRAIN,,NO,
F10-L03-0032,Faja o cadena de distribucion destensada o con salto de punto,MOTOR,L3,APROBADO,CONFORME,0.1466,0.1355,TRAIN,,SI,Consumo de aceite por desgaste de anillos o retenes
F10-L03-0033,Faja o cadena de distribucion destensada o con salto de punto,MOTOR,L3,APROBADO,CONFORME,0.1804,0.1888,TRAIN,,SI,Baja presion de aceite o bomba de aceite defectuosa
F10-L03-0034,Faja o cadena de distribucion destensada o con salto de punto,MOTOR,L3,APROBADO,CONFORME,0.1528,0.1561,TRAIN,P0016,NO,
F10-L03-0035,Faja o cadena de distribucion destensada o con salto de punto,MOTOR,L3,APROBADO,CONFORME,0.0912,0.1309,TRAIN,,SI,Cuerpo de aceleracion o valvula IAC sucia
F10-L03-0036,Faja o cadena de distribucion destensada o con salto de punto,MOTOR,L3,APROBADO,CONFORME,0.1206,0.1451,TRAIN,,NO,
F10-L03-0037,Faja o cadena de distribucion destensada o con salto de punto,MOTOR,L3,APROBADO,CONFORME,0.2251,0.1165,TRAIN,P0016,NO,
F10-L03-0038,Faja o cadena de distribucion destensada o con salto de punto,MOTOR,L3,APROBADO,CONFORME,0.143,0.1562,TRAIN,,NO,
F10-L03-0039,Faja o cadena de distribucion destensada o con salto de punto,MOTOR,L3,APROBADO,CONFORME,0.1484,0.1825,TRAIN,,SI,Rodajes de caja mecanica o diferencial gastados
F10-L03-0040,Faja o cadena de distribucion destensada o con salto de punto,MOTOR,L3,APROBADO,CONFORME,0.0876,0.0958,TRAIN,P0016,SI,Falla en sistema de sincronizacion variable de valvulas (VVT / VVT-i / Valvetronic)
F10-L03-0041,Falla en sistema de sincronizacion variable de valvulas (VVT / VVT-i / Valvetronic),MOTOR,L1,APROBADO,CONFORME,0.2375,0.2444,TRAIN,,NO,
F10-L03-0042,Falla en sistema de sincronizacion variable de valvulas (VVT / VVT-i / Valvetronic),MOTOR,L1,APROBADO,CONFORME,0.3528,0.2805,TRAIN,,NO,
F10-L03-0043,Falla en sistema de sincronizacion variable de valvulas (VVT / VVT-i / Valvetronic),MOTOR,L1,APROBADO,CONFORME,0.2262,0.2259,TRAIN,,NO,
F10-L03-0044,Falla en sistema de sincronizacion variable de valvulas (VVT / VVT-i / Valvetronic),MOTOR,L1,APROBADO,CONFORME,0.4526,0.2205,TRAIN,,NO,
F10-L03-0045,Falla en sistema de sincronizacion variable de valvulas (VVT / VVT-i / Valvetronic),MOTOR,L1,APROBADO,CONFORME,0.1643,0.0942,TRAIN,,NO,
F10-L03-0046,Falla en sistema de sincronizacion variable de valvulas (VVT / VVT-i / Valvetronic),MOTOR,L1,APROBADO,CONFORME,0.1467,0.1844,TRAIN,,NO,
F10-L03-0047,Falla en sistema de sincronizacion variable de valvulas (VVT / VVT-i / Valvetronic),MOTOR,L1,APROBADO,CONFORME,0.3246,0.2358,TRAIN,,NO,
F10-L03-0048,Falla en sistema de sincronizacion variable de valvulas (VVT / VVT-i / Valvetronic),MOTOR,L1,APROBADO,CONFORME,0.3403,0.2055,TRAIN,,NO,
F10-L03-0049,Falla en sistema de sincronizacion variable de valvulas (VVT / VVT-i / Valvetronic),MOTOR,L1,APROBADO,CONFORME,0.2725,0.2064,TRAIN,,NO,
F10-L03-0050,Falla en sistema de sincronizacion variable de valvulas (VVT / VVT-i / Valvetronic),MOTOR,L1,APROBADO,CONFORME,0.0959,0.1316,G2,,NO,
F10-L03-0051,Falla en sistema de sincronizacion variable de valvulas (VVT / VVT-i / Valvetronic),MOTOR,L2,APROBADO,CONFORME,0.2238,0.2816,TRAIN,,SI,Cuerpo de aceleracion o valvula IAC sucia
F10-L03-0052,Falla en sistema de sincronizacion variable de valvulas (VVT / VVT-i / Valvetronic),MOTOR,L2,APROBADO,CONFORME,0.1389,0.1949,TRAIN,P0011,SI,Faja o cadena de distribucion destensada o con salto de punto
F10-L03-0053,Falla en sistema de sincronizacion variable de valvulas (VVT / VVT-i / Valvetronic),MOTOR,L2,APROBADO,CONFORME,0.1696,0.1452,TRAIN,,SI,Inyectores sucios o filtro de combustible obstruido
F10-L03-0054,Falla en sistema de sincronizacion variable de valvulas (VVT / VVT-i / Valvetronic),MOTOR,L2,APROBADO,CONFORME,0.2525,0.2526,TRAIN,,SI,Baja presion de aceite o bomba de aceite defectuosa
F10-L03-0055,Falla en sistema de sincronizacion variable de valvulas (VVT / VVT-i / Valvetronic),MOTOR,L2,APROBADO,CONFORME,0.1678,0.14,TRAIN,P0012,SI,Faja o cadena de distribucion destensada o con salto de punto
F10-L03-0056,Falla en sistema de sincronizacion variable de valvulas (VVT / VVT-i / Valvetronic),MOTOR,L2,APROBADO,CONFORME,0.233,0.1855,TRAIN,P0014,SI,Falla en bujias o bobinas de encendido (misfire)
F10-L03-0057,Falla en sistema de sincronizacion variable de valvulas (VVT / VVT-i / Valvetronic),MOTOR,L2,APROBADO,CONFORME,0.0962,0.2368,TRAIN,,NO,
F10-L03-0058,Falla en sistema de sincronizacion variable de valvulas (VVT / VVT-i / Valvetronic),MOTOR,L2,APROBADO,CONFORME,0.1215,0.0889,TRAIN,P0011,SI,Baja presion de aceite o bomba de aceite defectuosa
F10-L03-0059,Falla en sistema de sincronizacion variable de valvulas (VVT / VVT-i / Valvetronic),MOTOR,L2,APROBADO,CONFORME,0.1726,0.3064,TRAIN,,NO,
F10-L03-0060,Falla en sistema de sincronizacion variable de valvulas (VVT / VVT-i / Valvetronic),MOTOR,L2,APROBADO,CONFORME,0.1388,0.1754,TRAIN,,SI,Cuerpo de aceleracion o valvula IAC sucia
F10-L03-0061,Falla en sistema de sincronizacion variable de valvulas (VVT / VVT-i / Valvetronic),MOTOR,L2,APROBADO,CONFORME,0.1414,0.1268,TRAIN,,NO,
F10-L03-0062,Falla en sistema de sincronizacion variable de valvulas (VVT / VVT-i / Valvetronic),MOTOR,L2,APROBADO,CONFORME,0.161,0.1623,TRAIN,,NO,
F10-L03-0063,Falla en sistema de sincronizacion variable de valvulas (VVT / VVT-i / Valvetronic),MOTOR,L2,APROBADO,CONFORME,0.2224,0.0983,TRAIN,,NO,
F10-L03-0064,Falla en sistema de sincronizacion variable de valvulas (VVT / VVT-i / Valvetronic),MOTOR,L2,APROBADO,CONFORME,0.111,0.1378,TRAIN,,SI,Bomba de gasolina quemada o con baja presion
F10-L03-0065,Falla en sistema de sincronizacion variable de valvulas (VVT / VVT-i / Valvetronic),MOTOR,L2,APROBADO,CONFORME,0.1746,0.2042,TRAIN,P0011,SI,Falla en bujias o bobinas de encendido (misfire)
F10-L03-0066,Falla en sistema de sincronizacion variable de valvulas (VVT / VVT-i / Valvetronic),MOTOR,L3,APROBADO,CONFORME,0.1121,0.1241,TRAIN,P0011,SI,Faja o cadena de distribucion destensada o con salto de punto
F10-L03-0067,Falla en sistema de sincronizacion variable de valvulas (VVT / VVT-i / Valvetronic),MOTOR,L3,APROBADO,CONFORME,0.1079,0.1233,TRAIN,P0012,SI,Cuerpo de aceleracion o valvula IAC sucia
F10-L03-0068,Falla en sistema de sincronizacion variable de valvulas (VVT / VVT-i / Valvetronic),MOTOR,L3,APROBADO,CONFORME,0.1588,0.1325,TRAIN,P0014,NO,
F10-L03-0069,Falla en sistema de sincronizacion variable de valvulas (VVT / VVT-i / Valvetronic),MOTOR,L3,APROBADO,CONFORME,0.1016,0.2218,TRAIN,,SI,Faja o cadena de distribucion destensada o con salto de punto
F10-L03-0070,Falla en sistema de sincronizacion variable de valvulas (VVT / VVT-i / Valvetronic),MOTOR,L3,APROBADO,CONFORME,0.1538,0.1195,TRAIN,P0016,SI,Faja o cadena de distribucion destensada o con salto de punto
F10-L03-0071,Falla en sistema de sincronizacion variable de valvulas (VVT / VVT-i / Valvetronic),MOTOR,L3,APROBADO,CONFORME,0.1505,0.2587,TRAIN,,SI,Cuerpo de aceleracion o valvula IAC sucia
F10-L03-0072,Falla en sistema de sincronizacion variable de valvulas (VVT / VVT-i / Valvetronic),MOTOR,L3,APROBADO,CONFORME,0.1484,0.2179,TRAIN,,SI,Inyectores sucios o filtro de combustible obstruido
F10-L03-0073,Falla en sistema de sincronizacion variable de valvulas (VVT / VVT-i / Valvetronic),MOTOR,L3,APROBADO,CONFORME,0.1248,0.1788,TRAIN,P0011,NO,
F10-L03-0074,Falla en sistema de sincronizacion variable de valvulas (VVT / VVT-i / Valvetronic),MOTOR,L3,APROBADO,CONFORME,0.1434,0.1455,FIELD_60,P0012,SI,Falla en bujias o bobinas de encendido (misfire)
F10-L03-0075,Falla en sistema de sincronizacion variable de valvulas (VVT / VVT-i / Valvetronic),MOTOR,L3,APROBADO,CONFORME,0.1223,0.1107,TRAIN,,NO,
F10-L03-0076,Falla en sistema de sincronizacion variable de valvulas (VVT / VVT-i / Valvetronic),MOTOR,L3,APROBADO,CONFORME,0.1253,0.1101,TRAIN,P0011,SI,Falla en bujias o bobinas de encendido (misfire)
F10-L03-0077,Falla en sistema de sincronizacion variable de valvulas (VVT / VVT-i / Valvetronic),MOTOR,L3,APROBADO,CONFORME,0.1261,0.1129,TRAIN,P0012,SI,Baja presion de aceite o bomba de aceite defectuosa
F10-L03-0078,Falla en sistema de sincronizacion variable de valvulas (VVT / VVT-i / Valvetronic),MOTOR,L3,APROBADO,CONFORME,0.2029,0.2216,TRAIN,P0011,SI,Cuerpo de aceleracion o valvula IAC sucia
F10-L03-0079,Falla en sistema de sincronizacion variable de valvulas (VVT / VVT-i / Valvetronic),MOTOR,L3,APROBADO,CONFORME,0.1678,0.2011,TRAIN,,SI,Faja o cadena de distribucion destensada o con salto de punto
F10-L03-0080,Falla en sistema de sincronizacion variable de valvulas (VVT / VVT-i / Valvetronic),MOTOR,L3,APROBADO,CONFORME,0.1449,0.0963,TRAIN,P0012,NO,
F10-L03-0081,Falla de descarbonizacion e inyeccion directa GDI (acumulacion de carbon en valvulas),MOTOR,L1,APROBADO,CONFORME,0.1687,0.1686,TRAIN,,NO,
F10-L03-0082,Falla de descarbonizacion e inyeccion directa GDI (acumulacion de carbon en valvulas),MOTOR,L1,APROBADO,CONFORME,0.2243,0.1814,TRAIN,,NO,
F10-L03-0083,Falla de descarbonizacion e inyeccion directa GDI (acumulacion de carbon en valvulas),MOTOR,L1,APROBADO,CONFORME,0.1643,0.1566,TRAIN,,NO,
F10-L03-0084,Falla de descarbonizacion e inyeccion directa GDI (acumulacion de carbon en valvulas),MOTOR,L1,APROBADO,CONFORME,0.2916,0.2358,TRAIN,,NO,
F10-L03-0085,Falla de descarbonizacion e inyeccion directa GDI (acumulacion de carbon en valvulas),MOTOR,L1,APROBADO,CONFORME,0.288,0.1702,TRAIN,,NO,
F10-L03-0086,Falla de descarbonizacion e inyeccion directa GDI (acumulacion de carbon en valvulas),MOTOR,L1,APROBADO,CONFORME,0.2148,0.2236,TRAIN,,NO,
F10-L03-0087,Falla de descarbonizacion e inyeccion directa GDI (acumulacion de carbon en valvulas),MOTOR,L1,APROBADO,CONFORME,0.2422,0.3124,TRAIN,,NO,
F10-L03-0088,Falla de descarbonizacion e inyeccion directa GDI (acumulacion de carbon en valvulas),MOTOR,L1,APROBADO,CONFORME,0.1596,0.1733,TRAIN,,NO,
F10-L03-0089,Falla de descarbonizacion e inyeccion directa GDI (acumulacion de carbon en valvulas),MOTOR,L1,APROBADO,CONFORME,0.1723,0.2154,TRAIN,,NO,
F10-L03-0090,Falla de descarbonizacion e inyeccion directa GDI (acumulacion de carbon en valvulas),MOTOR,L1,APROBADO,CONFORME,0.1676,0.1841,TRAIN,,NO,
F10-L03-0091,Falla de descarbonizacion e inyeccion directa GDI (acumulacion de carbon en valvulas),MOTOR,L2,APROBADO,CONFORME,0.2306,0.2053,TRAIN,,SI,Falla en bujias o bobinas de encendido (misfire)
F10-L03-0092,Falla de descarbonizacion e inyeccion directa GDI (acumulacion de carbon en valvulas),MOTOR,L2,APROBADO,CONFORME,0.1351,0.2138,TRAIN,,SI,Falla en bujias o bobinas de encendido (misfire)
F10-L03-0093,Falla de descarbonizacion e inyeccion directa GDI (acumulacion de carbon en valvulas),MOTOR,L2,APROBADO,CONFORME,0.1546,0.202,TRAIN,,NO,
F10-L03-0094,Falla de descarbonizacion e inyeccion directa GDI (acumulacion de carbon en valvulas),MOTOR,L2,APROBADO,CONFORME,0.1703,0.1461,TRAIN,,SI,Bomba de gasolina quemada o con baja presion
F10-L03-0095,Falla de descarbonizacion e inyeccion directa GDI (acumulacion de carbon en valvulas),MOTOR,L2,APROBADO,CONFORME,0.1867,0.265,TRAIN,,NO,
F10-L03-0096,Falla de descarbonizacion e inyeccion directa GDI (acumulacion de carbon en valvulas),MOTOR,L2,APROBADO,CONFORME,0.1253,0.157,TRAIN,P0300,SI,Inyectores sucios o filtro de combustible obstruido
F10-L03-0097,Falla de descarbonizacion e inyeccion directa GDI (acumulacion de carbon en valvulas),MOTOR,L2,APROBADO,CONFORME,0.1354,0.1823,TEST_100,,NO,
F10-L03-0098,Falla de descarbonizacion e inyeccion directa GDI (acumulacion de carbon en valvulas),MOTOR,L2,APROBADO,CONFORME,0.2813,0.1628,TRAIN,,SI,Inyectores sucios o filtro de combustible obstruido
F10-L03-0099,Falla de descarbonizacion e inyeccion directa GDI (acumulacion de carbon en valvulas),MOTOR,L2,APROBADO,CONFORME,0.1186,0.1424,TRAIN,,NO,
F10-L03-0100,Falla de descarbonizacion e inyeccion directa GDI (acumulacion de carbon en valvulas),MOTOR,L2,APROBADO,CONFORME,0.2048,0.1695,TRAIN,,NO,
F10-L03-0101,Falla de descarbonizacion e inyeccion directa GDI (acumulacion de carbon en valvulas),MOTOR,L2,APROBADO,CONFORME,0.1966,0.1212,TRAIN,,SI,Empaque de culata soplado o danado
F10-L03-0102,Falla de descarbonizacion e inyeccion directa GDI (acumulacion de carbon en valvulas),MOTOR,L2,APROBADO,CONFORME,0.1566,0.1244,TRAIN,,SI,Falla en actuador de turbocompresor o VGT en motores alemanes TSI / TFSI
F10-L03-0103,Falla de descarbonizacion e inyeccion directa GDI (acumulacion de carbon en valvulas),MOTOR,L2,APROBADO,CONFORME,0.1247,0.2105,TRAIN,P0300,SI,Falla en bujias o bobinas de encendido (misfire)
F10-L03-0104,Falla de descarbonizacion e inyeccion directa GDI (acumulacion de carbon en valvulas),MOTOR,L2,APROBADO,CONFORME,0.1787,0.1447,TRAIN,,SI,Falla en sensor de oxigeno o mezcla rica
F10-L03-0105,Falla de descarbonizacion e inyeccion directa GDI (acumulacion de carbon en valvulas),MOTOR,L2,APROBADO,CONFORME,0.1355,0.1122,TRAIN,,NO,
F10-L03-0106,Falla de descarbonizacion e inyeccion directa GDI (acumulacion de carbon en valvulas),MOTOR,L3,APROBADO,CONFORME,0.1703,0.2136,TRAIN,P0300,SI,Bomba de gasolina quemada o con baja presion
F10-L03-0107,Falla de descarbonizacion e inyeccion directa GDI (acumulacion de carbon en valvulas),MOTOR,L3,APROBADO,CONFORME,0.1867,0.2795,TRAIN,,SI,Falla en bujias o bobinas de encendido (misfire)
F10-L03-0108,Falla de descarbonizacion e inyeccion directa GDI (acumulacion de carbon en valvulas),MOTOR,L3,APROBADO,CONFORME,0.1088,0.1053,TRAIN,P0300,SI,Inyectores sucios o filtro de combustible obstruido
F10-L03-0109,Falla de descarbonizacion e inyeccion directa GDI (acumulacion de carbon en valvulas),MOTOR,L3,APROBADO,CONFORME,0.1082,0.1729,TRAIN,,NO,
F10-L03-0110,Falla de descarbonizacion e inyeccion directa GDI (acumulacion de carbon en valvulas),MOTOR,L3,APROBADO,CONFORME,0.1795,0.1592,TRAIN,,SI,Falla en bujias o bobinas de encendido (misfire)
F10-L03-0111,Falla de descarbonizacion e inyeccion directa GDI (acumulacion de carbon en valvulas),MOTOR,L3,APROBADO,CONFORME,0.1371,0.1176,TRAIN,,SI,Fuga en mangueras de intercooler o turbocompresor danado
F10-L03-0112,Falla de descarbonizacion e inyeccion directa GDI (acumulacion de carbon en valvulas),MOTOR,L3,APROBADO,CONFORME,0.1043,0.1004,G1,,SI,Empaque de culata soplado o danado
F10-L03-0113,Falla de descarbonizacion e inyeccion directa GDI (acumulacion de carbon en valvulas),MOTOR,L3,APROBADO,CONFORME,0.1373,0.0839,TRAIN,P0300,SI,Falla en bujias o bobinas de encendido (misfire)
F10-L03-0114,Falla de descarbonizacion e inyeccion directa GDI (acumulacion de carbon en valvulas),MOTOR,L3,APROBADO,CONFORME,0.14,0.1798,TRAIN,,SI,Inyectores sucios o filtro de combustible obstruido
F10-L03-0115,Falla de descarbonizacion e inyeccion directa GDI (acumulacion de carbon en valvulas),MOTOR,L3,APROBADO,CONFORME,0.1174,0.1039,TRAIN,,SI,Inyectores sucios o filtro de combustible obstruido
F10-L03-0116,Falla de descarbonizacion e inyeccion directa GDI (acumulacion de carbon en valvulas),MOTOR,L3,APROBADO,CONFORME,0.1261,0.1946,TRAIN,,SI,Cuerpo de aceleracion o valvula IAC sucia
F10-L03-0117,Falla de descarbonizacion e inyeccion directa GDI (acumulacion de carbon en valvulas),MOTOR,L3,APROBADO,CONFORME,0.1522,0.1351,TRAIN,,NO,
F10-L03-0118,Falla de descarbonizacion e inyeccion directa GDI (acumulacion de carbon en valvulas),MOTOR,L3,APROBADO,CONFORME,0.1399,0.1504,TRAIN,,SI,Falla en actuador de turbocompresor o VGT en motores alemanes TSI / TFSI
F10-L03-0119,Falla de descarbonizacion e inyeccion directa GDI (acumulacion de carbon en valvulas),MOTOR,L3,APROBADO,CONFORME,0.1801,0.2073,TRAIN,,SI,Falla en bujias o bobinas de encendido (misfire)
F10-L03-0120,Falla de descarbonizacion e inyeccion directa GDI (acumulacion de carbon en valvulas),MOTOR,L3,APROBADO,CONFORME,0.1373,0.1112,TRAIN,P0300,SI,Falla en bujias o bobinas de encendido (misfire)
F10-L03-0121,Falla en actuador de turbocompresor o VGT en motores alemanes TSI / TFSI,MOTOR,L1,APROBADO,CONFORME,0.3518,0.2231,TRAIN,,NO,
F10-L03-0122,Falla en actuador de turbocompresor o VGT en motores alemanes TSI / TFSI,MOTOR,L1,APROBADO,CONFORME,0.231,0.2445,TRAIN,,NO,
F10-L03-0123,Falla en actuador de turbocompresor o VGT en motores alemanes TSI / TFSI,MOTOR,L1,APROBADO,CONFORME,0.2456,0.4278,TRAIN,,NO,
F10-L03-0124,Falla en actuador de turbocompresor o VGT en motores alemanes TSI / TFSI,MOTOR,L1,APROBADO,CONFORME,0.3824,0.5559,TRAIN,,NO,
F10-L03-0125,Falla en actuador de turbocompresor o VGT en motores alemanes TSI / TFSI,MOTOR,L1,APROBADO,CONFORME,0.1464,0.156,TRAIN,,NO,
F10-L03-0126,Falla en actuador de turbocompresor o VGT en motores alemanes TSI / TFSI,MOTOR,L1,APROBADO,CONFORME,0.3293,0.2411,TRAIN,,NO,
F10-L03-0127,Falla en actuador de turbocompresor o VGT en motores alemanes TSI / TFSI,MOTOR,L1,APROBADO,CONFORME,0.1311,0.1492,TRAIN,,NO,
F10-L03-0128,Falla en actuador de turbocompresor o VGT en motores alemanes TSI / TFSI,MOTOR,L1,APROBADO,CONFORME,0.2811,0.301,TRAIN,,NO,
F10-L03-0129,Falla en actuador de turbocompresor o VGT en motores alemanes TSI / TFSI,MOTOR,L1,APROBADO,CONFORME,0.2364,0.1699,TRAIN,,NO,
F10-L03-0130,Falla en actuador de turbocompresor o VGT en motores alemanes TSI / TFSI,MOTOR,L1,APROBADO,CONFORME,0.1219,0.1268,TRAIN,,NO,
F10-L03-0131,Falla en actuador de turbocompresor o VGT en motores alemanes TSI / TFSI,MOTOR,L2,APROBADO,CONFORME,0.3062,0.3626,TRAIN,P0299,NO,
F10-L03-0132,Falla en actuador de turbocompresor o VGT en motores alemanes TSI / TFSI,MOTOR,L2,APROBADO,CONFORME,0.2199,0.1837,TRAIN,,SI,Faja o cadena de distribucion destensada o con salto de punto
F10-L03-0133,Falla en actuador de turbocompresor o VGT en motores alemanes TSI / TFSI,MOTOR,L2,APROBADO,CONFORME,0.3145,0.2183,TRAIN,P0299,SI,Fuga en mangueras de intercooler o turbocompresor danado
F10-L03-0134,Falla en actuador de turbocompresor o VGT en motores alemanes TSI / TFSI,MOTOR,L2,APROBADO,CONFORME,0.1352,0.2631,TRAIN,P0299,SI,Fuga en mangueras de intercooler o turbocompresor danado
F10-L03-0135,Falla en actuador de turbocompresor o VGT en motores alemanes TSI / TFSI,MOTOR,L2,APROBADO,CONFORME,0.1783,0.2136,TRAIN,,NO,
F10-L03-0136,Falla en actuador de turbocompresor o VGT en motores alemanes TSI / TFSI,MOTOR,L2,APROBADO,CONFORME,0.1967,0.1649,TRAIN,P0234,SI,Fuga en mangueras de intercooler o turbocompresor danado
F10-L03-0137,Falla en actuador de turbocompresor o VGT en motores alemanes TSI / TFSI,MOTOR,L2,APROBADO,CONFORME,0.153,0.1393,TRAIN,,NO,
F10-L03-0138,Falla en actuador de turbocompresor o VGT en motores alemanes TSI / TFSI,MOTOR,L2,APROBADO,CONFORME,0.2083,0.1606,TRAIN,P0299,SI,Fuga en mangueras de intercooler o turbocompresor danado
F10-L03-0139,Falla en actuador de turbocompresor o VGT en motores alemanes TSI / TFSI,MOTOR,L2,APROBADO,CONFORME,0.119,0.2973,TRAIN,,NO,
F10-L03-0140,Falla en actuador de turbocompresor o VGT en motores alemanes TSI / TFSI,MOTOR,L2,APROBADO,CONFORME,0.2231,0.4948,TRAIN,P2563,NO,
F10-L03-0141,Falla en actuador de turbocompresor o VGT en motores alemanes TSI / TFSI,MOTOR,L2,APROBADO,CONFORME,0.2108,0.1714,TRAIN,,SI,Bomba de gasolina quemada o con baja presion
F10-L03-0142,Falla en actuador de turbocompresor o VGT en motores alemanes TSI / TFSI,MOTOR,L2,APROBADO,CONFORME,0.1848,0.1617,TRAIN,,NO,
F10-L03-0143,Falla en actuador de turbocompresor o VGT en motores alemanes TSI / TFSI,MOTOR,L2,APROBADO,CONFORME,0.1371,0.1775,TRAIN,P0299,SI,Fuga en mangueras de intercooler o turbocompresor danado
F10-L03-0144,Falla en actuador de turbocompresor o VGT en motores alemanes TSI / TFSI,MOTOR,L2,APROBADO,CONFORME,0.1559,0.1657,TRAIN,,NO,
F10-L03-0145,Falla en actuador de turbocompresor o VGT en motores alemanes TSI / TFSI,MOTOR,L2,APROBADO,CONFORME,0.1967,0.1468,TRAIN,P0234,NO,
F10-L03-0146,Falla en actuador de turbocompresor o VGT en motores alemanes TSI / TFSI,MOTOR,L3,APROBADO,CONFORME,0.1583,0.2037,TRAIN,P0299,SI,Fuga en mangueras de intercooler o turbocompresor danado
F10-L03-0147,Falla en actuador de turbocompresor o VGT en motores alemanes TSI / TFSI,MOTOR,L3,APROBADO,CONFORME,0.1409,0.1452,TRAIN,P0299,SI,Faja o cadena de distribucion destensada o con salto de punto
F10-L03-0148,Falla en actuador de turbocompresor o VGT en motores alemanes TSI / TFSI,MOTOR,L3,APROBADO,CONFORME,0.1229,0.1054,TRAIN,P0234,NO,
F10-L03-0149,Falla en actuador de turbocompresor o VGT en motores alemanes TSI / TFSI,MOTOR,L3,APROBADO,CONFORME,0.1593,0.2326,TRAIN,,NO,
F10-L03-0150,Falla en actuador de turbocompresor o VGT en motores alemanes TSI / TFSI,MOTOR,L3,APROBADO,CONFORME,0.1549,0.137,TRAIN,,SI,Bomba de gasolina quemada o con baja presion
F10-L03-0151,Falla en actuador de turbocompresor o VGT en motores alemanes TSI / TFSI,MOTOR,L3,APROBADO,CONFORME,0.2231,0.111,TRAIN,P2563,NO,
F10-L03-0152,Falla en actuador de turbocompresor o VGT en motores alemanes TSI / TFSI,MOTOR,L3,APROBADO,CONFORME,0.1589,0.1434,TRAIN,,SI,Fuga en mangueras de intercooler o turbocompresor danado
F10-L03-0153,Falla en actuador de turbocompresor o VGT en motores alemanes TSI / TFSI,MOTOR,L3,APROBADO,CONFORME,0.1416,0.1325,TRAIN,P0299,SI,Fuga en mangueras de intercooler o turbocompresor danado
F10-L03-0154,Falla en actuador de turbocompresor o VGT en motores alemanes TSI / TFSI,MOTOR,L3,APROBADO,CONFORME,0.2083,0.1295,TRAIN,P0299,SI,Fuga en mangueras de intercooler o turbocompresor danado
F10-L03-0155,Falla en actuador de turbocompresor o VGT en motores alemanes TSI / TFSI,MOTOR,L3,APROBADO,CONFORME,0.1096,0.1275,TEST_100,,NO,
F10-L03-0156,Falla en actuador de turbocompresor o VGT en motores alemanes TSI / TFSI,MOTOR,L3,APROBADO,CONFORME,0.1636,0.1743,FIELD_60,,NO,
F10-L03-0157,Falla en actuador de turbocompresor o VGT en motores alemanes TSI / TFSI,MOTOR,L3,APROBADO,CONFORME,0.1621,0.1411,TRAIN,P0234,NO,
F10-L03-0158,Falla en actuador de turbocompresor o VGT en motores alemanes TSI / TFSI,MOTOR,L3,APROBADO,CONFORME,0.1538,0.2022,TRAIN,,NO,
F10-L03-0159,Falla en actuador de turbocompresor o VGT en motores alemanes TSI / TFSI,MOTOR,L3,APROBADO,CONFORME,0.1371,0.1385,TRAIN,,SI,Fuga en mangueras de intercooler o turbocompresor danado
F10-L03-0160,Falla en actuador de turbocompresor o VGT en motores alemanes TSI / TFSI,MOTOR,L3,APROBADO,CONFORME,0.1239,0.1124,TRAIN,P0299,NO,
F10-L03-0161,Fuga en mangueras de intercooler o turbocompresor danado,MOTOR,L1,APROBADO,CONFORME,0.2479,0.4947,TRAIN,,NO,
F10-L03-0162,Fuga en mangueras de intercooler o turbocompresor danado,MOTOR,L1,APROBADO,CONFORME,0.3505,0.1338,TRAIN,,NO,
F10-L03-0163,Fuga en mangueras de intercooler o turbocompresor danado,MOTOR,L1,APROBADO,CONFORME,0.2666,0.1887,TRAIN,,NO,
F10-L03-0164,Fuga en mangueras de intercooler o turbocompresor danado,MOTOR,L1,APROBADO,CONFORME,0.4011,0.4793,FIELD_60,,NO,
F10-L03-0165,Fuga en mangueras de intercooler o turbocompresor danado,MOTOR,L1,APROBADO,CONFORME,0.209,0.1146,TRAIN,,NO,
F10-L03-0166,Fuga en mangueras de intercooler o turbocompresor danado,MOTOR,L1,APROBADO,CONFORME,0.2041,0.1822,TRAIN,,NO,
F10-L03-0167,Fuga en mangueras de intercooler o turbocompresor danado,MOTOR,L1,APROBADO,CONFORME,0.1892,0.2808,TRAIN,,NO,
F10-L03-0168,Fuga en mangueras de intercooler o turbocompresor danado,MOTOR,L1,APROBADO,CONFORME,0.1907,0.1432,TRAIN,,NO,
F10-L03-0169,Fuga en mangueras de intercooler o turbocompresor danado,MOTOR,L1,APROBADO,CONFORME,0.1327,0.3015,TRAIN,,NO,
F10-L03-0170,Fuga en mangueras de intercooler o turbocompresor danado,MOTOR,L1,APROBADO,CONFORME,0.2177,0.4561,TRAIN,,NO,
F10-L03-0171,Fuga en mangueras de intercooler o turbocompresor danado,MOTOR,L2,APROBADO,CONFORME,0.1759,0.2189,TRAIN,P0299,SI,Falla en actuador de turbocompresor o VGT en motores alemanes TSI / TFSI
F10-L03-0172,Fuga en mangueras de intercooler o turbocompresor danado,MOTOR,L2,APROBADO,CONFORME,0.2696,0.3258,TRAIN,,NO,
F10-L03-0173,Fuga en mangueras de intercooler o turbocompresor danado,MOTOR,L2,APROBADO,CONFORME,0.1386,0.1313,TRAIN,,SI,Bomba de gasolina quemada o con baja presion
F10-L03-0174,Fuga en mangueras de intercooler o turbocompresor danado,MOTOR,L2,APROBADO,CONFORME,0.3145,0.2254,TRAIN,P0299,SI,Falla en actuador de turbocompresor o VGT en motores alemanes TSI / TFSI
F10-L03-0175,Fuga en mangueras de intercooler o turbocompresor danado,MOTOR,L2,APROBADO,CONFORME,0.2041,0.1865,TRAIN,,NO,
F10-L03-0176,Fuga en mangueras de intercooler o turbocompresor danado,MOTOR,L2,APROBADO,CONFORME,0.1983,0.3167,TRAIN,,SI,Fuga en mangueras de refrigerante o radiador picado
F10-L03-0177,Fuga en mangueras de intercooler o turbocompresor danado,MOTOR,L2,APROBADO,CONFORME,0.1385,0.2625,TRAIN,,SI,Consumo de aceite por desgaste de anillos o retenes
F10-L03-0178,Fuga en mangueras de intercooler o turbocompresor danado,MOTOR,L2,APROBADO,CONFORME,0.1974,0.1628,TRAIN,,SI,Falla en bujias o bobinas de encendido (misfire)
F10-L03-0179,Fuga en mangueras de intercooler o turbocompresor danado,MOTOR,L2,APROBADO,CONFORME,0.1454,0.1291,TRAIN,,NO,
F10-L03-0180,Fuga en mangueras de intercooler o turbocompresor danado,MOTOR,L2,APROBADO,CONFORME,0.1296,0.1722,TRAIN,,SI,Falla en sensor de oxigeno o mezcla rica
F10-L03-0181,Fuga en mangueras de intercooler o turbocompresor danado,MOTOR,L2,APROBADO,CONFORME,0.2403,0.2017,TRAIN,,NO,
F10-L03-0182,Fuga en mangueras de intercooler o turbocompresor danado,MOTOR,L2,APROBADO,CONFORME,0.1216,0.1588,TRAIN,,NO,
F10-L03-0183,Fuga en mangueras de intercooler o turbocompresor danado,MOTOR,L2,APROBADO,CONFORME,0.1689,0.1457,TRAIN,,NO,
F10-L03-0184,Fuga en mangueras de intercooler o turbocompresor danado,MOTOR,L2,APROBADO,CONFORME,0.1553,0.1208,FIELD_60,P0299,SI,Falla en actuador de turbocompresor o VGT en motores alemanes TSI / TFSI
F10-L03-0185,Fuga en mangueras de intercooler o turbocompresor danado,MOTOR,L2,APROBADO,CONFORME,0.1907,0.2311,TRAIN,,SI,Falla en bujias o bobinas de encendido (misfire)
F10-L03-0186,Fuga en mangueras de intercooler o turbocompresor danado,MOTOR,L3,APROBADO,CONFORME,0.1453,0.1502,TRAIN,P0299,SI,Falla en actuador de turbocompresor o VGT en motores alemanes TSI / TFSI
F10-L03-0187,Fuga en mangueras de intercooler o turbocompresor danado,MOTOR,L3,APROBADO,CONFORME,0.2696,0.2004,TRAIN,,SI,Falla en actuador de turbocompresor o VGT en motores alemanes TSI / TFSI
F10-L03-0188,Fuga en mangueras de intercooler o turbocompresor danado,MOTOR,L3,APROBADO,CONFORME,0.1247,0.0934,TRAIN,,SI,Cuerpo de aceleracion o valvula IAC sucia
F10-L03-0189,Fuga en mangueras de intercooler o turbocompresor danado,MOTOR,L3,APROBADO,CONFORME,0.1634,0.1492,TRAIN,P0299,SI,Falla en actuador de turbocompresor o VGT en motores alemanes TSI / TFSI
F10-L03-0190,Fuga en mangueras de intercooler o turbocompresor danado,MOTOR,L3,APROBADO,CONFORME,0.2031,0.2672,TRAIN,,SI,Inyectores sucios o filtro de combustible obstruido
F10-L03-0191,Fuga en mangueras de intercooler o turbocompresor danado,MOTOR,L3,APROBADO,CONFORME,0.1298,0.1584,TRAIN,,SI,Consumo de aceite por desgaste de anillos o retenes
F10-L03-0192,Fuga en mangueras de intercooler o turbocompresor danado,MOTOR,L3,APROBADO,CONFORME,0.1125,0.1095,FIELD_60,,NO,
F10-L03-0193,Fuga en mangueras de intercooler o turbocompresor danado,MOTOR,L3,APROBADO,CONFORME,0.1563,0.1159,TRAIN,P0299,NO,
F10-L03-0194,Fuga en mangueras de intercooler o turbocompresor danado,MOTOR,L3,APROBADO,CONFORME,0.1912,0.1859,TRAIN,,SI,Falla en actuador de turbocompresor o VGT en motores alemanes TSI / TFSI
F10-L03-0195,Fuga en mangueras de intercooler o turbocompresor danado,MOTOR,L3,APROBADO,CONFORME,0.103,0.1347,TRAIN,,SI,Falla en actuador de turbocompresor o VGT en motores alemanes TSI / TFSI
F10-L03-0196,Fuga en mangueras de intercooler o turbocompresor danado,MOTOR,L3,APROBADO,CONFORME,0.1483,0.2134,TRAIN,,SI,Bomba de gasolina quemada o con baja presion
F10-L03-0197,Fuga en mangueras de intercooler o turbocompresor danado,MOTOR,L3,APROBADO,CONFORME,0.1454,0.1194,TRAIN,P0299,SI,Falla en actuador de turbocompresor o VGT en motores alemanes TSI / TFSI
F10-L03-0198,Fuga en mangueras de intercooler o turbocompresor danado,MOTOR,L3,APROBADO,CONFORME,0.1404,0.1062,FIELD_60,,NO,
F10-L03-0199,Fuga en mangueras de intercooler o turbocompresor danado,MOTOR,L3,APROBADO,CONFORME,0.1563,0.1208,TRAIN,P0299,SI,Falla en actuador de turbocompresor o VGT en motores alemanes TSI / TFSI
F10-L03-0200,Fuga en mangueras de intercooler o turbocompresor danado,MOTOR,L3,APROBADO,CONFORME,0.167,0.1111,TRAIN,,SI,Falla en actuador de turbocompresor o VGT en motores alemanes TSI / TFSI
F10-L04-0001,Falla de correa dentada banada en aceite (Motor Ford 1.0 Dragon / GM Turbo),MOTOR,L1,APROBADO,CONFORME,0.4032,0.3321,TRAIN,,NO,
F10-L04-0002,Falla de correa dentada banada en aceite (Motor Ford 1.0 Dragon / GM Turbo),MOTOR,L1,APROBADO,CONFORME,0.2464,0.1975,TRAIN,,NO,
F10-L04-0003,Falla de correa dentada banada en aceite (Motor Ford 1.0 Dragon / GM Turbo),MOTOR,L1,APROBADO,CONFORME,0.1786,0.1232,TRAIN,,NO,
F10-L04-0004,Falla de correa dentada banada en aceite (Motor Ford 1.0 Dragon / GM Turbo),MOTOR,L1,APROBADO,CONFORME,0.2946,0.2257,FIELD_60,,NO,
F10-L04-0005,Falla de correa dentada banada en aceite (Motor Ford 1.0 Dragon / GM Turbo),MOTOR,L1,APROBADO,CONFORME,0.2562,0.1855,TRAIN,,NO,
F10-L04-0006,Falla de correa dentada banada en aceite (Motor Ford 1.0 Dragon / GM Turbo),MOTOR,L1,APROBADO,CONFORME,0.2725,0.2084,TRAIN,,NO,
F10-L04-0007,Falla de correa dentada banada en aceite (Motor Ford 1.0 Dragon / GM Turbo),MOTOR,L1,APROBADO,CONFORME,0.2402,0.2304,TRAIN,,NO,
F10-L04-0008,Falla de correa dentada banada en aceite (Motor Ford 1.0 Dragon / GM Turbo),MOTOR,L1,APROBADO,CONFORME,0.3373,0.2456,TRAIN,,NO,
F10-L04-0009,Falla de correa dentada banada en aceite (Motor Ford 1.0 Dragon / GM Turbo),MOTOR,L1,APROBADO,CONFORME,0.1742,0.1667,TRAIN,,NO,
F10-L04-0010,Falla de correa dentada banada en aceite (Motor Ford 1.0 Dragon / GM Turbo),MOTOR,L1,APROBADO,CONFORME,0.2127,0.2764,TRAIN,,NO,
F10-L04-0011,Falla de correa dentada banada en aceite (Motor Ford 1.0 Dragon / GM Turbo),MOTOR,L2,APROBADO,CONFORME,0.1823,0.2736,TRAIN,,SI,Baja presion de aceite o bomba de aceite defectuosa
F10-L04-0012,Falla de correa dentada banada en aceite (Motor Ford 1.0 Dragon / GM Turbo),MOTOR,L2,APROBADO,CONFORME,0.1414,0.1591,TRAIN,,SI,Baja presion de aceite o bomba de aceite defectuosa
F10-L04-0013,Falla de correa dentada banada en aceite (Motor Ford 1.0 Dragon / GM Turbo),MOTOR,L2,APROBADO,CONFORME,0.1371,0.1208,TRAIN,P0524,SI,Baja presion de aceite o bomba de aceite defectuosa
F10-L04-0014,Falla de correa dentada banada en aceite (Motor Ford 1.0 Dragon / GM Turbo),MOTOR,L2,APROBADO,CONFORME,0.2055,0.1117,TEST_100,,SI,Baja presion de aceite o bomba de aceite defectuosa
F10-L04-0015,Falla de correa dentada banada en aceite (Motor Ford 1.0 Dragon / GM Turbo),MOTOR,L2,APROBADO,CONFORME,0.1918,0.2567,TRAIN,P0016,SI,Faja o cadena de distribucion destensada o con salto de punto
F10-L04-0016,Falla de correa dentada banada en aceite (Motor Ford 1.0 Dragon / GM Turbo),MOTOR,L2,APROBADO,CONFORME,0.1336,0.1546,TRAIN,,NO,
F10-L04-0017,Falla de correa dentada banada en aceite (Motor Ford 1.0 Dragon / GM Turbo),MOTOR,L2,APROBADO,CONFORME,0.1767,0.2561,G1,,SI,Baja presion de aceite o bomba de aceite defectuosa
F10-L04-0018,Falla de correa dentada banada en aceite (Motor Ford 1.0 Dragon / GM Turbo),MOTOR,L2,APROBADO,CONFORME,0.1609,0.1945,TRAIN,,NO,
F10-L04-0019,Falla de correa dentada banada en aceite (Motor Ford 1.0 Dragon / GM Turbo),MOTOR,L2,APROBADO,CONFORME,0.1918,0.1338,TRAIN,,NO,
F10-L04-0020,Falla de correa dentada banada en aceite (Motor Ford 1.0 Dragon / GM Turbo),MOTOR,L2,APROBADO,CONFORME,0.1467,0.2363,TRAIN,,SI,Faja o cadena de distribucion destensada o con salto de punto
F10-L04-0021,Falla de correa dentada banada en aceite (Motor Ford 1.0 Dragon / GM Turbo),MOTOR,L2,APROBADO,CONFORME,0.1112,0.1339,TRAIN,,SI,Baja presion de aceite o bomba de aceite defectuosa
F10-L04-0022,Falla de correa dentada banada en aceite (Motor Ford 1.0 Dragon / GM Turbo),MOTOR,L2,APROBADO,CONFORME,0.155,0.2108,TRAIN,P0521,SI,Baja presion de aceite o bomba de aceite defectuosa
F10-L04-0023,Falla de correa dentada banada en aceite (Motor Ford 1.0 Dragon / GM Turbo),MOTOR,L2,APROBADO,CONFORME,0.203,0.151,TRAIN,P0011,SI,Falla en sistema de sincronizacion variable de valvulas (VVT / VVT-i / Valvetronic)
F10-L04-0024,Falla de correa dentada banada en aceite (Motor Ford 1.0 Dragon / GM Turbo),MOTOR,L2,APROBADO,CONFORME,0.1226,0.1309,TRAIN,,NO,
F10-L04-0025,Falla de correa dentada banada en aceite (Motor Ford 1.0 Dragon / GM Turbo),MOTOR,L2,APROBADO,CONFORME,0.1342,0.23,TRAIN,,SI,Faja o cadena de distribucion destensada o con salto de punto
F10-L04-0026,Falla de correa dentada banada en aceite (Motor Ford 1.0 Dragon / GM Turbo),MOTOR,L3,APROBADO,CONFORME,0.195,0.2108,TRAIN,P0524,SI,Baja presion de aceite o bomba de aceite defectuosa
F10-L04-0027,Falla de correa dentada banada en aceite (Motor Ford 1.0 Dragon / GM Turbo),MOTOR,L3,APROBADO,CONFORME,0.1852,0.135,TRAIN,P0016,SI,Faja o cadena de distribucion destensada o con salto de punto
F10-L04-0028,Falla de correa dentada banada en aceite (Motor Ford 1.0 Dragon / GM Turbo),MOTOR,L3,APROBADO,CONFORME,0.1267,0.1415,TRAIN,,SI,Baja presion de aceite o bomba de aceite defectuosa
F10-L04-0029,Falla de correa dentada banada en aceite (Motor Ford 1.0 Dragon / GM Turbo),MOTOR,L3,APROBADO,CONFORME,0.1361,0.1574,TRAIN,P0524,SI,Falla en sistema de sincronizacion variable de valvulas (VVT / VVT-i / Valvetronic)
F10-L04-0030,Falla de correa dentada banada en aceite (Motor Ford 1.0 Dragon / GM Turbo),MOTOR,L3,APROBADO,CONFORME,0.2055,0.1796,TRAIN,,SI,Baja presion de aceite o bomba de aceite defectuosa
F10-L04-0031,Falla de correa dentada banada en aceite (Motor Ford 1.0 Dragon / GM Turbo),MOTOR,L3,APROBADO,CONFORME,0.1789,0.2064,TRAIN,,SI,Perdida de compresion en cilindro por valvulas pisadas o anillos desgastados
F10-L04-0032,Falla de correa dentada banada en aceite (Motor Ford 1.0 Dragon / GM Turbo),MOTOR,L3,APROBADO,CONFORME,0.1287,0.1136,TRAIN,P0521,SI,Baja presion de aceite o bomba de aceite defectuosa
F10-L04-0033,Falla de correa dentada banada en aceite (Motor Ford 1.0 Dragon / GM Turbo),MOTOR,L3,APROBADO,CONFORME,0.1227,0.1983,TRAIN,P0524,SI,Baja presion de aceite o bomba de aceite defectuosa
F10-L04-0034,Falla de correa dentada banada en aceite (Motor Ford 1.0 Dragon / GM Turbo),MOTOR,L3,APROBADO,CONFORME,0.1175,0.1193,TRAIN,,NO,
F10-L04-0035,Falla de correa dentada banada en aceite (Motor Ford 1.0 Dragon / GM Turbo),MOTOR,L3,APROBADO,CONFORME,0.15,0.1658,TRAIN,,SI,Baja presion de aceite o bomba de aceite defectuosa
F10-L04-0036,Falla de correa dentada banada en aceite (Motor Ford 1.0 Dragon / GM Turbo),MOTOR,L3,APROBADO,CONFORME,0.1236,0.2401,TRAIN,P0016,SI,Faja o cadena de distribucion destensada o con salto de punto
F10-L04-0037,Falla de correa dentada banada en aceite (Motor Ford 1.0 Dragon / GM Turbo),MOTOR,L3,APROBADO,CONFORME,0.124,0.1461,TRAIN,P0016,SI,Falla en sistema de sincronizacion variable de valvulas (VVT / VVT-i / Valvetronic)
F10-L04-0038,Falla de correa dentada banada en aceite (Motor Ford 1.0 Dragon / GM Turbo),MOTOR,L3,APROBADO,CONFORME,0.1047,0.1218,TRAIN,P0524,SI,Baja presion de aceite o bomba de aceite defectuosa
F10-L04-0039,Falla de correa dentada banada en aceite (Motor Ford 1.0 Dragon / GM Turbo),MOTOR,L3,APROBADO,CONFORME,0.1257,0.179,TRAIN,,NO,
F10-L04-0040,Falla de correa dentada banada en aceite (Motor Ford 1.0 Dragon / GM Turbo),MOTOR,L3,APROBADO,CONFORME,0.1608,0.1383,TRAIN,P0016,SI,Faja o cadena de distribucion destensada o con salto de punto
F10-L04-0041,Falla en modulo de bomba de gasolina FSCM / PEM (Ford / Chevrolet),MOTOR,L1,APROBADO,CONFORME,0.4647,0.2986,TRAIN,,NO,
F10-L04-0042,Falla en modulo de bomba de gasolina FSCM / PEM (Ford / Chevrolet),MOTOR,L1,APROBADO,CONFORME,0.3604,0.2902,TRAIN,,NO,
F10-L04-0043,Falla en modulo de bomba de gasolina FSCM / PEM (Ford / Chevrolet),MOTOR,L1,APROBADO,CONFORME,0.1912,0.1656,TRAIN,,NO,
F10-L04-0044,Falla en modulo de bomba de gasolina FSCM / PEM (Ford / Chevrolet),MOTOR,L1,APROBADO,CONFORME,0.3637,0.2524,TRAIN,,NO,
F10-L04-0045,Falla en modulo de bomba de gasolina FSCM / PEM (Ford / Chevrolet),MOTOR,L1,APROBADO,CONFORME,0.3288,0.5711,TRAIN,,NO,
F10-L04-0046,Falla en modulo de bomba de gasolina FSCM / PEM (Ford / Chevrolet),MOTOR,L1,APROBADO,CONFORME,0.2811,0.2748,TRAIN,,NO,
F10-L04-0047,Falla en modulo de bomba de gasolina FSCM / PEM (Ford / Chevrolet),MOTOR,L1,APROBADO,CONFORME,0.1391,0.2171,TRAIN,,NO,
F10-L04-0048,Falla en modulo de bomba de gasolina FSCM / PEM (Ford / Chevrolet),MOTOR,L1,APROBADO,CONFORME,0.2264,0.1815,TRAIN,,NO,
F10-L04-0049,Falla en modulo de bomba de gasolina FSCM / PEM (Ford / Chevrolet),MOTOR,L1,APROBADO,CONFORME,0.3651,0.1803,TRAIN,,NO,
F10-L04-0050,Falla en modulo de bomba de gasolina FSCM / PEM (Ford / Chevrolet),MOTOR,L1,APROBADO,CONFORME,0.1531,0.1108,TEST_100,,NO,
F10-L04-0051,Falla en modulo de bomba de gasolina FSCM / PEM (Ford / Chevrolet),MOTOR,L2,APROBADO,CONFORME,0.1641,0.1711,TRAIN,,SI,Bomba de gasolina quemada o con baja presion
F10-L04-0052,Falla en modulo de bomba de gasolina FSCM / PEM (Ford / Chevrolet),MOTOR,L2,APROBADO,CONFORME,0.3174,0.2645,TRAIN,U0109,SI,Bomba de gasolina quemada o con baja presion
F10-L04-0053,Falla en modulo de bomba de gasolina FSCM / PEM (Ford / Chevrolet),MOTOR,L2,APROBADO,CONFORME,0.1373,0.1333,TRAIN,,NO,
F10-L04-0054,Falla en modulo de bomba de gasolina FSCM / PEM (Ford / Chevrolet),MOTOR,L2,APROBADO,CONFORME,0.1675,0.2259,TRAIN,P069E,SI,Bomba de gasolina quemada o con baja presion
F10-L04-0055,Falla en modulo de bomba de gasolina FSCM / PEM (Ford / Chevrolet),MOTOR,L2,APROBADO,CONFORME,0.1851,0.2418,TRAIN,P025A,NO,
F10-L04-0056,Falla en modulo de bomba de gasolina FSCM / PEM (Ford / Chevrolet),MOTOR,L2,APROBADO,CONFORME,0.2251,0.1719,TRAIN,,SI,Inyectores sucios o filtro de combustible obstruido
F10-L04-0057,Falla en modulo de bomba de gasolina FSCM / PEM (Ford / Chevrolet),MOTOR,L2,APROBADO,CONFORME,0.2475,0.234,TRAIN,P0087,SI,Bomba de gasolina quemada o con baja presion
F10-L04-0058,Falla en modulo de bomba de gasolina FSCM / PEM (Ford / Chevrolet),MOTOR,L2,APROBADO,CONFORME,0.1681,0.1864,TRAIN,,SI,Bomba de gasolina quemada o con baja presion
F10-L04-0059,Falla en modulo de bomba de gasolina FSCM / PEM (Ford / Chevrolet),MOTOR,L2,APROBADO,CONFORME,0.1588,0.1214,TRAIN,,NO,
F10-L04-0060,Falla en modulo de bomba de gasolina FSCM / PEM (Ford / Chevrolet),MOTOR,L2,APROBADO,CONFORME,0.1137,0.1223,FIELD_60,,NO,
F10-L04-0061,Falla en modulo de bomba de gasolina FSCM / PEM (Ford / Chevrolet),MOTOR,L2,APROBADO,CONFORME,0.1554,0.1929,TRAIN,,SI,Bomba de gasolina quemada o con baja presion
F10-L04-0062,Falla en modulo de bomba de gasolina FSCM / PEM (Ford / Chevrolet),MOTOR,L2,APROBADO,CONFORME,0.1582,0.1834,TRAIN,U0109,NO,
F10-L04-0063,Falla en modulo de bomba de gasolina FSCM / PEM (Ford / Chevrolet),MOTOR,L2,APROBADO,CONFORME,0.1694,0.1488,TRAIN,,SI,Falla en bujias o bobinas de encendido (misfire)
F10-L04-0064,Falla en modulo de bomba de gasolina FSCM / PEM (Ford / Chevrolet),MOTOR,L2,APROBADO,CONFORME,0.1198,0.1223,TRAIN,,SI,Bomba de gasolina quemada o con baja presion
F10-L04-0065,Falla en modulo de bomba de gasolina FSCM / PEM (Ford / Chevrolet),MOTOR,L2,APROBADO,CONFORME,0.1636,0.1907,TRAIN,P069E,NO,
F10-L04-0066,Falla en modulo de bomba de gasolina FSCM / PEM (Ford / Chevrolet),MOTOR,L3,APROBADO,CONFORME,0.1641,0.1318,TRAIN,U0109,SI,Bomba de gasolina quemada o con baja presion
F10-L04-0067,Falla en modulo de bomba de gasolina FSCM / PEM (Ford / Chevrolet),MOTOR,L3,APROBADO,CONFORME,0.1209,0.1138,G1,P025A,SI,Bomba de gasolina quemada o con baja presion
F10-L04-0068,Falla en modulo de bomba de gasolina FSCM / PEM (Ford / Chevrolet),MOTOR,L3,APROBADO,CONFORME,0.1133,0.0929,TRAIN,P0087,SI,Inyectores sucios o filtro de combustible obstruido
F10-L04-0069,Falla en modulo de bomba de gasolina FSCM / PEM (Ford / Chevrolet),MOTOR,L3,APROBADO,CONFORME,0.1027,0.0942,TRAIN,P069E,SI,Falla en sensor de posicion de cigueñal (CKP) o arbol de levas (CMP)
F10-L04-0070,Falla en modulo de bomba de gasolina FSCM / PEM (Ford / Chevrolet),MOTOR,L3,APROBADO,CONFORME,0.1699,0.1244,TRAIN,,SI,Bomba de gasolina quemada o con baja presion
F10-L04-0071,Falla en modulo de bomba de gasolina FSCM / PEM (Ford / Chevrolet),MOTOR,L3,APROBADO,CONFORME,0.2061,0.139,TRAIN,U0109,NO,
F10-L04-0072,Falla en modulo de bomba de gasolina FSCM / PEM (Ford / Chevrolet),MOTOR,L3,APROBADO,CONFORME,0.1865,0.0956,TRAIN,P025A,NO,
F10-L04-0073,Falla en modulo de bomba de gasolina FSCM / PEM (Ford / Chevrolet),MOTOR,L3,APROBADO,CONFORME,0.1486,0.1386,TRAIN,U0109,SI,Bomba de gasolina quemada o con baja presion
F10-L04-0074,Falla en modulo de bomba de gasolina FSCM / PEM (Ford / Chevrolet),MOTOR,L3,APROBADO,CONFORME,0.1005,0.0773,TRAIN,,SI,Bomba de gasolina quemada o con baja presion
F10-L04-0075,Falla en modulo de bomba de gasolina FSCM / PEM (Ford / Chevrolet),MOTOR,L3,APROBADO,CONFORME,0.1929,0.1738,TRAIN,P0087,SI,Bomba de gasolina quemada o con baja presion
F10-L04-0076,Falla en modulo de bomba de gasolina FSCM / PEM (Ford / Chevrolet),MOTOR,L3,APROBADO,CONFORME,0.1738,0.1114,G1,,SI,Falla en bujias o bobinas de encendido (misfire)
F10-L04-0077,Falla en modulo de bomba de gasolina FSCM / PEM (Ford / Chevrolet),MOTOR,L3,APROBADO,CONFORME,0.1304,0.0916,TRAIN,U0109,NO,
F10-L04-0078,Falla en modulo de bomba de gasolina FSCM / PEM (Ford / Chevrolet),MOTOR,L3,APROBADO,CONFORME,0.1185,0.1239,TRAIN,,SI,Bomba de gasolina quemada o con baja presion
F10-L04-0079,Falla en modulo de bomba de gasolina FSCM / PEM (Ford / Chevrolet),MOTOR,L3,APROBADO,CONFORME,0.1122,0.1464,TRAIN,P069E,SI,Bomba de gasolina quemada o con baja presion
F10-L04-0080,Falla en modulo de bomba de gasolina FSCM / PEM (Ford / Chevrolet),MOTOR,L3,APROBADO,CONFORME,0.1135,0.1888,TRAIN,,SI,Inyectores sucios o filtro de combustible obstruido
F10-L04-0081,Falla en filtro de particulas DPF / FAP y sistema AdBlue DEF (Diesel Euro 5/6),MOTOR,L1,APROBADO,CONFORME,0.2979,0.1729,TRAIN,,NO,
F10-L04-0082,Falla en filtro de particulas DPF / FAP y sistema AdBlue DEF (Diesel Euro 5/6),MOTOR,L1,APROBADO,CONFORME,0.2882,0.2597,TRAIN,,NO,
F10-L04-0083,Falla en filtro de particulas DPF / FAP y sistema AdBlue DEF (Diesel Euro 5/6),MOTOR,L1,APROBADO,CONFORME,0.2562,0.1277,G2,,NO,
F10-L04-0084,Falla en filtro de particulas DPF / FAP y sistema AdBlue DEF (Diesel Euro 5/6),MOTOR,L1,APROBADO,CONFORME,0.1193,0.1732,TRAIN,,NO,
F10-L04-0085,Falla en filtro de particulas DPF / FAP y sistema AdBlue DEF (Diesel Euro 5/6),MOTOR,L1,APROBADO,CONFORME,0.1711,0.1479,TRAIN,,NO,
F10-L04-0086,Falla en filtro de particulas DPF / FAP y sistema AdBlue DEF (Diesel Euro 5/6),MOTOR,L1,APROBADO,CONFORME,0.1276,0.1824,G1,,NO,
F10-L04-0087,Falla en filtro de particulas DPF / FAP y sistema AdBlue DEF (Diesel Euro 5/6),MOTOR,L1,APROBADO,CONFORME,0.0886,0.1244,TRAIN,,NO,
F10-L04-0088,Falla en filtro de particulas DPF / FAP y sistema AdBlue DEF (Diesel Euro 5/6),MOTOR,L1,APROBADO,CONFORME,0.3298,0.1659,TRAIN,,NO,
F10-L04-0089,Falla en filtro de particulas DPF / FAP y sistema AdBlue DEF (Diesel Euro 5/6),MOTOR,L1,APROBADO,CONFORME,0.1887,0.1312,TRAIN,,NO,
F10-L04-0090,Falla en filtro de particulas DPF / FAP y sistema AdBlue DEF (Diesel Euro 5/6),MOTOR,L1,APROBADO,CONFORME,0.1561,0.1854,TRAIN,,NO,
F10-L04-0091,Falla en filtro de particulas DPF / FAP y sistema AdBlue DEF (Diesel Euro 5/6),MOTOR,L2,APROBADO,CONFORME,0.1265,0.2226,TRAIN,P2463,SI,Fuga o baja presion en sistema Common Rail Diesel (Camiones/Pickups)
F10-L04-0092,Falla en filtro de particulas DPF / FAP y sistema AdBlue DEF (Diesel Euro 5/6),MOTOR,L2,APROBADO,CONFORME,0.2056,0.326,TRAIN,P20EE,NO,
F10-L04-0093,Falla en filtro de particulas DPF / FAP y sistema AdBlue DEF (Diesel Euro 5/6),MOTOR,L2,APROBADO,CONFORME,0.1311,0.1522,TRAIN,,SI,Empaque de culata soplado o danado
F10-L04-0094,Falla en filtro de particulas DPF / FAP y sistema AdBlue DEF (Diesel Euro 5/6),MOTOR,L2,APROBADO,CONFORME,0.093,0.1734,TRAIN,,NO,
F10-L04-0095,Falla en filtro de particulas DPF / FAP y sistema AdBlue DEF (Diesel Euro 5/6),MOTOR,L2,APROBADO,CONFORME,0.2137,0.2141,TRAIN,P2453,NO,
F10-L04-0096,Falla en filtro de particulas DPF / FAP y sistema AdBlue DEF (Diesel Euro 5/6),MOTOR,L2,APROBADO,CONFORME,0.2281,0.1413,TRAIN,,SI,Falla en actuador de turbocompresor o VGT en motores alemanes TSI / TFSI
F10-L04-0097,Falla en filtro de particulas DPF / FAP y sistema AdBlue DEF (Diesel Euro 5/6),MOTOR,L2,APROBADO,CONFORME,0.1051,0.1082,TRAIN,,SI,Falla en termostato o motoventilador de radiador
F10-L04-0098,Falla en filtro de particulas DPF / FAP y sistema AdBlue DEF (Diesel Euro 5/6),MOTOR,L2,APROBADO,CONFORME,0.1372,0.2577,TRAIN,P2002,SI,Empaque de culata soplado o danado
F10-L04-0099,Falla en filtro de particulas DPF / FAP y sistema AdBlue DEF (Diesel Euro 5/6),MOTOR,L2,APROBADO,CONFORME,0.1976,0.2627,TRAIN,P204F,NO,
F10-L04-0100,Falla en filtro de particulas DPF / FAP y sistema AdBlue DEF (Diesel Euro 5/6),MOTOR,L2,APROBADO,CONFORME,0.1284,0.1513,TRAIN,,NO,
F10-L04-0101,Falla en filtro de particulas DPF / FAP y sistema AdBlue DEF (Diesel Euro 5/6),MOTOR,L2,APROBADO,CONFORME,0.1783,0.1579,TRAIN,,SI,Caliper de freno trabado o mordaza pegada (piston agarrotado)
F10-L04-0102,Falla en filtro de particulas DPF / FAP y sistema AdBlue DEF (Diesel Euro 5/6),MOTOR,L2,APROBADO,CONFORME,0.0994,0.1248,TRAIN,P2463,NO,
F10-L04-0103,Falla en filtro de particulas DPF / FAP y sistema AdBlue DEF (Diesel Euro 5/6),MOTOR,L2,APROBADO,CONFORME,0.1061,0.1285,TRAIN,,SI,Falla en sensor de oxigeno o mezcla rica
F10-L04-0104,Falla en filtro de particulas DPF / FAP y sistema AdBlue DEF (Diesel Euro 5/6),MOTOR,L2,APROBADO,CONFORME,0.1803,0.2067,TRAIN,,SI,Convertidor catalitico ineficiente u obstruido (DTC P0420 / P0430)
F10-L04-0105,Falla en filtro de particulas DPF / FAP y sistema AdBlue DEF (Diesel Euro 5/6),MOTOR,L2,APROBADO,CONFORME,0.1854,0.1524,TRAIN,,NO,
F10-L04-0106,Falla en filtro de particulas DPF / FAP y sistema AdBlue DEF (Diesel Euro 5/6),MOTOR,L3,APROBADO,CONFORME,0.1122,0.1909,TRAIN,P2463,SI,Fuga o baja presion en sistema Common Rail Diesel (Camiones/Pickups)
F10-L04-0107,Falla en filtro de particulas DPF / FAP y sistema AdBlue DEF (Diesel Euro 5/6),MOTOR,L3,APROBADO,CONFORME,0.1976,0.1279,G1,P20EE,SI,Inyectores sucios o filtro de combustible obstruido
F10-L04-0108,Falla en filtro de particulas DPF / FAP y sistema AdBlue DEF (Diesel Euro 5/6),MOTOR,L3,APROBADO,CONFORME,0.1429,0.0879,TRAIN,,SI,Empaque de culata soplado o danado
F10-L04-0109,Falla en filtro de particulas DPF / FAP y sistema AdBlue DEF (Diesel Euro 5/6),MOTOR,L3,APROBADO,CONFORME,0.136,0.1206,TRAIN,P2002,SI,Convertidor catalitico ineficiente u obstruido (DTC P0420 / P0430)
F10-L04-0110,Falla en filtro de particulas DPF / FAP y sistema AdBlue DEF (Diesel Euro 5/6),MOTOR,L3,APROBADO,CONFORME,0.2097,0.097,TRAIN,,SI,Fuga en mangueras de intercooler o turbocompresor danado
F10-L04-0111,Falla en filtro de particulas DPF / FAP y sistema AdBlue DEF (Diesel Euro 5/6),MOTOR,L3,APROBADO,CONFORME,0.1312,0.2074,TRAIN,P2453,NO,
F10-L04-0112,Falla en filtro de particulas DPF / FAP y sistema AdBlue DEF (Diesel Euro 5/6),MOTOR,L3,APROBADO,CONFORME,0.0796,0.0786,TRAIN,,SI,Inyectores sucios o filtro de combustible obstruido
F10-L04-0113,Falla en filtro de particulas DPF / FAP y sistema AdBlue DEF (Diesel Euro 5/6),MOTOR,L3,APROBADO,CONFORME,0.1314,0.1385,TRAIN,P2463,NO,
F10-L04-0114,Falla en filtro de particulas DPF / FAP y sistema AdBlue DEF (Diesel Euro 5/6),MOTOR,L3,APROBADO,CONFORME,0.09,0.0842,TRAIN,P204F,NO,
F10-L04-0115,Falla en filtro de particulas DPF / FAP y sistema AdBlue DEF (Diesel Euro 5/6),MOTOR,L3,APROBADO,CONFORME,0.0926,0.2147,TRAIN,,SI,Falla en motor de arranque o solenoide defectuoso (clac seco o carbones gastados)
F10-L04-0116,Falla en filtro de particulas DPF / FAP y sistema AdBlue DEF (Diesel Euro 5/6),MOTOR,L3,APROBADO,CONFORME,0.1283,0.1193,TRAIN,,SI,Disco de embrague desgastado o patinando
F10-L04-0117,Falla en filtro de particulas DPF / FAP y sistema AdBlue DEF (Diesel Euro 5/6),MOTOR,L3,APROBADO,CONFORME,0.1491,0.133,TRAIN,P20EE,NO,
F10-L04-0118,Falla en filtro de particulas DPF / FAP y sistema AdBlue DEF (Diesel Euro 5/6),MOTOR,L3,APROBADO,CONFORME,0.0805,0.0996,TRAIN,,SI,Convertidor catalitico ineficiente u obstruido (DTC P0420 / P0430)
F10-L04-0119,Falla en filtro de particulas DPF / FAP y sistema AdBlue DEF (Diesel Euro 5/6),MOTOR,L3,APROBADO,CONFORME,0.1071,0.1342,TRAIN,,SI,Convertidor catalitico ineficiente u obstruido (DTC P0420 / P0430)
F10-L04-0120,Falla en filtro de particulas DPF / FAP y sistema AdBlue DEF (Diesel Euro 5/6),MOTOR,L3,APROBADO,CONFORME,0.0766,0.1346,TRAIN,P2463,NO,
F10-L04-0121,Fuga o baja presion en sistema Common Rail Diesel (Camiones/Pickups),MOTOR,L1,APROBADO,CONFORME,0.2025,0.5897,TRAIN,,NO,
F10-L04-0122,Fuga o baja presion en sistema Common Rail Diesel (Camiones/Pickups),MOTOR,L1,APROBADO,CONFORME,0.2164,0.2795,TRAIN,,NO,
F10-L04-0123,Fuga o baja presion en sistema Common Rail Diesel (Camiones/Pickups),MOTOR,L1,APROBADO,CONFORME,0.303,0.1853,TRAIN,,NO,
F10-L04-0124,Fuga o baja presion en sistema Common Rail Diesel (Camiones/Pickups),MOTOR,L1,APROBADO,CONFORME,0.1936,0.2531,TRAIN,,NO,
F10-L04-0125,Fuga o baja presion en sistema Common Rail Diesel (Camiones/Pickups),MOTOR,L1,APROBADO,CONFORME,0.2661,0.2038,FIELD_60,,NO,
F10-L04-0126,Fuga o baja presion en sistema Common Rail Diesel (Camiones/Pickups),MOTOR,L1,APROBADO,CONFORME,0.3648,0.3047,TRAIN,,NO,
F10-L04-0127,Fuga o baja presion en sistema Common Rail Diesel (Camiones/Pickups),MOTOR,L1,APROBADO,CONFORME,0.1677,0.2014,TRAIN,,NO,
F10-L04-0128,Fuga o baja presion en sistema Common Rail Diesel (Camiones/Pickups),MOTOR,L1,APROBADO,CONFORME,0.3824,0.2304,TRAIN,,NO,
F10-L04-0129,Fuga o baja presion en sistema Common Rail Diesel (Camiones/Pickups),MOTOR,L1,APROBADO,CONFORME,0.0956,0.0969,TRAIN,,NO,
F10-L04-0130,Fuga o baja presion en sistema Common Rail Diesel (Camiones/Pickups),MOTOR,L1,APROBADO,CONFORME,0.1026,0.1106,TRAIN,,NO,
F10-L04-0131,Fuga o baja presion en sistema Common Rail Diesel (Camiones/Pickups),MOTOR,L2,APROBADO,CONFORME,0.1222,0.173,TRAIN,,SI,Bomba de gasolina quemada o con baja presion
F10-L04-0132,Fuga o baja presion en sistema Common Rail Diesel (Camiones/Pickups),MOTOR,L2,APROBADO,CONFORME,0.2475,0.2926,TRAIN,P0087,SI,Falla en actuador de turbocompresor o VGT en motores alemanes TSI / TFSI
F10-L04-0133,Fuga o baja presion en sistema Common Rail Diesel (Camiones/Pickups),MOTOR,L2,APROBADO,CONFORME,0.1698,0.2516,TRAIN,,SI,Inyectores sucios o filtro de combustible obstruido
F10-L04-0134,Fuga o baja presion en sistema Common Rail Diesel (Camiones/Pickups),MOTOR,L2,APROBADO,CONFORME,0.1649,0.2212,TRAIN,P0093,SI,Inyectores sucios o filtro de combustible obstruido
F10-L04-0135,Fuga o baja presion en sistema Common Rail Diesel (Camiones/Pickups),MOTOR,L2,APROBADO,CONFORME,0.1924,0.1562,TRAIN,,NO,
F10-L04-0136,Fuga o baja presion en sistema Common Rail Diesel (Camiones/Pickups),MOTOR,L2,APROBADO,CONFORME,0.1273,0.2476,TRAIN,P1229,NO,
F10-L04-0137,Fuga o baja presion en sistema Common Rail Diesel (Camiones/Pickups),MOTOR,L2,APROBADO,CONFORME,0.2201,0.2535,TRAIN,,NO,
F10-L04-0138,Fuga o baja presion en sistema Common Rail Diesel (Camiones/Pickups),MOTOR,L2,APROBADO,CONFORME,0.2526,0.181,TRAIN,P0087,NO,
F10-L04-0139,Fuga o baja presion en sistema Common Rail Diesel (Camiones/Pickups),MOTOR,L2,APROBADO,CONFORME,0.1475,0.1132,TRAIN,,NO,
F10-L04-0140,Fuga o baja presion en sistema Common Rail Diesel (Camiones/Pickups),MOTOR,L2,APROBADO,CONFORME,0.2029,0.2005,TRAIN,P0088,NO,
F10-L04-0141,Fuga o baja presion en sistema Common Rail Diesel (Camiones/Pickups),MOTOR,L2,APROBADO,CONFORME,0.1475,0.1412,TRAIN,,SI,Inyectores sucios o filtro de combustible obstruido
F10-L04-0142,Fuga o baja presion en sistema Common Rail Diesel (Camiones/Pickups),MOTOR,L2,APROBADO,CONFORME,0.1658,0.0978,TRAIN,P0087,SI,Fuga en mangueras de intercooler o turbocompresor danado
F10-L04-0143,Fuga o baja presion en sistema Common Rail Diesel (Camiones/Pickups),MOTOR,L2,APROBADO,CONFORME,0.1348,0.2158,TRAIN,,SI,Falla en filtro de particulas DPF / FAP y sistema AdBlue DEF (Diesel Euro 5/6)
F10-L04-0144,Fuga o baja presion en sistema Common Rail Diesel (Camiones/Pickups),MOTOR,L2,APROBADO,CONFORME,0.1536,0.1335,TRAIN,,NO,
F10-L04-0145,Fuga o baja presion en sistema Common Rail Diesel (Camiones/Pickups),MOTOR,L2,APROBADO,CONFORME,0.1073,0.1006,TEST_100,P0087,SI,Inyectores sucios o filtro de combustible obstruido
F10-L04-0146,Fuga o baja presion en sistema Common Rail Diesel (Camiones/Pickups),MOTOR,L3,APROBADO,CONFORME,0.1559,0.1298,TRAIN,P0087,SI,Inyectores sucios o filtro de combustible obstruido
F10-L04-0147,Fuga o baja presion en sistema Common Rail Diesel (Camiones/Pickups),MOTOR,L3,APROBADO,CONFORME,0.1167,0.1372,TRAIN,,SI,Falla en motor de arranque o solenoide defectuoso (clac seco o carbones gastados)
F10-L04-0148,Fuga o baja presion en sistema Common Rail Diesel (Camiones/Pickups),MOTOR,L3,APROBADO,CONFORME,0.147,0.115,TRAIN,P0088,NO,
F10-L04-0149,Fuga o baja presion en sistema Common Rail Diesel (Camiones/Pickups),MOTOR,L3,APROBADO,CONFORME,0.0995,0.1505,TRAIN,,SI,Disco de embrague desgastado o patinando
F10-L04-0150,Fuga o baja presion en sistema Common Rail Diesel (Camiones/Pickups),MOTOR,L3,APROBADO,CONFORME,0.1522,0.1293,TRAIN,P0087,SI,Inyectores sucios o filtro de combustible obstruido
F10-L04-0151,Fuga o baja presion en sistema Common Rail Diesel (Camiones/Pickups),MOTOR,L3,APROBADO,CONFORME,0.1559,0.1633,TRAIN,P0087,NO,
F10-L04-0152,Fuga o baja presion en sistema Common Rail Diesel (Camiones/Pickups),MOTOR,L3,APROBADO,CONFORME,0.1173,0.1264,TRAIN,,SI,Empaque de culata soplado o danado
F10-L04-0153,Fuga o baja presion en sistema Common Rail Diesel (Camiones/Pickups),MOTOR,L3,APROBADO,CONFORME,0.2163,0.1952,TRAIN,P0087,SI,Inyectores sucios o filtro de combustible obstruido
F10-L04-0154,Fuga o baja presion en sistema Common Rail Diesel (Camiones/Pickups),MOTOR,L3,APROBADO,CONFORME,0.1261,0.1619,TRAIN,,NO,
F10-L04-0155,Fuga o baja presion en sistema Common Rail Diesel (Camiones/Pickups),MOTOR,L3,APROBADO,CONFORME,0.1248,0.1245,TRAIN,P0087,SI,Inyectores sucios o filtro de combustible obstruido
F10-L04-0156,Fuga o baja presion en sistema Common Rail Diesel (Camiones/Pickups),MOTOR,L3,APROBADO,CONFORME,0.1854,0.2119,TRAIN,,SI,Inyectores sucios o filtro de combustible obstruido
F10-L04-0157,Fuga o baja presion en sistema Common Rail Diesel (Camiones/Pickups),MOTOR,L3,APROBADO,CONFORME,0.1658,0.1875,TRAIN,P0087,NO,
F10-L04-0158,Fuga o baja presion en sistema Common Rail Diesel (Camiones/Pickups),MOTOR,L3,APROBADO,CONFORME,0.1348,0.1903,TRAIN,P0093,SI,Fuga en mangueras de intercooler o turbocompresor danado
F10-L04-0159,Fuga o baja presion en sistema Common Rail Diesel (Camiones/Pickups),MOTOR,L3,APROBADO,CONFORME,0.1096,0.11,TRAIN,P0087,NO,
F10-L04-0160,Fuga o baja presion en sistema Common Rail Diesel (Camiones/Pickups),MOTOR,L3,APROBADO,CONFORME,0.1443,0.1462,TRAIN,P0087,SI,Inyectores sucios o filtro de combustible obstruido
F10-L04-0161,Falla en sistema Flex / Bi-combustible (Alcohol/Etanol),MOTOR,L1,APROBADO,CONFORME,0.2514,0.344,TRAIN,,NO,
F10-L04-0162,Falla en sistema Flex / Bi-combustible (Alcohol/Etanol),MOTOR,L1,APROBADO,CONFORME,0.1257,0.2181,TRAIN,,NO,
F10-L04-0163,Falla en sistema Flex / Bi-combustible (Alcohol/Etanol),MOTOR,L1,APROBADO,CONFORME,0.3142,0.2829,TRAIN,,NO,
F10-L04-0164,Falla en sistema Flex / Bi-combustible (Alcohol/Etanol),MOTOR,L1,APROBADO,CONFORME,0.2916,0.206,TRAIN,,NO,
F10-L04-0165,Falla en sistema Flex / Bi-combustible (Alcohol/Etanol),MOTOR,L1,APROBADO,CONFORME,0.4216,0.3288,TRAIN,,NO,
F10-L04-0166,Falla en sistema Flex / Bi-combustible (Alcohol/Etanol),MOTOR,L1,APROBADO,CONFORME,0.2282,0.2683,TRAIN,,NO,
F10-L04-0167,Falla en sistema Flex / Bi-combustible (Alcohol/Etanol),MOTOR,L1,APROBADO,CONFORME,0.1947,0.2075,TRAIN,,NO,
F10-L04-0168,Falla en sistema Flex / Bi-combustible (Alcohol/Etanol),MOTOR,L1,APROBADO,CONFORME,0.2357,0.1167,TRAIN,,NO,
F10-L04-0169,Falla en sistema Flex / Bi-combustible (Alcohol/Etanol),MOTOR,L1,APROBADO,CONFORME,0.272,0.1456,TRAIN,,NO,
F10-L04-0170,Falla en sistema Flex / Bi-combustible (Alcohol/Etanol),MOTOR,L1,APROBADO,CONFORME,0.1003,0.1839,TRAIN,,NO,
F10-L04-0171,Falla en sistema Flex / Bi-combustible (Alcohol/Etanol),MOTOR,L2,APROBADO,CONFORME,0.186,0.4137,TRAIN,,NO,
F10-L04-0172,Falla en sistema Flex / Bi-combustible (Alcohol/Etanol),MOTOR,L2,APROBADO,CONFORME,0.1373,0.1555,TEST_100,P0171,SI,Inyectores sucios o filtro de combustible obstruido
F10-L04-0173,Falla en sistema Flex / Bi-combustible (Alcohol/Etanol),MOTOR,L2,APROBADO,CONFORME,0.192,0.2369,TRAIN,P0172,SI,Falla en sensor de oxigeno o mezcla rica
F10-L04-0174,Falla en sistema Flex / Bi-combustible (Alcohol/Etanol),MOTOR,L2,APROBADO,CONFORME,0.1609,0.2208,TRAIN,,NO,
F10-L04-0175,Falla en sistema Flex / Bi-combustible (Alcohol/Etanol),MOTOR,L2,APROBADO,CONFORME,0.2304,0.1073,TRAIN,P0178,NO,
F10-L04-0176,Falla en sistema Flex / Bi-combustible (Alcohol/Etanol),MOTOR,L2,APROBADO,CONFORME,0.1678,0.1302,TRAIN,P0300,SI,Falla en bujias o bobinas de encendido (misfire)
F10-L04-0177,Falla en sistema Flex / Bi-combustible (Alcohol/Etanol),MOTOR,L2,APROBADO,CONFORME,0.1251,0.1725,TRAIN,,SI,Cuerpo de aceleracion o valvula IAC sucia
F10-L04-0178,Falla en sistema Flex / Bi-combustible (Alcohol/Etanol),MOTOR,L2,APROBADO,CONFORME,0.1933,0.1846,TRAIN,,SI,Falla en bujias o bobinas de encendido (misfire)
F10-L04-0179,Falla en sistema Flex / Bi-combustible (Alcohol/Etanol),MOTOR,L2,APROBADO,CONFORME,0.1528,0.2009,TRAIN,P0171,SI,Falla en sensor de oxigeno o mezcla rica
F10-L04-0180,Falla en sistema Flex / Bi-combustible (Alcohol/Etanol),MOTOR,L2,APROBADO,CONFORME,0.1738,0.1789,TRAIN,,SI,Falla en sistema de control de emisiones evaporativas EVAP (canister o valvula de purga)
F10-L04-0181,Falla en sistema Flex / Bi-combustible (Alcohol/Etanol),MOTOR,L2,APROBADO,CONFORME,0.1457,0.1435,TRAIN,,NO,
F10-L04-0182,Falla en sistema Flex / Bi-combustible (Alcohol/Etanol),MOTOR,L2,APROBADO,CONFORME,0.1939,0.185,TRAIN,P0179,NO,
F10-L04-0183,Falla en sistema Flex / Bi-combustible (Alcohol/Etanol),MOTOR,L2,APROBADO,CONFORME,0.147,0.1195,TRAIN,,NO,
F10-L04-0184,Falla en sistema Flex / Bi-combustible (Alcohol/Etanol),MOTOR,L2,APROBADO,CONFORME,0.111,0.0749,FIELD_60,,SI,Inyectores sucios o filtro de combustible obstruido
F10-L04-0185,Falla en sistema Flex / Bi-combustible (Alcohol/Etanol),MOTOR,L2,APROBADO,CONFORME,0.1883,0.1446,TRAIN,,NO,
F10-L04-0186,Falla en sistema Flex / Bi-combustible (Alcohol/Etanol),MOTOR,L3,APROBADO,CONFORME,0.1009,0.1279,TEST_100,P0172,SI,Falla en bujias o bobinas de encendido (misfire)
F10-L04-0187,Falla en sistema Flex / Bi-combustible (Alcohol/Etanol),MOTOR,L3,APROBADO,CONFORME,0.1059,0.1313,TRAIN,P0171,SI,Falla en sensor de oxigeno o mezcla rica
F10-L04-0188,Falla en sistema Flex / Bi-combustible (Alcohol/Etanol),MOTOR,L3,APROBADO,CONFORME,0.2304,0.1074,TRAIN,P0178,NO,
F10-L04-0189,Falla en sistema Flex / Bi-combustible (Alcohol/Etanol),MOTOR,L3,APROBADO,CONFORME,0.186,0.167,TRAIN,,SI,Falla en motor de arranque o solenoide defectuoso (clac seco o carbones gastados)
F10-L04-0190,Falla en sistema Flex / Bi-combustible (Alcohol/Etanol),MOTOR,L3,APROBADO,CONFORME,0.1801,0.2288,TRAIN,,SI,Falla en bujias o bobinas de encendido (misfire)
F10-L04-0191,Falla en sistema Flex / Bi-combustible (Alcohol/Etanol),MOTOR,L3,APROBADO,CONFORME,0.1003,0.1231,TRAIN,P0172,SI,Inyectores sucios o filtro de combustible obstruido
F10-L04-0192,Falla en sistema Flex / Bi-combustible (Alcohol/Etanol),MOTOR,L3,APROBADO,CONFORME,0.1217,0.1214,FIELD_60,,SI,Inyectores sucios o filtro de combustible obstruido
F10-L04-0193,Falla en sistema Flex / Bi-combustible (Alcohol/Etanol),MOTOR,L3,APROBADO,CONFORME,0.2357,0.1193,TRAIN,P0171,SI,Bomba de gasolina quemada o con baja presion
F10-L04-0194,Falla en sistema Flex / Bi-combustible (Alcohol/Etanol),MOTOR,L3,APROBADO,CONFORME,0.1752,0.1301,TRAIN,,NO,
F10-L04-0195,Falla en sistema Flex / Bi-combustible (Alcohol/Etanol),MOTOR,L3,APROBADO,CONFORME,0.1939,0.0886,TRAIN,P0178,SI,Inyectores sucios o filtro de combustible obstruido
F10-L04-0196,Falla en sistema Flex / Bi-combustible (Alcohol/Etanol),MOTOR,L3,APROBADO,CONFORME,0.1328,0.1539,DEV_60,,SI,Cuerpo de aceleracion o valvula IAC sucia
F10-L04-0197,Falla en sistema Flex / Bi-combustible (Alcohol/Etanol),MOTOR,L3,APROBADO,CONFORME,0.1253,0.1018,TRAIN,P0179,SI,Falla en sensor de oxigeno o mezcla rica
F10-L04-0198,Falla en sistema Flex / Bi-combustible (Alcohol/Etanol),MOTOR,L3,APROBADO,CONFORME,0.1128,0.1688,TRAIN,,SI,Bomba de gasolina quemada o con baja presion
F10-L04-0199,Falla en sistema Flex / Bi-combustible (Alcohol/Etanol),MOTOR,L3,APROBADO,CONFORME,0.176,0.1719,TRAIN,P0172,SI,Convertidor catalitico ineficiente u obstruido (DTC P0420 / P0430)
F10-L04-0200,Falla en sistema Flex / Bi-combustible (Alcohol/Etanol),MOTOR,L3,APROBADO,CONFORME,0.135,0.1405,TRAIN,,SI,Bomba de gasolina quemada o con baja presion
F10-L05-0001,Falla en sensor de posicion de cigueñal (CKP) o arbol de levas (CMP),MOTOR,L1,APROBADO,CONFORME,0.4647,0.2072,TRAIN,,NO,
F10-L05-0002,Falla en sensor de posicion de cigueñal (CKP) o arbol de levas (CMP),MOTOR,L1,APROBADO,CONFORME,0.2287,0.2818,TRAIN,,NO,
F10-L05-0003,Falla en sensor de posicion de cigueñal (CKP) o arbol de levas (CMP),MOTOR,L1,APROBADO,CONFORME,0.1743,0.1857,TRAIN,,NO,
F10-L05-0004,Falla en sensor de posicion de cigueñal (CKP) o arbol de levas (CMP),MOTOR,L1,APROBADO,CONFORME,0.1728,0.1886,TRAIN,,NO,
F10-L05-0005,Falla en sensor de posicion de cigueñal (CKP) o arbol de levas (CMP),MOTOR,L1,APROBADO,CONFORME,0.2383,0.2103,TRAIN,,NO,
F10-L05-0006,Falla en sensor de posicion de cigueñal (CKP) o arbol de levas (CMP),MOTOR,L1,APROBADO,CONFORME,0.3354,0.3385,TRAIN,,NO,
F10-L05-0007,Falla en sensor de posicion de cigueñal (CKP) o arbol de levas (CMP),MOTOR,L1,APROBADO,CONFORME,0.1979,0.2306,TRAIN,,NO,
F10-L05-0008,Falla en sensor de posicion de cigueñal (CKP) o arbol de levas (CMP),MOTOR,L1,APROBADO,CONFORME,0.2884,0.2495,TRAIN,,NO,
F10-L05-0009,Falla en sensor de posicion de cigueñal (CKP) o arbol de levas (CMP),MOTOR,L1,APROBADO,CONFORME,0.1338,0.202,TRAIN,,NO,
F10-L05-0010,Falla en sensor de posicion de cigueñal (CKP) o arbol de levas (CMP),MOTOR,L1,APROBADO,CONFORME,0.1418,0.0965,TRAIN,,NO,
F10-L05-0011,Falla en sensor de posicion de cigueñal (CKP) o arbol de levas (CMP),MOTOR,L2,APROBADO,CONFORME,0.1946,0.2509,TRAIN,,SI,Bomba de gasolina quemada o con baja presion
F10-L05-0012,Falla en sensor de posicion de cigueñal (CKP) o arbol de levas (CMP),MOTOR,L2,APROBADO,CONFORME,0.1934,0.3378,TRAIN,P0335,SI,Bomba de gasolina quemada o con baja presion
F10-L05-0013,Falla en sensor de posicion de cigueñal (CKP) o arbol de levas (CMP),MOTOR,L2,APROBADO,CONFORME,0.1893,0.1767,TRAIN,,SI,Falla en motor de arranque o solenoide defectuoso (clac seco o carbones gastados)
F10-L05-0014,Falla en sensor de posicion de cigueñal (CKP) o arbol de levas (CMP),MOTOR,L2,APROBADO,CONFORME,0.1711,0.2303,TRAIN,P0340,SI,Faja o cadena de distribucion destensada o con salto de punto
F10-L05-0015,Falla en sensor de posicion de cigueñal (CKP) o arbol de levas (CMP),MOTOR,L2,APROBADO,CONFORME,0.1619,0.1771,TRAIN,,NO,
F10-L05-0016,Falla en sensor de posicion de cigueñal (CKP) o arbol de levas (CMP),MOTOR,L2,APROBADO,CONFORME,0.1256,0.1498,TRAIN,P0339,SI,Falla en bujias o bobinas de encendido (misfire)
F10-L05-0017,Falla en sensor de posicion de cigueñal (CKP) o arbol de levas (CMP),MOTOR,L2,APROBADO,CONFORME,0.1785,0.1824,TRAIN,,SI,Falla en motor de arranque o solenoide defectuoso (clac seco o carbones gastados)
F10-L05-0018,Falla en sensor de posicion de cigueñal (CKP) o arbol de levas (CMP),MOTOR,L2,APROBADO,CONFORME,0.1068,0.1545,TRAIN,P0335,SI,Faja o cadena de distribucion destensada o con salto de punto
F10-L05-0019,Falla en sensor de posicion de cigueñal (CKP) o arbol de levas (CMP),MOTOR,L2,APROBADO,CONFORME,0.1366,0.1504,TRAIN,,NO,
F10-L05-0020,Falla en sensor de posicion de cigueñal (CKP) o arbol de levas (CMP),MOTOR,L2,APROBADO,CONFORME,0.096,0.1074,TRAIN,P0016,SI,Faja o cadena de distribucion destensada o con salto de punto
F10-L05-0021,Falla en sensor de posicion de cigueñal (CKP) o arbol de levas (CMP),MOTOR,L2,APROBADO,CONFORME,0.1562,0.1674,TRAIN,,SI,Bomba de gasolina quemada o con baja presion
F10-L05-0022,Falla en sensor de posicion de cigueñal (CKP) o arbol de levas (CMP),MOTOR,L2,APROBADO,CONFORME,0.1948,0.2049,TRAIN,P0341,SI,Falla en sistema de sincronizacion variable de valvulas (VVT / VVT-i / Valvetronic)
F10-L05-0023,Falla en sensor de posicion de cigueñal (CKP) o arbol de levas (CMP),MOTOR,L2,APROBADO,CONFORME,0.204,0.1954,TRAIN,,NO,
F10-L05-0024,Falla en sensor de posicion de cigueñal (CKP) o arbol de levas (CMP),MOTOR,L2,APROBADO,CONFORME,0.1636,0.156,FIELD_60,,NO,
F10-L05-0025,Falla en sensor de posicion de cigueñal (CKP) o arbol de levas (CMP),MOTOR,L2,APROBADO,CONFORME,0.2464,0.1647,TRAIN,P0335,NO,
F10-L05-0026,Falla en sensor de posicion de cigueñal (CKP) o arbol de levas (CMP),MOTOR,L3,APROBADO,CONFORME,0.1396,0.1391,TRAIN,P0335,SI,Bomba de gasolina quemada o con baja presion
F10-L05-0027,Falla en sensor de posicion de cigueñal (CKP) o arbol de levas (CMP),MOTOR,L3,APROBADO,CONFORME,0.1366,0.1216,TRAIN,P0335,SI,Falla en motor de arranque o solenoide defectuoso (clac seco o carbones gastados)
F10-L05-0028,Falla en sensor de posicion de cigueñal (CKP) o arbol de levas (CMP),MOTOR,L3,APROBADO,CONFORME,0.1345,0.2104,TRAIN,P0340,NO,
F10-L05-0029,Falla en sensor de posicion de cigueñal (CKP) o arbol de levas (CMP),MOTOR,L3,APROBADO,CONFORME,0.1538,0.135,TRAIN,P0016,SI,Faja o cadena de distribucion destensada o con salto de punto
F10-L05-0030,Falla en sensor de posicion de cigueñal (CKP) o arbol de levas (CMP),MOTOR,L3,APROBADO,CONFORME,0.1818,0.1529,TEST_100,,SI,Falla en bujias o bobinas de encendido (misfire)
F10-L05-0031,Falla en sensor de posicion de cigueñal (CKP) o arbol de levas (CMP),MOTOR,L3,APROBADO,CONFORME,0.0943,0.1053,TRAIN,P0336,NO,
F10-L05-0032,Falla en sensor de posicion de cigueñal (CKP) o arbol de levas (CMP),MOTOR,L3,APROBADO,CONFORME,0.1105,0.1323,TRAIN,P0341,NO,
F10-L05-0033,Falla en sensor de posicion de cigueñal (CKP) o arbol de levas (CMP),MOTOR,L3,APROBADO,CONFORME,0.1934,0.2068,TRAIN,P0335,NO,
F10-L05-0034,Falla en sensor de posicion de cigueñal (CKP) o arbol de levas (CMP),MOTOR,L3,APROBADO,CONFORME,0.1865,0.0909,TRAIN,P0339,SI,Falla en bujias o bobinas de encendido (misfire)
F10-L05-0035,Falla en sensor de posicion de cigueñal (CKP) o arbol de levas (CMP),MOTOR,L3,APROBADO,CONFORME,0.1119,0.0961,TRAIN,P0017,SI,Falla en sistema de sincronizacion variable de valvulas (VVT / VVT-i / Valvetronic)
F10-L05-0036,Falla en sensor de posicion de cigueñal (CKP) o arbol de levas (CMP),MOTOR,L3,APROBADO,CONFORME,0.1474,0.1723,TRAIN,,SI,Faja o cadena de distribucion destensada o con salto de punto
F10-L05-0037,Falla en sensor de posicion de cigueñal (CKP) o arbol de levas (CMP),MOTOR,L3,APROBADO,CONFORME,0.1198,0.1337,TRAIN,,NO,
F10-L05-0038,Falla en sensor de posicion de cigueñal (CKP) o arbol de levas (CMP),MOTOR,L3,APROBADO,CONFORME,0.2251,0.1401,TRAIN,P0335,SI,Disco de embrague desgastado o patinando
F10-L05-0039,Falla en sensor de posicion de cigueñal (CKP) o arbol de levas (CMP),MOTOR,L3,APROBADO,CONFORME,0.1466,0.0918,TRAIN,P0340,NO,
F10-L05-0040,Falla en sensor de posicion de cigueñal (CKP) o arbol de levas (CMP),MOTOR,L3,APROBADO,CONFORME,0.1209,0.1339,TRAIN,P0335,SI,Bomba de gasolina quemada o con baja presion
F10-L05-0041,Falla en sistema de control de emisiones evaporativas EVAP (canister o valvula de purga),MOTOR,L1,APROBADO,CONFORME,0.1875,0.1671,TRAIN,,NO,
F10-L05-0042,Falla en sistema de control de emisiones evaporativas EVAP (canister o valvula de purga),MOTOR,L1,APROBADO,CONFORME,0.283,0.2113,TRAIN,,NO,
F10-L05-0043,Falla en sistema de control de emisiones evaporativas EVAP (canister o valvula de purga),MOTOR,L1,APROBADO,CONFORME,0.3344,0.1785,TRAIN,,NO,
F10-L05-0044,Falla en sistema de control de emisiones evaporativas EVAP (canister o valvula de purga),MOTOR,L1,APROBADO,CONFORME,0.1946,0.1501,TRAIN,,NO,
F10-L05-0045,Falla en sistema de control de emisiones evaporativas EVAP (canister o valvula de purga),MOTOR,L1,APROBADO,CONFORME,0.4526,0.2519,TRAIN,,NO,
F10-L05-0046,Falla en sistema de control de emisiones evaporativas EVAP (canister o valvula de purga),MOTOR,L1,APROBADO,CONFORME,0.3519,0.2125,TRAIN,,NO,
F10-L05-0047,Falla en sistema de control de emisiones evaporativas EVAP (canister o valvula de purga),MOTOR,L1,APROBADO,CONFORME,0.2525,0.2892,TRAIN,,NO,
F10-L05-0048,Falla en sistema de control de emisiones evaporativas EVAP (canister o valvula de purga),MOTOR,L1,APROBADO,CONFORME,0.3313,0.1952,TRAIN,,NO,
F10-L05-0049,Falla en sistema de control de emisiones evaporativas EVAP (canister o valvula de purga),MOTOR,L1,APROBADO,CONFORME,0.272,0.1831,TRAIN,,NO,
F10-L05-0050,Falla en sistema de control de emisiones evaporativas EVAP (canister o valvula de purga),MOTOR,L1,APROBADO,CONFORME,0.1817,0.2111,TRAIN,,NO,
F10-L05-0051,Falla en sistema de control de emisiones evaporativas EVAP (canister o valvula de purga),MOTOR,L2,APROBADO,CONFORME,0.1812,0.2927,TRAIN,,SI,Falla en regulador de presion de combustible o diafragma roto
F10-L05-0052,Falla en sistema de control de emisiones evaporativas EVAP (canister o valvula de purga),MOTOR,L2,APROBADO,CONFORME,0.1532,0.2984,TRAIN,P0441,SI,Cuerpo de aceleracion o valvula IAC sucia
F10-L05-0053,Falla en sistema de control de emisiones evaporativas EVAP (canister o valvula de purga),MOTOR,L2,APROBADO,CONFORME,0.2249,0.1931,TRAIN,,NO,
F10-L05-0054,Falla en sistema de control de emisiones evaporativas EVAP (canister o valvula de purga),MOTOR,L2,APROBADO,CONFORME,0.1359,0.3243,TRAIN,P0455,NO,
F10-L05-0055,Falla en sistema de control de emisiones evaporativas EVAP (canister o valvula de purga),MOTOR,L2,APROBADO,CONFORME,0.17,0.1825,TRAIN,,SI,Inyectores sucios o filtro de combustible obstruido
F10-L05-0056,Falla en sistema de control de emisiones evaporativas EVAP (canister o valvula de purga),MOTOR,L2,APROBADO,CONFORME,0.2012,0.3808,TRAIN,P0442,SI,Falla en sensor de oxigeno o mezcla rica
F10-L05-0057,Falla en sistema de control de emisiones evaporativas EVAP (canister o valvula de purga),MOTOR,L2,APROBADO,CONFORME,0.2163,0.2024,TEST_100,,SI,Falla en sistema Flex / Bi-combustible (Alcohol/Etanol)
F10-L05-0058,Falla en sistema de control de emisiones evaporativas EVAP (canister o valvula de purga),MOTOR,L2,APROBADO,CONFORME,0.2235,0.1214,TRAIN,P0440,NO,
F10-L05-0059,Falla en sistema de control de emisiones evaporativas EVAP (canister o valvula de purga),MOTOR,L2,APROBADO,CONFORME,0.1385,0.1585,TRAIN,P0443,NO,
F10-L05-0060,Falla en sistema de control de emisiones evaporativas EVAP (canister o valvula de purga),MOTOR,L2,APROBADO,CONFORME,0.17,0.3615,TRAIN,,NO,
F10-L05-0061,Falla en sistema de control de emisiones evaporativas EVAP (canister o valvula de purga),MOTOR,L2,APROBADO,CONFORME,0.1604,0.2665,TRAIN,P0446,NO,
F10-L05-0062,Falla en sistema de control de emisiones evaporativas EVAP (canister o valvula de purga),MOTOR,L2,APROBADO,CONFORME,0.191,0.1526,TRAIN,,NO,
F10-L05-0063,Falla en sistema de control de emisiones evaporativas EVAP (canister o valvula de purga),MOTOR,L2,APROBADO,CONFORME,0.1532,0.17,TRAIN,P0171,SI,Falla en sensor de oxigeno o mezcla rica
F10-L05-0064,Falla en sistema de control de emisiones evaporativas EVAP (canister o valvula de purga),MOTOR,L2,APROBADO,CONFORME,0.1265,0.1179,TRAIN,,NO,
F10-L05-0065,Falla en sistema de control de emisiones evaporativas EVAP (canister o valvula de purga),MOTOR,L2,APROBADO,CONFORME,0.1155,0.2128,TRAIN,P0456,NO,
F10-L05-0066,Falla en sistema de control de emisiones evaporativas EVAP (canister o valvula de purga),MOTOR,L3,APROBADO,CONFORME,0.1635,0.1515,TRAIN,P0441,SI,Falla en regulador de presion de combustible o diafragma roto
F10-L05-0067,Falla en sistema de control de emisiones evaporativas EVAP (canister o valvula de purga),MOTOR,L3,APROBADO,CONFORME,0.1389,0.142,TRAIN,P0455,SI,Bomba de gasolina quemada o con baja presion
F10-L05-0068,Falla en sistema de control de emisiones evaporativas EVAP (canister o valvula de purga),MOTOR,L3,APROBADO,CONFORME,0.1692,0.1095,TEST_100,P0172,SI,Inyectores sucios o filtro de combustible obstruido
F10-L05-0069,Falla en sistema de control de emisiones evaporativas EVAP (canister o valvula de purga),MOTOR,L3,APROBADO,CONFORME,0.2249,0.1997,TRAIN,,NO,
F10-L05-0070,Falla en sistema de control de emisiones evaporativas EVAP (canister o valvula de purga),MOTOR,L3,APROBADO,CONFORME,0.1812,0.1848,TRAIN,,SI,Bomba de gasolina quemada o con baja presion
F10-L05-0071,Falla en sistema de control de emisiones evaporativas EVAP (canister o valvula de purga),MOTOR,L3,APROBADO,CONFORME,0.1543,0.1265,TRAIN,P0442,SI,Falla en sensor de oxigeno o mezcla rica
F10-L05-0072,Falla en sistema de control de emisiones evaporativas EVAP (canister o valvula de purga),MOTOR,L3,APROBADO,CONFORME,0.191,0.1064,TRAIN,P0440,NO,
F10-L05-0073,Falla en sistema de control de emisiones evaporativas EVAP (canister o valvula de purga),MOTOR,L3,APROBADO,CONFORME,0.1286,0.1005,TRAIN,P0441,SI,Cuerpo de aceleracion o valvula IAC sucia
F10-L05-0074,Falla en sistema de control de emisiones evaporativas EVAP (canister o valvula de purga),MOTOR,L3,APROBADO,CONFORME,0.1619,0.1369,TRAIN,,NO,
F10-L05-0075,Falla en sistema de control de emisiones evaporativas EVAP (canister o valvula de purga),MOTOR,L3,APROBADO,CONFORME,0.1282,0.1078,TRAIN,P0456,SI,Falla en sensor de oxigeno o mezcla rica
F10-L05-0076,Falla en sistema de control de emisiones evaporativas EVAP (canister o valvula de purga),MOTOR,L3,APROBADO,CONFORME,0.1785,0.1497,TRAIN,,SI,Falla en regulador de presion de combustible o diafragma roto
F10-L05-0077,Falla en sistema de control de emisiones evaporativas EVAP (canister o valvula de purga),MOTOR,L3,APROBADO,CONFORME,0.1272,0.0979,TRAIN,P0443,NO,
F10-L05-0078,Falla en sistema de control de emisiones evaporativas EVAP (canister o valvula de purga),MOTOR,L3,APROBADO,CONFORME,0.1064,0.1626,TRAIN,P0171,SI,Falla en sensor de oxigeno o mezcla rica
F10-L05-0079,Falla en sistema de control de emisiones evaporativas EVAP (canister o valvula de purga),MOTOR,L3,APROBADO,CONFORME,0.2012,0.1311,TRAIN,P0455,NO,
F10-L05-0080,Falla en sistema de control de emisiones evaporativas EVAP (canister o valvula de purga),MOTOR,L3,APROBADO,CONFORME,0.1446,0.1302,TRAIN,,SI,Convertidor catalitico ineficiente u obstruido (DTC P0420 / P0430)
F10-L05-0081,Convertidor catalitico ineficiente u obstruido (DTC P0420 / P0430),MOTOR,L1,APROBADO,CONFORME,0.3398,0.1762,TRAIN,,NO,
F10-L05-0082,Convertidor catalitico ineficiente u obstruido (DTC P0420 / P0430),MOTOR,L1,APROBADO,CONFORME,0.3864,0.568,TRAIN,,NO,
F10-L05-0083,Convertidor catalitico ineficiente u obstruido (DTC P0420 / P0430),MOTOR,L1,APROBADO,CONFORME,0.1689,0.2235,TRAIN,,NO,
F10-L05-0084,Convertidor catalitico ineficiente u obstruido (DTC P0420 / P0430),MOTOR,L1,APROBADO,CONFORME,0.2388,0.1975,TRAIN,,NO,
F10-L05-0085,Convertidor catalitico ineficiente u obstruido (DTC P0420 / P0430),MOTOR,L1,APROBADO,CONFORME,0.288,0.3182,FIELD_60,,NO,
F10-L05-0086,Convertidor catalitico ineficiente u obstruido (DTC P0420 / P0430),MOTOR,L1,APROBADO,CONFORME,0.3221,0.3134,TRAIN,,NO,
F10-L05-0087,Convertidor catalitico ineficiente u obstruido (DTC P0420 / P0430),MOTOR,L1,APROBADO,CONFORME,0.129,0.5822,TRAIN,,NO,
F10-L05-0088,Convertidor catalitico ineficiente u obstruido (DTC P0420 / P0430),MOTOR,L1,APROBADO,CONFORME,0.4019,0.1577,TRAIN,,NO,
F10-L05-0089,Convertidor catalitico ineficiente u obstruido (DTC P0420 / P0430),MOTOR,L1,APROBADO,CONFORME,0.1615,0.1468,TRAIN,,NO,
F10-L05-0090,Convertidor catalitico ineficiente u obstruido (DTC P0420 / P0430),MOTOR,L1,APROBADO,CONFORME,0.1561,0.1508,TRAIN,,NO,
F10-L05-0091,Convertidor catalitico ineficiente u obstruido (DTC P0420 / P0430),MOTOR,L2,APROBADO,CONFORME,0.1222,0.1533,TRAIN,P0420,SI,Falla en sensor de oxigeno o mezcla rica
F10-L05-0092,Convertidor catalitico ineficiente u obstruido (DTC P0420 / P0430),MOTOR,L2,APROBADO,CONFORME,0.1935,0.1461,FIELD_60,,SI,Fuga en mangueras de intercooler o turbocompresor danado
F10-L05-0093,Convertidor catalitico ineficiente u obstruido (DTC P0420 / P0430),MOTOR,L2,APROBADO,CONFORME,0.1748,0.2989,TRAIN,,NO,
F10-L05-0094,Convertidor catalitico ineficiente u obstruido (DTC P0420 / P0430),MOTOR,L2,APROBADO,CONFORME,0.1203,0.2829,TRAIN,P0430,SI,Falla en sensor de oxigeno o mezcla rica
F10-L05-0095,Convertidor catalitico ineficiente u obstruido (DTC P0420 / P0430),MOTOR,L2,APROBADO,CONFORME,0.3221,0.1884,TRAIN,,SI,Bomba de gasolina quemada o con baja presion
F10-L05-0096,Convertidor catalitico ineficiente u obstruido (DTC P0420 / P0430),MOTOR,L2,APROBADO,CONFORME,0.2227,0.183,TRAIN,,NO,
F10-L05-0097,Convertidor catalitico ineficiente u obstruido (DTC P0420 / P0430),MOTOR,L2,APROBADO,CONFORME,0.2061,0.2041,TRAIN,,SI,Cuerpo de aceleracion o valvula IAC sucia
F10-L05-0098,Convertidor catalitico ineficiente u obstruido (DTC P0420 / P0430),MOTOR,L2,APROBADO,CONFORME,0.1828,0.1776,TRAIN,P0420,SI,Inyectores sucios o filtro de combustible obstruido
F10-L05-0099,Convertidor catalitico ineficiente u obstruido (DTC P0420 / P0430),MOTOR,L2,APROBADO,CONFORME,0.1351,0.1222,TRAIN,,SI,Perdida de compresion en cilindro por valvulas pisadas o anillos desgastados
F10-L05-0100,Convertidor catalitico ineficiente u obstruido (DTC P0420 / P0430),MOTOR,L2,APROBADO,CONFORME,0.1085,0.1447,TRAIN,,NO,
F10-L05-0101,Convertidor catalitico ineficiente u obstruido (DTC P0420 / P0430),MOTOR,L2,APROBADO,CONFORME,0.1795,0.1471,TRAIN,P0420,SI,Falla en sensor de oxigeno o mezcla rica
F10-L05-0102,Convertidor catalitico ineficiente u obstruido (DTC P0420 / P0430),MOTOR,L2,APROBADO,CONFORME,0.0896,0.0781,TRAIN,P0420,NO,
F10-L05-0103,Convertidor catalitico ineficiente u obstruido (DTC P0420 / P0430),MOTOR,L2,APROBADO,CONFORME,0.1377,0.0768,TRAIN,,SI,Disco de embrague desgastado o patinando
F10-L05-0104,Convertidor catalitico ineficiente u obstruido (DTC P0420 / P0430),MOTOR,L2,APROBADO,CONFORME,0.123,0.1818,TRAIN,P0420,SI,Inyectores sucios o filtro de combustible obstruido
F10-L05-0105,Convertidor catalitico ineficiente u obstruido (DTC P0420 / P0430),MOTOR,L2,APROBADO,CONFORME,0.1284,0.1225,TRAIN,P0420,NO,
F10-L05-0106,Convertidor catalitico ineficiente u obstruido (DTC P0420 / P0430),MOTOR,L3,APROBADO,CONFORME,0.1089,0.2212,TRAIN,P0420,SI,Falla en sensor de oxigeno o mezcla rica
F10-L05-0107,Convertidor catalitico ineficiente u obstruido (DTC P0420 / P0430),MOTOR,L3,APROBADO,CONFORME,0.1164,0.1474,TRAIN,,SI,Falla en actuador de turbocompresor o VGT en motores alemanes TSI / TFSI
F10-L05-0108,Convertidor catalitico ineficiente u obstruido (DTC P0420 / P0430),MOTOR,L3,APROBADO,CONFORME,0.1203,0.1565,TRAIN,P0420,SI,Falla en sensor de oxigeno o mezcla rica
F10-L05-0109,Convertidor catalitico ineficiente u obstruido (DTC P0420 / P0430),MOTOR,L3,APROBADO,CONFORME,0.0947,0.0976,TRAIN,,SI,Rodajes de caja mecanica o diferencial gastados
F10-L05-0110,Convertidor catalitico ineficiente u obstruido (DTC P0420 / P0430),MOTOR,L3,APROBADO,CONFORME,0.2946,0.1488,TRAIN,,SI,Bomba de gasolina quemada o con baja presion
F10-L05-0111,Convertidor catalitico ineficiente u obstruido (DTC P0420 / P0430),MOTOR,L3,APROBADO,CONFORME,0.1583,0.1647,TRAIN,P0430,SI,Falla en bujias o bobinas de encendido (misfire)
F10-L05-0112,Convertidor catalitico ineficiente u obstruido (DTC P0420 / P0430),MOTOR,L3,APROBADO,CONFORME,0.1887,0.1142,TRAIN,,SI,Cuerpo de aceleracion o valvula IAC sucia
F10-L05-0113,Convertidor catalitico ineficiente u obstruido (DTC P0420 / P0430),MOTOR,L3,APROBADO,CONFORME,0.1158,0.1231,TRAIN,P0420,SI,Cuerpo de aceleracion o valvula IAC sucia
F10-L05-0114,Convertidor catalitico ineficiente u obstruido (DTC P0420 / P0430),MOTOR,L3,APROBADO,CONFORME,0.1236,0.1501,TRAIN,P0420,SI,Falla en sensor de oxigeno o mezcla rica
F10-L05-0115,Convertidor catalitico ineficiente u obstruido (DTC P0420 / P0430),MOTOR,L3,APROBADO,CONFORME,0.1544,0.0953,TRAIN,P0420,SI,Falla en bujias o bobinas de encendido (misfire)
F10-L05-0116,Convertidor catalitico ineficiente u obstruido (DTC P0420 / P0430),MOTOR,L3,APROBADO,CONFORME,0.1964,0.1859,TRAIN,P0420,SI,Fuga en mangueras de intercooler o turbocompresor danado
F10-L05-0117,Convertidor catalitico ineficiente u obstruido (DTC P0420 / P0430),MOTOR,L3,APROBADO,CONFORME,0.1613,0.0873,TRAIN,P0420,SI,Consumo de aceite por desgaste de anillos o retenes
F10-L05-0118,Convertidor catalitico ineficiente u obstruido (DTC P0420 / P0430),MOTOR,L3,APROBADO,CONFORME,0.1404,0.0898,TRAIN,,NO,
F10-L05-0119,Convertidor catalitico ineficiente u obstruido (DTC P0420 / P0430),MOTOR,L3,APROBADO,CONFORME,0.1236,0.0853,TRAIN,P0420,NO,
F10-L05-0120,Convertidor catalitico ineficiente u obstruido (DTC P0420 / P0430),MOTOR,L3,APROBADO,CONFORME,0.1232,0.128,TRAIN,,NO,
F10-L05-0121,Falla en regulador de presion de combustible o diafragma roto,MOTOR,L1,APROBADO,CONFORME,0.2518,0.348,TRAIN,,NO,
F10-L05-0122,Falla en regulador de presion de combustible o diafragma roto,MOTOR,L1,APROBADO,CONFORME,0.1704,0.1617,TRAIN,,NO,
F10-L05-0123,Falla en regulador de presion de combustible o diafragma roto,MOTOR,L1,APROBADO,CONFORME,0.2258,0.1646,TRAIN,,NO,
F10-L05-0124,Falla en regulador de presion de combustible o diafragma roto,MOTOR,L1,APROBADO,CONFORME,0.2895,0.3516,TRAIN,,NO,
F10-L05-0125,Falla en regulador de presion de combustible o diafragma roto,MOTOR,L1,APROBADO,CONFORME,0.4216,0.3132,TRAIN,,NO,
F10-L05-0126,Falla en regulador de presion de combustible o diafragma roto,MOTOR,L1,APROBADO,CONFORME,0.3648,0.3361,TRAIN,,NO,
F10-L05-0127,Falla en regulador de presion de combustible o diafragma roto,MOTOR,L1,APROBADO,CONFORME,0.261,0.2528,TRAIN,,NO,
F10-L05-0128,Falla en regulador de presion de combustible o diafragma roto,MOTOR,L1,APROBADO,CONFORME,0.1672,0.1924,TEST_100,,NO,
F10-L05-0129,Falla en regulador de presion de combustible o diafragma roto,MOTOR,L1,APROBADO,CONFORME,0.3651,0.183,TRAIN,,NO,
F10-L05-0130,Falla en regulador de presion de combustible o diafragma roto,MOTOR,L1,APROBADO,CONFORME,0.1309,0.1543,TRAIN,,NO,
F10-L05-0131,Falla en regulador de presion de combustible o diafragma roto,MOTOR,L2,APROBADO,CONFORME,0.1653,0.337,TRAIN,,SI,Bomba de gasolina quemada o con baja presion
F10-L05-0132,Falla en regulador de presion de combustible o diafragma roto,MOTOR,L2,APROBADO,CONFORME,0.1612,0.2429,TRAIN,,SI,Inyectores sucios o filtro de combustible obstruido
F10-L05-0133,Falla en regulador de presion de combustible o diafragma roto,MOTOR,L2,APROBADO,CONFORME,0.1559,0.1418,TRAIN,P0172,SI,Falla en sensor de oxigeno o mezcla rica
F10-L05-0134,Falla en regulador de presion de combustible o diafragma roto,MOTOR,L2,APROBADO,CONFORME,0.1544,0.1523,TRAIN,,SI,Bomba de gasolina quemada o con baja presion
F10-L05-0135,Falla en regulador de presion de combustible o diafragma roto,MOTOR,L2,APROBADO,CONFORME,0.2277,0.2486,TRAIN,,SI,Falla en bujias o bobinas de encendido (misfire)
F10-L05-0136,Falla en regulador de presion de combustible o diafragma roto,MOTOR,L2,APROBADO,CONFORME,0.1562,0.174,TRAIN,P0171,SI,Falla en sensor de oxigeno o mezcla rica
F10-L05-0137,Falla en regulador de presion de combustible o diafragma roto,MOTOR,L2,APROBADO,CONFORME,0.1396,0.1107,TRAIN,,SI,Consumo de aceite por desgaste de anillos o retenes
F10-L05-0138,Falla en regulador de presion de combustible o diafragma roto,MOTOR,L2,APROBADO,CONFORME,0.1431,0.1829,TRAIN,P0172,NO,
F10-L05-0139,Falla en regulador de presion de combustible o diafragma roto,MOTOR,L2,APROBADO,CONFORME,0.225,0.1617,TRAIN,,NO,
F10-L05-0140,Falla en regulador de presion de combustible o diafragma roto,MOTOR,L2,APROBADO,CONFORME,0.1589,0.2999,TRAIN,,SI,Cuerpo de aceleracion o valvula IAC sucia
F10-L05-0141,Falla en regulador de presion de combustible o diafragma roto,MOTOR,L2,APROBADO,CONFORME,0.1559,0.1621,FIELD_60,,SI,Inyectores sucios o filtro de combustible obstruido
F10-L05-0142,Falla en regulador de presion de combustible o diafragma roto,MOTOR,L2,APROBADO,CONFORME,0.1686,0.1798,TRAIN,,NO,
F10-L05-0143,Falla en regulador de presion de combustible o diafragma roto,MOTOR,L2,APROBADO,CONFORME,0.1929,0.1743,TRAIN,,SI,Inyectores sucios o filtro de combustible obstruido
F10-L05-0144,Falla en regulador de presion de combustible o diafragma roto,MOTOR,L2,APROBADO,CONFORME,0.0975,0.0833,G2,P0172,SI,Falla en sensor de oxigeno o mezcla rica
F10-L05-0145,Falla en regulador de presion de combustible o diafragma roto,MOTOR,L2,APROBADO,CONFORME,0.1428,0.2799,TRAIN,,SI,Faja o cadena de distribucion destensada o con salto de punto
F10-L05-0146,Falla en regulador de presion de combustible o diafragma roto,MOTOR,L3,APROBADO,CONFORME,0.1653,0.2351,TRAIN,P0172,SI,Inyectores sucios o filtro de combustible obstruido
F10-L05-0147,Falla en regulador de presion de combustible o diafragma roto,MOTOR,L3,APROBADO,CONFORME,0.1532,0.1047,TRAIN,P0172,NO,
F10-L05-0148,Falla en regulador de presion de combustible o diafragma roto,MOTOR,L3,APROBADO,CONFORME,0.1559,0.1317,TRAIN,P0171,SI,Bomba de gasolina quemada o con baja presion
F10-L05-0149,Falla en regulador de presion de combustible o diafragma roto,MOTOR,L3,APROBADO,CONFORME,0.1711,0.1229,TRAIN,,SI,Consumo de aceite por desgaste de anillos o retenes
F10-L05-0150,Falla en regulador de presion de combustible o diafragma roto,MOTOR,L3,APROBADO,CONFORME,0.174,0.1303,TRAIN,,SI,Falla en sensor de oxigeno o mezcla rica
F10-L05-0151,Falla en regulador de presion de combustible o diafragma roto,MOTOR,L3,APROBADO,CONFORME,0.176,0.1909,TRAIN,P0172,SI,Falla en sensor de oxigeno o mezcla rica
F10-L05-0152,Falla en regulador de presion de combustible o diafragma roto,MOTOR,L3,APROBADO,CONFORME,0.1276,0.2131,TRAIN,,NO,
F10-L05-0153,Falla en regulador de presion de combustible o diafragma roto,MOTOR,L3,APROBADO,CONFORME,0.1643,0.1634,TRAIN,P0171,SI,Bomba de gasolina quemada o con baja presion
F10-L05-0154,Falla en regulador de presion de combustible o diafragma roto,MOTOR,L3,APROBADO,CONFORME,0.1147,0.1273,TRAIN,,SI,Inyectores sucios o filtro de combustible obstruido
F10-L05-0155,Falla en regulador de presion de combustible o diafragma roto,MOTOR,L3,APROBADO,CONFORME,0.1481,0.1595,TRAIN,,SI,Inyectores sucios o filtro de combustible obstruido
F10-L05-0156,Falla en regulador de presion de combustible o diafragma roto,MOTOR,L3,APROBADO,CONFORME,0.1785,0.1295,TRAIN,,SI,Falla en modulo de bomba de gasolina FSCM / PEM (Ford / Chevrolet)
F10-L05-0157,Falla en regulador de presion de combustible o diafragma roto,MOTOR,L3,APROBADO,CONFORME,0.0953,0.1357,TRAIN,P0172,SI,Falla en sensor de oxigeno o mezcla rica
F10-L05-0158,Falla en regulador de presion de combustible o diafragma roto,MOTOR,L3,APROBADO,CONFORME,0.1233,0.1436,TRAIN,,NO,
F10-L05-0159,Falla en regulador de presion de combustible o diafragma roto,MOTOR,L3,APROBADO,CONFORME,0.1898,0.1505,TRAIN,P0171,SI,Inyectores sucios o filtro de combustible obstruido
F10-L05-0160,Falla en regulador de presion de combustible o diafragma roto,MOTOR,L3,APROBADO,CONFORME,0.1348,0.1031,TRAIN,,SI,Fuga en mangueras de intercooler o turbocompresor danado
F10-L05-0161,Falla en circuito o solenoide de inyector individual (DTC P0201 - P0208),MOTOR,L1,APROBADO,CONFORME,0.2117,0.4093,FIELD_60,,NO,
F10-L05-0162,Falla en circuito o solenoide de inyector individual (DTC P0201 - P0208),MOTOR,L1,APROBADO,CONFORME,0.2383,0.2927,TRAIN,,NO,
F10-L05-0163,Falla en circuito o solenoide de inyector individual (DTC P0201 - P0208),MOTOR,L1,APROBADO,CONFORME,0.4019,0.2331,TRAIN,,NO,
F10-L05-0164,Falla en circuito o solenoide de inyector individual (DTC P0201 - P0208),MOTOR,L1,APROBADO,CONFORME,0.3354,0.3622,TRAIN,,NO,
F10-L05-0165,Falla en circuito o solenoide de inyector individual (DTC P0201 - P0208),MOTOR,L1,APROBADO,CONFORME,0.3637,0.2882,TRAIN,,NO,
F10-L05-0166,Falla en circuito o solenoide de inyector individual (DTC P0201 - P0208),MOTOR,L1,APROBADO,CONFORME,0.1992,0.2616,TRAIN,,NO,
F10-L05-0167,Falla en circuito o solenoide de inyector individual (DTC P0201 - P0208),MOTOR,L1,APROBADO,CONFORME,0.1936,0.2257,TRAIN,,NO,
F10-L05-0168,Falla en circuito o solenoide de inyector individual (DTC P0201 - P0208),MOTOR,L1,APROBADO,CONFORME,0.3496,0.2982,TRAIN,,NO,
F10-L05-0169,Falla en circuito o solenoide de inyector individual (DTC P0201 - P0208),MOTOR,L1,APROBADO,CONFORME,0.2037,0.1446,TRAIN,,NO,
F10-L05-0170,Falla en circuito o solenoide de inyector individual (DTC P0201 - P0208),MOTOR,L1,APROBADO,CONFORME,0.1546,0.1024,TRAIN,,NO,
F10-L05-0171,Falla en circuito o solenoide de inyector individual (DTC P0201 - P0208),MOTOR,L2,APROBADO,CONFORME,0.187,0.2057,TRAIN,P0201,SI,Falla en bujias o bobinas de encendido (misfire)
F10-L05-0172,Falla en circuito o solenoide de inyector individual (DTC P0201 - P0208),MOTOR,L2,APROBADO,CONFORME,0.1366,0.154,TRAIN,P0203,SI,Bomba de gasolina quemada o con baja presion
F10-L05-0173,Falla en circuito o solenoide de inyector individual (DTC P0201 - P0208),MOTOR,L2,APROBADO,CONFORME,0.2327,0.3055,TRAIN,P0202,SI,Inyectores sucios o filtro de combustible obstruido
F10-L05-0174,Falla en circuito o solenoide de inyector individual (DTC P0201 - P0208),MOTOR,L2,APROBADO,CONFORME,0.1464,0.2762,TRAIN,P0204,SI,Falla en bujias o bobinas de encendido (misfire)
F10-L05-0175,Falla en circuito o solenoide de inyector individual (DTC P0201 - P0208),MOTOR,L2,APROBADO,CONFORME,0.1247,0.2175,TRAIN,P0202,SI,Perdida de compresion en cilindro por valvulas pisadas o anillos desgastados
F10-L05-0176,Falla en circuito o solenoide de inyector individual (DTC P0201 - P0208),MOTOR,L2,APROBADO,CONFORME,0.1948,0.1626,TRAIN,P0201,NO,
F10-L05-0177,Falla en circuito o solenoide de inyector individual (DTC P0201 - P0208),MOTOR,L2,APROBADO,CONFORME,0.1421,0.1389,TRAIN,P0202,NO,
F10-L05-0178,Falla en circuito o solenoide de inyector individual (DTC P0201 - P0208),MOTOR,L2,APROBADO,CONFORME,0.2109,0.1255,TRAIN,P0203,SI,Falla en bujias o bobinas de encendido (misfire)
F10-L05-0179,Falla en circuito o solenoide de inyector individual (DTC P0201 - P0208),MOTOR,L2,APROBADO,CONFORME,0.2383,0.1152,TRAIN,P0204,NO,
F10-L05-0180,Falla en circuito o solenoide de inyector individual (DTC P0201 - P0208),MOTOR,L2,APROBADO,CONFORME,0.186,0.2092,TRAIN,P0203,SI,Bomba de gasolina quemada o con baja presion
F10-L05-0181,Falla en circuito o solenoide de inyector individual (DTC P0201 - P0208),MOTOR,L2,APROBADO,CONFORME,0.1613,0.1219,TRAIN,P0202,SI,Perdida de compresion en cilindro por valvulas pisadas o anillos desgastados
F10-L05-0182,Falla en circuito o solenoide de inyector individual (DTC P0201 - P0208),MOTOR,L2,APROBADO,CONFORME,0.0861,0.1775,TRAIN,P0201,NO,
F10-L05-0183,Falla en circuito o solenoide de inyector individual (DTC P0201 - P0208),MOTOR,L2,APROBADO,CONFORME,0.2327,0.1294,TRAIN,P0204,SI,Inyectores sucios o filtro de combustible obstruido
F10-L05-0184,Falla en circuito o solenoide de inyector individual (DTC P0201 - P0208),MOTOR,L2,APROBADO,CONFORME,0.1917,0.1575,TRAIN,P0201,SI,Falla en regulador de presion de combustible o diafragma roto
F10-L05-0185,Falla en circuito o solenoide de inyector individual (DTC P0201 - P0208),MOTOR,L2,APROBADO,CONFORME,0.1746,0.1067,TRAIN,P0203,SI,Falla en bujias o bobinas de encendido (misfire)
F10-L05-0186,Falla en circuito o solenoide de inyector individual (DTC P0201 - P0208),MOTOR,L3,APROBADO,CONFORME,0.1649,0.1504,TRAIN,P0201,SI,Falla en bujias o bobinas de encendido (misfire)
F10-L05-0187,Falla en circuito o solenoide de inyector individual (DTC P0201 - P0208),MOTOR,L3,APROBADO,CONFORME,0.1635,0.1417,TRAIN,P0203,SI,Perdida de compresion en cilindro por valvulas pisadas o anillos desgastados
F10-L05-0188,Falla en circuito o solenoide de inyector individual (DTC P0201 - P0208),MOTOR,L3,APROBADO,CONFORME,0.2383,0.1557,TRAIN,P0204,NO,
F10-L05-0189,Falla en circuito o solenoide de inyector individual (DTC P0201 - P0208),MOTOR,L3,APROBADO,CONFORME,0.1583,0.1268,TRAIN,P0202,SI,Falla en bujias o bobinas de encendido (misfire)
F10-L05-0190,Falla en circuito o solenoide de inyector individual (DTC P0201 - P0208),MOTOR,L3,APROBADO,CONFORME,0.2538,0.1118,TRAIN,,SI,Falla en bujias o bobinas de encendido (misfire)
F10-L05-0191,Falla en circuito o solenoide de inyector individual (DTC P0201 - P0208),MOTOR,L3,APROBADO,CONFORME,0.1272,0.075,TRAIN,P0202,SI,Inyectores sucios o filtro de combustible obstruido
F10-L05-0192,Falla en circuito o solenoide de inyector individual (DTC P0201 - P0208),MOTOR,L3,APROBADO,CONFORME,0.1253,0.0935,G1,P0203,SI,Inyectores sucios o filtro de combustible obstruido
F10-L05-0193,Falla en circuito o solenoide de inyector individual (DTC P0201 - P0208),MOTOR,L3,APROBADO,CONFORME,0.1693,0.1018,TRAIN,P0201,SI,Falla en bujias o bobinas de encendido (misfire)
F10-L05-0194,Falla en circuito o solenoide de inyector individual (DTC P0201 - P0208),MOTOR,L3,APROBADO,CONFORME,0.1973,0.1716,TRAIN,P0204,NO,
F10-L05-0195,Falla en circuito o solenoide de inyector individual (DTC P0201 - P0208),MOTOR,L3,APROBADO,CONFORME,0.1084,0.1089,TRAIN,P0202,SI,Falla en bujias o bobinas de encendido (misfire)
F10-L05-0196,Falla en circuito o solenoide de inyector individual (DTC P0201 - P0208),MOTOR,L3,APROBADO,CONFORME,0.2109,0.1408,TEST_100,P0203,SI,Bomba de gasolina quemada o con baja presion
F10-L05-0197,Falla en circuito o solenoide de inyector individual (DTC P0201 - P0208),MOTOR,L3,APROBADO,CONFORME,0.1501,0.0939,TRAIN,P0201,NO,
F10-L05-0198,Falla en circuito o solenoide de inyector individual (DTC P0201 - P0208),MOTOR,L3,APROBADO,CONFORME,0.1367,0.1455,TRAIN,P0204,NO,
F10-L05-0199,Falla en circuito o solenoide de inyector individual (DTC P0201 - P0208),MOTOR,L3,APROBADO,CONFORME,0.1472,0.082,TRAIN,P0201,SI,Bomba de gasolina quemada o con baja presion
F10-L05-0200,Falla en circuito o solenoide de inyector individual (DTC P0201 - P0208),MOTOR,L3,APROBADO,CONFORME,0.1341,0.0996,TRAIN,P0202,SI,Falla en bujias o bobinas de encendido (misfire)
F10-L05-0201,Perdida de compresion en cilindro por valvulas pisadas o anillos desgastados,MOTOR,L1,APROBADO,CONFORME,0.2503,0.2304,TRAIN,,NO,
F10-L05-0202,Perdida de compresion en cilindro por valvulas pisadas o anillos desgastados,MOTOR,L1,APROBADO,CONFORME,0.1952,0.1707,TRAIN,,NO,
F10-L05-0203,Perdida de compresion en cilindro por valvulas pisadas o anillos desgastados,MOTOR,L1,APROBADO,CONFORME,0.2764,0.3137,TRAIN,,NO,
F10-L05-0204,Perdida de compresion en cilindro por valvulas pisadas o anillos desgastados,MOTOR,L1,APROBADO,CONFORME,0.1786,0.3357,TRAIN,,NO,
F10-L05-0205,Perdida de compresion en cilindro por valvulas pisadas o anillos desgastados,MOTOR,L1,APROBADO,CONFORME,0.1862,0.1798,TRAIN,,NO,
F10-L05-0206,Perdida de compresion en cilindro por valvulas pisadas o anillos desgastados,MOTOR,L1,APROBADO,CONFORME,0.3519,0.1531,TRAIN,,NO,
F10-L05-0207,Perdida de compresion en cilindro por valvulas pisadas o anillos desgastados,MOTOR,L1,APROBADO,CONFORME,0.1936,0.171,TRAIN,,NO,
F10-L05-0208,Perdida de compresion en cilindro por valvulas pisadas o anillos desgastados,MOTOR,L1,APROBADO,CONFORME,0.1742,0.1798,TRAIN,,NO,
F10-L05-0209,Perdida de compresion en cilindro por valvulas pisadas o anillos desgastados,MOTOR,L1,APROBADO,CONFORME,0.1374,0.1284,DEV_60,,NO,
F10-L05-0210,Perdida de compresion en cilindro por valvulas pisadas o anillos desgastados,MOTOR,L1,APROBADO,CONFORME,0.1665,0.1572,TRAIN,,NO,
F10-L05-0211,Perdida de compresion en cilindro por valvulas pisadas o anillos desgastados,MOTOR,L2,APROBADO,CONFORME,0.3069,0.2385,TRAIN,,SI,Consumo de aceite por desgaste de anillos o retenes
F10-L05-0212,Perdida de compresion en cilindro por valvulas pisadas o anillos desgastados,MOTOR,L2,APROBADO,CONFORME,0.3266,0.3047,TRAIN,,SI,Consumo de aceite por desgaste de anillos o retenes
F10-L05-0213,Perdida de compresion en cilindro por valvulas pisadas o anillos desgastados,MOTOR,L2,APROBADO,CONFORME,0.149,0.1683,TRAIN,P0304,SI,Falla en bujias o bobinas de encendido (misfire)
F10-L05-0214,Perdida de compresion en cilindro por valvulas pisadas o anillos desgastados,MOTOR,L2,APROBADO,CONFORME,0.1887,0.1688,TRAIN,,SI,Falla en motor de arranque o solenoide defectuoso (clac seco o carbones gastados)
F10-L05-0215,Perdida de compresion en cilindro por valvulas pisadas o anillos desgastados,MOTOR,L2,APROBADO,CONFORME,0.2018,0.1422,TRAIN,,SI,Falla en sistema de sincronizacion variable de valvulas (VVT / VVT-i / Valvetronic)
F10-L05-0216,Perdida de compresion en cilindro por valvulas pisadas o anillos desgastados,MOTOR,L2,APROBADO,CONFORME,0.1644,0.2264,TRAIN,,NO,
F10-L05-0217,Perdida de compresion en cilindro por valvulas pisadas o anillos desgastados,MOTOR,L2,APROBADO,CONFORME,0.1258,0.1468,TRAIN,,SI,Empaque de culata soplado o danado
F10-L05-0218,Perdida de compresion en cilindro por valvulas pisadas o anillos desgastados,MOTOR,L2,APROBADO,CONFORME,0.1577,0.133,TRAIN,P0304,SI,Falla en bujias o bobinas de encendido (misfire)
F10-L05-0219,Perdida de compresion en cilindro por valvulas pisadas o anillos desgastados,MOTOR,L2,APROBADO,CONFORME,0.1503,0.1777,TRAIN,,NO,
F10-L05-0220,Perdida de compresion en cilindro por valvulas pisadas o anillos desgastados,MOTOR,L2,APROBADO,CONFORME,0.1052,0.1286,TRAIN,P0301,SI,Falla en circuito o solenoide de inyector individual (DTC P0201 - P0208)
F10-L05-0221,Perdida de compresion en cilindro por valvulas pisadas o anillos desgastados,MOTOR,L2,APROBADO,CONFORME,0.1515,0.2818,TRAIN,,SI,Fuga en mangueras de intercooler o turbocompresor danado
F10-L05-0222,Perdida de compresion en cilindro por valvulas pisadas o anillos desgastados,MOTOR,L2,APROBADO,CONFORME,0.197,0.2842,TRAIN,,NO,
F10-L05-0223,Perdida de compresion en cilindro por valvulas pisadas o anillos desgastados,MOTOR,L2,APROBADO,CONFORME,0.1743,0.0937,TRAIN,,SI,Inyectores sucios o filtro de combustible obstruido
F10-L05-0224,Perdida de compresion en cilindro por valvulas pisadas o anillos desgastados,MOTOR,L2,APROBADO,CONFORME,0.1339,0.1853,TRAIN,,SI,Cuerpo de aceleracion o valvula IAC sucia
F10-L05-0225,Perdida de compresion en cilindro por valvulas pisadas o anillos desgastados,MOTOR,L2,APROBADO,CONFORME,0.1073,0.1251,TRAIN,P0303,SI,Falla en sistema de sincronizacion variable de valvulas (VVT / VVT-i / Valvetronic)
F10-L05-0226,Perdida de compresion en cilindro por valvulas pisadas o anillos desgastados,MOTOR,L3,APROBADO,CONFORME,0.2451,0.1384,TRAIN,P0303,SI,Falla en bujias o bobinas de encendido (misfire)
F10-L05-0227,Perdida de compresion en cilindro por valvulas pisadas o anillos desgastados,MOTOR,L3,APROBADO,CONFORME,0.2018,0.0907,TRAIN,P0301,SI,Faja o cadena de distribucion destensada o con salto de punto
F10-L05-0228,Perdida de compresion en cilindro por valvulas pisadas o anillos desgastados,MOTOR,L3,APROBADO,CONFORME,0.2666,0.1929,TRAIN,,SI,Consumo de aceite por desgaste de anillos o retenes
F10-L05-0229,Perdida de compresion en cilindro por valvulas pisadas o anillos desgastados,MOTOR,L3,APROBADO,CONFORME,0.1346,0.1365,TRAIN,P0302,SI,Faja o cadena de distribucion destensada o con salto de punto
F10-L05-0230,Perdida de compresion en cilindro por valvulas pisadas o anillos desgastados,MOTOR,L3,APROBADO,CONFORME,0.2538,0.1063,TRAIN,,SI,Inyectores sucios o filtro de combustible obstruido
F10-L05-0231,Perdida de compresion en cilindro por valvulas pisadas o anillos desgastados,MOTOR,L3,APROBADO,CONFORME,0.1199,0.1073,TRAIN,P0301,SI,Falla en bujias o bobinas de encendido (misfire)
F10-L05-0232,Perdida de compresion en cilindro por valvulas pisadas o anillos desgastados,MOTOR,L3,APROBADO,CONFORME,0.2353,0.158,TRAIN,P0304,SI,Falla en circuito o solenoide de inyector individual (DTC P0201 - P0208)
F10-L05-0233,Perdida de compresion en cilindro por valvulas pisadas o anillos desgastados,MOTOR,L3,APROBADO,CONFORME,0.1184,0.1013,TRAIN,P0302,SI,Falla en bujias o bobinas de encendido (misfire)
F10-L05-0234,Perdida de compresion en cilindro por valvulas pisadas o anillos desgastados,MOTOR,L3,APROBADO,CONFORME,0.151,0.1015,TRAIN,P0303,SI,Falla en motor de arranque o solenoide defectuoso (clac seco o carbones gastados)
F10-L05-0235,Perdida de compresion en cilindro por valvulas pisadas o anillos desgastados,MOTOR,L3,APROBADO,CONFORME,0.1498,0.1402,TRAIN,,SI,Empaque de culata soplado o danado
F10-L05-0236,Perdida de compresion en cilindro por valvulas pisadas o anillos desgastados,MOTOR,L3,APROBADO,CONFORME,0.1312,0.1303,TRAIN,,SI,Consumo de aceite por desgaste de anillos o retenes
F10-L05-0237,Perdida de compresion en cilindro por valvulas pisadas o anillos desgastados,MOTOR,L3,APROBADO,CONFORME,0.1195,0.1514,TRAIN,,SI,Falla de descarbonizacion e inyeccion directa GDI (acumulacion de carbon en valvulas)
F10-L05-0238,Perdida de compresion en cilindro por valvulas pisadas o anillos desgastados,MOTOR,L3,APROBADO,CONFORME,0.1504,0.2102,TRAIN,P0301,NO,
F10-L05-0239,Perdida de compresion en cilindro por valvulas pisadas o anillos desgastados,MOTOR,L3,APROBADO,CONFORME,0.2428,0.1329,TEST_100,,SI,Cuerpo de aceleracion o valvula IAC sucia
F10-L05-0240,Perdida de compresion en cilindro por valvulas pisadas o anillos desgastados,MOTOR,L3,APROBADO,CONFORME,0.1313,0.1234,TRAIN,,NO,
F10-L06-0001,Desgaste de pastillas y zapatas de freno,FRENOS,L1,APROBADO,CONFORME,0.6615,0.6305,TRAIN,,NO,
F10-L06-0002,Desgaste de pastillas y zapatas de freno,FRENOS,L1,APROBADO,CONFORME,0.2567,0.3537,TRAIN,,NO,
F10-L06-0003,Desgaste de pastillas y zapatas de freno,FRENOS,L1,APROBADO,CONFORME,0.208,0.2102,TRAIN,,NO,
F10-L06-0004,Desgaste de pastillas y zapatas de freno,FRENOS,L1,APROBADO,CONFORME,0.2802,0.3273,TRAIN,,NO,
F10-L06-0005,Desgaste de pastillas y zapatas de freno,FRENOS,L1,APROBADO,CONFORME,0.1559,0.1625,TRAIN,,NO,
F10-L06-0006,Desgaste de pastillas y zapatas de freno,FRENOS,L1,APROBADO,CONFORME,0.2374,0.2993,TRAIN,,NO,
F10-L06-0007,Desgaste de pastillas y zapatas de freno,FRENOS,L1,APROBADO,CONFORME,0.1848,0.3841,TRAIN,,NO,
F10-L06-0008,Desgaste de pastillas y zapatas de freno,FRENOS,L1,APROBADO,CONFORME,0.2802,0.2128,TRAIN,,NO,
F10-L06-0009,Desgaste de pastillas y zapatas de freno,FRENOS,L1,APROBADO,CONFORME,0.1695,0.3385,TRAIN,,NO,
F10-L06-0010,Desgaste de pastillas y zapatas de freno,FRENOS,L1,APROBADO,CONFORME,0.1194,0.1127,TRAIN,,NO,
F10-L06-0011,Desgaste de pastillas y zapatas de freno,FRENOS,L2,APROBADO,CONFORME,0.1893,0.188,TRAIN,,SI,Discos de freno alabeados o desgastados
F10-L06-0012,Desgaste de pastillas y zapatas de freno,FRENOS,L2,APROBADO,CONFORME,0.1746,0.4091,TRAIN,,SI,Caliper de freno trabado o mordaza pegada (piston agarrotado)
F10-L06-0013,Desgaste de pastillas y zapatas de freno,FRENOS,L2,APROBADO,CONFORME,0.1862,0.2156,TRAIN,,NO,
F10-L06-0014,Desgaste de pastillas y zapatas de freno,FRENOS,L2,APROBADO,CONFORME,0.1499,0.1701,TRAIN,,SI,Fuga hidraulica o aire en el sistema de frenos
F10-L06-0015,Desgaste de pastillas y zapatas de freno,FRENOS,L2,APROBADO,CONFORME,0.1103,0.1445,TRAIN,,NO,
F10-L06-0016,Desgaste de pastillas y zapatas de freno,FRENOS,L2,APROBADO,CONFORME,0.1609,0.2176,TRAIN,,SI,Caliper de freno trabado o mordaza pegada (piston agarrotado)
F10-L06-0017,Desgaste de pastillas y zapatas de freno,FRENOS,L2,APROBADO,CONFORME,0.0968,0.1825,TRAIN,,SI,Falla en servofreno (booster) o linea de vacio
F10-L06-0018,Desgaste de pastillas y zapatas de freno,FRENOS,L2,APROBADO,CONFORME,0.1752,0.184,TRAIN,,NO,
F10-L06-0019,Desgaste de pastillas y zapatas de freno,FRENOS,L2,APROBADO,CONFORME,0.192,0.1265,TRAIN,,SI,Fuga hidraulica o aire en el sistema de frenos
F10-L06-0020,Desgaste de pastillas y zapatas de freno,FRENOS,L2,APROBADO,CONFORME,0.1935,0.167,TRAIN,,SI,Fuga hidraulica o aire en el sistema de frenos
F10-L06-0021,Desgaste de pastillas y zapatas de freno,FRENOS,L2,APROBADO,CONFORME,0.203,0.3037,TRAIN,,SI,Fuga hidraulica o aire en el sistema de frenos
F10-L06-0022,Desgaste de pastillas y zapatas de freno,FRENOS,L2,APROBADO,CONFORME,0.1165,0.1217,TRAIN,,NO,
F10-L06-0023,Desgaste de pastillas y zapatas de freno,FRENOS,L2,APROBADO,CONFORME,0.0909,0.088,TRAIN,,NO,
F10-L06-0024,Desgaste de pastillas y zapatas de freno,FRENOS,L2,APROBADO,CONFORME,0.1276,0.1167,TRAIN,,NO,
F10-L06-0025,Desgaste de pastillas y zapatas de freno,FRENOS,L2,APROBADO,CONFORME,0.1529,0.2342,TRAIN,,SI,Discos de freno alabeados o desgastados
F10-L06-0026,Desgaste de pastillas y zapatas de freno,FRENOS,L3,APROBADO,CONFORME,0.1252,0.1031,TRAIN,,SI,Discos de freno alabeados o desgastados
F10-L06-0027,Desgaste de pastillas y zapatas de freno,FRENOS,L3,APROBADO,CONFORME,0.1144,0.1716,TRAIN,,SI,Fuga hidraulica o aire en el sistema de frenos
F10-L06-0028,Desgaste de pastillas y zapatas de freno,FRENOS,L3,APROBADO,CONFORME,0.1935,0.0976,TRAIN,,SI,Fuga hidraulica o aire en el sistema de frenos
F10-L06-0029,Desgaste de pastillas y zapatas de freno,FRENOS,L3,APROBADO,CONFORME,0.0927,0.1069,TRAIN,,SI,Falla en sensor de velocidad de rueda ABS
F10-L06-0030,Desgaste de pastillas y zapatas de freno,FRENOS,L3,APROBADO,CONFORME,0.1491,0.2727,TRAIN,,SI,Discos de freno alabeados o desgastados
F10-L06-0031,Desgaste de pastillas y zapatas de freno,FRENOS,L3,APROBADO,CONFORME,0.1073,0.1028,TRAIN,,NO,
F10-L06-0032,Desgaste de pastillas y zapatas de freno,FRENOS,L3,APROBADO,CONFORME,0.1192,0.1149,TRAIN,,SI,Fuga hidraulica o aire en el sistema de frenos
F10-L06-0033,Desgaste de pastillas y zapatas de freno,FRENOS,L3,APROBADO,CONFORME,0.2209,0.1818,TRAIN,,SI,Discos de freno alabeados o desgastados
F10-L06-0034,Desgaste de pastillas y zapatas de freno,FRENOS,L3,APROBADO,CONFORME,0.1164,0.0843,TRAIN,,NO,
F10-L06-0035,Desgaste de pastillas y zapatas de freno,FRENOS,L3,APROBADO,CONFORME,0.1114,0.1549,TRAIN,,SI,Caliper de freno trabado o mordaza pegada (piston agarrotado)
F10-L06-0036,Desgaste de pastillas y zapatas de freno,FRENOS,L3,APROBADO,CONFORME,0.1055,0.0777,TRAIN,,NO,
F10-L06-0037,Desgaste de pastillas y zapatas de freno,FRENOS,L3,APROBADO,CONFORME,0.1394,0.0847,TRAIN,,SI,Fuga hidraulica o aire en el sistema de frenos
F10-L06-0038,Desgaste de pastillas y zapatas de freno,FRENOS,L3,APROBADO,CONFORME,0.0849,0.067,TRAIN,,SI,Caliper de freno trabado o mordaza pegada (piston agarrotado)
F10-L06-0039,Desgaste de pastillas y zapatas de freno,FRENOS,L3,APROBADO,CONFORME,0.1746,0.0971,TRAIN,,NO,
F10-L06-0040,Desgaste de pastillas y zapatas de freno,FRENOS,L3,APROBADO,CONFORME,0.1164,0.1545,TRAIN,,SI,Discos de freno alabeados o desgastados
F10-L06-0041,Discos de freno alabeados o desgastados,FRENOS,L1,APROBADO,CONFORME,0.2479,0.2868,TRAIN,,NO,
F10-L06-0042,Discos de freno alabeados o desgastados,FRENOS,L1,APROBADO,CONFORME,0.285,0.2457,FIELD_60,,NO,
F10-L06-0043,Discos de freno alabeados o desgastados,FRENOS,L1,APROBADO,CONFORME,0.2142,0.182,TRAIN,,NO,
F10-L06-0044,Discos de freno alabeados o desgastados,FRENOS,L1,APROBADO,CONFORME,0.2482,0.2052,TRAIN,,NO,
F10-L06-0045,Discos de freno alabeados o desgastados,FRENOS,L1,APROBADO,CONFORME,0.1011,0.1144,TRAIN,,NO,
F10-L06-0046,Discos de freno alabeados o desgastados,FRENOS,L1,APROBADO,CONFORME,0.1941,0.1319,TEST_100,,NO,
F10-L06-0047,Discos de freno alabeados o desgastados,FRENOS,L1,APROBADO,CONFORME,0.0952,0.1682,TRAIN,,NO,
F10-L06-0048,Discos de freno alabeados o desgastados,FRENOS,L1,APROBADO,CONFORME,0.0977,0.1574,TRAIN,,NO,
F10-L06-0049,Discos de freno alabeados o desgastados,FRENOS,L1,APROBADO,CONFORME,0.1988,0.2611,TRAIN,,NO,
F10-L06-0050,Discos de freno alabeados o desgastados,FRENOS,L1,APROBADO,CONFORME,0.1108,0.1051,TRAIN,,NO,
F10-L06-0051,Discos de freno alabeados o desgastados,FRENOS,L2,APROBADO,CONFORME,0.1979,0.2211,TRAIN,,SI,Llantas desbalanceadas o desalineadas
F10-L06-0052,Discos de freno alabeados o desgastados,FRENOS,L2,APROBADO,CONFORME,0.1247,0.2938,TRAIN,,SI,Desgaste de pastillas y zapatas de freno
F10-L06-0053,Discos de freno alabeados o desgastados,FRENOS,L2,APROBADO,CONFORME,0.1497,0.1435,TRAIN,,NO,
F10-L06-0054,Discos de freno alabeados o desgastados,FRENOS,L2,APROBADO,CONFORME,0.1803,0.1803,TRAIN,,SI,Llantas desbalanceadas o desalineadas
F10-L06-0055,Discos de freno alabeados o desgastados,FRENOS,L2,APROBADO,CONFORME,0.1823,0.0883,TRAIN,,NO,
F10-L06-0056,Discos de freno alabeados o desgastados,FRENOS,L2,APROBADO,CONFORME,0.1324,0.142,FIELD_60,,SI,Falla en sensor de velocidad de rueda ABS
F10-L06-0057,Discos de freno alabeados o desgastados,FRENOS,L2,APROBADO,CONFORME,0.1208,0.1717,TRAIN,,SI,Desgaste de pastillas y zapatas de freno
F10-L06-0058,Discos de freno alabeados o desgastados,FRENOS,L2,APROBADO,CONFORME,0.1779,0.199,TRAIN,,SI,Llantas desbalanceadas o desalineadas
F10-L06-0059,Discos de freno alabeados o desgastados,FRENOS,L2,APROBADO,CONFORME,0.1609,0.1901,TRAIN,,SI,Desgaste de pastillas y zapatas de freno
F10-L06-0060,Discos de freno alabeados o desgastados,FRENOS,L2,APROBADO,CONFORME,0.1788,0.2994,DEV_60,,NO,
F10-L06-0061,Discos de freno alabeados o desgastados,FRENOS,L2,APROBADO,CONFORME,0.101,0.1715,TRAIN,,NO,
F10-L06-0062,Discos de freno alabeados o desgastados,FRENOS,L2,APROBADO,CONFORME,0.1743,0.1582,TRAIN,,NO,
F10-L06-0063,Discos de freno alabeados o desgastados,FRENOS,L2,APROBADO,CONFORME,0.1873,0.1634,TRAIN,,SI,Falla en sensor de velocidad de rueda ABS
F10-L06-0064,Discos de freno alabeados o desgastados,FRENOS,L2,APROBADO,CONFORME,0.1497,0.0999,TRAIN,,NO,
F10-L06-0065,Discos de freno alabeados o desgastados,FRENOS,L2,APROBADO,CONFORME,0.1256,0.2112,TRAIN,,SI,Caliper de freno trabado o mordaza pegada (piston agarrotado)
F10-L06-0066,Discos de freno alabeados o desgastados,FRENOS,L3,APROBADO,CONFORME,0.1414,0.1179,DEV_60,,SI,Llantas desbalanceadas o desalineadas
F10-L06-0067,Discos de freno alabeados o desgastados,FRENOS,L3,APROBADO,CONFORME,0.1639,0.1834,TRAIN,,NO,
F10-L06-0068,Discos de freno alabeados o desgastados,FRENOS,L3,APROBADO,CONFORME,0.1021,0.1588,TRAIN,,SI,Llantas desbalanceadas o desalineadas
F10-L06-0069,Discos de freno alabeados o desgastados,FRENOS,L3,APROBADO,CONFORME,0.1823,0.1007,TRAIN,,SI,Desgaste de pastillas y zapatas de freno
F10-L06-0070,Discos de freno alabeados o desgastados,FRENOS,L3,APROBADO,CONFORME,0.208,0.1396,TRAIN,,SI,Llantas desbalanceadas o desalineadas
F10-L06-0071,Discos de freno alabeados o desgastados,FRENOS,L3,APROBADO,CONFORME,0.1793,0.0989,TRAIN,,NO,
F10-L06-0072,Discos de freno alabeados o desgastados,FRENOS,L3,APROBADO,CONFORME,0.082,0.0866,TRAIN,,SI,Fuga hidraulica o aire en el sistema de frenos
F10-L06-0073,Discos de freno alabeados o desgastados,FRENOS,L3,APROBADO,CONFORME,0.1303,0.1013,TRAIN,,SI,Llantas desbalanceadas o desalineadas
F10-L06-0074,Discos de freno alabeados o desgastados,FRENOS,L3,APROBADO,CONFORME,0.0995,0.0691,TRAIN,,NO,
F10-L06-0075,Discos de freno alabeados o desgastados,FRENOS,L3,APROBADO,CONFORME,0.2457,0.1388,TRAIN,,SI,Falla en sensor de velocidad de rueda ABS
F10-L06-0076,Discos de freno alabeados o desgastados,FRENOS,L3,APROBADO,CONFORME,0.077,0.0669,TRAIN,,SI,Falla en servofreno (booster) o linea de vacio
F10-L06-0077,Discos de freno alabeados o desgastados,FRENOS,L3,APROBADO,CONFORME,0.1217,0.0694,TRAIN,,NO,
F10-L06-0078,Discos de freno alabeados o desgastados,FRENOS,L3,APROBADO,CONFORME,0.2227,0.1554,FIELD_60,,SI,Desgaste de pastillas y zapatas de freno
F10-L06-0079,Discos de freno alabeados o desgastados,FRENOS,L3,APROBADO,CONFORME,0.1343,0.1068,DEV_60,,SI,Llantas desbalanceadas o desalineadas
F10-L06-0080,Discos de freno alabeados o desgastados,FRENOS,L3,APROBADO,CONFORME,0.0987,0.1303,TRAIN,,SI,Fuga hidraulica o aire en el sistema de frenos
F10-L06-0081,Falla en servofreno (booster) o linea de vacio,FRENOS,L1,APROBADO,CONFORME,0.192,0.321,TRAIN,,NO,
F10-L06-0082,Falla en servofreno (booster) o linea de vacio,FRENOS,L1,APROBADO,CONFORME,0.53,0.3342,TRAIN,,NO,
F10-L06-0083,Falla en servofreno (booster) o linea de vacio,FRENOS,L1,APROBADO,CONFORME,0.4029,0.4047,TRAIN,,NO,
F10-L06-0084,Falla en servofreno (booster) o linea de vacio,FRENOS,L1,APROBADO,CONFORME,0.1751,0.2076,TRAIN,,NO,
F10-L06-0085,Falla en servofreno (booster) o linea de vacio,FRENOS,L1,APROBADO,CONFORME,0.3,0.265,TRAIN,,NO,
F10-L06-0086,Falla en servofreno (booster) o linea de vacio,FRENOS,L1,APROBADO,CONFORME,0.2106,0.1703,TRAIN,,NO,
F10-L06-0087,Falla en servofreno (booster) o linea de vacio,FRENOS,L1,APROBADO,CONFORME,0.229,0.4486,TRAIN,,NO,
F10-L06-0088,Falla en servofreno (booster) o linea de vacio,FRENOS,L1,APROBADO,CONFORME,0.1928,0.1727,TRAIN,,NO,
F10-L06-0089,Falla en servofreno (booster) o linea de vacio,FRENOS,L1,APROBADO,CONFORME,0.1348,0.1651,TRAIN,,NO,
F10-L06-0090,Falla en servofreno (booster) o linea de vacio,FRENOS,L1,APROBADO,CONFORME,0.1309,0.1297,TRAIN,,NO,
F10-L06-0091,Falla en servofreno (booster) o linea de vacio,FRENOS,L2,APROBADO,CONFORME,0.1061,0.1351,TRAIN,,SI,Fuga hidraulica o aire en el sistema de frenos
F10-L06-0092,Falla en servofreno (booster) o linea de vacio,FRENOS,L2,APROBADO,CONFORME,0.214,0.2461,TRAIN,P0171,SI,Falla en sensor de oxigeno o mezcla rica
F10-L06-0093,Falla en servofreno (booster) o linea de vacio,FRENOS,L2,APROBADO,CONFORME,0.1874,0.3399,TRAIN,,NO,
F10-L06-0094,Falla en servofreno (booster) o linea de vacio,FRENOS,L2,APROBADO,CONFORME,0.1442,0.1574,TRAIN,,SI,Desgaste de pastillas y zapatas de freno
F10-L06-0095,Falla en servofreno (booster) o linea de vacio,FRENOS,L2,APROBADO,CONFORME,0.2594,0.2767,TRAIN,,NO,
F10-L06-0096,Falla en servofreno (booster) o linea de vacio,FRENOS,L2,APROBADO,CONFORME,0.1711,0.2238,TRAIN,,SI,Fuga hidraulica o aire en el sistema de frenos
F10-L06-0097,Falla en servofreno (booster) o linea de vacio,FRENOS,L2,APROBADO,CONFORME,0.1856,0.1498,TRAIN,,NO,
F10-L06-0098,Falla en servofreno (booster) o linea de vacio,FRENOS,L2,APROBADO,CONFORME,0.1976,0.2102,TRAIN,,SI,Fuga hidraulica o aire en el sistema de frenos
F10-L06-0099,Falla en servofreno (booster) o linea de vacio,FRENOS,L2,APROBADO,CONFORME,0.1711,0.1525,TRAIN,,SI,Falla en bujias o bobinas de encendido (misfire)
F10-L06-0100,Falla en servofreno (booster) o linea de vacio,FRENOS,L2,APROBADO,CONFORME,0.2061,0.1658,TRAIN,,NO,
F10-L06-0101,Falla en servofreno (booster) o linea de vacio,FRENOS,L2,APROBADO,CONFORME,0.1646,0.1676,TRAIN,C1246,NO,
F10-L06-0102,Falla en servofreno (booster) o linea de vacio,FRENOS,L2,APROBADO,CONFORME,0.1502,0.1405,TRAIN,,SI,Fuga hidraulica o aire en el sistema de frenos
F10-L06-0103,Falla en servofreno (booster) o linea de vacio,FRENOS,L2,APROBADO,CONFORME,0.1118,0.1503,TRAIN,,NO,
F10-L06-0104,Falla en servofreno (booster) o linea de vacio,FRENOS,L2,APROBADO,CONFORME,0.208,0.2098,TRAIN,,SI,Desgaste de pastillas y zapatas de freno
F10-L06-0105,Falla en servofreno (booster) o linea de vacio,FRENOS,L2,APROBADO,CONFORME,0.2594,0.2471,TRAIN,,SI,Fuga hidraulica o aire en el sistema de frenos
F10-L06-0106,Falla en servofreno (booster) o linea de vacio,FRENOS,L3,APROBADO,CONFORME,0.1614,0.239,TRAIN,P0171,SI,Falla en sensor de oxigeno o mezcla rica
F10-L06-0107,Falla en servofreno (booster) o linea de vacio,FRENOS,L3,APROBADO,CONFORME,0.1856,0.1792,TRAIN,,NO,
F10-L06-0108,Falla en servofreno (booster) o linea de vacio,FRENOS,L3,APROBADO,CONFORME,0.0993,0.1065,TRAIN,,NO,
F10-L06-0109,Falla en servofreno (booster) o linea de vacio,FRENOS,L3,APROBADO,CONFORME,0.1345,0.154,TRAIN,P0556,NO,
F10-L06-0110,Falla en servofreno (booster) o linea de vacio,FRENOS,L3,APROBADO,CONFORME,0.2206,0.1668,TRAIN,,SI,Cuerpo de aceleracion o valvula IAC sucia
F10-L06-0111,Falla en servofreno (booster) o linea de vacio,FRENOS,L3,APROBADO,CONFORME,0.1259,0.1252,TRAIN,,SI,Fuga hidraulica o aire en el sistema de frenos
F10-L06-0112,Falla en servofreno (booster) o linea de vacio,FRENOS,L3,APROBADO,CONFORME,0.1646,0.1035,TRAIN,C1246,SI,Falla en sensor de velocidad de rueda ABS
F10-L06-0113,Falla en servofreno (booster) o linea de vacio,FRENOS,L3,APROBADO,CONFORME,0.1945,0.1435,TRAIN,,SI,Fuga hidraulica o aire en el sistema de frenos
F10-L06-0114,Falla en servofreno (booster) o linea de vacio,FRENOS,L3,APROBADO,CONFORME,0.0894,0.1255,TRAIN,,SI,Fuga hidraulica o aire en el sistema de frenos
F10-L06-0115,Falla en servofreno (booster) o linea de vacio,FRENOS,L3,APROBADO,CONFORME,0.1422,0.1762,TRAIN,,SI,Desgaste de pastillas y zapatas de freno
F10-L06-0116,Falla en servofreno (booster) o linea de vacio,FRENOS,L3,APROBADO,CONFORME,0.1129,0.1058,TRAIN,,SI,Caliper de freno trabado o mordaza pegada (piston agarrotado)
F10-L06-0117,Falla en servofreno (booster) o linea de vacio,FRENOS,L3,APROBADO,CONFORME,0.1372,0.1123,TRAIN,P0555,NO,
F10-L06-0118,Falla en servofreno (booster) o linea de vacio,FRENOS,L3,APROBADO,CONFORME,0.1054,0.081,TRAIN,,SI,Fuga hidraulica o aire en el sistema de frenos
F10-L06-0119,Falla en servofreno (booster) o linea de vacio,FRENOS,L3,APROBADO,CONFORME,0.1593,0.1304,TRAIN,,NO,
F10-L06-0120,Falla en servofreno (booster) o linea de vacio,FRENOS,L3,APROBADO,CONFORME,0.1302,0.0737,TRAIN,,SI,Desgaste de pastillas y zapatas de freno
F10-L06-0121,Fuga hidraulica o aire en el sistema de frenos,FRENOS,L1,APROBADO,CONFORME,0.2464,0.6353,TRAIN,,NO,
F10-L06-0122,Fuga hidraulica o aire en el sistema de frenos,FRENOS,L1,APROBADO,CONFORME,0.2559,0.202,TRAIN,,NO,
F10-L06-0123,Fuga hidraulica o aire en el sistema de frenos,FRENOS,L1,APROBADO,CONFORME,0.3728,0.4042,TRAIN,,NO,
F10-L06-0124,Fuga hidraulica o aire en el sistema de frenos,FRENOS,L1,APROBADO,CONFORME,0.2188,0.2279,TRAIN,,NO,
F10-L06-0125,Fuga hidraulica o aire en el sistema de frenos,FRENOS,L1,APROBADO,CONFORME,0.1949,0.1604,TRAIN,,NO,
F10-L06-0126,Fuga hidraulica o aire en el sistema de frenos,FRENOS,L1,APROBADO,CONFORME,0.4346,0.2743,TRAIN,,NO,
F10-L06-0127,Fuga hidraulica o aire en el sistema de frenos,FRENOS,L1,APROBADO,CONFORME,0.1747,0.1295,TRAIN,,NO,
F10-L06-0128,Fuga hidraulica o aire en el sistema de frenos,FRENOS,L1,APROBADO,CONFORME,0.1655,0.2541,TRAIN,,NO,
F10-L06-0129,Fuga hidraulica o aire en el sistema de frenos,FRENOS,L1,APROBADO,CONFORME,0.1331,0.1079,TRAIN,,NO,
F10-L06-0130,Fuga hidraulica o aire en el sistema de frenos,FRENOS,L1,APROBADO,CONFORME,0.1251,0.1354,TRAIN,,NO,
F10-L06-0131,Fuga hidraulica o aire en el sistema de frenos,FRENOS,L2,APROBADO,CONFORME,0.2054,0.3687,TRAIN,,SI,Falla en servofreno (booster) o linea de vacio
F10-L06-0132,Fuga hidraulica o aire en el sistema de frenos,FRENOS,L2,APROBADO,CONFORME,0.1561,0.1994,TRAIN,,SI,Caliper de freno trabado o mordaza pegada (piston agarrotado)
F10-L06-0133,Fuga hidraulica o aire en el sistema de frenos,FRENOS,L2,APROBADO,CONFORME,0.1754,0.2482,TRAIN,,SI,Desgaste de pastillas y zapatas de freno
F10-L06-0134,Fuga hidraulica o aire en el sistema de frenos,FRENOS,L2,APROBADO,CONFORME,0.1751,0.2352,TRAIN,,SI,Falla en servofreno (booster) o linea de vacio
F10-L06-0135,Fuga hidraulica o aire en el sistema de frenos,FRENOS,L2,APROBADO,CONFORME,0.377,0.1225,TRAIN,,SI,Falla en servofreno (booster) o linea de vacio
F10-L06-0136,Fuga hidraulica o aire en el sistema de frenos,FRENOS,L2,APROBADO,CONFORME,0.2195,0.1722,TRAIN,,NO,
F10-L06-0137,Fuga hidraulica o aire en el sistema de frenos,FRENOS,L2,APROBADO,CONFORME,0.1088,0.1351,TRAIN,,SI,Desgaste de pastillas y zapatas de freno
F10-L06-0138,Fuga hidraulica o aire en el sistema de frenos,FRENOS,L2,APROBADO,CONFORME,0.1655,0.1508,TRAIN,,SI,Falla en servofreno (booster) o linea de vacio
F10-L06-0139,Fuga hidraulica o aire en el sistema de frenos,FRENOS,L2,APROBADO,CONFORME,0.1091,0.1118,TRAIN,,SI,Falla en sensor de velocidad de rueda ABS
F10-L06-0140,Fuga hidraulica o aire en el sistema de frenos,FRENOS,L2,APROBADO,CONFORME,0.0964,0.1316,TRAIN,,SI,Caliper de freno trabado o mordaza pegada (piston agarrotado)
F10-L06-0141,Fuga hidraulica o aire en el sistema de frenos,FRENOS,L2,APROBADO,CONFORME,0.1028,0.2556,TRAIN,,NO,
F10-L06-0142,Fuga hidraulica o aire en el sistema de frenos,FRENOS,L2,APROBADO,CONFORME,0.1649,0.1596,TRAIN,,NO,
F10-L06-0143,Fuga hidraulica o aire en el sistema de frenos,FRENOS,L2,APROBADO,CONFORME,0.186,0.1763,TRAIN,,SI,Falla en servofreno (booster) o linea de vacio
F10-L06-0144,Fuga hidraulica o aire en el sistema de frenos,FRENOS,L2,APROBADO,CONFORME,0.1835,0.1256,TRAIN,,SI,Desgaste de pastillas y zapatas de freno
F10-L06-0145,Fuga hidraulica o aire en el sistema de frenos,FRENOS,L2,APROBADO,CONFORME,0.1277,0.1279,TRAIN,,SI,Caliper de freno trabado o mordaza pegada (piston agarrotado)
F10-L06-0146,Fuga hidraulica o aire en el sistema de frenos,FRENOS,L3,APROBADO,CONFORME,0.1397,0.1412,TRAIN,,SI,Falla en servofreno (booster) o linea de vacio
F10-L06-0147,Fuga hidraulica o aire en el sistema de frenos,FRENOS,L3,APROBADO,CONFORME,0.1259,0.0986,TRAIN,,NO,
F10-L06-0148,Fuga hidraulica o aire en el sistema de frenos,FRENOS,L3,APROBADO,CONFORME,0.1082,0.0856,FIELD_60,,SI,Falla en sensor de velocidad de rueda ABS
F10-L06-0149,Fuga hidraulica o aire en el sistema de frenos,FRENOS,L3,APROBADO,CONFORME,0.1347,0.1545,TRAIN,,SI,Desgaste de pastillas y zapatas de freno
F10-L06-0150,Fuga hidraulica o aire en el sistema de frenos,FRENOS,L3,APROBADO,CONFORME,0.1548,0.1449,TRAIN,,NO,
F10-L06-0151,Fuga hidraulica o aire en el sistema de frenos,FRENOS,L3,APROBADO,CONFORME,0.1041,0.0937,TRAIN,,SI,Falla en servofreno (booster) o linea de vacio
F10-L06-0152,Fuga hidraulica o aire en el sistema de frenos,FRENOS,L3,APROBADO,CONFORME,0.1835,0.1072,TRAIN,,SI,Desgaste de pastillas y zapatas de freno
F10-L06-0153,Fuga hidraulica o aire en el sistema de frenos,FRENOS,L3,APROBADO,CONFORME,0.1848,0.1687,TRAIN,,NO,
F10-L06-0154,Fuga hidraulica o aire en el sistema de frenos,FRENOS,L3,APROBADO,CONFORME,0.1128,0.1061,TRAIN,,SI,Desgaste de pastillas y zapatas de freno
F10-L06-0155,Fuga hidraulica o aire en el sistema de frenos,FRENOS,L3,APROBADO,CONFORME,0.1126,0.1711,TRAIN,,SI,Caliper de freno trabado o mordaza pegada (piston agarrotado)
F10-L06-0156,Fuga hidraulica o aire en el sistema de frenos,FRENOS,L3,APROBADO,CONFORME,0.1097,0.1287,TRAIN,,SI,Falla en sensor de velocidad de rueda ABS
F10-L06-0157,Fuga hidraulica o aire en el sistema de frenos,FRENOS,L3,APROBADO,CONFORME,0.1297,0.1004,TRAIN,,SI,Caliper de freno trabado o mordaza pegada (piston agarrotado)
F10-L06-0158,Fuga hidraulica o aire en el sistema de frenos,FRENOS,L3,APROBADO,CONFORME,0.1236,0.0926,TRAIN,,SI,Falla en servofreno (booster) o linea de vacio
F10-L06-0159,Fuga hidraulica o aire en el sistema de frenos,FRENOS,L3,APROBADO,CONFORME,0.1799,0.1552,TRAIN,,NO,
F10-L06-0160,Fuga hidraulica o aire en el sistema de frenos,FRENOS,L3,APROBADO,CONFORME,0.111,0.1227,TRAIN,,SI,Falla en servofreno (booster) o linea de vacio
F10-L06-0161,Falla en sensor de velocidad de rueda ABS,FRENOS,L1,APROBADO,CONFORME,0.3307,0.1847,TRAIN,,NO,
F10-L06-0162,Falla en sensor de velocidad de rueda ABS,FRENOS,L1,APROBADO,CONFORME,0.1779,0.1437,TRAIN,,NO,
F10-L06-0163,Falla en sensor de velocidad de rueda ABS,FRENOS,L1,APROBADO,CONFORME,0.3493,0.1149,G2,,NO,
F10-L06-0164,Falla en sensor de velocidad de rueda ABS,FRENOS,L1,APROBADO,CONFORME,0.1681,0.197,TRAIN,,NO,
F10-L06-0165,Falla en sensor de velocidad de rueda ABS,FRENOS,L1,APROBADO,CONFORME,0.1982,0.3315,TRAIN,,NO,
F10-L06-0166,Falla en sensor de velocidad de rueda ABS,FRENOS,L1,APROBADO,CONFORME,0.285,0.2456,TRAIN,,NO,
F10-L06-0167,Falla en sensor de velocidad de rueda ABS,FRENOS,L1,APROBADO,CONFORME,0.0993,0.1848,TRAIN,,NO,
F10-L06-0168,Falla en sensor de velocidad de rueda ABS,FRENOS,L1,APROBADO,CONFORME,0.3493,0.3309,G2,,NO,
F10-L06-0169,Falla en sensor de velocidad de rueda ABS,FRENOS,L1,APROBADO,CONFORME,0.2197,0.1498,TRAIN,,NO,
F10-L06-0170,Falla en sensor de velocidad de rueda ABS,FRENOS,L1,APROBADO,CONFORME,0.1164,0.1273,TRAIN,,NO,
F10-L06-0171,Falla en sensor de velocidad de rueda ABS,FRENOS,L2,APROBADO,CONFORME,0.0938,0.2241,DEV_60,C0035,SI,Fuga hidraulica o aire en el sistema de frenos
F10-L06-0172,Falla en sensor de velocidad de rueda ABS,FRENOS,L2,APROBADO,CONFORME,0.0948,0.1716,TRAIN,,SI,Discos de freno alabeados o desgastados
F10-L06-0173,Falla en sensor de velocidad de rueda ABS,FRENOS,L2,APROBADO,CONFORME,0.1683,0.1782,TRAIN,C0040,NO,
F10-L06-0174,Falla en sensor de velocidad de rueda ABS,FRENOS,L2,APROBADO,CONFORME,0.2197,0.1125,TRAIN,,NO,
F10-L06-0175,Falla en sensor de velocidad de rueda ABS,FRENOS,L2,APROBADO,CONFORME,0.1156,0.1422,TRAIN,C0045,SI,Discos de freno alabeados o desgastados
F10-L06-0176,Falla en sensor de velocidad de rueda ABS,FRENOS,L2,APROBADO,CONFORME,0.1639,0.1815,TRAIN,,SI,Discos de freno alabeados o desgastados
F10-L06-0177,Falla en sensor de velocidad de rueda ABS,FRENOS,L2,APROBADO,CONFORME,0.1233,0.1695,TRAIN,,NO,
F10-L06-0178,Falla en sensor de velocidad de rueda ABS,FRENOS,L2,APROBADO,CONFORME,0.2465,0.1974,TRAIN,C0050,NO,
F10-L06-0179,Falla en sensor de velocidad de rueda ABS,FRENOS,L2,APROBADO,CONFORME,0.1609,0.2429,TRAIN,,SI,Discos de freno alabeados o desgastados
F10-L06-0180,Falla en sensor de velocidad de rueda ABS,FRENOS,L2,APROBADO,CONFORME,0.1266,0.1614,TRAIN,,NO,
F10-L06-0181,Falla en sensor de velocidad de rueda ABS,FRENOS,L2,APROBADO,CONFORME,0.1124,0.1447,TRAIN,,NO,
F10-L06-0182,Falla en sensor de velocidad de rueda ABS,FRENOS,L2,APROBADO,CONFORME,0.2464,0.1205,TRAIN,,NO,
F10-L06-0183,Falla en sensor de velocidad de rueda ABS,FRENOS,L2,APROBADO,CONFORME,0.1634,0.1679,TRAIN,,SI,Desgaste de pastillas y zapatas de freno
F10-L06-0184,Falla en sensor de velocidad de rueda ABS,FRENOS,L2,APROBADO,CONFORME,0.1464,0.186,TRAIN,,NO,
F10-L06-0185,Falla en sensor de velocidad de rueda ABS,FRENOS,L2,APROBADO,CONFORME,0.0998,0.1231,TRAIN,,NO,
F10-L06-0186,Falla en sensor de velocidad de rueda ABS,FRENOS,L3,APROBADO,CONFORME,0.1134,0.1011,TRAIN,C0035,NO,
F10-L06-0187,Falla en sensor de velocidad de rueda ABS,FRENOS,L3,APROBADO,CONFORME,0.1156,0.186,TRAIN,,SI,Discos de freno alabeados o desgastados
F10-L06-0188,Falla en sensor de velocidad de rueda ABS,FRENOS,L3,APROBADO,CONFORME,0.1057,0.102,TRAIN,C0040,NO,
F10-L06-0189,Falla en sensor de velocidad de rueda ABS,FRENOS,L3,APROBADO,CONFORME,0.1111,0.1268,TRAIN,,SI,Discos de freno alabeados o desgastados
F10-L06-0190,Falla en sensor de velocidad de rueda ABS,FRENOS,L3,APROBADO,CONFORME,0.2118,0.1073,TRAIN,C0045,NO,
F10-L06-0191,Falla en sensor de velocidad de rueda ABS,FRENOS,L3,APROBADO,CONFORME,0.1709,0.1242,TRAIN,,NO,
F10-L06-0192,Falla en sensor de velocidad de rueda ABS,FRENOS,L3,APROBADO,CONFORME,0.1206,0.1142,TRAIN,C0050,NO,
F10-L06-0193,Falla en sensor de velocidad de rueda ABS,FRENOS,L3,APROBADO,CONFORME,0.2445,0.1646,TRAIN,C0035,NO,
F10-L06-0194,Falla en sensor de velocidad de rueda ABS,FRENOS,L3,APROBADO,CONFORME,0.149,0.2081,TRAIN,,SI,Falla en bujias o bobinas de encendido (misfire)
F10-L06-0195,Falla en sensor de velocidad de rueda ABS,FRENOS,L3,APROBADO,CONFORME,0.1588,0.1505,TRAIN,C0040,SI,Desgaste de pastillas y zapatas de freno
F10-L06-0196,Falla en sensor de velocidad de rueda ABS,FRENOS,L3,APROBADO,CONFORME,0.1016,0.1564,TRAIN,,NO,
F10-L06-0197,Falla en sensor de velocidad de rueda ABS,FRENOS,L3,APROBADO,CONFORME,0.1395,0.1145,TRAIN,C0045,NO,
F10-L06-0198,Falla en sensor de velocidad de rueda ABS,FRENOS,L3,APROBADO,CONFORME,0.1073,0.099,TRAIN,,SI,Discos de freno alabeados o desgastados
F10-L06-0199,Falla en sensor de velocidad de rueda ABS,FRENOS,L3,APROBADO,CONFORME,0.1186,0.1317,TRAIN,,SI,Llantas desbalanceadas o desalineadas
F10-L06-0200,Falla en sensor de velocidad de rueda ABS,FRENOS,L3,APROBADO,CONFORME,0.1466,0.0827,TRAIN,,NO,
F10-L06-0201,Falla en sistema de frenado regenerativo (EV / Hibridos),FRENOS,L1,APROBADO,CONFORME,0.2189,0.3352,TRAIN,,NO,
F10-L06-0202,Falla en sistema de frenado regenerativo (EV / Hibridos),FRENOS,L1,APROBADO,CONFORME,0.2883,0.192,TRAIN,,NO,
F10-L06-0203,Falla en sistema de frenado regenerativo (EV / Hibridos),FRENOS,L1,APROBADO,CONFORME,0.219,0.174,TEST_100,,NO,
F10-L06-0204,Falla en sistema de frenado regenerativo (EV / Hibridos),FRENOS,L1,APROBADO,CONFORME,0.1466,0.1295,G2,,NO,
F10-L06-0205,Falla en sistema de frenado regenerativo (EV / Hibridos),FRENOS,L1,APROBADO,CONFORME,0.2461,0.2765,TRAIN,,NO,
F10-L06-0206,Falla en sistema de frenado regenerativo (EV / Hibridos),FRENOS,L1,APROBADO,CONFORME,0.2456,0.2583,TRAIN,,NO,
F10-L06-0207,Falla en sistema de frenado regenerativo (EV / Hibridos),FRENOS,L1,APROBADO,CONFORME,0.1823,0.3701,TRAIN,,NO,
F10-L06-0208,Falla en sistema de frenado regenerativo (EV / Hibridos),FRENOS,L1,APROBADO,CONFORME,0.219,0.2153,TRAIN,,NO,
F10-L06-0209,Falla en sistema de frenado regenerativo (EV / Hibridos),FRENOS,L1,APROBADO,CONFORME,0.1737,0.1916,TRAIN,,NO,
F10-L06-0210,Falla en sistema de frenado regenerativo (EV / Hibridos),FRENOS,L1,APROBADO,CONFORME,0.2369,0.1806,TRAIN,,NO,
F10-L06-0211,Falla en sistema de frenado regenerativo (EV / Hibridos),FRENOS,L2,APROBADO,CONFORME,0.1095,0.1623,TRAIN,,SI,Degradacion o falla en paquete de bateria de alto voltaje (EV / Hibridos)
F10-L06-0212,Falla en sistema de frenado regenerativo (EV / Hibridos),FRENOS,L2,APROBADO,CONFORME,0.2026,0.2558,TRAIN,C1391,SI,Falla en sensor de velocidad de rueda ABS
F10-L06-0213,Falla en sistema de frenado regenerativo (EV / Hibridos),FRENOS,L2,APROBADO,CONFORME,0.1116,0.1681,TRAIN,,SI,Discos de freno alabeados o desgastados
F10-L06-0214,Falla en sistema de frenado regenerativo (EV / Hibridos),FRENOS,L2,APROBADO,CONFORME,0.1683,0.2275,TRAIN,,NO,
F10-L06-0215,Falla en sistema de frenado regenerativo (EV / Hibridos),FRENOS,L2,APROBADO,CONFORME,0.1694,0.1781,TRAIN,C1203,NO,
F10-L06-0216,Falla en sistema de frenado regenerativo (EV / Hibridos),FRENOS,L2,APROBADO,CONFORME,0.1493,0.2022,TRAIN,,NO,
F10-L06-0217,Falla en sistema de frenado regenerativo (EV / Hibridos),FRENOS,L2,APROBADO,CONFORME,0.1351,0.1472,FIELD_60,,NO,
F10-L06-0218,Falla en sistema de frenado regenerativo (EV / Hibridos),FRENOS,L2,APROBADO,CONFORME,0.1953,0.1559,TRAIN,C1256,SI,Falla en servofreno (booster) o linea de vacio
F10-L06-0219,Falla en sistema de frenado regenerativo (EV / Hibridos),FRENOS,L2,APROBADO,CONFORME,0.1992,0.1278,TRAIN,,SI,Falla en sensor de velocidad de rueda ABS
F10-L06-0220,Falla en sistema de frenado regenerativo (EV / Hibridos),FRENOS,L2,APROBADO,CONFORME,0.1149,0.218,TRAIN,,SI,Caliper de freno trabado o mordaza pegada (piston agarrotado)
F10-L06-0221,Falla en sistema de frenado regenerativo (EV / Hibridos),FRENOS,L2,APROBADO,CONFORME,0.1733,0.1565,TRAIN,,SI,Falla en sensor de velocidad de rueda ABS
F10-L06-0222,Falla en sistema de frenado regenerativo (EV / Hibridos),FRENOS,L2,APROBADO,CONFORME,0.1477,0.1254,TRAIN,C1345,SI,Desgaste de pastillas y zapatas de freno
F10-L06-0223,Falla en sistema de frenado regenerativo (EV / Hibridos),FRENOS,L2,APROBADO,CONFORME,0.11,0.2434,TRAIN,,SI,Desgaste de pastillas y zapatas de freno
F10-L06-0224,Falla en sistema de frenado regenerativo (EV / Hibridos),FRENOS,L2,APROBADO,CONFORME,0.1258,0.1457,TRAIN,,SI,Fuga hidraulica o aire en el sistema de frenos
F10-L06-0225,Falla en sistema de frenado regenerativo (EV / Hibridos),FRENOS,L2,APROBADO,CONFORME,0.1623,0.1112,TRAIN,C1241,NO,
F10-L06-0226,Falla en sistema de frenado regenerativo (EV / Hibridos),FRENOS,L3,APROBADO,CONFORME,0.1113,0.0888,TRAIN,C1391,SI,Fuga hidraulica o aire en el sistema de frenos
F10-L06-0227,Falla en sistema de frenado regenerativo (EV / Hibridos),FRENOS,L3,APROBADO,CONFORME,0.1307,0.1222,TRAIN,C1203,SI,Degradacion o falla en paquete de bateria de alto voltaje (EV / Hibridos)
F10-L06-0228,Falla en sistema de frenado regenerativo (EV / Hibridos),FRENOS,L3,APROBADO,CONFORME,0.1477,0.1248,TRAIN,,SI,Discos de freno alabeados o desgastados
F10-L06-0229,Falla en sistema de frenado regenerativo (EV / Hibridos),FRENOS,L3,APROBADO,CONFORME,0.0949,0.0779,TRAIN,C1345,SI,Desgaste de pastillas y zapatas de freno
F10-L06-0230,Falla en sistema de frenado regenerativo (EV / Hibridos),FRENOS,L3,APROBADO,CONFORME,0.2456,0.1154,TRAIN,C1391,SI,Falla en servofreno (booster) o linea de vacio
F10-L06-0231,Falla en sistema de frenado regenerativo (EV / Hibridos),FRENOS,L3,APROBADO,CONFORME,0.151,0.1514,TRAIN,,NO,
F10-L06-0232,Falla en sistema de frenado regenerativo (EV / Hibridos),FRENOS,L3,APROBADO,CONFORME,0.1049,0.1339,TRAIN,,SI,Falla en servofreno (booster) o linea de vacio
F10-L06-0233,Falla en sistema de frenado regenerativo (EV / Hibridos),FRENOS,L3,APROBADO,CONFORME,0.1283,0.1203,TRAIN,C1256,SI,Degradacion o falla en paquete de bateria de alto voltaje (EV / Hibridos)
F10-L06-0234,Falla en sistema de frenado regenerativo (EV / Hibridos),FRENOS,L3,APROBADO,CONFORME,0.2061,0.1988,TRAIN,C1203,NO,
F10-L06-0235,Falla en sistema de frenado regenerativo (EV / Hibridos),FRENOS,L3,APROBADO,CONFORME,0.1379,0.1249,TRAIN,C1241,SI,Desgaste de pastillas y zapatas de freno
F10-L06-0236,Falla en sistema de frenado regenerativo (EV / Hibridos),FRENOS,L3,APROBADO,CONFORME,0.1623,0.0958,TRAIN,,NO,
F10-L06-0237,Falla en sistema de frenado regenerativo (EV / Hibridos),FRENOS,L3,APROBADO,CONFORME,0.1092,0.0895,TRAIN,C1259,SI,Degradacion o falla en paquete de bateria de alto voltaje (EV / Hibridos)
F10-L06-0238,Falla en sistema de frenado regenerativo (EV / Hibridos),FRENOS,L3,APROBADO,CONFORME,0.0998,0.0998,TRAIN,,SI,Caliper de freno trabado o mordaza pegada (piston agarrotado)
F10-L06-0239,Falla en sistema de frenado regenerativo (EV / Hibridos),FRENOS,L3,APROBADO,CONFORME,0.1046,0.1138,TRAIN,,NO,
F10-L06-0240,Falla en sistema de frenado regenerativo (EV / Hibridos),FRENOS,L3,APROBADO,CONFORME,0.122,0.1616,TRAIN,C1391,SI,Fuga hidraulica o aire en el sistema de frenos
F10-L06-0241,Caliper de freno trabado o mordaza pegada (piston agarrotado),FRENOS,L1,APROBADO,CONFORME,0.1549,0.314,TRAIN,,NO,
F10-L06-0242,Caliper de freno trabado o mordaza pegada (piston agarrotado),FRENOS,L1,APROBADO,CONFORME,0.2908,0.2219,TRAIN,,NO,
F10-L06-0243,Caliper de freno trabado o mordaza pegada (piston agarrotado),FRENOS,L1,APROBADO,CONFORME,0.1766,0.3519,TRAIN,,NO,
F10-L06-0244,Caliper de freno trabado o mordaza pegada (piston agarrotado),FRENOS,L1,APROBADO,CONFORME,0.1365,0.1433,TRAIN,,NO,
F10-L06-0245,Caliper de freno trabado o mordaza pegada (piston agarrotado),FRENOS,L1,APROBADO,CONFORME,0.1633,0.4027,TRAIN,,NO,
F10-L06-0246,Caliper de freno trabado o mordaza pegada (piston agarrotado),FRENOS,L1,APROBADO,CONFORME,0.0616,0.1212,TRAIN,,NO,
F10-L06-0247,Caliper de freno trabado o mordaza pegada (piston agarrotado),FRENOS,L1,APROBADO,CONFORME,0.2431,0.2342,TRAIN,,NO,
F10-L06-0248,Caliper de freno trabado o mordaza pegada (piston agarrotado),FRENOS,L1,APROBADO,CONFORME,0.2261,0.2811,TRAIN,,NO,
F10-L06-0249,Caliper de freno trabado o mordaza pegada (piston agarrotado),FRENOS,L1,APROBADO,CONFORME,0.2127,0.1909,TRAIN,,NO,
F10-L06-0250,Caliper de freno trabado o mordaza pegada (piston agarrotado),FRENOS,L1,APROBADO,CONFORME,0.081,0.0933,TRAIN,,NO,
F10-L06-0251,Caliper de freno trabado o mordaza pegada (piston agarrotado),FRENOS,L2,APROBADO,CONFORME,0.1836,0.2065,TRAIN,,SI,Desgaste de pastillas y zapatas de freno
F10-L06-0252,Caliper de freno trabado o mordaza pegada (piston agarrotado),FRENOS,L2,APROBADO,CONFORME,0.1893,0.2756,TEST_100,,SI,Llantas desbalanceadas o desalineadas
F10-L06-0253,Caliper de freno trabado o mordaza pegada (piston agarrotado),FRENOS,L2,APROBADO,CONFORME,0.1633,0.1634,TRAIN,,SI,Fuga hidraulica o aire en el sistema de frenos
F10-L06-0254,Caliper de freno trabado o mordaza pegada (piston agarrotado),FRENOS,L2,APROBADO,CONFORME,0.1444,0.1777,TRAIN,,SI,Desgaste de pastillas y zapatas de freno
F10-L06-0255,Caliper de freno trabado o mordaza pegada (piston agarrotado),FRENOS,L2,APROBADO,CONFORME,0.1598,0.2061,TRAIN,,SI,Desgaste de pastillas y zapatas de freno
F10-L06-0256,Caliper de freno trabado o mordaza pegada (piston agarrotado),FRENOS,L2,APROBADO,CONFORME,0.2127,0.193,TRAIN,,SI,Discos de freno alabeados o desgastados
F10-L06-0257,Caliper de freno trabado o mordaza pegada (piston agarrotado),FRENOS,L2,APROBADO,CONFORME,0.1168,0.1244,TRAIN,,SI,Fuga hidraulica o aire en el sistema de frenos
F10-L06-0258,Caliper de freno trabado o mordaza pegada (piston agarrotado),FRENOS,L2,APROBADO,CONFORME,0.2261,0.1665,TRAIN,,SI,Llantas desbalanceadas o desalineadas
F10-L06-0259,Caliper de freno trabado o mordaza pegada (piston agarrotado),FRENOS,L2,APROBADO,CONFORME,0.1765,0.1562,TRAIN,,NO,
F10-L06-0260,Caliper de freno trabado o mordaza pegada (piston agarrotado),FRENOS,L2,APROBADO,CONFORME,0.1984,0.3667,TRAIN,,SI,Fuga hidraulica o aire en el sistema de frenos
F10-L06-0261,Caliper de freno trabado o mordaza pegada (piston agarrotado),FRENOS,L2,APROBADO,CONFORME,0.1414,0.131,TRAIN,,NO,
F10-L06-0262,Caliper de freno trabado o mordaza pegada (piston agarrotado),FRENOS,L2,APROBADO,CONFORME,0.1611,0.1233,TRAIN,,NO,
F10-L06-0263,Caliper de freno trabado o mordaza pegada (piston agarrotado),FRENOS,L2,APROBADO,CONFORME,0.1247,0.1851,TRAIN,,SI,Llantas desbalanceadas o desalineadas
F10-L06-0264,Caliper de freno trabado o mordaza pegada (piston agarrotado),FRENOS,L2,APROBADO,CONFORME,0.0966,0.1314,TRAIN,,SI,Discos de freno alabeados o desgastados
F10-L06-0265,Caliper de freno trabado o mordaza pegada (piston agarrotado),FRENOS,L2,APROBADO,CONFORME,0.1347,0.1524,TRAIN,,SI,Desgaste de pastillas y zapatas de freno
F10-L06-0266,Caliper de freno trabado o mordaza pegada (piston agarrotado),FRENOS,L3,APROBADO,CONFORME,0.1128,0.0999,TRAIN,,SI,Discos de freno alabeados o desgastados
F10-L06-0267,Caliper de freno trabado o mordaza pegada (piston agarrotado),FRENOS,L3,APROBADO,CONFORME,0.1598,0.1264,TRAIN,,SI,Desgaste de pastillas y zapatas de freno
F10-L06-0268,Caliper de freno trabado o mordaza pegada (piston agarrotado),FRENOS,L3,APROBADO,CONFORME,0.1284,0.0772,TRAIN,,SI,Fuga hidraulica o aire en el sistema de frenos
F10-L06-0269,Caliper de freno trabado o mordaza pegada (piston agarrotado),FRENOS,L3,APROBADO,CONFORME,0.0978,0.099,TRAIN,C100D,SI,Falla en sensor de velocidad de rueda ABS
F10-L06-0270,Caliper de freno trabado o mordaza pegada (piston agarrotado),FRENOS,L3,APROBADO,CONFORME,0.1694,0.1362,TRAIN,,SI,Llantas desbalanceadas o desalineadas
F10-L06-0271,Caliper de freno trabado o mordaza pegada (piston agarrotado),FRENOS,L3,APROBADO,CONFORME,0.1984,0.0954,TRAIN,,SI,Fuga hidraulica o aire en el sistema de frenos
F10-L06-0272,Caliper de freno trabado o mordaza pegada (piston agarrotado),FRENOS,L3,APROBADO,CONFORME,0.0913,0.1065,TRAIN,,SI,Desgaste de pastillas y zapatas de freno
F10-L06-0273,Caliper de freno trabado o mordaza pegada (piston agarrotado),FRENOS,L3,APROBADO,CONFORME,0.1728,0.1587,TRAIN,,SI,Llantas desbalanceadas o desalineadas
F10-L06-0274,Caliper de freno trabado o mordaza pegada (piston agarrotado),FRENOS,L3,APROBADO,CONFORME,0.1258,0.0775,FIELD_60,,SI,Desgaste de pastillas y zapatas de freno
F10-L06-0275,Caliper de freno trabado o mordaza pegada (piston agarrotado),FRENOS,L3,APROBADO,CONFORME,0.1164,0.1769,TRAIN,,SI,Desgaste de pastillas y zapatas de freno
F10-L06-0276,Caliper de freno trabado o mordaza pegada (piston agarrotado),FRENOS,L3,APROBADO,CONFORME,0.1306,0.1267,TRAIN,,SI,Llantas desbalanceadas o desalineadas
F10-L06-0277,Caliper de freno trabado o mordaza pegada (piston agarrotado),FRENOS,L3,APROBADO,CONFORME,0.1313,0.1111,TRAIN,,NO,
F10-L06-0278,Caliper de freno trabado o mordaza pegada (piston agarrotado),FRENOS,L3,APROBADO,CONFORME,0.1133,0.154,TRAIN,,SI,Fuga hidraulica o aire en el sistema de frenos
F10-L06-0279,Caliper de freno trabado o mordaza pegada (piston agarrotado),FRENOS,L3,APROBADO,CONFORME,0.1254,0.1186,TRAIN,,SI,Discos de freno alabeados o desgastados
F10-L06-0280,Caliper de freno trabado o mordaza pegada (piston agarrotado),FRENOS,L3,APROBADO,CONFORME,0.1302,0.0914,TRAIN,,NO,
F10-L07-0001,Disco de embrague desgastado o patinando,TRANSMISION,L1,APROBADO,CONFORME,0.1427,0.3587,TRAIN,,NO,
F10-L07-0002,Disco de embrague desgastado o patinando,TRANSMISION,L1,APROBADO,CONFORME,0.2908,0.2865,TRAIN,,NO,
F10-L07-0003,Disco de embrague desgastado o patinando,TRANSMISION,L1,APROBADO,CONFORME,0.1183,0.4434,TRAIN,,NO,
F10-L07-0004,Disco de embrague desgastado o patinando,TRANSMISION,L1,APROBADO,CONFORME,0.1975,0.298,TRAIN,,NO,
F10-L07-0005,Disco de embrague desgastado o patinando,TRANSMISION,L1,APROBADO,CONFORME,0.153,0.156,TRAIN,,NO,
F10-L07-0006,Disco de embrague desgastado o patinando,TRANSMISION,L1,APROBADO,CONFORME,0.2533,0.1697,TRAIN,,NO,
F10-L07-0007,Disco de embrague desgastado o patinando,TRANSMISION,L1,APROBADO,CONFORME,0.1372,0.2562,TRAIN,,NO,
F10-L07-0008,Disco de embrague desgastado o patinando,TRANSMISION,L1,APROBADO,CONFORME,0.1428,0.2031,TRAIN,,NO,
F10-L07-0009,Disco de embrague desgastado o patinando,TRANSMISION,L1,APROBADO,CONFORME,0.1327,0.2447,TRAIN,,NO,
F10-L07-0010,Disco de embrague desgastado o patinando,TRANSMISION,L1,APROBADO,CONFORME,0.086,0.1188,TRAIN,,NO,
F10-L07-0011,Disco de embrague desgastado o patinando,TRANSMISION,L2,APROBADO,CONFORME,0.188,0.2063,TEST_100,,SI,Rodajes de transmision manual o eje primario gastados
F10-L07-0012,Disco de embrague desgastado o patinando,TRANSMISION,L2,APROBADO,CONFORME,0.1151,0.1085,DEV_60,,SI,Falla en bombin o bomba hidraulica de embrague
F10-L07-0013,Disco de embrague desgastado o patinando,TRANSMISION,L2,APROBADO,CONFORME,0.131,0.1609,TRAIN,,SI,Desgaste en collarin de empuje o crapodina de embrague
F10-L07-0014,Disco de embrague desgastado o patinando,TRANSMISION,L2,APROBADO,CONFORME,0.2276,0.189,TRAIN,,SI,Falla en bombin o bomba hidraulica de embrague
F10-L07-0015,Disco de embrague desgastado o patinando,TRANSMISION,L2,APROBADO,CONFORME,0.1252,0.1693,TRAIN,,NO,
F10-L07-0016,Disco de embrague desgastado o patinando,TRANSMISION,L2,APROBADO,CONFORME,0.1105,0.2218,TRAIN,,SI,Desgaste en collarin de empuje o crapodina de embrague
F10-L07-0017,Disco de embrague desgastado o patinando,TRANSMISION,L2,APROBADO,CONFORME,0.131,0.1858,TRAIN,,SI,Falta o degradacion de aceite de caja de cambios
F10-L07-0018,Disco de embrague desgastado o patinando,TRANSMISION,L2,APROBADO,CONFORME,0.2882,0.1897,TEST_100,,NO,
F10-L07-0019,Disco de embrague desgastado o patinando,TRANSMISION,L2,APROBADO,CONFORME,0.1164,0.1097,TRAIN,,NO,
F10-L07-0020,Disco de embrague desgastado o patinando,TRANSMISION,L2,APROBADO,CONFORME,0.1197,0.1437,TRAIN,,SI,Rodajes de transmision manual o eje primario gastados
F10-L07-0021,Disco de embrague desgastado o patinando,TRANSMISION,L2,APROBADO,CONFORME,0.1365,0.0977,TRAIN,,NO,
F10-L07-0022,Disco de embrague desgastado o patinando,TRANSMISION,L2,APROBADO,CONFORME,0.1023,0.1845,TRAIN,,NO,
F10-L07-0023,Disco de embrague desgastado o patinando,TRANSMISION,L2,APROBADO,CONFORME,0.1168,0.1643,TRAIN,,SI,Desgaste en collarin de empuje o crapodina de embrague
F10-L07-0024,Disco de embrague desgastado o patinando,TRANSMISION,L2,APROBADO,CONFORME,0.211,0.2124,TRAIN,,SI,Falla en bombin o bomba hidraulica de embrague
F10-L07-0025,Disco de embrague desgastado o patinando,TRANSMISION,L2,APROBADO,CONFORME,0.0947,0.1714,G1,,NO,
F10-L07-0026,Disco de embrague desgastado o patinando,TRANSMISION,L3,APROBADO,CONFORME,0.1111,0.1488,TRAIN,,SI,Falla en bombin o bomba hidraulica de embrague
F10-L07-0027,Disco de embrague desgastado o patinando,TRANSMISION,L3,APROBADO,CONFORME,0.115,0.0935,TRAIN,,NO,
F10-L07-0028,Disco de embrague desgastado o patinando,TRANSMISION,L3,APROBADO,CONFORME,0.1249,0.0877,TRAIN,,SI,Desgaste en collarin de empuje o crapodina de embrague
F10-L07-0029,Disco de embrague desgastado o patinando,TRANSMISION,L3,APROBADO,CONFORME,0.131,0.0995,TRAIN,,SI,Falta o degradacion de aceite de caja de cambios
F10-L07-0030,Disco de embrague desgastado o patinando,TRANSMISION,L3,APROBADO,CONFORME,0.1437,0.1599,TRAIN,,SI,Falla en bombin o bomba hidraulica de embrague
F10-L07-0031,Disco de embrague desgastado o patinando,TRANSMISION,L3,APROBADO,CONFORME,0.1338,0.1135,TRAIN,,NO,
F10-L07-0032,Disco de embrague desgastado o patinando,TRANSMISION,L3,APROBADO,CONFORME,0.0945,0.094,TRAIN,,SI,Falla en bombin o bomba hidraulica de embrague
F10-L07-0033,Disco de embrague desgastado o patinando,TRANSMISION,L3,APROBADO,CONFORME,0.1213,0.1498,TRAIN,,SI,Desgaste en collarin de empuje o crapodina de embrague
F10-L07-0034,Disco de embrague desgastado o patinando,TRANSMISION,L3,APROBADO,CONFORME,0.153,0.1643,TRAIN,P0741,SI,Sobrecalentamiento o solenoides en caja automatica CVT / DSG
F10-L07-0035,Disco de embrague desgastado o patinando,TRANSMISION,L3,APROBADO,CONFORME,0.1518,0.1641,TRAIN,,SI,Desgaste en collarin de empuje o crapodina de embrague
F10-L07-0036,Disco de embrague desgastado o patinando,TRANSMISION,L3,APROBADO,CONFORME,0.0817,0.0841,TRAIN,,NO,
F10-L07-0037,Disco de embrague desgastado o patinando,TRANSMISION,L3,APROBADO,CONFORME,0.1266,0.1576,TRAIN,,NO,
F10-L07-0038,Disco de embrague desgastado o patinando,TRANSMISION,L3,APROBADO,CONFORME,0.1267,0.1222,TRAIN,,SI,Rodajes de transmision manual o eje primario gastados
F10-L07-0039,Disco de embrague desgastado o patinando,TRANSMISION,L3,APROBADO,CONFORME,0.0968,0.0979,TRAIN,,NO,
F10-L07-0040,Disco de embrague desgastado o patinando,TRANSMISION,L3,APROBADO,CONFORME,0.1187,0.0841,TRAIN,,NO,
F10-L07-0041,Falla en bombin o bomba hidraulica de embrague,TRANSMISION,L1,APROBADO,CONFORME,0.2419,0.3079,G1,,NO,
F10-L07-0042,Falla en bombin o bomba hidraulica de embrague,TRANSMISION,L1,APROBADO,CONFORME,0.268,0.2478,TRAIN,,NO,
F10-L07-0043,Falla en bombin o bomba hidraulica de embrague,TRANSMISION,L1,APROBADO,CONFORME,0.3728,0.2738,TRAIN,,NO,
F10-L07-0044,Falla en bombin o bomba hidraulica de embrague,TRANSMISION,L1,APROBADO,CONFORME,0.1836,0.2375,TRAIN,,NO,
F10-L07-0045,Falla en bombin o bomba hidraulica de embrague,TRANSMISION,L1,APROBADO,CONFORME,0.2065,0.2515,TRAIN,,NO,
F10-L07-0046,Falla en bombin o bomba hidraulica de embrague,TRANSMISION,L1,APROBADO,CONFORME,0.2639,0.2039,TRAIN,,NO,
F10-L07-0047,Falla en bombin o bomba hidraulica de embrague,TRANSMISION,L1,APROBADO,CONFORME,0.1311,0.3088,TRAIN,,NO,
F10-L07-0048,Falla en bombin o bomba hidraulica de embrague,TRANSMISION,L1,APROBADO,CONFORME,0.139,0.5448,TRAIN,,NO,
F10-L07-0049,Falla en bombin o bomba hidraulica de embrague,TRANSMISION,L1,APROBADO,CONFORME,0.192,0.283,TRAIN,,NO,
F10-L07-0050,Falla en bombin o bomba hidraulica de embrague,TRANSMISION,L1,APROBADO,CONFORME,0.15,0.2039,TRAIN,,NO,
F10-L07-0051,Falla en bombin o bomba hidraulica de embrague,TRANSMISION,L2,APROBADO,CONFORME,0.2054,0.2944,TRAIN,,SI,Disco de embrague desgastado o patinando
F10-L07-0052,Falla en bombin o bomba hidraulica de embrague,TRANSMISION,L2,APROBADO,CONFORME,0.1771,0.2129,TRAIN,,SI,Fuga hidraulica o aire en el sistema de frenos
F10-L07-0053,Falla en bombin o bomba hidraulica de embrague,TRANSMISION,L2,APROBADO,CONFORME,0.1359,0.2214,TRAIN,,SI,Falta o degradacion de aceite de caja de cambios
F10-L07-0054,Falla en bombin o bomba hidraulica de embrague,TRANSMISION,L2,APROBADO,CONFORME,0.1449,0.2633,TRAIN,,SI,Disco de embrague desgastado o patinando
F10-L07-0055,Falla en bombin o bomba hidraulica de embrague,TRANSMISION,L2,APROBADO,CONFORME,0.377,0.1915,TRAIN,,SI,Desgaste en collarin de empuje o crapodina de embrague
F10-L07-0056,Falla en bombin o bomba hidraulica de embrague,TRANSMISION,L2,APROBADO,CONFORME,0.1548,0.1299,TRAIN,,NO,
F10-L07-0057,Falla en bombin o bomba hidraulica de embrague,TRANSMISION,L2,APROBADO,CONFORME,0.1511,0.1956,TRAIN,,SI,Disco de embrague desgastado o patinando
F10-L07-0058,Falla en bombin o bomba hidraulica de embrague,TRANSMISION,L2,APROBADO,CONFORME,0.1616,0.1669,DEV_60,,SI,Falta o degradacion de aceite de caja de cambios
F10-L07-0059,Falla en bombin o bomba hidraulica de embrague,TRANSMISION,L2,APROBADO,CONFORME,0.1156,0.1429,TRAIN,,NO,
F10-L07-0060,Falla en bombin o bomba hidraulica de embrague,TRANSMISION,L2,APROBADO,CONFORME,0.1745,0.1509,TRAIN,,NO,
F10-L07-0061,Falla en bombin o bomba hidraulica de embrague,TRANSMISION,L2,APROBADO,CONFORME,0.142,0.2771,TRAIN,,SI,Fuga hidraulica o aire en el sistema de frenos
F10-L07-0062,Falla en bombin o bomba hidraulica de embrague,TRANSMISION,L2,APROBADO,CONFORME,0.1278,0.2749,TRAIN,,NO,
F10-L07-0063,Falla en bombin o bomba hidraulica de embrague,TRANSMISION,L2,APROBADO,CONFORME,0.3079,0.1558,TRAIN,,SI,Disco de embrague desgastado o patinando
F10-L07-0064,Falla en bombin o bomba hidraulica de embrague,TRANSMISION,L2,APROBADO,CONFORME,0.2038,0.1886,TRAIN,,NO,
F10-L07-0065,Falla en bombin o bomba hidraulica de embrague,TRANSMISION,L2,APROBADO,CONFORME,0.182,0.1652,TRAIN,,SI,Disco de embrague desgastado o patinando
F10-L07-0066,Falla en bombin o bomba hidraulica de embrague,TRANSMISION,L3,APROBADO,CONFORME,0.1268,0.1377,G1,,SI,Fuga hidraulica o aire en el sistema de frenos
F10-L07-0067,Falla en bombin o bomba hidraulica de embrague,TRANSMISION,L3,APROBADO,CONFORME,0.1437,0.1601,TRAIN,,SI,Falta o degradacion de aceite de caja de cambios
F10-L07-0068,Falla en bombin o bomba hidraulica de embrague,TRANSMISION,L3,APROBADO,CONFORME,0.1082,0.1731,TRAIN,,SI,Disco de embrague desgastado o patinando
F10-L07-0069,Falla en bombin o bomba hidraulica de embrague,TRANSMISION,L3,APROBADO,CONFORME,0.1764,0.1402,TRAIN,,SI,Disco de embrague desgastado o patinando
F10-L07-0070,Falla en bombin o bomba hidraulica de embrague,TRANSMISION,L3,APROBADO,CONFORME,0.1652,0.1639,TRAIN,,SI,Disco de embrague desgastado o patinando
F10-L07-0071,Falla en bombin o bomba hidraulica de embrague,TRANSMISION,L3,APROBADO,CONFORME,0.1588,0.1214,TRAIN,,NO,
F10-L07-0072,Falla en bombin o bomba hidraulica de embrague,TRANSMISION,L3,APROBADO,CONFORME,0.131,0.1273,TRAIN,,NO,
F10-L07-0073,Falla en bombin o bomba hidraulica de embrague,TRANSMISION,L3,APROBADO,CONFORME,0.173,0.1672,DEV_60,,SI,Falta o degradacion de aceite de caja de cambios
F10-L07-0074,Falla en bombin o bomba hidraulica de embrague,TRANSMISION,L3,APROBADO,CONFORME,0.1345,0.1236,TRAIN,,NO,
F10-L07-0075,Falla en bombin o bomba hidraulica de embrague,TRANSMISION,L3,APROBADO,CONFORME,0.1181,0.1502,TRAIN,,SI,Disco de embrague desgastado o patinando
F10-L07-0076,Falla en bombin o bomba hidraulica de embrague,TRANSMISION,L3,APROBADO,CONFORME,0.1105,0.1286,TRAIN,,SI,Disco de embrague desgastado o patinando
F10-L07-0077,Falla en bombin o bomba hidraulica de embrague,TRANSMISION,L3,APROBADO,CONFORME,0.1483,0.1746,TRAIN,,NO,
F10-L07-0078,Falla en bombin o bomba hidraulica de embrague,TRANSMISION,L3,APROBADO,CONFORME,0.1346,0.1261,TRAIN,,SI,Fuga hidraulica o aire en el sistema de frenos
F10-L07-0079,Falla en bombin o bomba hidraulica de embrague,TRANSMISION,L3,APROBADO,CONFORME,0.1192,0.1135,TRAIN,,SI,Falta o degradacion de aceite de caja de cambios
F10-L07-0080,Falla en bombin o bomba hidraulica de embrague,TRANSMISION,L3,APROBADO,CONFORME,0.1161,0.1045,TRAIN,,NO,
F10-L07-0081,Falta o degradacion de aceite de caja de cambios,TRANSMISION,L1,APROBADO,CONFORME,0.1936,0.2393,TRAIN,,NO,
F10-L07-0082,Falta o degradacion de aceite de caja de cambios,TRANSMISION,L1,APROBADO,CONFORME,0.2979,0.2495,TRAIN,,NO,
F10-L07-0083,Falta o degradacion de aceite de caja de cambios,TRANSMISION,L1,APROBADO,CONFORME,0.2851,0.3542,TRAIN,,NO,
F10-L07-0084,Falta o degradacion de aceite de caja de cambios,TRANSMISION,L1,APROBADO,CONFORME,0.1466,0.2764,TRAIN,,NO,
F10-L07-0085,Falta o degradacion de aceite de caja de cambios,TRANSMISION,L1,APROBADO,CONFORME,0.1494,0.3277,TRAIN,,NO,
F10-L07-0086,Falta o degradacion de aceite de caja de cambios,TRANSMISION,L1,APROBADO,CONFORME,0.1215,0.2994,TRAIN,,NO,
F10-L07-0087,Falta o degradacion de aceite de caja de cambios,TRANSMISION,L1,APROBADO,CONFORME,0.229,0.2631,TRAIN,,NO,
F10-L07-0088,Falta o degradacion de aceite de caja de cambios,TRANSMISION,L1,APROBADO,CONFORME,0.2284,0.1255,TRAIN,,NO,
F10-L07-0089,Falta o degradacion de aceite de caja de cambios,TRANSMISION,L1,APROBADO,CONFORME,0.2008,0.2068,TRAIN,,NO,
F10-L07-0090,Falta o degradacion de aceite de caja de cambios,TRANSMISION,L1,APROBADO,CONFORME,0.1351,0.1,TRAIN,,NO,
F10-L07-0091,Falta o degradacion de aceite de caja de cambios,TRANSMISION,L2,APROBADO,CONFORME,0.1447,0.2433,FIELD_60,,SI,Disco de embrague desgastado o patinando
F10-L07-0092,Falta o degradacion de aceite de caja de cambios,TRANSMISION,L2,APROBADO,CONFORME,0.1125,0.2421,TRAIN,,SI,Rodajes de caja mecanica o diferencial gastados
F10-L07-0093,Falta o degradacion de aceite de caja de cambios,TRANSMISION,L2,APROBADO,CONFORME,0.211,0.1508,TRAIN,,SI,Rodajes de transmision manual o eje primario gastados
F10-L07-0094,Falta o degradacion de aceite de caja de cambios,TRANSMISION,L2,APROBADO,CONFORME,0.1122,0.0763,TRAIN,,NO,
F10-L07-0095,Falta o degradacion de aceite de caja de cambios,TRANSMISION,L2,APROBADO,CONFORME,0.2123,0.2728,TRAIN,,SI,Rodajes de transmision manual o eje primario gastados
F10-L07-0096,Falta o degradacion de aceite de caja de cambios,TRANSMISION,L2,APROBADO,CONFORME,0.1247,0.3021,TRAIN,,SI,Falla en bombin o bomba hidraulica de embrague
F10-L07-0097,Falta o degradacion de aceite de caja de cambios,TRANSMISION,L2,APROBADO,CONFORME,0.1621,0.1917,TRAIN,,NO,
F10-L07-0098,Falta o degradacion de aceite de caja de cambios,TRANSMISION,L2,APROBADO,CONFORME,0.2284,0.237,TRAIN,,NO,
F10-L07-0099,Falta o degradacion de aceite de caja de cambios,TRANSMISION,L2,APROBADO,CONFORME,0.1452,0.1318,TRAIN,,SI,Disco de embrague desgastado o patinando
F10-L07-0100,Falta o degradacion de aceite de caja de cambios,TRANSMISION,L2,APROBADO,CONFORME,0.1326,0.1776,TRAIN,,NO,
F10-L07-0101,Falta o degradacion de aceite de caja de cambios,TRANSMISION,L2,APROBADO,CONFORME,0.1084,0.1367,TRAIN,,SI,Rodajes de transmision manual o eje primario gastados
F10-L07-0102,Falta o degradacion de aceite de caja de cambios,TRANSMISION,L2,APROBADO,CONFORME,0.1582,0.1032,TRAIN,,SI,Disco de embrague desgastado o patinando
F10-L07-0103,Falta o degradacion de aceite de caja de cambios,TRANSMISION,L2,APROBADO,CONFORME,0.1021,0.1176,TRAIN,,NO,
F10-L07-0104,Falta o degradacion de aceite de caja de cambios,TRANSMISION,L2,APROBADO,CONFORME,0.1228,0.2165,TRAIN,,SI,Rodajes de caja mecanica o diferencial gastados
F10-L07-0105,Falta o degradacion de aceite de caja de cambios,TRANSMISION,L2,APROBADO,CONFORME,0.0987,0.1382,TEST_100,,SI,Rodajes de transmision manual o eje primario gastados
F10-L07-0106,Falta o degradacion de aceite de caja de cambios,TRANSMISION,L3,APROBADO,CONFORME,0.1577,0.1256,TRAIN,,SI,Rodajes de caja mecanica o diferencial gastados
F10-L07-0107,Falta o degradacion de aceite de caja de cambios,TRANSMISION,L3,APROBADO,CONFORME,0.1329,0.1205,TRAIN,,SI,Rodajes de caja mecanica o diferencial gastados
F10-L07-0108,Falta o degradacion de aceite de caja de cambios,TRANSMISION,L3,APROBADO,CONFORME,0.0898,0.0973,TRAIN,,SI,Disco de embrague desgastado o patinando
F10-L07-0109,Falta o degradacion de aceite de caja de cambios,TRANSMISION,L3,APROBADO,CONFORME,0.1582,0.1138,TRAIN,,NO,
F10-L07-0110,Falta o degradacion de aceite de caja de cambios,TRANSMISION,L3,APROBADO,CONFORME,0.1333,0.0977,TRAIN,,SI,Rodajes de caja mecanica o diferencial gastados
F10-L07-0111,Falta o degradacion de aceite de caja de cambios,TRANSMISION,L3,APROBADO,CONFORME,0.1164,0.1299,TRAIN,,SI,Rodajes de transmision manual o eje primario gastados
F10-L07-0112,Falta o degradacion de aceite de caja de cambios,TRANSMISION,L3,APROBADO,CONFORME,0.1621,0.1287,TRAIN,,NO,
F10-L07-0113,Falta o degradacion de aceite de caja de cambios,TRANSMISION,L3,APROBADO,CONFORME,0.2008,0.1254,TRAIN,,NO,
F10-L07-0114,Falta o degradacion de aceite de caja de cambios,TRANSMISION,L3,APROBADO,CONFORME,0.092,0.0856,TRAIN,,SI,Rodajes de caja mecanica o diferencial gastados
F10-L07-0115,Falta o degradacion de aceite de caja de cambios,TRANSMISION,L3,APROBADO,CONFORME,0.1229,0.1305,TRAIN,,SI,Falla en bombin o bomba hidraulica de embrague
F10-L07-0116,Falta o degradacion de aceite de caja de cambios,TRANSMISION,L3,APROBADO,CONFORME,0.1188,0.0831,TRAIN,,SI,Rodajes de transmision manual o eje primario gastados
F10-L07-0117,Falta o degradacion de aceite de caja de cambios,TRANSMISION,L3,APROBADO,CONFORME,0.1092,0.1223,TRAIN,,NO,
F10-L07-0118,Falta o degradacion de aceite de caja de cambios,TRANSMISION,L3,APROBADO,CONFORME,0.0956,0.0841,TRAIN,,NO,
F10-L07-0119,Falta o degradacion de aceite de caja de cambios,TRANSMISION,L3,APROBADO,CONFORME,0.1402,0.1148,TRAIN,,SI,Disco de embrague desgastado o patinando
F10-L07-0120,Falta o degradacion de aceite de caja de cambios,TRANSMISION,L3,APROBADO,CONFORME,0.0889,0.0834,TRAIN,,SI,Rodajes de transmision manual o eje primario gastados
F10-L07-0121,Rodajes de caja mecanica o diferencial gastados,TRANSMISION,L1,APROBADO,CONFORME,0.1918,0.2442,TRAIN,,NO,
F10-L07-0122,Rodajes de caja mecanica o diferencial gastados,TRANSMISION,L1,APROBADO,CONFORME,0.2195,0.2219,TRAIN,,NO,
F10-L07-0123,Rodajes de caja mecanica o diferencial gastados,TRANSMISION,L1,APROBADO,CONFORME,0.4291,0.4404,TRAIN,,NO,
F10-L07-0124,Rodajes de caja mecanica o diferencial gastados,TRANSMISION,L1,APROBADO,CONFORME,0.2309,0.1641,TRAIN,,NO,
F10-L07-0125,Rodajes de caja mecanica o diferencial gastados,TRANSMISION,L1,APROBADO,CONFORME,0.1985,0.1569,TRAIN,,NO,
F10-L07-0126,Rodajes de caja mecanica o diferencial gastados,TRANSMISION,L1,APROBADO,CONFORME,0.2351,0.1903,TRAIN,,NO,
F10-L07-0127,Rodajes de caja mecanica o diferencial gastados,TRANSMISION,L1,APROBADO,CONFORME,0.1647,0.192,TRAIN,,NO,
F10-L07-0128,Rodajes de caja mecanica o diferencial gastados,TRANSMISION,L1,APROBADO,CONFORME,0.2332,0.1434,TRAIN,,NO,
F10-L07-0129,Rodajes de caja mecanica o diferencial gastados,TRANSMISION,L1,APROBADO,CONFORME,0.1285,0.1323,TRAIN,,NO,
F10-L07-0130,Rodajes de caja mecanica o diferencial gastados,TRANSMISION,L1,APROBADO,CONFORME,0.2273,0.1404,TEST_100,,NO,
F10-L07-0131,Rodajes de caja mecanica o diferencial gastados,TRANSMISION,L2,APROBADO,CONFORME,0.4811,0.2891,TRAIN,,SI,Rodamiento de maza o rodaje de rueda picado (zumbido de rodadura)
F10-L07-0132,Rodajes de caja mecanica o diferencial gastados,TRANSMISION,L2,APROBADO,CONFORME,0.136,0.3068,TRAIN,,SI,Rodamiento de maza o rodaje de rueda picado (zumbido de rodadura)
F10-L07-0133,Rodajes de caja mecanica o diferencial gastados,TRANSMISION,L2,APROBADO,CONFORME,0.2111,0.1344,TRAIN,,SI,Juntas homocineticas o palieres danados
F10-L07-0134,Rodajes de caja mecanica o diferencial gastados,TRANSMISION,L2,APROBADO,CONFORME,0.1602,0.1138,TRAIN,,SI,Falta o degradacion de aceite de caja de cambios
F10-L07-0135,Rodajes de caja mecanica o diferencial gastados,TRANSMISION,L2,APROBADO,CONFORME,0.2045,0.149,TRAIN,,SI,Rodajes de transmision manual o eje primario gastados
F10-L07-0136,Rodajes de caja mecanica o diferencial gastados,TRANSMISION,L2,APROBADO,CONFORME,0.1577,0.1035,TRAIN,,SI,Rodamiento de maza o rodaje de rueda picado (zumbido de rodadura)
F10-L07-0137,Rodajes de caja mecanica o diferencial gastados,TRANSMISION,L2,APROBADO,CONFORME,0.1579,0.1302,TRAIN,,SI,Juntas homocineticas o palieres danados
F10-L07-0138,Rodajes de caja mecanica o diferencial gastados,TRANSMISION,L2,APROBADO,CONFORME,0.1606,0.1166,TRAIN,,SI,Rodajes de transmision manual o eje primario gastados
F10-L07-0139,Rodajes de caja mecanica o diferencial gastados,TRANSMISION,L2,APROBADO,CONFORME,0.1604,0.2237,TRAIN,,SI,Falta o degradacion de aceite de caja de cambios
F10-L07-0140,Rodajes de caja mecanica o diferencial gastados,TRANSMISION,L2,APROBADO,CONFORME,0.1973,0.0928,TRAIN,,NO,
F10-L07-0141,Rodajes de caja mecanica o diferencial gastados,TRANSMISION,L2,APROBADO,CONFORME,0.2111,0.1214,TRAIN,,NO,
F10-L07-0142,Rodajes de caja mecanica o diferencial gastados,TRANSMISION,L2,APROBADO,CONFORME,0.1817,0.1811,TRAIN,,NO,
F10-L07-0143,Rodajes de caja mecanica o diferencial gastados,TRANSMISION,L2,APROBADO,CONFORME,0.2273,0.2166,TRAIN,,NO,
F10-L07-0144,Rodajes de caja mecanica o diferencial gastados,TRANSMISION,L2,APROBADO,CONFORME,0.1201,0.1912,TRAIN,,SI,Llantas desbalanceadas o desalineadas
F10-L07-0145,Rodajes de caja mecanica o diferencial gastados,TRANSMISION,L2,APROBADO,CONFORME,0.2745,0.1362,TRAIN,,NO,
F10-L07-0146,Rodajes de caja mecanica o diferencial gastados,TRANSMISION,L3,APROBADO,CONFORME,0.1577,0.1273,TRAIN,,SI,Rodamiento de maza o rodaje de rueda picado (zumbido de rodadura)
F10-L07-0147,Rodajes de caja mecanica o diferencial gastados,TRANSMISION,L3,APROBADO,CONFORME,0.1811,0.1194,TRAIN,,SI,Rodajes de transmision manual o eje primario gastados
F10-L07-0148,Rodajes de caja mecanica o diferencial gastados,TRANSMISION,L3,APROBADO,CONFORME,0.1606,0.0753,TRAIN,,NO,
F10-L07-0149,Rodajes de caja mecanica o diferencial gastados,TRANSMISION,L3,APROBADO,CONFORME,0.1492,0.1462,DEV_60,,SI,Juntas homocineticas o palieres danados
F10-L07-0150,Rodajes de caja mecanica o diferencial gastados,TRANSMISION,L3,APROBADO,CONFORME,0.2029,0.0941,TEST_100,,SI,Rodamiento de maza o rodaje de rueda picado (zumbido de rodadura)
F10-L07-0151,Rodajes de caja mecanica o diferencial gastados,TRANSMISION,L3,APROBADO,CONFORME,0.1805,0.0939,TRAIN,,SI,Rodajes de transmision manual o eje primario gastados
F10-L07-0152,Rodajes de caja mecanica o diferencial gastados,TRANSMISION,L3,APROBADO,CONFORME,0.2084,0.1273,TRAIN,,SI,Rodajes de transmision manual o eje primario gastados
F10-L07-0153,Rodajes de caja mecanica o diferencial gastados,TRANSMISION,L3,APROBADO,CONFORME,0.1097,0.1037,TRAIN,,SI,Rodamiento de maza o rodaje de rueda picado (zumbido de rodadura)
F10-L07-0154,Rodajes de caja mecanica o diferencial gastados,TRANSMISION,L3,APROBADO,CONFORME,0.2745,0.0825,TRAIN,,SI,Falta o degradacion de aceite de caja de cambios
F10-L07-0155,Rodajes de caja mecanica o diferencial gastados,TRANSMISION,L3,APROBADO,CONFORME,0.1285,0.1156,TRAIN,,SI,Rodamiento de maza o rodaje de rueda picado (zumbido de rodadura)
F10-L07-0156,Rodajes de caja mecanica o diferencial gastados,TRANSMISION,L3,APROBADO,CONFORME,0.1378,0.1167,TRAIN,,SI,Juntas homocineticas o palieres danados
F10-L07-0157,Rodajes de caja mecanica o diferencial gastados,TRANSMISION,L3,APROBADO,CONFORME,0.1089,0.1336,TEST_100,,NO,
F10-L07-0158,Rodajes de caja mecanica o diferencial gastados,TRANSMISION,L3,APROBADO,CONFORME,0.1083,0.1178,TRAIN,,SI,Rodamiento de maza o rodaje de rueda picado (zumbido de rodadura)
F10-L07-0159,Rodajes de caja mecanica o diferencial gastados,TRANSMISION,L3,APROBADO,CONFORME,0.1319,0.1116,TRAIN,,NO,
F10-L07-0160,Rodajes de caja mecanica o diferencial gastados,TRANSMISION,L3,APROBADO,CONFORME,0.1091,0.0697,TRAIN,,SI,Falta o degradacion de aceite de caja de cambios
F10-L07-0161,Sobrecalentamiento o solenoides en caja automatica CVT / DSG,TRANSMISION,L1,APROBADO,CONFORME,0.27,0.3138,TRAIN,,NO,
F10-L07-0162,Sobrecalentamiento o solenoides en caja automatica CVT / DSG,TRANSMISION,L1,APROBADO,CONFORME,0.1698,0.443,TRAIN,,NO,
F10-L07-0163,Sobrecalentamiento o solenoides en caja automatica CVT / DSG,TRANSMISION,L1,APROBADO,CONFORME,0.2502,0.4188,TRAIN,,NO,
F10-L07-0164,Sobrecalentamiento o solenoides en caja automatica CVT / DSG,TRANSMISION,L1,APROBADO,CONFORME,0.2382,0.2217,TRAIN,,NO,
F10-L07-0165,Sobrecalentamiento o solenoides en caja automatica CVT / DSG,TRANSMISION,L1,APROBADO,CONFORME,0.1333,0.1559,TRAIN,,NO,
F10-L07-0166,Sobrecalentamiento o solenoides en caja automatica CVT / DSG,TRANSMISION,L1,APROBADO,CONFORME,0.1672,0.1582,TRAIN,,NO,
F10-L07-0167,Sobrecalentamiento o solenoides en caja automatica CVT / DSG,TRANSMISION,L1,APROBADO,CONFORME,0.1631,0.1924,TRAIN,,NO,
F10-L07-0168,Sobrecalentamiento o solenoides en caja automatica CVT / DSG,TRANSMISION,L1,APROBADO,CONFORME,0.3305,0.2438,G2,,NO,
F10-L07-0169,Sobrecalentamiento o solenoides en caja automatica CVT / DSG,TRANSMISION,L1,APROBADO,CONFORME,0.125,0.2279,TRAIN,,NO,
F10-L07-0170,Sobrecalentamiento o solenoides en caja automatica CVT / DSG,TRANSMISION,L1,APROBADO,CONFORME,0.2237,0.2565,TRAIN,,NO,
F10-L07-0171,Sobrecalentamiento o solenoides en caja automatica CVT / DSG,TRANSMISION,L2,APROBADO,CONFORME,0.1227,0.1697,TRAIN,,SI,Falta o degradacion de aceite de caja de cambios
F10-L07-0172,Sobrecalentamiento o solenoides en caja automatica CVT / DSG,TRANSMISION,L2,APROBADO,CONFORME,0.2123,0.2687,TEST_100,P17BF,SI,Falla en caja robotizada Dualogic / I-Motion / Easytronic (Fiat / VW)
F10-L07-0173,Sobrecalentamiento o solenoides en caja automatica CVT / DSG,TRANSMISION,L2,APROBADO,CONFORME,0.1907,0.345,TRAIN,P0746,SI,Cuerpo de aceleracion o valvula IAC sucia
F10-L07-0174,Sobrecalentamiento o solenoides en caja automatica CVT / DSG,TRANSMISION,L2,APROBADO,CONFORME,0.1699,0.3334,TRAIN,,SI,Falla en caja robotizada Dualogic / I-Motion / Easytronic (Fiat / VW)
F10-L07-0175,Sobrecalentamiento o solenoides en caja automatica CVT / DSG,TRANSMISION,L2,APROBADO,CONFORME,0.1683,0.1553,TRAIN,,NO,
F10-L07-0176,Sobrecalentamiento o solenoides en caja automatica CVT / DSG,TRANSMISION,L2,APROBADO,CONFORME,0.1527,0.2093,TRAIN,P0841,SI,Falla en sensor de posicion de cigueñal (CKP) o arbol de levas (CMP)
F10-L07-0177,Sobrecalentamiento o solenoides en caja automatica CVT / DSG,TRANSMISION,L2,APROBADO,CONFORME,0.204,0.2305,TRAIN,,SI,Disco de embrague desgastado o patinando
F10-L07-0178,Sobrecalentamiento o solenoides en caja automatica CVT / DSG,TRANSMISION,L2,APROBADO,CONFORME,0.1976,0.1986,TRAIN,P0746,NO,
F10-L07-0179,Sobrecalentamiento o solenoides en caja automatica CVT / DSG,TRANSMISION,L2,APROBADO,CONFORME,0.222,0.186,TRAIN,,SI,Falla en bombin o bomba hidraulica de embrague
F10-L07-0180,Sobrecalentamiento o solenoides en caja automatica CVT / DSG,TRANSMISION,L2,APROBADO,CONFORME,0.1355,0.1109,TEST_100,,SI,Falta o degradacion de aceite de caja de cambios
F10-L07-0181,Sobrecalentamiento o solenoides en caja automatica CVT / DSG,TRANSMISION,L2,APROBADO,CONFORME,0.2237,0.1312,TRAIN,P189C,NO,
F10-L07-0182,Sobrecalentamiento o solenoides en caja automatica CVT / DSG,TRANSMISION,L2,APROBADO,CONFORME,0.1175,0.1527,TRAIN,,SI,Disco de embrague desgastado o patinando
F10-L07-0183,Sobrecalentamiento o solenoides en caja automatica CVT / DSG,TRANSMISION,L2,APROBADO,CONFORME,0.1907,0.1721,TRAIN,P0962,NO,
F10-L07-0184,Sobrecalentamiento o solenoides en caja automatica CVT / DSG,TRANSMISION,L2,APROBADO,CONFORME,0.1313,0.1984,TRAIN,,SI,Disco de embrague desgastado o patinando
F10-L07-0185,Sobrecalentamiento o solenoides en caja automatica CVT / DSG,TRANSMISION,L2,APROBADO,CONFORME,0.1365,0.1488,TRAIN,,NO,
F10-L07-0186,Sobrecalentamiento o solenoides en caja automatica CVT / DSG,TRANSMISION,L3,APROBADO,CONFORME,0.2123,0.1308,TEST_100,P17BF,SI,Falla en caja robotizada Dualogic / I-Motion / Easytronic (Fiat / VW)
F10-L07-0187,Sobrecalentamiento o solenoides en caja automatica CVT / DSG,TRANSMISION,L3,APROBADO,CONFORME,0.1367,0.1097,TRAIN,P0746,SI,Falta o degradacion de aceite de caja de cambios
F10-L07-0188,Sobrecalentamiento o solenoides en caja automatica CVT / DSG,TRANSMISION,L3,APROBADO,CONFORME,0.1178,0.1041,TRAIN,P0730,SI,Disco de embrague desgastado o patinando
F10-L07-0189,Sobrecalentamiento o solenoides en caja automatica CVT / DSG,TRANSMISION,L3,APROBADO,CONFORME,0.1102,0.1326,TRAIN,P0846,NO,
F10-L07-0190,Sobrecalentamiento o solenoides en caja automatica CVT / DSG,TRANSMISION,L3,APROBADO,CONFORME,0.1221,0.1393,TRAIN,,SI,Falla en caja robotizada Dualogic / I-Motion / Easytronic (Fiat / VW)
F10-L07-0191,Sobrecalentamiento o solenoides en caja automatica CVT / DSG,TRANSMISION,L3,APROBADO,CONFORME,0.1501,0.1432,TRAIN,P0962,NO,
F10-L07-0192,Sobrecalentamiento o solenoides en caja automatica CVT / DSG,TRANSMISION,L3,APROBADO,CONFORME,0.0912,0.1477,TRAIN,P176F,SI,Disco de embrague desgastado o patinando
F10-L07-0193,Sobrecalentamiento o solenoides en caja automatica CVT / DSG,TRANSMISION,L3,APROBADO,CONFORME,0.1976,0.1413,TRAIN,P0746,NO,
F10-L07-0194,Sobrecalentamiento o solenoides en caja automatica CVT / DSG,TRANSMISION,L3,APROBADO,CONFORME,0.1115,0.1612,TRAIN,,SI,Falta o degradacion de aceite de caja de cambios
F10-L07-0195,Sobrecalentamiento o solenoides en caja automatica CVT / DSG,TRANSMISION,L3,APROBADO,CONFORME,0.222,0.1256,TRAIN,,SI,Falla en caja robotizada Dualogic / I-Motion / Easytronic (Fiat / VW)
F10-L07-0196,Sobrecalentamiento o solenoides en caja automatica CVT / DSG,TRANSMISION,L3,APROBADO,CONFORME,0.1235,0.0881,TRAIN,,SI,Disco de embrague desgastado o patinando
F10-L07-0197,Sobrecalentamiento o solenoides en caja automatica CVT / DSG,TRANSMISION,L3,APROBADO,CONFORME,0.0995,0.1182,TRAIN,,NO,
F10-L07-0198,Sobrecalentamiento o solenoides en caja automatica CVT / DSG,TRANSMISION,L3,APROBADO,CONFORME,0.1367,0.1705,TRAIN,P0776,NO,
F10-L07-0199,Sobrecalentamiento o solenoides en caja automatica CVT / DSG,TRANSMISION,L3,APROBADO,CONFORME,0.1219,0.1177,TRAIN,,NO,
F10-L07-0200,Sobrecalentamiento o solenoides en caja automatica CVT / DSG,TRANSMISION,L3,APROBADO,CONFORME,0.1144,0.0961,TRAIN,,NO,
F10-L07-0201,Falla en caja robotizada Dualogic / I-Motion / Easytronic (Fiat / VW),TRANSMISION,L1,APROBADO,CONFORME,0.4032,0.5095,TRAIN,,NO,
F10-L07-0202,Falla en caja robotizada Dualogic / I-Motion / Easytronic (Fiat / VW),TRANSMISION,L1,APROBADO,CONFORME,0.2514,0.1687,TRAIN,,NO,
F10-L07-0203,Falla en caja robotizada Dualogic / I-Motion / Easytronic (Fiat / VW),TRANSMISION,L1,APROBADO,CONFORME,0.3604,0.2926,TRAIN,,NO,
F10-L07-0204,Falla en caja robotizada Dualogic / I-Motion / Easytronic (Fiat / VW),TRANSMISION,L1,APROBADO,CONFORME,0.2332,0.2176,TRAIN,,NO,
F10-L07-0205,Falla en caja robotizada Dualogic / I-Motion / Easytronic (Fiat / VW),TRANSMISION,L1,APROBADO,CONFORME,0.3,0.4436,TRAIN,,NO,
F10-L07-0206,Falla en caja robotizada Dualogic / I-Motion / Easytronic (Fiat / VW),TRANSMISION,L1,APROBADO,CONFORME,0.3305,0.3068,TRAIN,,NO,
F10-L07-0207,Falla en caja robotizada Dualogic / I-Motion / Easytronic (Fiat / VW),TRANSMISION,L1,APROBADO,CONFORME,0.2178,0.2435,FIELD_60,,NO,
F10-L07-0208,Falla en caja robotizada Dualogic / I-Motion / Easytronic (Fiat / VW),TRANSMISION,L1,APROBADO,CONFORME,0.1326,0.1145,TRAIN,,NO,
F10-L07-0209,Falla en caja robotizada Dualogic / I-Motion / Easytronic (Fiat / VW),TRANSMISION,L1,APROBADO,CONFORME,0.2552,0.2322,TRAIN,,NO,
F10-L07-0210,Falla en caja robotizada Dualogic / I-Motion / Easytronic (Fiat / VW),TRANSMISION,L1,APROBADO,CONFORME,0.2591,0.2493,TRAIN,,NO,
F10-L07-0211,Falla en caja robotizada Dualogic / I-Motion / Easytronic (Fiat / VW),TRANSMISION,L2,APROBADO,CONFORME,0.2172,0.1788,DEV_60,,SI,Sobrecalentamiento o solenoides en caja automatica CVT / DSG
F10-L07-0212,Falla en caja robotizada Dualogic / I-Motion / Easytronic (Fiat / VW),TRANSMISION,L2,APROBADO,CONFORME,0.23,0.1918,TRAIN,P0840,SI,Sobrecalentamiento o solenoides en caja automatica CVT / DSG
F10-L07-0213,Falla en caja robotizada Dualogic / I-Motion / Easytronic (Fiat / VW),TRANSMISION,L2,APROBADO,CONFORME,0.201,0.3383,TRAIN,,SI,Falta o degradacion de aceite de caja de cambios
F10-L07-0214,Falla en caja robotizada Dualogic / I-Motion / Easytronic (Fiat / VW),TRANSMISION,L2,APROBADO,CONFORME,0.2265,0.1295,TRAIN,,SI,Disco de embrague desgastado o patinando
F10-L07-0215,Falla en caja robotizada Dualogic / I-Motion / Easytronic (Fiat / VW),TRANSMISION,L2,APROBADO,CONFORME,0.1334,0.2343,TRAIN,,SI,Falla en bombin o bomba hidraulica de embrague
F10-L07-0216,Falla en caja robotizada Dualogic / I-Motion / Easytronic (Fiat / VW),TRANSMISION,L2,APROBADO,CONFORME,0.1893,0.2162,TRAIN,,NO,
F10-L07-0217,Falla en caja robotizada Dualogic / I-Motion / Easytronic (Fiat / VW),TRANSMISION,L2,APROBADO,CONFORME,0.2591,0.2229,TRAIN,P0914,NO,
F10-L07-0218,Falla en caja robotizada Dualogic / I-Motion / Easytronic (Fiat / VW),TRANSMISION,L2,APROBADO,CONFORME,0.1355,0.1444,TRAIN,,SI,Sobrecalentamiento o solenoides en caja automatica CVT / DSG
F10-L07-0219,Falla en caja robotizada Dualogic / I-Motion / Easytronic (Fiat / VW),TRANSMISION,L2,APROBADO,CONFORME,0.1866,0.285,TRAIN,,SI,Disco de embrague desgastado o patinando
F10-L07-0220,Falla en caja robotizada Dualogic / I-Motion / Easytronic (Fiat / VW),TRANSMISION,L2,APROBADO,CONFORME,0.1883,0.2835,TRAIN,,NO,
F10-L07-0221,Falla en caja robotizada Dualogic / I-Motion / Easytronic (Fiat / VW),TRANSMISION,L2,APROBADO,CONFORME,0.1576,0.1272,TRAIN,P1818,SI,Disco de embrague desgastado o patinando
F10-L07-0222,Falla en caja robotizada Dualogic / I-Motion / Easytronic (Fiat / VW),TRANSMISION,L2,APROBADO,CONFORME,0.1197,0.1387,TRAIN,,SI,Falta o degradacion de aceite de caja de cambios
F10-L07-0223,Falla en caja robotizada Dualogic / I-Motion / Easytronic (Fiat / VW),TRANSMISION,L2,APROBADO,CONFORME,0.1459,0.154,TRAIN,,NO,
F10-L07-0224,Falla en caja robotizada Dualogic / I-Motion / Easytronic (Fiat / VW),TRANSMISION,L2,APROBADO,CONFORME,0.1219,0.1228,TRAIN,,SI,Disco de embrague desgastado o patinando
F10-L07-0225,Falla en caja robotizada Dualogic / I-Motion / Easytronic (Fiat / VW),TRANSMISION,L2,APROBADO,CONFORME,0.1064,0.1253,TRAIN,,NO,
F10-L07-0226,Falla en caja robotizada Dualogic / I-Motion / Easytronic (Fiat / VW),TRANSMISION,L3,APROBADO,CONFORME,0.1806,0.1293,TRAIN,P0845,SI,Sobrecalentamiento o solenoides en caja automatica CVT / DSG
F10-L07-0227,Falla en caja robotizada Dualogic / I-Motion / Easytronic (Fiat / VW),TRANSMISION,L3,APROBADO,CONFORME,0.1783,0.1043,TRAIN,,SI,Disco de embrague desgastado o patinando
F10-L07-0228,Falla en caja robotizada Dualogic / I-Motion / Easytronic (Fiat / VW),TRANSMISION,L3,APROBADO,CONFORME,0.166,0.1246,TRAIN,P1607,NO,
F10-L07-0229,Falla en caja robotizada Dualogic / I-Motion / Easytronic (Fiat / VW),TRANSMISION,L3,APROBADO,CONFORME,0.2197,0.1291,TRAIN,P0914,SI,Falta o degradacion de aceite de caja de cambios
F10-L07-0230,Falla en caja robotizada Dualogic / I-Motion / Easytronic (Fiat / VW),TRANSMISION,L3,APROBADO,CONFORME,0.2219,0.1311,TRAIN,,SI,Sobrecalentamiento o solenoides en caja automatica CVT / DSG
F10-L07-0231,Falla en caja robotizada Dualogic / I-Motion / Easytronic (Fiat / VW),TRANSMISION,L3,APROBADO,CONFORME,0.201,0.1705,TRAIN,P0942,SI,Falta o degradacion de aceite de caja de cambios
F10-L07-0232,Falla en caja robotizada Dualogic / I-Motion / Easytronic (Fiat / VW),TRANSMISION,L3,APROBADO,CONFORME,0.1192,0.0967,TRAIN,P1773,SI,Falla en bombin o bomba hidraulica de embrague
F10-L07-0233,Falla en caja robotizada Dualogic / I-Motion / Easytronic (Fiat / VW),TRANSMISION,L3,APROBADO,CONFORME,0.2178,0.1402,FIELD_60,P0845,SI,Falta o degradacion de aceite de caja de cambios
F10-L07-0234,Falla en caja robotizada Dualogic / I-Motion / Easytronic (Fiat / VW),TRANSMISION,L3,APROBADO,CONFORME,0.1256,0.1207,TRAIN,,SI,Disco de embrague desgastado o patinando
F10-L07-0235,Falla en caja robotizada Dualogic / I-Motion / Easytronic (Fiat / VW),TRANSMISION,L3,APROBADO,CONFORME,0.1266,0.1238,TRAIN,P0840,SI,Falta o degradacion de aceite de caja de cambios
F10-L07-0236,Falla en caja robotizada Dualogic / I-Motion / Easytronic (Fiat / VW),TRANSMISION,L3,APROBADO,CONFORME,0.1709,0.2208,TRAIN,,NO,
F10-L07-0237,Falla en caja robotizada Dualogic / I-Motion / Easytronic (Fiat / VW),TRANSMISION,L3,APROBADO,CONFORME,0.103,0.0991,TRAIN,,NO,
F10-L07-0238,Falla en caja robotizada Dualogic / I-Motion / Easytronic (Fiat / VW),TRANSMISION,L3,APROBADO,CONFORME,0.1145,0.0925,TRAIN,,NO,
F10-L07-0239,Falla en caja robotizada Dualogic / I-Motion / Easytronic (Fiat / VW),TRANSMISION,L3,APROBADO,CONFORME,0.1054,0.1046,TRAIN,,SI,Desgaste en collarin de empuje o crapodina de embrague
F10-L07-0240,Falla en caja robotizada Dualogic / I-Motion / Easytronic (Fiat / VW),TRANSMISION,L3,APROBADO,CONFORME,0.1422,0.1323,TRAIN,,NO,
F10-L07-0241,Desgaste en collarin de empuje o crapodina de embrague,TRANSMISION,L1,APROBADO,CONFORME,0.6615,0.3918,FIELD_60,,NO,
F10-L07-0242,Desgaste en collarin de empuje o crapodina de embrague,TRANSMISION,L1,APROBADO,CONFORME,0.2567,0.213,TRAIN,,NO,
F10-L07-0243,Desgaste en collarin de empuje o crapodina de embrague,TRANSMISION,L1,APROBADO,CONFORME,0.221,0.209,TRAIN,,NO,
F10-L07-0244,Desgaste en collarin de empuje o crapodina de embrague,TRANSMISION,L1,APROBADO,CONFORME,0.2728,0.2599,TRAIN,,NO,
F10-L07-0245,Desgaste en collarin de empuje o crapodina de embrague,TRANSMISION,L1,APROBADO,CONFORME,0.2065,0.1462,TRAIN,,NO,
F10-L07-0246,Desgaste en collarin de empuje o crapodina de embrague,TRANSMISION,L1,APROBADO,CONFORME,0.2337,0.3571,TRAIN,,NO,
F10-L07-0247,Desgaste en collarin de empuje o crapodina de embrague,TRANSMISION,L1,APROBADO,CONFORME,0.1982,0.1649,TRAIN,,NO,
F10-L07-0248,Desgaste en collarin de empuje o crapodina de embrague,TRANSMISION,L1,APROBADO,CONFORME,0.3264,0.133,TRAIN,,NO,
F10-L07-0249,Desgaste en collarin de empuje o crapodina de embrague,TRANSMISION,L1,APROBADO,CONFORME,0.3079,0.2392,TRAIN,,NO,
F10-L07-0250,Desgaste en collarin de empuje o crapodina de embrague,TRANSMISION,L1,APROBADO,CONFORME,0.2187,0.1342,TRAIN,,NO,
F10-L07-0251,Desgaste en collarin de empuje o crapodina de embrague,TRANSMISION,L2,APROBADO,CONFORME,0.2087,0.2735,DEV_60,,SI,Rodajes de transmision manual o eje primario gastados
F10-L07-0252,Desgaste en collarin de empuje o crapodina de embrague,TRANSMISION,L2,APROBADO,CONFORME,0.1638,0.1544,TRAIN,,SI,Disco de embrague desgastado o patinando
F10-L07-0253,Desgaste en collarin de empuje o crapodina de embrague,TRANSMISION,L2,APROBADO,CONFORME,0.2999,0.1616,TRAIN,,SI,Falla en bombin o bomba hidraulica de embrague
F10-L07-0254,Desgaste en collarin de empuje o crapodina de embrague,TRANSMISION,L2,APROBADO,CONFORME,0.2457,0.1371,TRAIN,,SI,Rodajes de transmision manual o eje primario gastados
F10-L07-0255,Desgaste en collarin de empuje o crapodina de embrague,TRANSMISION,L2,APROBADO,CONFORME,0.211,0.2751,TRAIN,,SI,Disco de embrague desgastado o patinando
F10-L07-0256,Desgaste en collarin de empuje o crapodina de embrague,TRANSMISION,L2,APROBADO,CONFORME,0.105,0.1747,TRAIN,,SI,Disco de embrague desgastado o patinando
F10-L07-0257,Desgaste en collarin de empuje o crapodina de embrague,TRANSMISION,L2,APROBADO,CONFORME,0.1305,0.114,TRAIN,,SI,Falla en bombin o bomba hidraulica de embrague
F10-L07-0258,Desgaste en collarin de empuje o crapodina de embrague,TRANSMISION,L2,APROBADO,CONFORME,0.2394,0.1446,TRAIN,,SI,Rodajes de transmision manual o eje primario gastados
F10-L07-0259,Desgaste en collarin de empuje o crapodina de embrague,TRANSMISION,L2,APROBADO,CONFORME,0.1502,0.1566,TRAIN,,NO,
F10-L07-0260,Desgaste en collarin de empuje o crapodina de embrague,TRANSMISION,L2,APROBADO,CONFORME,0.1778,0.0786,TRAIN,,SI,Rodajes de transmision manual o eje primario gastados
F10-L07-0261,Desgaste en collarin de empuje o crapodina de embrague,TRANSMISION,L2,APROBADO,CONFORME,0.132,0.2226,TRAIN,,SI,Disco de embrague desgastado o patinando
F10-L07-0262,Desgaste en collarin de empuje o crapodina de embrague,TRANSMISION,L2,APROBADO,CONFORME,0.1388,0.1216,TRAIN,,SI,Falla en bombin o bomba hidraulica de embrague
F10-L07-0263,Desgaste en collarin de empuje o crapodina de embrague,TRANSMISION,L2,APROBADO,CONFORME,0.2059,0.1231,TRAIN,,SI,Falta o degradacion de aceite de caja de cambios
F10-L07-0264,Desgaste en collarin de empuje o crapodina de embrague,TRANSMISION,L2,APROBADO,CONFORME,0.1499,0.0917,TRAIN,,SI,Disco de embrague desgastado o patinando
F10-L07-0265,Desgaste en collarin de empuje o crapodina de embrague,TRANSMISION,L2,APROBADO,CONFORME,0.118,0.1245,TRAIN,,NO,
F10-L07-0266,Desgaste en collarin de empuje o crapodina de embrague,TRANSMISION,L3,APROBADO,CONFORME,0.2087,0.1872,TRAIN,,SI,Rodajes de transmision manual o eje primario gastados
F10-L07-0267,Desgaste en collarin de empuje o crapodina de embrague,TRANSMISION,L3,APROBADO,CONFORME,0.1584,0.1304,TRAIN,,SI,Disco de embrague desgastado o patinando
F10-L07-0268,Desgaste en collarin de empuje o crapodina de embrague,TRANSMISION,L3,APROBADO,CONFORME,0.1673,0.1104,TRAIN,,SI,Falla en bombin o bomba hidraulica de embrague
F10-L07-0269,Desgaste en collarin de empuje o crapodina de embrague,TRANSMISION,L3,APROBADO,CONFORME,0.0918,0.1176,TEST_100,,SI,Disco de embrague desgastado o patinando
F10-L07-0270,Desgaste en collarin de empuje o crapodina de embrague,TRANSMISION,L3,APROBADO,CONFORME,0.2214,0.1577,TRAIN,,SI,Rodajes de transmision manual o eje primario gastados
F10-L07-0271,Desgaste en collarin de empuje o crapodina de embrague,TRANSMISION,L3,APROBADO,CONFORME,0.1249,0.1048,TRAIN,,SI,Disco de embrague desgastado o patinando
F10-L07-0272,Desgaste en collarin de empuje o crapodina de embrague,TRANSMISION,L3,APROBADO,CONFORME,0.1801,0.1397,TRAIN,,NO,
F10-L07-0273,Desgaste en collarin de empuje o crapodina de embrague,TRANSMISION,L3,APROBADO,CONFORME,0.1838,0.1185,TRAIN,,SI,Rodajes de transmision manual o eje primario gastados
F10-L07-0274,Desgaste en collarin de empuje o crapodina de embrague,TRANSMISION,L3,APROBADO,CONFORME,0.1414,0.1757,TRAIN,,NO,
F10-L07-0275,Desgaste en collarin de empuje o crapodina de embrague,TRANSMISION,L3,APROBADO,CONFORME,0.2533,0.1721,TRAIN,,SI,Disco de embrague desgastado o patinando
F10-L07-0276,Desgaste en collarin de empuje o crapodina de embrague,TRANSMISION,L3,APROBADO,CONFORME,0.1518,0.1004,TRAIN,,SI,Rodajes de transmision manual o eje primario gastados
F10-L07-0277,Desgaste en collarin de empuje o crapodina de embrague,TRANSMISION,L3,APROBADO,CONFORME,0.1514,0.0973,TRAIN,,SI,Rodajes de transmision manual o eje primario gastados
F10-L07-0278,Desgaste en collarin de empuje o crapodina de embrague,TRANSMISION,L3,APROBADO,CONFORME,0.1378,0.1341,TRAIN,,SI,Disco de embrague desgastado o patinando
F10-L07-0279,Desgaste en collarin de empuje o crapodina de embrague,TRANSMISION,L3,APROBADO,CONFORME,0.1559,0.1198,TRAIN,,SI,Falla en bombin o bomba hidraulica de embrague
F10-L07-0280,Desgaste en collarin de empuje o crapodina de embrague,TRANSMISION,L3,APROBADO,CONFORME,0.2831,0.0898,TRAIN,,SI,Disco de embrague desgastado o patinando
F10-L07-0281,Rodajes de transmision manual o eje primario gastados,TRANSMISION,L1,APROBADO,CONFORME,0.2419,0.3071,TRAIN,,NO,
F10-L07-0282,Rodajes de transmision manual o eje primario gastados,TRANSMISION,L1,APROBADO,CONFORME,0.2328,0.2059,TRAIN,,NO,
F10-L07-0283,Rodajes de transmision manual o eje primario gastados,TRANSMISION,L1,APROBADO,CONFORME,0.3075,0.2433,TRAIN,,NO,
F10-L07-0284,Rodajes de transmision manual o eje primario gastados,TRANSMISION,L1,APROBADO,CONFORME,0.2524,0.2542,TRAIN,,NO,
F10-L07-0285,Rodajes de transmision manual o eje primario gastados,TRANSMISION,L1,APROBADO,CONFORME,0.2662,0.2277,TRAIN,,NO,
F10-L07-0286,Rodajes de transmision manual o eje primario gastados,TRANSMISION,L1,APROBADO,CONFORME,0.2979,0.1337,TRAIN,,NO,
F10-L07-0287,Rodajes de transmision manual o eje primario gastados,TRANSMISION,L1,APROBADO,CONFORME,0.2328,0.2427,TRAIN,,NO,
F10-L07-0288,Rodajes de transmision manual o eje primario gastados,TRANSMISION,L1,APROBADO,CONFORME,0.2419,0.2284,TRAIN,,NO,
F10-L07-0289,Rodajes de transmision manual o eje primario gastados,TRANSMISION,L1,APROBADO,CONFORME,0.2689,0.4623,TRAIN,,NO,
F10-L07-0290,Rodajes de transmision manual o eje primario gastados,TRANSMISION,L1,APROBADO,CONFORME,0.2052,0.2062,TRAIN,,NO,
F10-L07-0291,Rodajes de transmision manual o eje primario gastados,TRANSMISION,L2,APROBADO,CONFORME,0.3075,0.2786,TRAIN,,SI,Desgaste en collarin de empuje o crapodina de embrague
F10-L07-0292,Rodajes de transmision manual o eje primario gastados,TRANSMISION,L2,APROBADO,CONFORME,0.2419,0.2495,TRAIN,,SI,Rodajes de caja mecanica o diferencial gastados
F10-L07-0293,Rodajes de transmision manual o eje primario gastados,TRANSMISION,L2,APROBADO,CONFORME,0.2662,0.1299,TRAIN,,SI,Disco de embrague desgastado o patinando
F10-L07-0294,Rodajes de transmision manual o eje primario gastados,TRANSMISION,L2,APROBADO,CONFORME,0.2026,0.1396,TRAIN,,SI,Rodajes de caja mecanica o diferencial gastados
F10-L07-0295,Rodajes de transmision manual o eje primario gastados,TRANSMISION,L2,APROBADO,CONFORME,0.2123,0.1407,TRAIN,,SI,Falta o degradacion de aceite de caja de cambios
F10-L07-0296,Rodajes de transmision manual o eje primario gastados,TRANSMISION,L2,APROBADO,CONFORME,0.1705,0.187,TRAIN,,NO,
F10-L07-0297,Rodajes de transmision manual o eje primario gastados,TRANSMISION,L2,APROBADO,CONFORME,0.2444,0.1598,TRAIN,,SI,Desgaste en collarin de empuje o crapodina de embrague
F10-L07-0298,Rodajes de transmision manual o eje primario gastados,TRANSMISION,L2,APROBADO,CONFORME,0.2009,0.1642,TRAIN,,SI,Desgaste en collarin de empuje o crapodina de embrague
F10-L07-0299,Rodajes de transmision manual o eje primario gastados,TRANSMISION,L2,APROBADO,CONFORME,0.3077,0.2042,DEV_60,,SI,Disco de embrague desgastado o patinando
F10-L07-0300,Rodajes de transmision manual o eje primario gastados,TRANSMISION,L2,APROBADO,CONFORME,0.1963,0.1528,TRAIN,,SI,Falla en bombin o bomba hidraulica de embrague
F10-L07-0301,Rodajes de transmision manual o eje primario gastados,TRANSMISION,L2,APROBADO,CONFORME,0.2256,0.1766,TRAIN,,SI,Rodamiento de maza o rodaje de rueda picado (zumbido de rodadura)
F10-L07-0302,Rodajes de transmision manual o eje primario gastados,TRANSMISION,L2,APROBADO,CONFORME,0.1598,0.1842,TRAIN,,SI,Desgaste en collarin de empuje o crapodina de embrague
F10-L07-0303,Rodajes de transmision manual o eje primario gastados,TRANSMISION,L2,APROBADO,CONFORME,0.211,0.248,TRAIN,,SI,Falta o degradacion de aceite de caja de cambios
F10-L07-0304,Rodajes de transmision manual o eje primario gastados,TRANSMISION,L2,APROBADO,CONFORME,0.168,0.1492,TRAIN,,SI,Rodajes de caja mecanica o diferencial gastados
F10-L07-0305,Rodajes de transmision manual o eje primario gastados,TRANSMISION,L2,APROBADO,CONFORME,0.1563,0.1402,TRAIN,,NO,
F10-L07-0306,Rodajes de transmision manual o eje primario gastados,TRANSMISION,L3,APROBADO,CONFORME,0.1871,0.1866,TRAIN,,SI,Desgaste en collarin de empuje o crapodina de embrague
F10-L07-0307,Rodajes de transmision manual o eje primario gastados,TRANSMISION,L3,APROBADO,CONFORME,0.2026,0.1226,TRAIN,,SI,Rodajes de caja mecanica o diferencial gastados
F10-L07-0308,Rodajes de transmision manual o eje primario gastados,TRANSMISION,L3,APROBADO,CONFORME,0.1352,0.1113,TRAIN,,SI,Desgaste en collarin de empuje o crapodina de embrague
F10-L07-0309,Rodajes de transmision manual o eje primario gastados,TRANSMISION,L3,APROBADO,CONFORME,0.2256,0.1282,TRAIN,,SI,Rodamiento de maza o rodaje de rueda picado (zumbido de rodadura)
F10-L07-0310,Rodajes de transmision manual o eje primario gastados,TRANSMISION,L3,APROBADO,CONFORME,0.3077,0.2764,TRAIN,,SI,Disco de embrague desgastado o patinando
F10-L07-0311,Rodajes de transmision manual o eje primario gastados,TRANSMISION,L3,APROBADO,CONFORME,0.1963,0.1103,TRAIN,,SI,Falta o degradacion de aceite de caja de cambios
F10-L07-0312,Rodajes de transmision manual o eje primario gastados,TRANSMISION,L3,APROBADO,CONFORME,0.1598,0.1493,TRAIN,,SI,Desgaste en collarin de empuje o crapodina de embrague
F10-L07-0313,Rodajes de transmision manual o eje primario gastados,TRANSMISION,L3,APROBADO,CONFORME,0.1738,0.1335,TRAIN,,SI,Desgaste en collarin de empuje o crapodina de embrague
F10-L07-0314,Rodajes de transmision manual o eje primario gastados,TRANSMISION,L3,APROBADO,CONFORME,0.1316,0.1113,TRAIN,,SI,Rodajes de caja mecanica o diferencial gastados
F10-L07-0315,Rodajes de transmision manual o eje primario gastados,TRANSMISION,L3,APROBADO,CONFORME,0.1117,0.1769,TRAIN,,SI,Desgaste en collarin de empuje o crapodina de embrague
F10-L07-0316,Rodajes de transmision manual o eje primario gastados,TRANSMISION,L3,APROBADO,CONFORME,0.2187,0.095,TRAIN,,SI,Falta o degradacion de aceite de caja de cambios
F10-L07-0317,Rodajes de transmision manual o eje primario gastados,TRANSMISION,L3,APROBADO,CONFORME,0.1817,0.0984,TRAIN,,SI,Rodamiento de maza o rodaje de rueda picado (zumbido de rodadura)
F10-L07-0318,Rodajes de transmision manual o eje primario gastados,TRANSMISION,L3,APROBADO,CONFORME,0.155,0.1195,TRAIN,,SI,Desgaste en collarin de empuje o crapodina de embrague
F10-L07-0319,Rodajes de transmision manual o eje primario gastados,TRANSMISION,L3,APROBADO,CONFORME,0.1384,0.1331,TRAIN,,SI,Disco de embrague desgastado o patinando
F10-L07-0320,Rodajes de transmision manual o eje primario gastados,TRANSMISION,L3,APROBADO,CONFORME,0.2831,0.0904,TRAIN,,SI,Falta o degradacion de aceite de caja de cambios
F10-L08-0001,Amortiguadores reventados o bujes de suspension gastados,SUSPENSION_CHASIS,L1,APROBADO,CONFORME,0.3076,0.357,TRAIN,,NO,
F10-L08-0002,Amortiguadores reventados o bujes de suspension gastados,SUSPENSION_CHASIS,L1,APROBADO,CONFORME,0.154,0.1988,TRAIN,,NO,
F10-L08-0003,Amortiguadores reventados o bujes de suspension gastados,SUSPENSION_CHASIS,L1,APROBADO,CONFORME,0.1979,0.1813,TRAIN,,NO,
F10-L08-0004,Amortiguadores reventados o bujes de suspension gastados,SUSPENSION_CHASIS,L1,APROBADO,CONFORME,0.1857,0.2554,TRAIN,,NO,
F10-L08-0005,Amortiguadores reventados o bujes de suspension gastados,SUSPENSION_CHASIS,L1,APROBADO,CONFORME,0.1705,0.1681,TEST_100,,NO,
F10-L08-0006,Amortiguadores reventados o bujes de suspension gastados,SUSPENSION_CHASIS,L1,APROBADO,CONFORME,0.3264,0.1414,TRAIN,,NO,
F10-L08-0007,Amortiguadores reventados o bujes de suspension gastados,SUSPENSION_CHASIS,L1,APROBADO,CONFORME,0.1603,0.2356,TRAIN,,NO,
F10-L08-0008,Amortiguadores reventados o bujes de suspension gastados,SUSPENSION_CHASIS,L1,APROBADO,CONFORME,0.2613,0.2564,TRAIN,,NO,
F10-L08-0009,Amortiguadores reventados o bujes de suspension gastados,SUSPENSION_CHASIS,L1,APROBADO,CONFORME,0.2902,0.2532,TRAIN,,NO,
F10-L08-0010,Amortiguadores reventados o bujes de suspension gastados,SUSPENSION_CHASIS,L1,APROBADO,CONFORME,0.3018,0.3279,TRAIN,,NO,
F10-L08-0011,Amortiguadores reventados o bujes de suspension gastados,SUSPENSION_CHASIS,L2,APROBADO,CONFORME,0.1996,0.2206,TRAIN,,SI,Llantas desbalanceadas o desalineadas
F10-L08-0012,Amortiguadores reventados o bujes de suspension gastados,SUSPENSION_CHASIS,L2,APROBADO,CONFORME,0.1176,0.27,TEST_100,,SI,Caliper de freno trabado o mordaza pegada (piston agarrotado)
F10-L08-0013,Amortiguadores reventados o bujes de suspension gastados,SUSPENSION_CHASIS,L2,APROBADO,CONFORME,0.1768,0.1616,TRAIN,,SI,Cremallera de direccion asistida con holgura o fuga
F10-L08-0014,Amortiguadores reventados o bujes de suspension gastados,SUSPENSION_CHASIS,L2,APROBADO,CONFORME,0.1427,0.1447,TRAIN,,SI,Discos de freno alabeados o desgastados
F10-L08-0015,Amortiguadores reventados o bujes de suspension gastados,SUSPENSION_CHASIS,L2,APROBADO,CONFORME,0.1857,0.1798,TRAIN,,SI,Rodamiento de maza o rodaje de rueda picado (zumbido de rodadura)
F10-L08-0016,Amortiguadores reventados o bujes de suspension gastados,SUSPENSION_CHASIS,L2,APROBADO,CONFORME,0.1388,0.108,TRAIN,,SI,Juntas homocineticas o palieres danados
F10-L08-0017,Amortiguadores reventados o bujes de suspension gastados,SUSPENSION_CHASIS,L2,APROBADO,CONFORME,0.101,0.1383,FIELD_60,,SI,Cremallera de direccion asistida con holgura o fuga
F10-L08-0018,Amortiguadores reventados o bujes de suspension gastados,SUSPENSION_CHASIS,L2,APROBADO,CONFORME,0.1016,0.2011,TRAIN,,SI,Cremallera de direccion asistida con holgura o fuga
F10-L08-0019,Amortiguadores reventados o bujes de suspension gastados,SUSPENSION_CHASIS,L2,APROBADO,CONFORME,0.2507,0.154,TRAIN,,SI,Llantas desbalanceadas o desalineadas
F10-L08-0020,Amortiguadores reventados o bujes de suspension gastados,SUSPENSION_CHASIS,L2,APROBADO,CONFORME,0.1276,0.1381,DEV_60,,SI,Llantas desbalanceadas o desalineadas
F10-L08-0021,Amortiguadores reventados o bujes de suspension gastados,SUSPENSION_CHASIS,L2,APROBADO,CONFORME,0.1032,0.0996,TRAIN,,SI,Rodamiento de maza o rodaje de rueda picado (zumbido de rodadura)
F10-L08-0022,Amortiguadores reventados o bujes de suspension gastados,SUSPENSION_CHASIS,L2,APROBADO,CONFORME,0.112,0.1197,TEST_100,,NO,
F10-L08-0023,Amortiguadores reventados o bujes de suspension gastados,SUSPENSION_CHASIS,L2,APROBADO,CONFORME,0.08,0.1083,TRAIN,,SI,Falla en sensor de velocidad de rueda ABS
F10-L08-0024,Amortiguadores reventados o bujes de suspension gastados,SUSPENSION_CHASIS,L2,APROBADO,CONFORME,0.1705,0.1358,TRAIN,,SI,Juntas homocineticas o palieres danados
F10-L08-0025,Amortiguadores reventados o bujes de suspension gastados,SUSPENSION_CHASIS,L2,APROBADO,CONFORME,0.1199,0.1462,TRAIN,,SI,Llantas desbalanceadas o desalineadas
F10-L08-0026,Amortiguadores reventados o bujes de suspension gastados,SUSPENSION_CHASIS,L3,APROBADO,CONFORME,0.0935,0.1053,TRAIN,,SI,Caliper de freno trabado o mordaza pegada (piston agarrotado)
F10-L08-0027,Amortiguadores reventados o bujes de suspension gastados,SUSPENSION_CHASIS,L3,APROBADO,CONFORME,0.1031,0.088,TRAIN,,SI,Discos de freno alabeados o desgastados
F10-L08-0028,Amortiguadores reventados o bujes de suspension gastados,SUSPENSION_CHASIS,L3,APROBADO,CONFORME,0.1032,0.1028,TRAIN,,NO,
F10-L08-0029,Amortiguadores reventados o bujes de suspension gastados,SUSPENSION_CHASIS,L3,APROBADO,CONFORME,0.1512,0.0954,TRAIN,,SI,Cremallera de direccion asistida con holgura o fuga
F10-L08-0030,Amortiguadores reventados o bujes de suspension gastados,SUSPENSION_CHASIS,L3,APROBADO,CONFORME,0.2522,0.1593,TRAIN,,SI,Llantas desbalanceadas o desalineadas
F10-L08-0031,Amortiguadores reventados o bujes de suspension gastados,SUSPENSION_CHASIS,L3,APROBADO,CONFORME,0.1394,0.0689,TRAIN,,SI,Cremallera de direccion asistida con holgura o fuga
F10-L08-0032,Amortiguadores reventados o bujes de suspension gastados,SUSPENSION_CHASIS,L3,APROBADO,CONFORME,0.1705,0.0981,TRAIN,,SI,Rodajes de transmision manual o eje primario gastados
F10-L08-0033,Amortiguadores reventados o bujes de suspension gastados,SUSPENSION_CHASIS,L3,APROBADO,CONFORME,0.1673,0.1843,TEST_100,,SI,Llantas desbalanceadas o desalineadas
F10-L08-0034,Amortiguadores reventados o bujes de suspension gastados,SUSPENSION_CHASIS,L3,APROBADO,CONFORME,0.1098,0.0817,TRAIN,,SI,Rodajes de caja mecanica o diferencial gastados
F10-L08-0035,Amortiguadores reventados o bujes de suspension gastados,SUSPENSION_CHASIS,L3,APROBADO,CONFORME,0.0894,0.0785,TRAIN,,SI,Falla en sensor de velocidad de rueda ABS
F10-L08-0036,Amortiguadores reventados o bujes de suspension gastados,SUSPENSION_CHASIS,L3,APROBADO,CONFORME,0.1118,0.13,TRAIN,,SI,Juntas homocineticas o palieres danados
F10-L08-0037,Amortiguadores reventados o bujes de suspension gastados,SUSPENSION_CHASIS,L3,APROBADO,CONFORME,0.073,0.1303,TRAIN,,SI,Juntas homocineticas o palieres danados
F10-L08-0038,Amortiguadores reventados o bujes de suspension gastados,SUSPENSION_CHASIS,L3,APROBADO,CONFORME,0.1815,0.1127,TRAIN,,SI,Rodamiento de maza o rodaje de rueda picado (zumbido de rodadura)
F10-L08-0039,Amortiguadores reventados o bujes de suspension gastados,SUSPENSION_CHASIS,L3,APROBADO,CONFORME,0.1032,0.0899,TRAIN,,NO,
F10-L08-0040,Amortiguadores reventados o bujes de suspension gastados,SUSPENSION_CHASIS,L3,APROBADO,CONFORME,0.1299,0.0524,FIELD_60,,NO,
F10-L08-0041,Juntas homocineticas o palieres danados,SUSPENSION_CHASIS,L1,APROBADO,CONFORME,0.3724,0.3443,DEV_60,,NO,
F10-L08-0042,Juntas homocineticas o palieres danados,SUSPENSION_CHASIS,L1,APROBADO,CONFORME,0.2652,0.326,TRAIN,,NO,
F10-L08-0043,Juntas homocineticas o palieres danados,SUSPENSION_CHASIS,L1,APROBADO,CONFORME,0.2902,0.3142,TRAIN,,NO,
F10-L08-0044,Juntas homocineticas o palieres danados,SUSPENSION_CHASIS,L1,APROBADO,CONFORME,0.1901,0.2156,TRAIN,,NO,
F10-L08-0045,Juntas homocineticas o palieres danados,SUSPENSION_CHASIS,L1,APROBADO,CONFORME,0.2212,0.2324,TRAIN,,NO,
F10-L08-0046,Juntas homocineticas o palieres danados,SUSPENSION_CHASIS,L1,APROBADO,CONFORME,0.2019,0.1858,TRAIN,,NO,
F10-L08-0047,Juntas homocineticas o palieres danados,SUSPENSION_CHASIS,L1,APROBADO,CONFORME,0.2328,0.2028,TRAIN,,NO,
F10-L08-0048,Juntas homocineticas o palieres danados,SUSPENSION_CHASIS,L1,APROBADO,CONFORME,0.1979,0.2783,TRAIN,,NO,
F10-L08-0049,Juntas homocineticas o palieres danados,SUSPENSION_CHASIS,L1,APROBADO,CONFORME,0.1758,0.2294,TRAIN,,NO,
F10-L08-0050,Juntas homocineticas o palieres danados,SUSPENSION_CHASIS,L1,APROBADO,CONFORME,0.2238,0.219,TRAIN,,NO,
F10-L08-0051,Juntas homocineticas o palieres danados,SUSPENSION_CHASIS,L2,APROBADO,CONFORME,0.1841,0.1853,TEST_100,,SI,Rodamiento de maza o rodaje de rueda picado (zumbido de rodadura)
F10-L08-0052,Juntas homocineticas o palieres danados,SUSPENSION_CHASIS,L2,APROBADO,CONFORME,0.1395,0.1394,TRAIN,,SI,Amortiguadores reventados o bujes de suspension gastados
F10-L08-0053,Juntas homocineticas o palieres danados,SUSPENSION_CHASIS,L2,APROBADO,CONFORME,0.4811,0.2725,TRAIN,,SI,Llantas desbalanceadas o desalineadas
F10-L08-0054,Juntas homocineticas o palieres danados,SUSPENSION_CHASIS,L2,APROBADO,CONFORME,0.185,0.2508,G1,,SI,Rodamiento de maza o rodaje de rueda picado (zumbido de rodadura)
F10-L08-0055,Juntas homocineticas o palieres danados,SUSPENSION_CHASIS,L2,APROBADO,CONFORME,0.1433,0.1469,TRAIN,,SI,Rodajes de caja mecanica o diferencial gastados
F10-L08-0056,Juntas homocineticas o palieres danados,SUSPENSION_CHASIS,L2,APROBADO,CONFORME,0.3724,0.2751,DEV_60,,SI,Amortiguadores reventados o bujes de suspension gastados
F10-L08-0057,Juntas homocineticas o palieres danados,SUSPENSION_CHASIS,L2,APROBADO,CONFORME,0.1258,0.1729,TRAIN,,SI,Cremallera de direccion asistida con holgura o fuga
F10-L08-0058,Juntas homocineticas o palieres danados,SUSPENSION_CHASIS,L2,APROBADO,CONFORME,0.1503,0.1374,TRAIN,,SI,Disco de embrague desgastado o patinando
F10-L08-0059,Juntas homocineticas o palieres danados,SUSPENSION_CHASIS,L2,APROBADO,CONFORME,0.1196,0.1736,TRAIN,,SI,Rodajes de caja mecanica o diferencial gastados
F10-L08-0060,Juntas homocineticas o palieres danados,SUSPENSION_CHASIS,L2,APROBADO,CONFORME,0.144,0.1266,TRAIN,,SI,Rodajes de transmision manual o eje primario gastados
F10-L08-0061,Juntas homocineticas o palieres danados,SUSPENSION_CHASIS,L2,APROBADO,CONFORME,0.1807,0.2182,G1,,SI,Discos de freno alabeados o desgastados
F10-L08-0062,Juntas homocineticas o palieres danados,SUSPENSION_CHASIS,L2,APROBADO,CONFORME,0.118,0.1436,TRAIN,,NO,
F10-L08-0063,Juntas homocineticas o palieres danados,SUSPENSION_CHASIS,L2,APROBADO,CONFORME,0.1,0.2544,TRAIN,,SI,Llantas desbalanceadas o desalineadas
F10-L08-0064,Juntas homocineticas o palieres danados,SUSPENSION_CHASIS,L2,APROBADO,CONFORME,0.1584,0.0771,TRAIN,,SI,Caliper de freno trabado o mordaza pegada (piston agarrotado)
F10-L08-0065,Juntas homocineticas o palieres danados,SUSPENSION_CHASIS,L2,APROBADO,CONFORME,0.185,0.2855,TRAIN,,SI,Cremallera de direccion asistida con holgura o fuga
F10-L08-0066,Juntas homocineticas o palieres danados,SUSPENSION_CHASIS,L3,APROBADO,CONFORME,0.1349,0.0854,TRAIN,,SI,Rodamiento de maza o rodaje de rueda picado (zumbido de rodadura)
F10-L08-0067,Juntas homocineticas o palieres danados,SUSPENSION_CHASIS,L3,APROBADO,CONFORME,0.1433,0.1163,TRAIN,,SI,Llantas desbalanceadas o desalineadas
F10-L08-0068,Juntas homocineticas o palieres danados,SUSPENSION_CHASIS,L3,APROBADO,CONFORME,0.1778,0.0557,TRAIN,,SI,Rodajes de caja mecanica o diferencial gastados
F10-L08-0069,Juntas homocineticas o palieres danados,SUSPENSION_CHASIS,L3,APROBADO,CONFORME,0.3202,0.2075,DEV_60,,SI,Llantas desbalanceadas o desalineadas
F10-L08-0070,Juntas homocineticas o palieres danados,SUSPENSION_CHASIS,L3,APROBADO,CONFORME,0.1435,0.0846,TRAIN,,SI,Amortiguadores reventados o bujes de suspension gastados
F10-L08-0071,Juntas homocineticas o palieres danados,SUSPENSION_CHASIS,L3,APROBADO,CONFORME,0.167,0.1745,TRAIN,,SI,Disco de embrague desgastado o patinando
F10-L08-0072,Juntas homocineticas o palieres danados,SUSPENSION_CHASIS,L3,APROBADO,CONFORME,0.2775,0.2021,DEV_60,,SI,Rodajes de transmision manual o eje primario gastados
F10-L08-0073,Juntas homocineticas o palieres danados,SUSPENSION_CHASIS,L3,APROBADO,CONFORME,0.0937,0.1095,TRAIN,,SI,Rodajes de caja mecanica o diferencial gastados
F10-L08-0074,Juntas homocineticas o palieres danados,SUSPENSION_CHASIS,L3,APROBADO,CONFORME,0.118,0.1061,TRAIN,,SI,Caliper de freno trabado o mordaza pegada (piston agarrotado)
F10-L08-0075,Juntas homocineticas o palieres danados,SUSPENSION_CHASIS,L3,APROBADO,CONFORME,0.1196,0.0893,TRAIN,,SI,Rodajes de transmision manual o eje primario gastados
F10-L08-0076,Juntas homocineticas o palieres danados,SUSPENSION_CHASIS,L3,APROBADO,CONFORME,0.122,0.1138,TRAIN,,SI,Llantas desbalanceadas o desalineadas
F10-L08-0077,Juntas homocineticas o palieres danados,SUSPENSION_CHASIS,L3,APROBADO,CONFORME,0.1193,0.0891,TRAIN,,SI,Rodamiento de maza o rodaje de rueda picado (zumbido de rodadura)
F10-L08-0078,Juntas homocineticas o palieres danados,SUSPENSION_CHASIS,L3,APROBADO,CONFORME,0.1053,0.1487,TRAIN,,SI,Falta o degradacion de aceite de caja de cambios
F10-L08-0079,Juntas homocineticas o palieres danados,SUSPENSION_CHASIS,L3,APROBADO,CONFORME,0.0993,0.1266,DEV_60,,SI,Disco de embrague desgastado o patinando
F10-L08-0080,Juntas homocineticas o palieres danados,SUSPENSION_CHASIS,L3,APROBADO,CONFORME,0.1425,0.0888,TRAIN,,SI,Rodajes de caja mecanica o diferencial gastados
F10-L08-0081,Llantas desbalanceadas o desalineadas,SUSPENSION_CHASIS,L1,APROBADO,CONFORME,0.1955,0.2893,TRAIN,,NO,
F10-L08-0082,Llantas desbalanceadas o desalineadas,SUSPENSION_CHASIS,L1,APROBADO,CONFORME,0.1717,0.5697,TRAIN,,NO,
F10-L08-0083,Llantas desbalanceadas o desalineadas,SUSPENSION_CHASIS,L1,APROBADO,CONFORME,0.2656,0.3673,TRAIN,,NO,
F10-L08-0084,Llantas desbalanceadas o desalineadas,SUSPENSION_CHASIS,L1,APROBADO,CONFORME,0.1157,0.1732,TRAIN,,NO,
F10-L08-0085,Llantas desbalanceadas o desalineadas,SUSPENSION_CHASIS,L1,APROBADO,CONFORME,0.1425,0.2248,TRAIN,,NO,
F10-L08-0086,Llantas desbalanceadas o desalineadas,SUSPENSION_CHASIS,L1,APROBADO,CONFORME,0.1491,0.2072,G2,,NO,
F10-L08-0087,Llantas desbalanceadas o desalineadas,SUSPENSION_CHASIS,L1,APROBADO,CONFORME,0.1808,0.3898,TRAIN,,NO,
F10-L08-0088,Llantas desbalanceadas o desalineadas,SUSPENSION_CHASIS,L1,APROBADO,CONFORME,0.1042,0.2603,TRAIN,,NO,
F10-L08-0089,Llantas desbalanceadas o desalineadas,SUSPENSION_CHASIS,L1,APROBADO,CONFORME,0.2049,0.1716,TRAIN,,NO,
F10-L08-0090,Llantas desbalanceadas o desalineadas,SUSPENSION_CHASIS,L1,APROBADO,CONFORME,0.1767,0.1172,TRAIN,,NO,
F10-L08-0091,Llantas desbalanceadas o desalineadas,SUSPENSION_CHASIS,L2,APROBADO,CONFORME,0.1996,0.1857,TRAIN,,SI,Discos de freno alabeados o desgastados
F10-L08-0092,Llantas desbalanceadas o desalineadas,SUSPENSION_CHASIS,L2,APROBADO,CONFORME,0.1565,0.2522,TRAIN,,SI,Caliper de freno trabado o mordaza pegada (piston agarrotado)
F10-L08-0093,Llantas desbalanceadas o desalineadas,SUSPENSION_CHASIS,L2,APROBADO,CONFORME,0.1653,0.1439,TEST_100,,SI,Amortiguadores reventados o bujes de suspension gastados
F10-L08-0094,Llantas desbalanceadas o desalineadas,SUSPENSION_CHASIS,L2,APROBADO,CONFORME,0.1161,0.3031,TRAIN,,SI,Juntas homocineticas o palieres danados
F10-L08-0095,Llantas desbalanceadas o desalineadas,SUSPENSION_CHASIS,L2,APROBADO,CONFORME,0.1416,0.3651,TRAIN,,SI,Rodamiento de maza o rodaje de rueda picado (zumbido de rodadura)
F10-L08-0096,Llantas desbalanceadas o desalineadas,SUSPENSION_CHASIS,L2,APROBADO,CONFORME,0.1714,0.1633,TRAIN,,SI,Amortiguadores reventados o bujes de suspension gastados
F10-L08-0097,Llantas desbalanceadas o desalineadas,SUSPENSION_CHASIS,L2,APROBADO,CONFORME,0.1397,0.1045,TRAIN,,SI,Discos de freno alabeados o desgastados
F10-L08-0098,Llantas desbalanceadas o desalineadas,SUSPENSION_CHASIS,L2,APROBADO,CONFORME,0.1363,0.1061,TRAIN,,SI,Rodamiento de maza o rodaje de rueda picado (zumbido de rodadura)
F10-L08-0099,Llantas desbalanceadas o desalineadas,SUSPENSION_CHASIS,L2,APROBADO,CONFORME,0.121,0.2067,TRAIN,,SI,Cremallera de direccion asistida con holgura o fuga
F10-L08-0100,Llantas desbalanceadas o desalineadas,SUSPENSION_CHASIS,L2,APROBADO,CONFORME,0.2142,0.1439,TEST_100,,SI,Rodamiento de maza o rodaje de rueda picado (zumbido de rodadura)
F10-L08-0101,Llantas desbalanceadas o desalineadas,SUSPENSION_CHASIS,L2,APROBADO,CONFORME,0.1216,0.1741,TRAIN,,SI,Juntas homocineticas o palieres danados
F10-L08-0102,Llantas desbalanceadas o desalineadas,SUSPENSION_CHASIS,L2,APROBADO,CONFORME,0.1816,0.151,TRAIN,,SI,Cremallera de direccion asistida con holgura o fuga
F10-L08-0103,Llantas desbalanceadas o desalineadas,SUSPENSION_CHASIS,L2,APROBADO,CONFORME,0.1701,0.1762,TRAIN,,SI,Amortiguadores reventados o bujes de suspension gastados
F10-L08-0104,Llantas desbalanceadas o desalineadas,SUSPENSION_CHASIS,L2,APROBADO,CONFORME,0.1044,0.1219,TRAIN,,SI,Caliper de freno trabado o mordaza pegada (piston agarrotado)
F10-L08-0105,Llantas desbalanceadas o desalineadas,SUSPENSION_CHASIS,L2,APROBADO,CONFORME,0.1297,0.1454,TRAIN,,NO,
F10-L08-0106,Llantas desbalanceadas o desalineadas,SUSPENSION_CHASIS,L3,APROBADO,CONFORME,0.099,0.1461,TEST_100,,SI,Discos de freno alabeados o desgastados
F10-L08-0107,Llantas desbalanceadas o desalineadas,SUSPENSION_CHASIS,L3,APROBADO,CONFORME,0.1159,0.1751,TRAIN,,SI,Cremallera de direccion asistida con holgura o fuga
F10-L08-0108,Llantas desbalanceadas o desalineadas,SUSPENSION_CHASIS,L3,APROBADO,CONFORME,0.0829,0.0889,TRAIN,,SI,Juntas homocineticas o palieres danados
F10-L08-0109,Llantas desbalanceadas o desalineadas,SUSPENSION_CHASIS,L3,APROBADO,CONFORME,0.1527,0.1356,TRAIN,,SI,Discos de freno alabeados o desgastados
F10-L08-0110,Llantas desbalanceadas o desalineadas,SUSPENSION_CHASIS,L3,APROBADO,CONFORME,0.1714,0.2171,TRAIN,,SI,Amortiguadores reventados o bujes de suspension gastados
F10-L08-0111,Llantas desbalanceadas o desalineadas,SUSPENSION_CHASIS,L3,APROBADO,CONFORME,0.1295,0.1128,TRAIN,,SI,Cremallera de direccion asistida con holgura o fuga
F10-L08-0112,Llantas desbalanceadas o desalineadas,SUSPENSION_CHASIS,L3,APROBADO,CONFORME,0.1389,0.1179,TRAIN,,SI,Discos de freno alabeados o desgastados
F10-L08-0113,Llantas desbalanceadas o desalineadas,SUSPENSION_CHASIS,L3,APROBADO,CONFORME,0.2197,0.2118,TRAIN,,SI,Rodamiento de maza o rodaje de rueda picado (zumbido de rodadura)
F10-L08-0114,Llantas desbalanceadas o desalineadas,SUSPENSION_CHASIS,L3,APROBADO,CONFORME,0.1018,0.1098,TRAIN,,SI,Amortiguadores reventados o bujes de suspension gastados
F10-L08-0115,Llantas desbalanceadas o desalineadas,SUSPENSION_CHASIS,L3,APROBADO,CONFORME,0.1413,0.0784,TRAIN,,SI,Rodamiento de maza o rodaje de rueda picado (zumbido de rodadura)
F10-L08-0116,Llantas desbalanceadas o desalineadas,SUSPENSION_CHASIS,L3,APROBADO,CONFORME,0.0959,0.2213,TRAIN,,SI,Juntas homocineticas o palieres danados
F10-L08-0117,Llantas desbalanceadas o desalineadas,SUSPENSION_CHASIS,L3,APROBADO,CONFORME,0.1021,0.1088,TRAIN,,SI,Cremallera de direccion asistida con holgura o fuga
F10-L08-0118,Llantas desbalanceadas o desalineadas,SUSPENSION_CHASIS,L3,APROBADO,CONFORME,0.094,0.0642,TRAIN,,SI,Discos de freno alabeados o desgastados
F10-L08-0119,Llantas desbalanceadas o desalineadas,SUSPENSION_CHASIS,L3,APROBADO,CONFORME,0.1365,0.0926,G1,,SI,Caliper de freno trabado o mordaza pegada (piston agarrotado)
F10-L08-0120,Llantas desbalanceadas o desalineadas,SUSPENSION_CHASIS,L3,APROBADO,CONFORME,0.1663,0.0978,TRAIN,,SI,Juntas homocineticas o palieres danados
F10-L08-0121,Cremallera de direccion asistida con holgura o fuga,SUSPENSION_CHASIS,L1,APROBADO,CONFORME,0.1338,0.1585,TRAIN,,NO,
F10-L08-0122,Cremallera de direccion asistida con holgura o fuga,SUSPENSION_CHASIS,L1,APROBADO,CONFORME,0.2191,0.143,TRAIN,,NO,
F10-L08-0123,Cremallera de direccion asistida con holgura o fuga,SUSPENSION_CHASIS,L1,APROBADO,CONFORME,0.226,0.2698,TRAIN,,NO,
F10-L08-0124,Cremallera de direccion asistida con holgura o fuga,SUSPENSION_CHASIS,L1,APROBADO,CONFORME,0.3076,0.1909,TRAIN,,NO,
F10-L08-0125,Cremallera de direccion asistida con holgura o fuga,SUSPENSION_CHASIS,L1,APROBADO,CONFORME,0.2979,0.1427,TRAIN,,NO,
F10-L08-0126,Cremallera de direccion asistida con holgura o fuga,SUSPENSION_CHASIS,L1,APROBADO,CONFORME,0.138,0.1181,TRAIN,,NO,
F10-L08-0127,Cremallera de direccion asistida con holgura o fuga,SUSPENSION_CHASIS,L1,APROBADO,CONFORME,0.1609,0.1952,TRAIN,,NO,
F10-L08-0128,Cremallera de direccion asistida con holgura o fuga,SUSPENSION_CHASIS,L1,APROBADO,CONFORME,0.1611,0.2663,TRAIN,,NO,
F10-L08-0129,Cremallera de direccion asistida con holgura o fuga,SUSPENSION_CHASIS,L1,APROBADO,CONFORME,0.2026,0.1932,TRAIN,,NO,
F10-L08-0130,Cremallera de direccion asistida con holgura o fuga,SUSPENSION_CHASIS,L1,APROBADO,CONFORME,0.2215,0.2334,TRAIN,,NO,
F10-L08-0131,Cremallera de direccion asistida con holgura o fuga,SUSPENSION_CHASIS,L2,APROBADO,CONFORME,0.1277,0.3781,TRAIN,,SI,Fuga hidraulica o aire en el sistema de frenos
F10-L08-0132,Cremallera de direccion asistida con holgura o fuga,SUSPENSION_CHASIS,L2,APROBADO,CONFORME,0.1906,0.1647,TRAIN,C1511,SI,Amortiguadores reventados o bujes de suspension gastados
F10-L08-0133,Cremallera de direccion asistida con holgura o fuga,SUSPENSION_CHASIS,L2,APROBADO,CONFORME,0.1768,0.23,TRAIN,,SI,Juntas homocineticas o palieres danados
F10-L08-0134,Cremallera de direccion asistida con holgura o fuga,SUSPENSION_CHASIS,L2,APROBADO,CONFORME,0.151,0.2217,TRAIN,,SI,Llantas desbalanceadas o desalineadas
F10-L08-0135,Cremallera de direccion asistida con holgura o fuga,SUSPENSION_CHASIS,L2,APROBADO,CONFORME,0.1743,0.1414,TRAIN,,SI,Amortiguadores reventados o bujes de suspension gastados
F10-L08-0136,Cremallera de direccion asistida con holgura o fuga,SUSPENSION_CHASIS,L2,APROBADO,CONFORME,0.1756,0.2109,TRAIN,,SI,Llantas desbalanceadas o desalineadas
F10-L08-0137,Cremallera de direccion asistida con holgura o fuga,SUSPENSION_CHASIS,L2,APROBADO,CONFORME,0.0983,0.1639,TRAIN,C1532,SI,Alternador defectuoso o placa de diodos quemada
F10-L08-0138,Cremallera de direccion asistida con holgura o fuga,SUSPENSION_CHASIS,L2,APROBADO,CONFORME,0.1623,0.2,TRAIN,,SI,Falla en bombin o bomba hidraulica de embrague
F10-L08-0139,Cremallera de direccion asistida con holgura o fuga,SUSPENSION_CHASIS,L2,APROBADO,CONFORME,0.1259,0.1463,TRAIN,,SI,Rodamiento de maza o rodaje de rueda picado (zumbido de rodadura)
F10-L08-0140,Cremallera de direccion asistida con holgura o fuga,SUSPENSION_CHASIS,L2,APROBADO,CONFORME,0.1717,0.1696,TRAIN,,SI,Amortiguadores reventados o bujes de suspension gastados
F10-L08-0141,Cremallera de direccion asistida con holgura o fuga,SUSPENSION_CHASIS,L2,APROBADO,CONFORME,0.1269,0.2279,G1,,NO,
F10-L08-0142,Cremallera de direccion asistida con holgura o fuga,SUSPENSION_CHASIS,L2,APROBADO,CONFORME,0.1592,0.2572,TRAIN,,SI,Juntas homocineticas o palieres danados
F10-L08-0143,Cremallera de direccion asistida con holgura o fuga,SUSPENSION_CHASIS,L2,APROBADO,CONFORME,0.2076,0.2155,TRAIN,,SI,Falla en servofreno (booster) o linea de vacio
F10-L08-0144,Cremallera de direccion asistida con holgura o fuga,SUSPENSION_CHASIS,L2,APROBADO,CONFORME,0.1434,0.1617,TRAIN,,SI,Llantas desbalanceadas o desalineadas
F10-L08-0145,Cremallera de direccion asistida con holgura o fuga,SUSPENSION_CHASIS,L2,APROBADO,CONFORME,0.1,0.1358,TRAIN,,SI,Amortiguadores reventados o bujes de suspension gastados
F10-L08-0146,Cremallera de direccion asistida con holgura o fuga,SUSPENSION_CHASIS,L3,APROBADO,CONFORME,0.1277,0.16,TRAIN,,SI,Fuga hidraulica o aire en el sistema de frenos
F10-L08-0147,Cremallera de direccion asistida con holgura o fuga,SUSPENSION_CHASIS,L3,APROBADO,CONFORME,0.1906,0.0862,TRAIN,C1511,SI,Llantas desbalanceadas o desalineadas
F10-L08-0148,Cremallera de direccion asistida con holgura o fuga,SUSPENSION_CHASIS,L3,APROBADO,CONFORME,0.2197,0.1609,TRAIN,,SI,Amortiguadores reventados o bujes de suspension gastados
F10-L08-0149,Cremallera de direccion asistida con holgura o fuga,SUSPENSION_CHASIS,L3,APROBADO,CONFORME,0.1768,0.1207,TRAIN,,SI,Amortiguadores reventados o bujes de suspension gastados
F10-L08-0150,Cremallera de direccion asistida con holgura o fuga,SUSPENSION_CHASIS,L3,APROBADO,CONFORME,0.0898,0.0951,TRAIN,C1521,SI,Bateria descargada o bornes sulfatados
F10-L08-0151,Cremallera de direccion asistida con holgura o fuga,SUSPENSION_CHASIS,L3,APROBADO,CONFORME,0.1717,0.0905,TRAIN,,SI,Juntas homocineticas o palieres danados
F10-L08-0152,Cremallera de direccion asistida con holgura o fuga,SUSPENSION_CHASIS,L3,APROBADO,CONFORME,0.1815,0.1086,TRAIN,,SI,Rodamiento de maza o rodaje de rueda picado (zumbido de rodadura)
F10-L08-0153,Cremallera de direccion asistida con holgura o fuga,SUSPENSION_CHASIS,L3,APROBADO,CONFORME,0.2418,0.1398,TRAIN,,SI,Amortiguadores reventados o bujes de suspension gastados
F10-L08-0154,Cremallera de direccion asistida con holgura o fuga,SUSPENSION_CHASIS,L3,APROBADO,CONFORME,0.1356,0.1009,TRAIN,,NO,
F10-L08-0155,Cremallera de direccion asistida con holgura o fuga,SUSPENSION_CHASIS,L3,APROBADO,CONFORME,0.0896,0.074,TRAIN,,SI,Amortiguadores reventados o bujes de suspension gastados
F10-L08-0156,Cremallera de direccion asistida con holgura o fuga,SUSPENSION_CHASIS,L3,APROBADO,CONFORME,0.1143,0.1247,TEST_100,,SI,Amortiguadores reventados o bujes de suspension gastados
F10-L08-0157,Cremallera de direccion asistida con holgura o fuga,SUSPENSION_CHASIS,L3,APROBADO,CONFORME,0.1329,0.0851,TRAIN,,SI,Falta o degradacion de aceite de caja de cambios
F10-L08-0158,Cremallera de direccion asistida con holgura o fuga,SUSPENSION_CHASIS,L3,APROBADO,CONFORME,0.1147,0.1162,TRAIN,C1512,SI,Falla en sensor de velocidad de rueda ABS
F10-L08-0159,Cremallera de direccion asistida con holgura o fuga,SUSPENSION_CHASIS,L3,APROBADO,CONFORME,0.1114,0.1349,TRAIN,,SI,Rodamiento de maza o rodaje de rueda picado (zumbido de rodadura)
F10-L08-0160,Cremallera de direccion asistida con holgura o fuga,SUSPENSION_CHASIS,L3,APROBADO,CONFORME,0.1816,0.0757,TRAIN,,SI,Llantas desbalanceadas o desalineadas
F10-L08-0161,Rodamiento de maza o rodaje de rueda picado (zumbido de rodadura),SUSPENSION_CHASIS,L1,APROBADO,CONFORME,0.4291,0.284,TRAIN,,NO,
F10-L08-0162,Rodamiento de maza o rodaje de rueda picado (zumbido de rodadura),SUSPENSION_CHASIS,L1,APROBADO,CONFORME,0.1764,0.187,TRAIN,,NO,
F10-L08-0163,Rodamiento de maza o rodaje de rueda picado (zumbido de rodadura),SUSPENSION_CHASIS,L1,APROBADO,CONFORME,0.1785,0.1942,TRAIN,,NO,
F10-L08-0164,Rodamiento de maza o rodaje de rueda picado (zumbido de rodadura),SUSPENSION_CHASIS,L1,APROBADO,CONFORME,0.1365,0.175,TRAIN,,NO,
F10-L08-0165,Rodamiento de maza o rodaje de rueda picado (zumbido de rodadura),SUSPENSION_CHASIS,L1,APROBADO,CONFORME,0.1056,0.1904,TRAIN,,NO,
F10-L08-0166,Rodamiento de maza o rodaje de rueda picado (zumbido de rodadura),SUSPENSION_CHASIS,L1,APROBADO,CONFORME,0.3934,0.2585,TRAIN,,NO,
F10-L08-0167,Rodamiento de maza o rodaje de rueda picado (zumbido de rodadura),SUSPENSION_CHASIS,L1,APROBADO,CONFORME,0.1943,0.178,TRAIN,,NO,
F10-L08-0168,Rodamiento de maza o rodaje de rueda picado (zumbido de rodadura),SUSPENSION_CHASIS,L1,APROBADO,CONFORME,0.1468,0.1051,TRAIN,,NO,
F10-L08-0169,Rodamiento de maza o rodaje de rueda picado (zumbido de rodadura),SUSPENSION_CHASIS,L1,APROBADO,CONFORME,0.187,0.2292,TRAIN,,NO,
F10-L08-0170,Rodamiento de maza o rodaje de rueda picado (zumbido de rodadura),SUSPENSION_CHASIS,L1,APROBADO,CONFORME,0.1668,0.2297,TRAIN,,NO,
F10-L08-0171,Rodamiento de maza o rodaje de rueda picado (zumbido de rodadura),SUSPENSION_CHASIS,L2,APROBADO,CONFORME,0.2078,0.3373,TEST_100,,SI,Rodajes de caja mecanica o diferencial gastados
F10-L08-0172,Rodamiento de maza o rodaje de rueda picado (zumbido de rodadura),SUSPENSION_CHASIS,L2,APROBADO,CONFORME,0.2419,0.1931,TRAIN,,SI,Rodajes de transmision manual o eje primario gastados
F10-L08-0173,Rodamiento de maza o rodaje de rueda picado (zumbido de rodadura),SUSPENSION_CHASIS,L2,APROBADO,CONFORME,0.1045,0.1118,FIELD_60,,SI,Juntas homocineticas o palieres danados
F10-L08-0174,Rodamiento de maza o rodaje de rueda picado (zumbido de rodadura),SUSPENSION_CHASIS,L2,APROBADO,CONFORME,0.14,0.2352,TRAIN,,SI,Llantas desbalanceadas o desalineadas
F10-L08-0175,Rodamiento de maza o rodaje de rueda picado (zumbido de rodadura),SUSPENSION_CHASIS,L2,APROBADO,CONFORME,0.1319,0.1751,TRAIN,,SI,Rodajes de caja mecanica o diferencial gastados
F10-L08-0176,Rodamiento de maza o rodaje de rueda picado (zumbido de rodadura),SUSPENSION_CHASIS,L2,APROBADO,CONFORME,0.1704,0.186,TRAIN,,SI,Amortiguadores reventados o bujes de suspension gastados
F10-L08-0177,Rodamiento de maza o rodaje de rueda picado (zumbido de rodadura),SUSPENSION_CHASIS,L2,APROBADO,CONFORME,0.1149,0.1632,TRAIN,,SI,Llantas desbalanceadas o desalineadas
F10-L08-0178,Rodamiento de maza o rodaje de rueda picado (zumbido de rodadura),SUSPENSION_CHASIS,L2,APROBADO,CONFORME,0.1748,0.245,TRAIN,,SI,Discos de freno alabeados o desgastados
F10-L08-0179,Rodamiento de maza o rodaje de rueda picado (zumbido de rodadura),SUSPENSION_CHASIS,L2,APROBADO,CONFORME,0.187,0.1724,TRAIN,,SI,Caliper de freno trabado o mordaza pegada (piston agarrotado)
F10-L08-0180,Rodamiento de maza o rodaje de rueda picado (zumbido de rodadura),SUSPENSION_CHASIS,L2,APROBADO,CONFORME,0.2078,0.3472,TRAIN,,SI,Cremallera de direccion asistida con holgura o fuga
F10-L08-0181,Rodamiento de maza o rodaje de rueda picado (zumbido de rodadura),SUSPENSION_CHASIS,L2,APROBADO,CONFORME,0.124,0.1412,TRAIN,,SI,Rodajes de transmision manual o eje primario gastados
F10-L08-0182,Rodamiento de maza o rodaje de rueda picado (zumbido de rodadura),SUSPENSION_CHASIS,L2,APROBADO,CONFORME,0.1421,0.2502,TRAIN,,SI,Juntas homocineticas o palieres danados
F10-L08-0183,Rodamiento de maza o rodaje de rueda picado (zumbido de rodadura),SUSPENSION_CHASIS,L2,APROBADO,CONFORME,0.1031,0.1767,TRAIN,,SI,Rodajes de caja mecanica o diferencial gastados
F10-L08-0184,Rodamiento de maza o rodaje de rueda picado (zumbido de rodadura),SUSPENSION_CHASIS,L2,APROBADO,CONFORME,0.1355,0.1448,TRAIN,C0035,SI,Falla en sensor de velocidad de rueda ABS
F10-L08-0185,Rodamiento de maza o rodaje de rueda picado (zumbido de rodadura),SUSPENSION_CHASIS,L2,APROBADO,CONFORME,0.1096,0.2084,TRAIN,,SI,Llantas desbalanceadas o desalineadas
F10-L08-0186,Rodamiento de maza o rodaje de rueda picado (zumbido de rodadura),SUSPENSION_CHASIS,L3,APROBADO,CONFORME,0.1514,0.1226,TRAIN,,SI,Rodajes de caja mecanica o diferencial gastados
F10-L08-0187,Rodamiento de maza o rodaje de rueda picado (zumbido de rodadura),SUSPENSION_CHASIS,L3,APROBADO,CONFORME,0.1386,0.1579,TRAIN,,SI,Juntas homocineticas o palieres danados
F10-L08-0188,Rodamiento de maza o rodaje de rueda picado (zumbido de rodadura),SUSPENSION_CHASIS,L3,APROBADO,CONFORME,0.1482,0.0995,TRAIN,,SI,Caliper de freno trabado o mordaza pegada (piston agarrotado)
F10-L08-0189,Rodamiento de maza o rodaje de rueda picado (zumbido de rodadura),SUSPENSION_CHASIS,L3,APROBADO,CONFORME,0.2059,0.2019,DEV_60,,SI,Rodajes de transmision manual o eje primario gastados
F10-L08-0190,Rodamiento de maza o rodaje de rueda picado (zumbido de rodadura),SUSPENSION_CHASIS,L3,APROBADO,CONFORME,0.1805,0.0687,TEST_100,,SI,Llantas desbalanceadas o desalineadas
F10-L08-0191,Rodamiento de maza o rodaje de rueda picado (zumbido de rodadura),SUSPENSION_CHASIS,L3,APROBADO,CONFORME,0.1381,0.1304,TRAIN,,SI,Rodajes de caja mecanica o diferencial gastados
F10-L08-0192,Rodamiento de maza o rodaje de rueda picado (zumbido de rodadura),SUSPENSION_CHASIS,L3,APROBADO,CONFORME,0.1606,0.0999,TEST_100,,SI,Llantas desbalanceadas o desalineadas
F10-L08-0193,Rodamiento de maza o rodaje de rueda picado (zumbido de rodadura),SUSPENSION_CHASIS,L3,APROBADO,CONFORME,0.1203,0.0853,TRAIN,,SI,Juntas homocineticas o palieres danados
F10-L08-0194,Rodamiento de maza o rodaje de rueda picado (zumbido de rodadura),SUSPENSION_CHASIS,L3,APROBADO,CONFORME,0.2329,0.1374,TRAIN,,SI,Amortiguadores reventados o bujes de suspension gastados
F10-L08-0195,Rodamiento de maza o rodaje de rueda picado (zumbido de rodadura),SUSPENSION_CHASIS,L3,APROBADO,CONFORME,0.1769,0.1514,TRAIN,C0040,SI,Falla en sensor de velocidad de rueda ABS
F10-L08-0196,Rodamiento de maza o rodaje de rueda picado (zumbido de rodadura),SUSPENSION_CHASIS,L3,APROBADO,CONFORME,0.191,0.0645,TRAIN,,SI,Caliper de freno trabado o mordaza pegada (piston agarrotado)
F10-L08-0197,Rodamiento de maza o rodaje de rueda picado (zumbido de rodadura),SUSPENSION_CHASIS,L3,APROBADO,CONFORME,0.1512,0.1306,TRAIN,,SI,Rodajes de caja mecanica o diferencial gastados
F10-L08-0198,Rodamiento de maza o rodaje de rueda picado (zumbido de rodadura),SUSPENSION_CHASIS,L3,APROBADO,CONFORME,0.0937,0.1162,TRAIN,,SI,Fallo en inversor de corriente IGBT o motor electrico (EV)
F10-L08-0199,Rodamiento de maza o rodaje de rueda picado (zumbido de rodadura),SUSPENSION_CHASIS,L3,APROBADO,CONFORME,0.1288,0.095,TRAIN,,SI,Desgaste de pastillas y zapatas de freno
F10-L08-0200,Rodamiento de maza o rodaje de rueda picado (zumbido de rodadura),SUSPENSION_CHASIS,L3,APROBADO,CONFORME,0.1532,0.1244,TRAIN,,SI,Llantas desbalanceadas o desalineadas
F10-L09-0001,Alternador defectuoso o placa de diodos quemada,ELECTRICO,L1,APROBADO,CONFORME,0.166,0.1822,TRAIN,,NO,
F10-L09-0002,Alternador defectuoso o placa de diodos quemada,ELECTRICO,L1,APROBADO,CONFORME,0.1792,0.3261,TRAIN,,NO,
F10-L09-0003,Alternador defectuoso o placa de diodos quemada,ELECTRICO,L1,APROBADO,CONFORME,0.1562,0.202,TRAIN,,NO,
F10-L09-0004,Alternador defectuoso o placa de diodos quemada,ELECTRICO,L1,APROBADO,CONFORME,0.2267,0.3329,TRAIN,,NO,
F10-L09-0005,Alternador defectuoso o placa de diodos quemada,ELECTRICO,L1,APROBADO,CONFORME,0.2121,0.2854,TRAIN,,NO,
F10-L09-0006,Alternador defectuoso o placa de diodos quemada,ELECTRICO,L1,APROBADO,CONFORME,0.1444,0.1491,TRAIN,,NO,
F10-L09-0007,Alternador defectuoso o placa de diodos quemada,ELECTRICO,L1,APROBADO,CONFORME,0.2014,0.2415,TEST_100,,NO,
F10-L09-0008,Alternador defectuoso o placa de diodos quemada,ELECTRICO,L1,APROBADO,CONFORME,0.2317,0.2344,TRAIN,,NO,
F10-L09-0009,Alternador defectuoso o placa de diodos quemada,ELECTRICO,L1,APROBADO,CONFORME,0.2163,0.2688,TEST_100,,NO,
F10-L09-0010,Alternador defectuoso o placa de diodos quemada,ELECTRICO,L1,APROBADO,CONFORME,0.0806,0.1545,TRAIN,,NO,
F10-L09-0011,Alternador defectuoso o placa de diodos quemada,ELECTRICO,L2,APROBADO,CONFORME,0.189,0.3172,TRAIN,,SI,Bateria descargada o bornes sulfatados
F10-L09-0012,Alternador defectuoso o placa de diodos quemada,ELECTRICO,L2,APROBADO,CONFORME,0.1413,0.2175,G2,,SI,Falla en motor de arranque o solenoide defectuoso (clac seco o carbones gastados)
F10-L09-0013,Alternador defectuoso o placa de diodos quemada,ELECTRICO,L2,APROBADO,CONFORME,0.1693,0.143,TRAIN,,SI,Rodajes de transmision manual o eje primario gastados
F10-L09-0014,Alternador defectuoso o placa de diodos quemada,ELECTRICO,L2,APROBADO,CONFORME,0.1479,0.1428,TRAIN,,SI,Fuga parasita de corriente en reposo (consumo nocturno de bateria)
F10-L09-0015,Alternador defectuoso o placa de diodos quemada,ELECTRICO,L2,APROBADO,CONFORME,0.1051,0.2522,TRAIN,,SI,Bateria descargada o bornes sulfatados
F10-L09-0016,Alternador defectuoso o placa de diodos quemada,ELECTRICO,L2,APROBADO,CONFORME,0.2014,0.2068,TRAIN,,SI,Bateria descargada o bornes sulfatados
F10-L09-0017,Alternador defectuoso o placa de diodos quemada,ELECTRICO,L2,APROBADO,CONFORME,0.1851,0.1532,TRAIN,P0620,SI,Falla en motor de arranque o solenoide defectuoso (clac seco o carbones gastados)
F10-L09-0018,Alternador defectuoso o placa de diodos quemada,ELECTRICO,L2,APROBADO,CONFORME,0.099,0.2491,TRAIN,,SI,Fuga parasita de corriente en reposo (consumo nocturno de bateria)
F10-L09-0019,Alternador defectuoso o placa de diodos quemada,ELECTRICO,L2,APROBADO,CONFORME,0.1052,0.1398,TRAIN,,SI,Bateria descargada o bornes sulfatados
F10-L09-0020,Alternador defectuoso o placa de diodos quemada,ELECTRICO,L2,APROBADO,CONFORME,0.1899,0.1882,TRAIN,,SI,Falla en termostato o motoventilador de radiador
F10-L09-0021,Alternador defectuoso o placa de diodos quemada,ELECTRICO,L2,APROBADO,CONFORME,0.2991,0.1792,TRAIN,,SI,Fuga parasita de corriente en reposo (consumo nocturno de bateria)
F10-L09-0022,Alternador defectuoso o placa de diodos quemada,ELECTRICO,L2,APROBADO,CONFORME,0.1388,0.1945,DEV_60,P0562,SI,Bateria descargada o bornes sulfatados
F10-L09-0023,Alternador defectuoso o placa de diodos quemada,ELECTRICO,L2,APROBADO,CONFORME,0.0915,0.0867,TRAIN,,SI,Falla en motor de arranque o solenoide defectuoso (clac seco o carbones gastados)
F10-L09-0024,Alternador defectuoso o placa de diodos quemada,ELECTRICO,L2,APROBADO,CONFORME,0.1798,0.1946,TRAIN,,SI,Bateria descargada o bornes sulfatados
F10-L09-0025,Alternador defectuoso o placa de diodos quemada,ELECTRICO,L2,APROBADO,CONFORME,0.0772,0.3013,TRAIN,,SI,Bateria descargada o bornes sulfatados
F10-L09-0026,Alternador defectuoso o placa de diodos quemada,ELECTRICO,L3,APROBADO,CONFORME,0.0889,0.0916,TRAIN,,SI,Bateria descargada o bornes sulfatados
F10-L09-0027,Alternador defectuoso o placa de diodos quemada,ELECTRICO,L3,APROBADO,CONFORME,0.1496,0.1364,TRAIN,P065B,SI,Bateria descargada o bornes sulfatados
F10-L09-0028,Alternador defectuoso o placa de diodos quemada,ELECTRICO,L3,APROBADO,CONFORME,0.0994,0.0871,TRAIN,,SI,Falla en motor de arranque o solenoide defectuoso (clac seco o carbones gastados)
F10-L09-0029,Alternador defectuoso o placa de diodos quemada,ELECTRICO,L3,APROBADO,CONFORME,0.1837,0.19,G2,,SI,Bateria descargada o bornes sulfatados
F10-L09-0030,Alternador defectuoso o placa de diodos quemada,ELECTRICO,L3,APROBADO,CONFORME,0.1912,0.1022,TRAIN,,SI,Bateria descargada o bornes sulfatados
F10-L09-0031,Alternador defectuoso o placa de diodos quemada,ELECTRICO,L3,APROBADO,CONFORME,0.103,0.1131,FIELD_60,P0563,SI,Bateria descargada o bornes sulfatados
F10-L09-0032,Alternador defectuoso o placa de diodos quemada,ELECTRICO,L3,APROBADO,CONFORME,0.1137,0.1069,TEST_100,,SI,Bateria descargada o bornes sulfatados
F10-L09-0033,Alternador defectuoso o placa de diodos quemada,ELECTRICO,L3,APROBADO,CONFORME,0.0701,0.0879,TRAIN,,SI,Bateria descargada o bornes sulfatados
F10-L09-0034,Alternador defectuoso o placa de diodos quemada,ELECTRICO,L3,APROBADO,CONFORME,0.1521,0.1314,TRAIN,,SI,Fuga parasita de corriente en reposo (consumo nocturno de bateria)
F10-L09-0035,Alternador defectuoso o placa de diodos quemada,ELECTRICO,L3,APROBADO,CONFORME,0.1899,0.0949,TRAIN,,SI,Disco de embrague desgastado o patinando
F10-L09-0036,Alternador defectuoso o placa de diodos quemada,ELECTRICO,L3,APROBADO,CONFORME,0.0864,0.0861,TRAIN,,SI,Falla en termostato o motoventilador de radiador
F10-L09-0037,Alternador defectuoso o placa de diodos quemada,ELECTRICO,L3,APROBADO,CONFORME,0.1771,0.1286,TRAIN,,SI,Falla en servofreno (booster) o linea de vacio
F10-L09-0038,Alternador defectuoso o placa de diodos quemada,ELECTRICO,L3,APROBADO,CONFORME,0.1296,0.154,TRAIN,,SI,Bateria descargada o bornes sulfatados
F10-L09-0039,Alternador defectuoso o placa de diodos quemada,ELECTRICO,L3,APROBADO,CONFORME,0.2164,0.1517,TRAIN,,SI,Fuga parasita de corriente en reposo (consumo nocturno de bateria)
F10-L09-0040,Alternador defectuoso o placa de diodos quemada,ELECTRICO,L3,APROBADO,CONFORME,0.099,0.0994,TRAIN,,SI,Faja o cadena de distribucion destensada o con salto de punto
F10-L09-0041,Bateria descargada o bornes sulfatados,ELECTRICO,L1,APROBADO,CONFORME,0.2981,0.3562,TRAIN,,NO,
F10-L09-0042,Bateria descargada o bornes sulfatados,ELECTRICO,L1,APROBADO,CONFORME,0.1432,0.2835,TRAIN,,NO,
F10-L09-0043,Bateria descargada o bornes sulfatados,ELECTRICO,L1,APROBADO,CONFORME,0.1253,0.1219,TRAIN,,NO,
F10-L09-0044,Bateria descargada o bornes sulfatados,ELECTRICO,L1,APROBADO,CONFORME,0.334,0.2147,TRAIN,,NO,
F10-L09-0045,Bateria descargada o bornes sulfatados,ELECTRICO,L1,APROBADO,CONFORME,0.3054,0.174,TRAIN,,NO,
F10-L09-0046,Bateria descargada o bornes sulfatados,ELECTRICO,L1,APROBADO,CONFORME,0.1234,0.2499,TRAIN,,NO,
F10-L09-0047,Bateria descargada o bornes sulfatados,ELECTRICO,L1,APROBADO,CONFORME,0.114,0.2648,TRAIN,,NO,
F10-L09-0048,Bateria descargada o bornes sulfatados,ELECTRICO,L1,APROBADO,CONFORME,0.1807,0.2725,TRAIN,,NO,
F10-L09-0049,Bateria descargada o bornes sulfatados,ELECTRICO,L1,APROBADO,CONFORME,0.1467,0.174,TRAIN,,NO,
F10-L09-0050,Bateria descargada o bornes sulfatados,ELECTRICO,L1,APROBADO,CONFORME,0.2652,0.2481,TRAIN,,NO,
F10-L09-0051,Bateria descargada o bornes sulfatados,ELECTRICO,L2,APROBADO,CONFORME,0.1383,0.1649,TRAIN,,SI,Falla en motor de arranque o solenoide defectuoso (clac seco o carbones gastados)
F10-L09-0052,Bateria descargada o bornes sulfatados,ELECTRICO,L2,APROBADO,CONFORME,0.155,0.1332,TRAIN,,SI,Alternador defectuoso o placa de diodos quemada
F10-L09-0053,Bateria descargada o bornes sulfatados,ELECTRICO,L2,APROBADO,CONFORME,0.1706,0.1033,TRAIN,,SI,Alternador defectuoso o placa de diodos quemada
F10-L09-0054,Bateria descargada o bornes sulfatados,ELECTRICO,L2,APROBADO,CONFORME,0.0838,0.121,TRAIN,,SI,Fuga parasita de corriente en reposo (consumo nocturno de bateria)
F10-L09-0055,Bateria descargada o bornes sulfatados,ELECTRICO,L2,APROBADO,CONFORME,0.1381,0.1013,TRAIN,,SI,Falla en motor de arranque o solenoide defectuoso (clac seco o carbones gastados)
F10-L09-0056,Bateria descargada o bornes sulfatados,ELECTRICO,L2,APROBADO,CONFORME,0.1048,0.1457,TRAIN,,SI,Alternador defectuoso o placa de diodos quemada
F10-L09-0057,Bateria descargada o bornes sulfatados,ELECTRICO,L2,APROBADO,CONFORME,0.1335,0.1271,TEST_100,,SI,Alternador defectuoso o placa de diodos quemada
F10-L09-0058,Bateria descargada o bornes sulfatados,ELECTRICO,L2,APROBADO,CONFORME,0.1174,0.1993,TRAIN,,SI,Falla en motor de arranque o solenoide defectuoso (clac seco o carbones gastados)
F10-L09-0059,Bateria descargada o bornes sulfatados,ELECTRICO,L2,APROBADO,CONFORME,0.0844,0.0735,G1,,SI,Fuga parasita de corriente en reposo (consumo nocturno de bateria)
F10-L09-0060,Bateria descargada o bornes sulfatados,ELECTRICO,L2,APROBADO,CONFORME,0.1859,0.1007,TRAIN,,SI,Falla en motor de arranque o solenoide defectuoso (clac seco o carbones gastados)
F10-L09-0061,Bateria descargada o bornes sulfatados,ELECTRICO,L2,APROBADO,CONFORME,0.2991,0.1514,TRAIN,,SI,Fuga parasita de corriente en reposo (consumo nocturno de bateria)
F10-L09-0062,Bateria descargada o bornes sulfatados,ELECTRICO,L2,APROBADO,CONFORME,0.0961,0.0854,TRAIN,,SI,Alternador defectuoso o placa de diodos quemada
F10-L09-0063,Bateria descargada o bornes sulfatados,ELECTRICO,L2,APROBADO,CONFORME,0.1122,0.1586,TRAIN,,SI,Falla en motor de arranque o solenoide defectuoso (clac seco o carbones gastados)
F10-L09-0064,Bateria descargada o bornes sulfatados,ELECTRICO,L2,APROBADO,CONFORME,0.1077,0.1066,TRAIN,,SI,Alternador defectuoso o placa de diodos quemada
F10-L09-0065,Bateria descargada o bornes sulfatados,ELECTRICO,L2,APROBADO,CONFORME,0.1164,0.1059,TRAIN,,SI,Falla en motor de arranque o solenoide defectuoso (clac seco o carbones gastados)
F10-L09-0066,Bateria descargada o bornes sulfatados,ELECTRICO,L3,APROBADO,CONFORME,0.0979,0.0899,TRAIN,,SI,Alternador defectuoso o placa de diodos quemada
F10-L09-0067,Bateria descargada o bornes sulfatados,ELECTRICO,L3,APROBADO,CONFORME,0.1603,0.0728,TRAIN,,SI,Falla en motor de arranque o solenoide defectuoso (clac seco o carbones gastados)
F10-L09-0068,Bateria descargada o bornes sulfatados,ELECTRICO,L3,APROBADO,CONFORME,0.1335,0.0633,TRAIN,,SI,Fuga parasita de corriente en reposo (consumo nocturno de bateria)
F10-L09-0069,Bateria descargada o bornes sulfatados,ELECTRICO,L3,APROBADO,CONFORME,0.1549,0.1576,TRAIN,,SI,Alternador defectuoso o placa de diodos quemada
F10-L09-0070,Bateria descargada o bornes sulfatados,ELECTRICO,L3,APROBADO,CONFORME,0.104,0.0862,TRAIN,,SI,Falla en motor de arranque o solenoide defectuoso (clac seco o carbones gastados)
F10-L09-0071,Bateria descargada o bornes sulfatados,ELECTRICO,L3,APROBADO,CONFORME,0.1597,0.1086,TRAIN,,SI,Alternador defectuoso o placa de diodos quemada
F10-L09-0072,Bateria descargada o bornes sulfatados,ELECTRICO,L3,APROBADO,CONFORME,0.1561,0.1223,TRAIN,,SI,Alternador defectuoso o placa de diodos quemada
F10-L09-0073,Bateria descargada o bornes sulfatados,ELECTRICO,L3,APROBADO,CONFORME,0.069,0.0674,TRAIN,,SI,Fuga parasita de corriente en reposo (consumo nocturno de bateria)
F10-L09-0074,Bateria descargada o bornes sulfatados,ELECTRICO,L3,APROBADO,CONFORME,0.1912,0.1441,TRAIN,,SI,Falla en motor de arranque o solenoide defectuoso (clac seco o carbones gastados)
F10-L09-0075,Bateria descargada o bornes sulfatados,ELECTRICO,L3,APROBADO,CONFORME,0.0851,0.1062,TRAIN,,SI,Alternador defectuoso o placa de diodos quemada
F10-L09-0076,Bateria descargada o bornes sulfatados,ELECTRICO,L3,APROBADO,CONFORME,0.1587,0.0925,TRAIN,C1551,SI,Cremallera de direccion asistida con holgura o fuga
F10-L09-0077,Bateria descargada o bornes sulfatados,ELECTRICO,L3,APROBADO,CONFORME,0.1146,0.0588,TRAIN,,SI,Alternador defectuoso o placa de diodos quemada
F10-L09-0078,Bateria descargada o bornes sulfatados,ELECTRICO,L3,APROBADO,CONFORME,0.1381,0.0948,TRAIN,,SI,Falla en motor de arranque o solenoide defectuoso (clac seco o carbones gastados)
F10-L09-0079,Bateria descargada o bornes sulfatados,ELECTRICO,L3,APROBADO,CONFORME,0.1121,0.1232,FIELD_60,,SI,Falla en sensor de posicion de cigueñal (CKP) o arbol de levas (CMP)
F10-L09-0080,Bateria descargada o bornes sulfatados,ELECTRICO,L3,APROBADO,CONFORME,0.1402,0.087,TRAIN,,SI,Falla en motor de arranque o solenoide defectuoso (clac seco o carbones gastados)
F10-L09-0081,Degradacion o falla en paquete de bateria de alto voltaje (EV / Hibridos),ELECTRICO,L1,APROBADO,CONFORME,0.2782,0.3003,TRAIN,,NO,
F10-L09-0082,Degradacion o falla en paquete de bateria de alto voltaje (EV / Hibridos),ELECTRICO,L1,APROBADO,CONFORME,0.1401,0.1778,TRAIN,,NO,
F10-L09-0083,Degradacion o falla en paquete de bateria de alto voltaje (EV / Hibridos),ELECTRICO,L1,APROBADO,CONFORME,0.1401,0.1457,TRAIN,,NO,
F10-L09-0084,Degradacion o falla en paquete de bateria de alto voltaje (EV / Hibridos),ELECTRICO,L1,APROBADO,CONFORME,0.2189,0.2213,TRAIN,,NO,
F10-L09-0085,Degradacion o falla en paquete de bateria de alto voltaje (EV / Hibridos),ELECTRICO,L1,APROBADO,CONFORME,0.1996,0.1911,TRAIN,,NO,
F10-L09-0086,Degradacion o falla en paquete de bateria de alto voltaje (EV / Hibridos),ELECTRICO,L1,APROBADO,CONFORME,0.1652,0.1989,TRAIN,,NO,
F10-L09-0087,Degradacion o falla en paquete de bateria de alto voltaje (EV / Hibridos),ELECTRICO,L1,APROBADO,CONFORME,0.2969,0.1872,TRAIN,,NO,
F10-L09-0088,Degradacion o falla en paquete de bateria de alto voltaje (EV / Hibridos),ELECTRICO,L1,APROBADO,CONFORME,0.219,0.2311,TRAIN,,NO,
F10-L09-0089,Degradacion o falla en paquete de bateria de alto voltaje (EV / Hibridos),ELECTRICO,L1,APROBADO,CONFORME,0.172,0.1773,TRAIN,,NO,
F10-L09-0090,Degradacion o falla en paquete de bateria de alto voltaje (EV / Hibridos),ELECTRICO,L1,APROBADO,CONFORME,0.1746,0.197,TRAIN,,NO,
F10-L09-0091,Degradacion o falla en paquete de bateria de alto voltaje (EV / Hibridos),ELECTRICO,L2,APROBADO,CONFORME,0.1473,0.188,TRAIN,P0A80,SI,Bateria descargada o bornes sulfatados
F10-L09-0092,Degradacion o falla en paquete de bateria de alto voltaje (EV / Hibridos),ELECTRICO,L2,APROBADO,CONFORME,0.1859,0.1338,TRAIN,,SI,Bateria descargada o bornes sulfatados
F10-L09-0093,Degradacion o falla en paquete de bateria de alto voltaje (EV / Hibridos),ELECTRICO,L2,APROBADO,CONFORME,0.1643,0.2538,TRAIN,,SI,Fallo en inversor de corriente IGBT o motor electrico (EV)
F10-L09-0094,Degradacion o falla en paquete de bateria de alto voltaje (EV / Hibridos),ELECTRICO,L2,APROBADO,CONFORME,0.1371,0.1209,TRAIN,P0A7F,SI,Foco o falla en sistema de refrigeracion de bateria/inversor (EV)
F10-L09-0095,Degradacion o falla en paquete de bateria de alto voltaje (EV / Hibridos),ELECTRICO,L2,APROBADO,CONFORME,0.1597,0.1182,TRAIN,,SI,Fallo en inversor de corriente IGBT o motor electrico (EV)
F10-L09-0096,Degradacion o falla en paquete de bateria de alto voltaje (EV / Hibridos),ELECTRICO,L2,APROBADO,CONFORME,0.1075,0.1362,TRAIN,,SI,Bateria descargada o bornes sulfatados
F10-L09-0097,Degradacion o falla en paquete de bateria de alto voltaje (EV / Hibridos),ELECTRICO,L2,APROBADO,CONFORME,0.1204,0.124,TRAIN,,SI,Foco o falla en sistema de refrigeracion de bateria/inversor (EV)
F10-L09-0098,Degradacion o falla en paquete de bateria de alto voltaje (EV / Hibridos),ELECTRICO,L2,APROBADO,CONFORME,0.0777,0.1993,TRAIN,,SI,Fallo en inversor de corriente IGBT o motor electrico (EV)
F10-L09-0099,Degradacion o falla en paquete de bateria de alto voltaje (EV / Hibridos),ELECTRICO,L2,APROBADO,CONFORME,0.1383,0.1594,TRAIN,,SI,Falla en sistema de frenado regenerativo (EV / Hibridos)
F10-L09-0100,Degradacion o falla en paquete de bateria de alto voltaje (EV / Hibridos),ELECTRICO,L2,APROBADO,CONFORME,0.1473,0.1189,TRAIN,P0A7E,SI,Foco o falla en sistema de refrigeracion de bateria/inversor (EV)
F10-L09-0101,Degradacion o falla en paquete de bateria de alto voltaje (EV / Hibridos),ELECTRICO,L2,APROBADO,CONFORME,0.2137,0.1372,TRAIN,,SI,Inyectores sucios o filtro de combustible obstruido
F10-L09-0102,Degradacion o falla en paquete de bateria de alto voltaje (EV / Hibridos),ELECTRICO,L2,APROBADO,CONFORME,0.113,0.1482,TRAIN,,SI,Fallo en inversor de corriente IGBT o motor electrico (EV)
F10-L09-0103,Degradacion o falla en paquete de bateria de alto voltaje (EV / Hibridos),ELECTRICO,L2,APROBADO,CONFORME,0.1978,0.1113,TRAIN,,NO,
F10-L09-0104,Degradacion o falla en paquete de bateria de alto voltaje (EV / Hibridos),ELECTRICO,L2,APROBADO,CONFORME,0.1099,0.1169,TRAIN,,SI,Fallo en inversor de corriente IGBT o motor electrico (EV)
F10-L09-0105,Degradacion o falla en paquete de bateria de alto voltaje (EV / Hibridos),ELECTRICO,L2,APROBADO,CONFORME,0.1413,0.1528,TRAIN,,SI,Fallo en inversor de corriente IGBT o motor electrico (EV)
F10-L09-0106,Degradacion o falla en paquete de bateria de alto voltaje (EV / Hibridos),ELECTRICO,L3,APROBADO,CONFORME,0.1464,0.0838,TRAIN,P0A80,SI,Foco o falla en sistema de refrigeracion de bateria/inversor (EV)
F10-L09-0107,Degradacion o falla en paquete de bateria de alto voltaje (EV / Hibridos),ELECTRICO,L3,APROBADO,CONFORME,0.1978,0.0854,TRAIN,,SI,Bateria descargada o bornes sulfatados
F10-L09-0108,Degradacion o falla en paquete de bateria de alto voltaje (EV / Hibridos),ELECTRICO,L3,APROBADO,CONFORME,0.1078,0.1037,TRAIN,P0A7F,SI,Foco o falla en sistema de refrigeracion de bateria/inversor (EV)
F10-L09-0109,Degradacion o falla en paquete de bateria de alto voltaje (EV / Hibridos),ELECTRICO,L3,APROBADO,CONFORME,0.1861,0.149,TRAIN,,SI,Bateria descargada o bornes sulfatados
F10-L09-0110,Degradacion o falla en paquete de bateria de alto voltaje (EV / Hibridos),ELECTRICO,L3,APROBADO,CONFORME,0.196,0.1156,TRAIN,,SI,Fallo en inversor de corriente IGBT o motor electrico (EV)
F10-L09-0111,Degradacion o falla en paquete de bateria de alto voltaje (EV / Hibridos),ELECTRICO,L3,APROBADO,CONFORME,0.0974,0.1007,TRAIN,P0B3C,SI,Fallo en inversor de corriente IGBT o motor electrico (EV)
F10-L09-0112,Degradacion o falla en paquete de bateria de alto voltaje (EV / Hibridos),ELECTRICO,L3,APROBADO,CONFORME,0.1174,0.142,TRAIN,P0A80,SI,Fallo en inversor de corriente IGBT o motor electrico (EV)
F10-L09-0113,Degradacion o falla en paquete de bateria de alto voltaje (EV / Hibridos),ELECTRICO,L3,APROBADO,CONFORME,0.0611,0.0496,TRAIN,,SI,Fallo en inversor de corriente IGBT o motor electrico (EV)
F10-L09-0114,Degradacion o falla en paquete de bateria de alto voltaje (EV / Hibridos),ELECTRICO,L3,APROBADO,CONFORME,0.1448,0.1234,TRAIN,P0A6B,SI,Bateria descargada o bornes sulfatados
F10-L09-0115,Degradacion o falla en paquete de bateria de alto voltaje (EV / Hibridos),ELECTRICO,L3,APROBADO,CONFORME,0.1218,0.0726,TRAIN,,SI,Bateria descargada o bornes sulfatados
F10-L09-0116,Degradacion o falla en paquete de bateria de alto voltaje (EV / Hibridos),ELECTRICO,L3,APROBADO,CONFORME,0.1007,0.1406,TRAIN,P0AA6,SI,Fallo en inversor de corriente IGBT o motor electrico (EV)
F10-L09-0117,Degradacion o falla en paquete de bateria de alto voltaje (EV / Hibridos),ELECTRICO,L3,APROBADO,CONFORME,0.0814,0.0833,TRAIN,,SI,Foco o falla en sistema de refrigeracion de bateria/inversor (EV)
F10-L09-0118,Degradacion o falla en paquete de bateria de alto voltaje (EV / Hibridos),ELECTRICO,L3,APROBADO,CONFORME,0.1156,0.0965,TRAIN,P0B24,SI,Fallo en inversor de corriente IGBT o motor electrico (EV)
F10-L09-0119,Degradacion o falla en paquete de bateria de alto voltaje (EV / Hibridos),ELECTRICO,L3,APROBADO,CONFORME,0.1047,0.1423,TRAIN,,SI,Fallo en inversor de corriente IGBT o motor electrico (EV)
F10-L09-0120,Degradacion o falla en paquete de bateria de alto voltaje (EV / Hibridos),ELECTRICO,L3,APROBADO,CONFORME,0.0786,0.0715,TRAIN,,SI,Fallo en inversor de corriente IGBT o motor electrico (EV)
F10-L09-0121,Fallo en inversor de corriente IGBT o motor electrico (EV),ELECTRICO,L1,APROBADO,CONFORME,0.3189,0.148,TRAIN,,NO,
F10-L09-0122,Fallo en inversor de corriente IGBT o motor electrico (EV),ELECTRICO,L1,APROBADO,CONFORME,0.4374,0.1624,TRAIN,,NO,
F10-L09-0123,Fallo en inversor de corriente IGBT o motor electrico (EV),ELECTRICO,L1,APROBADO,CONFORME,0.1466,0.1743,TRAIN,,NO,
F10-L09-0124,Fallo en inversor de corriente IGBT o motor electrico (EV),ELECTRICO,L1,APROBADO,CONFORME,0.1666,0.2857,TRAIN,,NO,
F10-L09-0125,Fallo en inversor de corriente IGBT o motor electrico (EV),ELECTRICO,L1,APROBADO,CONFORME,0.1616,0.1904,G2,,NO,
F10-L09-0126,Fallo en inversor de corriente IGBT o motor electrico (EV),ELECTRICO,L1,APROBADO,CONFORME,0.3305,0.2795,TRAIN,,NO,
F10-L09-0127,Fallo en inversor de corriente IGBT o motor electrico (EV),ELECTRICO,L1,APROBADO,CONFORME,0.2883,0.1806,TRAIN,,NO,
F10-L09-0128,Fallo en inversor de corriente IGBT o motor electrico (EV),ELECTRICO,L1,APROBADO,CONFORME,0.405,0.2485,TRAIN,,NO,
F10-L09-0129,Fallo en inversor de corriente IGBT o motor electrico (EV),ELECTRICO,L1,APROBADO,CONFORME,0.2011,0.357,TRAIN,,NO,
F10-L09-0130,Fallo en inversor de corriente IGBT o motor electrico (EV),ELECTRICO,L1,APROBADO,CONFORME,0.2552,0.1703,TRAIN,,NO,
F10-L09-0131,Fallo en inversor de corriente IGBT o motor electrico (EV),ELECTRICO,L2,APROBADO,CONFORME,0.1094,0.21,TRAIN,,SI,Degradacion o falla en paquete de bateria de alto voltaje (EV / Hibridos)
F10-L09-0132,Fallo en inversor de corriente IGBT o motor electrico (EV),ELECTRICO,L2,APROBADO,CONFORME,0.141,0.1133,TRAIN,,NO,
F10-L09-0133,Fallo en inversor de corriente IGBT o motor electrico (EV),ELECTRICO,L2,APROBADO,CONFORME,0.1161,0.1345,TRAIN,,SI,Falla en sistema de frenado regenerativo (EV / Hibridos)
F10-L09-0134,Fallo en inversor de corriente IGBT o motor electrico (EV),ELECTRICO,L2,APROBADO,CONFORME,0.1003,0.1419,TRAIN,,SI,Bateria descargada o bornes sulfatados
F10-L09-0135,Fallo en inversor de corriente IGBT o motor electrico (EV),ELECTRICO,L2,APROBADO,CONFORME,0.1294,0.1444,TRAIN,,SI,Foco o falla en sistema de refrigeracion de bateria/inversor (EV)
F10-L09-0136,Fallo en inversor de corriente IGBT o motor electrico (EV),ELECTRICO,L2,APROBADO,CONFORME,0.1747,0.1552,TRAIN,P0A78,NO,
F10-L09-0137,Fallo en inversor de corriente IGBT o motor electrico (EV),ELECTRICO,L2,APROBADO,CONFORME,0.1439,0.2105,TRAIN,P0A94,NO,
F10-L09-0138,Fallo en inversor de corriente IGBT o motor electrico (EV),ELECTRICO,L2,APROBADO,CONFORME,0.2011,0.1474,TRAIN,,NO,
F10-L09-0139,Fallo en inversor de corriente IGBT o motor electrico (EV),ELECTRICO,L2,APROBADO,CONFORME,0.1024,0.1383,TRAIN,,SI,Foco o falla en sistema de refrigeracion de bateria/inversor (EV)
F10-L09-0140,Fallo en inversor de corriente IGBT o motor electrico (EV),ELECTRICO,L2,APROBADO,CONFORME,0.1339,0.2059,TRAIN,,SI,Degradacion o falla en paquete de bateria de alto voltaje (EV / Hibridos)
F10-L09-0141,Fallo en inversor de corriente IGBT o motor electrico (EV),ELECTRICO,L2,APROBADO,CONFORME,0.1223,0.1718,TRAIN,P0A1B,NO,
F10-L09-0142,Fallo en inversor de corriente IGBT o motor electrico (EV),ELECTRICO,L2,APROBADO,CONFORME,0.1091,0.1504,TRAIN,,NO,
F10-L09-0143,Fallo en inversor de corriente IGBT o motor electrico (EV),ELECTRICO,L2,APROBADO,CONFORME,0.1167,0.1414,TRAIN,P0A79,SI,Degradacion o falla en paquete de bateria de alto voltaje (EV / Hibridos)
F10-L09-0144,Fallo en inversor de corriente IGBT o motor electrico (EV),ELECTRICO,L2,APROBADO,CONFORME,0.1341,0.1992,DEV_60,,SI,Falla en sistema de frenado regenerativo (EV / Hibridos)
F10-L09-0145,Fallo en inversor de corriente IGBT o motor electrico (EV),ELECTRICO,L2,APROBADO,CONFORME,0.1118,0.1582,TRAIN,,NO,
F10-L09-0146,Fallo en inversor de corriente IGBT o motor electrico (EV),ELECTRICO,L3,APROBADO,CONFORME,0.262,0.1484,TRAIN,P0AA6,SI,Degradacion o falla en paquete de bateria de alto voltaje (EV / Hibridos)
F10-L09-0147,Fallo en inversor de corriente IGBT o motor electrico (EV),ELECTRICO,L3,APROBADO,CONFORME,0.1857,0.0988,TRAIN,P0A78,NO,
F10-L09-0148,Fallo en inversor de corriente IGBT o motor electrico (EV),ELECTRICO,L3,APROBADO,CONFORME,0.1137,0.0919,TRAIN,,NO,
F10-L09-0149,Fallo en inversor de corriente IGBT o motor electrico (EV),ELECTRICO,L3,APROBADO,CONFORME,0.0858,0.0915,TRAIN,P0A79,NO,
F10-L09-0150,Fallo en inversor de corriente IGBT o motor electrico (EV),ELECTRICO,L3,APROBADO,CONFORME,0.1144,0.1112,TRAIN,P0AA6,SI,Degradacion o falla en paquete de bateria de alto voltaje (EV / Hibridos)
F10-L09-0151,Fallo en inversor de corriente IGBT o motor electrico (EV),ELECTRICO,L3,APROBADO,CONFORME,0.1462,0.186,TRAIN,P0A94,SI,Foco o falla en sistema de refrigeracion de bateria/inversor (EV)
F10-L09-0152,Fallo en inversor de corriente IGBT o motor electrico (EV),ELECTRICO,L3,APROBADO,CONFORME,0.1346,0.069,TRAIN,,NO,
F10-L09-0153,Fallo en inversor de corriente IGBT o motor electrico (EV),ELECTRICO,L3,APROBADO,CONFORME,0.0796,0.0863,TRAIN,,SI,Degradacion o falla en paquete de bateria de alto voltaje (EV / Hibridos)
F10-L09-0154,Fallo en inversor de corriente IGBT o motor electrico (EV),ELECTRICO,L3,APROBADO,CONFORME,0.1149,0.0878,TRAIN,P0A78,SI,Foco o falla en sistema de refrigeracion de bateria/inversor (EV)
F10-L09-0155,Fallo en inversor de corriente IGBT o motor electrico (EV),ELECTRICO,L3,APROBADO,CONFORME,0.1143,0.0782,TRAIN,,NO,
F10-L09-0156,Fallo en inversor de corriente IGBT o motor electrico (EV),ELECTRICO,L3,APROBADO,CONFORME,0.0816,0.1319,TRAIN,,SI,Degradacion o falla en paquete de bateria de alto voltaje (EV / Hibridos)
F10-L09-0157,Fallo en inversor de corriente IGBT o motor electrico (EV),ELECTRICO,L3,APROBADO,CONFORME,0.1857,0.0678,TRAIN,,NO,
F10-L09-0158,Fallo en inversor de corriente IGBT o motor electrico (EV),ELECTRICO,L3,APROBADO,CONFORME,0.262,0.1561,TRAIN,"P0AA6, P0A1B",NO,
F10-L09-0159,Fallo en inversor de corriente IGBT o motor electrico (EV),ELECTRICO,L3,APROBADO,CONFORME,0.092,0.0816,G1,,SI,Falla en sistema de frenado regenerativo (EV / Hibridos)
F10-L09-0160,Fallo en inversor de corriente IGBT o motor electrico (EV),ELECTRICO,L3,APROBADO,CONFORME,0.0901,0.1398,TRAIN,,NO,
F10-L09-0161,Foco o falla en sistema de refrigeracion de bateria/inversor (EV),ELECTRICO,L1,APROBADO,CONFORME,0.2712,0.4134,TRAIN,,NO,
F10-L09-0162,Foco o falla en sistema de refrigeracion de bateria/inversor (EV),ELECTRICO,L1,APROBADO,CONFORME,0.2042,0.1672,TRAIN,,NO,
F10-L09-0163,Foco o falla en sistema de refrigeracion de bateria/inversor (EV),ELECTRICO,L1,APROBADO,CONFORME,0.2318,0.2529,TRAIN,,NO,
F10-L09-0164,Foco o falla en sistema de refrigeracion de bateria/inversor (EV),ELECTRICO,L1,APROBADO,CONFORME,0.1597,0.2091,TRAIN,,NO,
F10-L09-0165,Foco o falla en sistema de refrigeracion de bateria/inversor (EV),ELECTRICO,L1,APROBADO,CONFORME,0.189,0.3202,TRAIN,,NO,
F10-L09-0166,Foco o falla en sistema de refrigeracion de bateria/inversor (EV),ELECTRICO,L1,APROBADO,CONFORME,0.3102,0.1365,TRAIN,,NO,
F10-L09-0167,Foco o falla en sistema de refrigeracion de bateria/inversor (EV),ELECTRICO,L1,APROBADO,CONFORME,0.1592,0.1518,TRAIN,,NO,
F10-L09-0168,Foco o falla en sistema de refrigeracion de bateria/inversor (EV),ELECTRICO,L1,APROBADO,CONFORME,0.2222,0.2688,TRAIN,,NO,
F10-L09-0169,Foco o falla en sistema de refrigeracion de bateria/inversor (EV),ELECTRICO,L1,APROBADO,CONFORME,0.1864,0.1743,TRAIN,,NO,
F10-L09-0170,Foco o falla en sistema de refrigeracion de bateria/inversor (EV),ELECTRICO,L1,APROBADO,CONFORME,0.2318,0.3446,TRAIN,,NO,
F10-L09-0171,Foco o falla en sistema de refrigeracion de bateria/inversor (EV),ELECTRICO,L2,APROBADO,CONFORME,0.1118,0.1592,TRAIN,,SI,Degradacion o falla en paquete de bateria de alto voltaje (EV / Hibridos)
F10-L09-0172,Foco o falla en sistema de refrigeracion de bateria/inversor (EV),ELECTRICO,L2,APROBADO,CONFORME,0.1247,0.1736,TRAIN,,SI,Fallo en inversor de corriente IGBT o motor electrico (EV)
F10-L09-0173,Foco o falla en sistema de refrigeracion de bateria/inversor (EV),ELECTRICO,L2,APROBADO,CONFORME,0.1923,0.2972,TRAIN,P0A93,NO,
F10-L09-0174,Foco o falla en sistema de refrigeracion de bateria/inversor (EV),ELECTRICO,L2,APROBADO,CONFORME,0.138,0.2072,TRAIN,,SI,Degradacion o falla en paquete de bateria de alto voltaje (EV / Hibridos)
F10-L09-0175,Foco o falla en sistema de refrigeracion de bateria/inversor (EV),ELECTRICO,L2,APROBADO,CONFORME,0.2461,0.1506,TRAIN,,SI,Fallo en inversor de corriente IGBT o motor electrico (EV)
F10-L09-0176,Foco o falla en sistema de refrigeracion de bateria/inversor (EV),ELECTRICO,L2,APROBADO,CONFORME,0.2134,0.2424,TRAIN,P0A82,NO,
F10-L09-0177,Foco o falla en sistema de refrigeracion de bateria/inversor (EV),ELECTRICO,L2,APROBADO,CONFORME,0.1793,0.1059,TRAIN,,SI,Degradacion o falla en paquete de bateria de alto voltaje (EV / Hibridos)
F10-L09-0178,Foco o falla en sistema de refrigeracion de bateria/inversor (EV),ELECTRICO,L2,APROBADO,CONFORME,0.1376,0.3161,TRAIN,,NO,
F10-L09-0179,Foco o falla en sistema de refrigeracion de bateria/inversor (EV),ELECTRICO,L2,APROBADO,CONFORME,0.1564,0.164,TRAIN,,SI,Falla en sistema de frenado regenerativo (EV / Hibridos)
F10-L09-0180,Foco o falla en sistema de refrigeracion de bateria/inversor (EV),ELECTRICO,L2,APROBADO,CONFORME,0.1181,0.2174,TRAIN,,NO,
F10-L09-0181,Foco o falla en sistema de refrigeracion de bateria/inversor (EV),ELECTRICO,L2,APROBADO,CONFORME,0.1014,0.0966,TRAIN,P0A93,SI,Fallo en inversor de corriente IGBT o motor electrico (EV)
F10-L09-0182,Foco o falla en sistema de refrigeracion de bateria/inversor (EV),ELECTRICO,L2,APROBADO,CONFORME,0.1175,0.4051,TRAIN,,NO,
F10-L09-0183,Foco o falla en sistema de refrigeracion de bateria/inversor (EV),ELECTRICO,L2,APROBADO,CONFORME,0.1047,0.1663,TRAIN,,SI,Degradacion o falla en paquete de bateria de alto voltaje (EV / Hibridos)
F10-L09-0184,Foco o falla en sistema de refrigeracion de bateria/inversor (EV),ELECTRICO,L2,APROBADO,CONFORME,0.1242,0.3004,TRAIN,,NO,
F10-L09-0185,Foco o falla en sistema de refrigeracion de bateria/inversor (EV),ELECTRICO,L2,APROBADO,CONFORME,0.1182,0.1231,TRAIN,,SI,Degradacion o falla en paquete de bateria de alto voltaje (EV / Hibridos)
F10-L09-0186,Foco o falla en sistema de refrigeracion de bateria/inversor (EV),ELECTRICO,L3,APROBADO,CONFORME,0.1216,0.1452,TRAIN,P0A93,SI,Fallo en inversor de corriente IGBT o motor electrico (EV)
F10-L09-0187,Foco o falla en sistema de refrigeracion de bateria/inversor (EV),ELECTRICO,L3,APROBADO,CONFORME,0.1195,0.0935,TRAIN,P0A82,SI,Degradacion o falla en paquete de bateria de alto voltaje (EV / Hibridos)
F10-L09-0188,Foco o falla en sistema de refrigeracion de bateria/inversor (EV),ELECTRICO,L3,APROBADO,CONFORME,0.1374,0.1177,TRAIN,,NO,
F10-L09-0189,Foco o falla en sistema de refrigeracion de bateria/inversor (EV),ELECTRICO,L3,APROBADO,CONFORME,0.1006,0.1144,G1,,SI,Degradacion o falla en paquete de bateria de alto voltaje (EV / Hibridos)
F10-L09-0190,Foco o falla en sistema de refrigeracion de bateria/inversor (EV),ELECTRICO,L3,APROBADO,CONFORME,0.0925,0.1104,TRAIN,P0A93,SI,Fallo en inversor de corriente IGBT o motor electrico (EV)
F10-L09-0191,Foco o falla en sistema de refrigeracion de bateria/inversor (EV),ELECTRICO,L3,APROBADO,CONFORME,0.1125,0.1463,TRAIN,,SI,Degradacion o falla en paquete de bateria de alto voltaje (EV / Hibridos)
F10-L09-0192,Foco o falla en sistema de refrigeracion de bateria/inversor (EV),ELECTRICO,L3,APROBADO,CONFORME,0.1268,0.155,TRAIN,P0A82,NO,
F10-L09-0193,Foco o falla en sistema de refrigeracion de bateria/inversor (EV),ELECTRICO,L3,APROBADO,CONFORME,0.1286,0.1258,TRAIN,,NO,
F10-L09-0194,Foco o falla en sistema de refrigeracion de bateria/inversor (EV),ELECTRICO,L3,APROBADO,CONFORME,0.1793,0.0999,TRAIN,,SI,Degradacion o falla en paquete de bateria de alto voltaje (EV / Hibridos)
F10-L09-0195,Foco o falla en sistema de refrigeracion de bateria/inversor (EV),ELECTRICO,L3,APROBADO,CONFORME,0.1216,0.1547,TRAIN,P0A93,SI,Fallo en inversor de corriente IGBT o motor electrico (EV)
F10-L09-0196,Foco o falla en sistema de refrigeracion de bateria/inversor (EV),ELECTRICO,L3,APROBADO,CONFORME,0.1018,0.1175,TRAIN,,NO,
F10-L09-0197,Foco o falla en sistema de refrigeracion de bateria/inversor (EV),ELECTRICO,L3,APROBADO,CONFORME,0.0823,0.1702,TRAIN,,SI,Degradacion o falla en paquete de bateria de alto voltaje (EV / Hibridos)
F10-L09-0198,Foco o falla en sistema de refrigeracion de bateria/inversor (EV),ELECTRICO,L3,APROBADO,CONFORME,0.1041,0.0741,TRAIN,,NO,
F10-L09-0199,Foco o falla en sistema de refrigeracion de bateria/inversor (EV),ELECTRICO,L3,APROBADO,CONFORME,0.1422,0.1402,TRAIN,,NO,
F10-L09-0200,Foco o falla en sistema de refrigeracion de bateria/inversor (EV),ELECTRICO,L3,APROBADO,CONFORME,0.1052,0.1021,TRAIN,,SI,Degradacion o falla en paquete de bateria de alto voltaje (EV / Hibridos)
F10-L09-0201,Falla en motor de arranque o solenoide defectuoso (clac seco o carbones gastados),ELECTRICO,L1,APROBADO,CONFORME,0.2981,0.4484,TRAIN,,NO,
F10-L09-0202,Falla en motor de arranque o solenoide defectuoso (clac seco o carbones gastados),ELECTRICO,L1,APROBADO,CONFORME,0.1909,0.3217,TRAIN,,NO,
F10-L09-0203,Falla en motor de arranque o solenoide defectuoso (clac seco o carbones gastados),ELECTRICO,L1,APROBADO,CONFORME,0.2106,0.1916,TRAIN,,NO,
F10-L09-0204,Falla en motor de arranque o solenoide defectuoso (clac seco o carbones gastados),ELECTRICO,L1,APROBADO,CONFORME,0.1496,0.2274,TRAIN,,NO,
F10-L09-0205,Falla en motor de arranque o solenoide defectuoso (clac seco o carbones gastados),ELECTRICO,L1,APROBADO,CONFORME,0.1904,0.1485,TRAIN,,NO,
F10-L09-0206,Falla en motor de arranque o solenoide defectuoso (clac seco o carbones gastados),ELECTRICO,L1,APROBADO,CONFORME,0.3707,0.2913,TRAIN,,NO,
F10-L09-0207,Falla en motor de arranque o solenoide defectuoso (clac seco o carbones gastados),ELECTRICO,L1,APROBADO,CONFORME,0.1612,0.1731,TRAIN,,NO,
F10-L09-0208,Falla en motor de arranque o solenoide defectuoso (clac seco o carbones gastados),ELECTRICO,L1,APROBADO,CONFORME,0.2402,0.2047,TRAIN,,NO,
F10-L09-0209,Falla en motor de arranque o solenoide defectuoso (clac seco o carbones gastados),ELECTRICO,L1,APROBADO,CONFORME,0.174,0.1911,FIELD_60,,NO,
F10-L09-0210,Falla en motor de arranque o solenoide defectuoso (clac seco o carbones gastados),ELECTRICO,L1,APROBADO,CONFORME,0.2674,0.1965,TRAIN,,NO,
F10-L09-0211,Falla en motor de arranque o solenoide defectuoso (clac seco o carbones gastados),ELECTRICO,L2,APROBADO,CONFORME,0.1879,0.3232,DEV_60,,SI,Bateria descargada o bornes sulfatados
F10-L09-0212,Falla en motor de arranque o solenoide defectuoso (clac seco o carbones gastados),ELECTRICO,L2,APROBADO,CONFORME,0.1291,0.1604,TRAIN,,SI,Falla en sensor de posicion de cigueñal (CKP) o arbol de levas (CMP)
F10-L09-0213,Falla en motor de arranque o solenoide defectuoso (clac seco o carbones gastados),ELECTRICO,L2,APROBADO,CONFORME,0.1864,0.2068,TRAIN,,NO,
F10-L09-0214,Falla en motor de arranque o solenoide defectuoso (clac seco o carbones gastados),ELECTRICO,L2,APROBADO,CONFORME,0.1893,0.1552,TRAIN,,SI,Bateria descargada o bornes sulfatados
F10-L09-0215,Falla en motor de arranque o solenoide defectuoso (clac seco o carbones gastados),ELECTRICO,L2,APROBADO,CONFORME,0.188,0.15,DEV_60,,NO,
F10-L09-0216,Falla en motor de arranque o solenoide defectuoso (clac seco o carbones gastados),ELECTRICO,L2,APROBADO,CONFORME,0.0977,0.1544,TRAIN,,SI,Bateria descargada o bornes sulfatados
F10-L09-0217,Falla en motor de arranque o solenoide defectuoso (clac seco o carbones gastados),ELECTRICO,L2,APROBADO,CONFORME,0.1311,0.2245,TRAIN,,SI,Falla en sensor de posicion de cigueñal (CKP) o arbol de levas (CMP)
F10-L09-0218,Falla en motor de arranque o solenoide defectuoso (clac seco o carbones gastados),ELECTRICO,L2,APROBADO,CONFORME,0.1311,0.1399,TRAIN,P0615,NO,
F10-L09-0219,Falla en motor de arranque o solenoide defectuoso (clac seco o carbones gastados),ELECTRICO,L2,APROBADO,CONFORME,0.1037,0.1268,TRAIN,,SI,Alternador defectuoso o placa de diodos quemada
F10-L09-0220,Falla en motor de arranque o solenoide defectuoso (clac seco o carbones gastados),ELECTRICO,L2,APROBADO,CONFORME,0.1571,0.2262,TRAIN,,SI,Bateria descargada o bornes sulfatados
F10-L09-0221,Falla en motor de arranque o solenoide defectuoso (clac seco o carbones gastados),ELECTRICO,L2,APROBADO,CONFORME,0.0858,0.098,TRAIN,,SI,Bateria descargada o bornes sulfatados
F10-L09-0222,Falla en motor de arranque o solenoide defectuoso (clac seco o carbones gastados),ELECTRICO,L2,APROBADO,CONFORME,0.1539,0.416,TRAIN,,NO,
F10-L09-0223,Falla en motor de arranque o solenoide defectuoso (clac seco o carbones gastados),ELECTRICO,L2,APROBADO,CONFORME,0.085,0.1284,TRAIN,,NO,
F10-L09-0224,Falla en motor de arranque o solenoide defectuoso (clac seco o carbones gastados),ELECTRICO,L2,APROBADO,CONFORME,0.1462,0.1522,TRAIN,,SI,Falla en sensor de posicion de cigueñal (CKP) o arbol de levas (CMP)
F10-L09-0225,Falla en motor de arranque o solenoide defectuoso (clac seco o carbones gastados),ELECTRICO,L2,APROBADO,CONFORME,0.2287,0.2385,G2,,NO,
F10-L09-0226,Falla en motor de arranque o solenoide defectuoso (clac seco o carbones gastados),ELECTRICO,L3,APROBADO,CONFORME,0.1574,0.1515,TRAIN,,SI,Bateria descargada o bornes sulfatados
F10-L09-0227,Falla en motor de arranque o solenoide defectuoso (clac seco o carbones gastados),ELECTRICO,L3,APROBADO,CONFORME,0.1538,0.1004,TRAIN,,NO,
F10-L09-0228,Falla en motor de arranque o solenoide defectuoso (clac seco o carbones gastados),ELECTRICO,L3,APROBADO,CONFORME,0.102,0.1778,TRAIN,,NO,
F10-L09-0229,Falla en motor de arranque o solenoide defectuoso (clac seco o carbones gastados),ELECTRICO,L3,APROBADO,CONFORME,0.1226,0.0913,TRAIN,,SI,Bateria descargada o bornes sulfatados
F10-L09-0230,Falla en motor de arranque o solenoide defectuoso (clac seco o carbones gastados),ELECTRICO,L3,APROBADO,CONFORME,0.1167,0.0771,TRAIN,,SI,Bateria descargada o bornes sulfatados
F10-L09-0231,Falla en motor de arranque o solenoide defectuoso (clac seco o carbones gastados),ELECTRICO,L3,APROBADO,CONFORME,0.1125,0.0859,TRAIN,,SI,Falla en sensor de posicion de cigueñal (CKP) o arbol de levas (CMP)
F10-L09-0232,Falla en motor de arranque o solenoide defectuoso (clac seco o carbones gastados),ELECTRICO,L3,APROBADO,CONFORME,0.1706,0.1274,TRAIN,,NO,
F10-L09-0233,Falla en motor de arranque o solenoide defectuoso (clac seco o carbones gastados),ELECTRICO,L3,APROBADO,CONFORME,0.2081,0.1053,TRAIN,P0615,NO,
F10-L09-0234,Falla en motor de arranque o solenoide defectuoso (clac seco o carbones gastados),ELECTRICO,L3,APROBADO,CONFORME,0.1539,0.1599,TRAIN,,NO,
F10-L09-0235,Falla en motor de arranque o solenoide defectuoso (clac seco o carbones gastados),ELECTRICO,L3,APROBADO,CONFORME,0.14,0.1971,DEV_60,,SI,Bateria descargada o bornes sulfatados
F10-L09-0236,Falla en motor de arranque o solenoide defectuoso (clac seco o carbones gastados),ELECTRICO,L3,APROBADO,CONFORME,0.1574,0.0971,TRAIN,,SI,Alternador defectuoso o placa de diodos quemada
F10-L09-0237,Falla en motor de arranque o solenoide defectuoso (clac seco o carbones gastados),ELECTRICO,L3,APROBADO,CONFORME,0.1078,0.104,TRAIN,,NO,
F10-L09-0238,Falla en motor de arranque o solenoide defectuoso (clac seco o carbones gastados),ELECTRICO,L3,APROBADO,CONFORME,0.1125,0.1083,TRAIN,,NO,
F10-L09-0239,Falla en motor de arranque o solenoide defectuoso (clac seco o carbones gastados),ELECTRICO,L3,APROBADO,CONFORME,0.1091,0.1367,TRAIN,,NO,
F10-L09-0240,Falla en motor de arranque o solenoide defectuoso (clac seco o carbones gastados),ELECTRICO,L3,APROBADO,CONFORME,0.1441,0.0936,TRAIN,,NO,
F10-L09-0241,Fuga parasita de corriente en reposo (consumo nocturno de bateria),ELECTRICO,L1,APROBADO,CONFORME,0.1849,0.2444,TRAIN,,NO,
F10-L09-0242,Fuga parasita de corriente en reposo (consumo nocturno de bateria),ELECTRICO,L1,APROBADO,CONFORME,0.2674,0.2404,TRAIN,,NO,
F10-L09-0243,Fuga parasita de corriente en reposo (consumo nocturno de bateria),ELECTRICO,L1,APROBADO,CONFORME,0.1566,0.2208,TRAIN,,NO,
F10-L09-0244,Fuga parasita de corriente en reposo (consumo nocturno de bateria),ELECTRICO,L1,APROBADO,CONFORME,0.2117,0.1366,TRAIN,,NO,
F10-L09-0245,Fuga parasita de corriente en reposo (consumo nocturno de bateria),ELECTRICO,L1,APROBADO,CONFORME,0.1936,0.1736,TRAIN,,NO,
F10-L09-0246,Fuga parasita de corriente en reposo (consumo nocturno de bateria),ELECTRICO,L1,APROBADO,CONFORME,0.1359,0.2326,TRAIN,,NO,
F10-L09-0247,Fuga parasita de corriente en reposo (consumo nocturno de bateria),ELECTRICO,L1,APROBADO,CONFORME,0.1246,0.1628,TRAIN,,NO,
F10-L09-0248,Fuga parasita de corriente en reposo (consumo nocturno de bateria),ELECTRICO,L1,APROBADO,CONFORME,0.1658,0.23,TRAIN,,NO,
F10-L09-0249,Fuga parasita de corriente en reposo (consumo nocturno de bateria),ELECTRICO,L1,APROBADO,CONFORME,0.1587,0.1831,TRAIN,,NO,
F10-L09-0250,Fuga parasita de corriente en reposo (consumo nocturno de bateria),ELECTRICO,L1,APROBADO,CONFORME,0.1067,0.2117,TRAIN,,NO,
F10-L09-0251,Fuga parasita de corriente en reposo (consumo nocturno de bateria),ELECTRICO,L2,APROBADO,CONFORME,0.1406,0.1285,TRAIN,,SI,Alternador defectuoso o placa de diodos quemada
F10-L09-0252,Fuga parasita de corriente en reposo (consumo nocturno de bateria),ELECTRICO,L2,APROBADO,CONFORME,0.1225,0.1354,TRAIN,,SI,Bateria descargada o bornes sulfatados
F10-L09-0253,Fuga parasita de corriente en reposo (consumo nocturno de bateria),ELECTRICO,L2,APROBADO,CONFORME,0.1064,0.265,TRAIN,,NO,
F10-L09-0254,Fuga parasita de corriente en reposo (consumo nocturno de bateria),ELECTRICO,L2,APROBADO,CONFORME,0.1476,0.1607,TRAIN,,SI,Alternador defectuoso o placa de diodos quemada
F10-L09-0255,Fuga parasita de corriente en reposo (consumo nocturno de bateria),ELECTRICO,L2,APROBADO,CONFORME,0.1166,0.3718,TRAIN,,SI,Bateria descargada o bornes sulfatados
F10-L09-0256,Fuga parasita de corriente en reposo (consumo nocturno de bateria),ELECTRICO,L2,APROBADO,CONFORME,0.1676,0.1642,TRAIN,,SI,Falla electrica del cierre centralizado o actuador de puerta
F10-L09-0257,Fuga parasita de corriente en reposo (consumo nocturno de bateria),ELECTRICO,L2,APROBADO,CONFORME,0.1087,0.1359,TRAIN,,NO,
F10-L09-0258,Fuga parasita de corriente en reposo (consumo nocturno de bateria),ELECTRICO,L2,APROBADO,CONFORME,0.132,0.2487,TRAIN,,SI,Alternador defectuoso o placa de diodos quemada
F10-L09-0259,Fuga parasita de corriente en reposo (consumo nocturno de bateria),ELECTRICO,L2,APROBADO,CONFORME,0.1235,0.135,TRAIN,,NO,
F10-L09-0260,Fuga parasita de corriente en reposo (consumo nocturno de bateria),ELECTRICO,L2,APROBADO,CONFORME,0.1053,0.207,TRAIN,,SI,Bateria descargada o bornes sulfatados
F10-L09-0261,Fuga parasita de corriente en reposo (consumo nocturno de bateria),ELECTRICO,L2,APROBADO,CONFORME,0.1205,0.2091,TRAIN,,NO,
F10-L09-0262,Fuga parasita de corriente en reposo (consumo nocturno de bateria),ELECTRICO,L2,APROBADO,CONFORME,0.1394,0.2234,TRAIN,,NO,
F10-L09-0263,Fuga parasita de corriente en reposo (consumo nocturno de bateria),ELECTRICO,L2,APROBADO,CONFORME,0.1462,0.189,TRAIN,,SI,Alternador defectuoso o placa de diodos quemada
F10-L09-0264,Fuga parasita de corriente en reposo (consumo nocturno de bateria),ELECTRICO,L2,APROBADO,CONFORME,0.1809,0.1662,TRAIN,,SI,Falla electrica del cierre centralizado o actuador de puerta
F10-L09-0265,Fuga parasita de corriente en reposo (consumo nocturno de bateria),ELECTRICO,L2,APROBADO,CONFORME,0.1078,0.1335,TRAIN,,SI,Falla en motor de arranque o solenoide defectuoso (clac seco o carbones gastados)
F10-L09-0266,Fuga parasita de corriente en reposo (consumo nocturno de bateria),ELECTRICO,L3,APROBADO,CONFORME,0.1521,0.2079,TRAIN,,NO,
F10-L09-0267,Fuga parasita de corriente en reposo (consumo nocturno de bateria),ELECTRICO,L3,APROBADO,CONFORME,0.1822,0.0659,TRAIN,,NO,
F10-L09-0268,Fuga parasita de corriente en reposo (consumo nocturno de bateria),ELECTRICO,L3,APROBADO,CONFORME,0.1167,0.1013,TRAIN,,SI,Alternador defectuoso o placa de diodos quemada
F10-L09-0269,Fuga parasita de corriente en reposo (consumo nocturno de bateria),ELECTRICO,L3,APROBADO,CONFORME,0.1611,0.09,TRAIN,,SI,Falla electrica del cierre centralizado o actuador de puerta
F10-L09-0270,Fuga parasita de corriente en reposo (consumo nocturno de bateria),ELECTRICO,L3,APROBADO,CONFORME,0.0853,0.1021,TRAIN,,NO,
F10-L09-0271,Fuga parasita de corriente en reposo (consumo nocturno de bateria),ELECTRICO,L3,APROBADO,CONFORME,0.1095,0.1079,TRAIN,,SI,Bateria descargada o bornes sulfatados
F10-L09-0272,Fuga parasita de corriente en reposo (consumo nocturno de bateria),ELECTRICO,L3,APROBADO,CONFORME,0.1086,0.1358,TRAIN,,NO,
F10-L09-0273,Fuga parasita de corriente en reposo (consumo nocturno de bateria),ELECTRICO,L3,APROBADO,CONFORME,0.0896,0.0983,TRAIN,,SI,Alternador defectuoso o placa de diodos quemada
F10-L09-0274,Fuga parasita de corriente en reposo (consumo nocturno de bateria),ELECTRICO,L3,APROBADO,CONFORME,0.1822,0.0953,TRAIN,,SI,Falla electrica del cierre centralizado o actuador de puerta
F10-L09-0275,Fuga parasita de corriente en reposo (consumo nocturno de bateria),ELECTRICO,L3,APROBADO,CONFORME,0.1246,0.1364,TRAIN,,SI,Alternador defectuoso o placa de diodos quemada
F10-L09-0276,Fuga parasita de corriente en reposo (consumo nocturno de bateria),ELECTRICO,L3,APROBADO,CONFORME,0.0988,0.1031,TRAIN,,SI,Bateria descargada o bornes sulfatados
F10-L09-0277,Fuga parasita de corriente en reposo (consumo nocturno de bateria),ELECTRICO,L3,APROBADO,CONFORME,0.1077,0.0871,TRAIN,,SI,Falla en motor de arranque o solenoide defectuoso (clac seco o carbones gastados)
F10-L09-0278,Fuga parasita de corriente en reposo (consumo nocturno de bateria),ELECTRICO,L3,APROBADO,CONFORME,0.1595,0.086,TRAIN,,NO,
F10-L09-0279,Fuga parasita de corriente en reposo (consumo nocturno de bateria),ELECTRICO,L3,APROBADO,CONFORME,0.1241,0.1491,TRAIN,,NO,
F10-L09-0280,Fuga parasita de corriente en reposo (consumo nocturno de bateria),ELECTRICO,L3,APROBADO,CONFORME,0.1475,0.0888,TEST_100,,SI,Bateria descargada o bornes sulfatados
F10-L10-0001,Falla en compresor de aire acondicionado o fuga de gas R134a,CLIMATIZACION,L1,APROBADO,CONFORME,0.1431,0.443,FIELD_60,,NO,
F10-L10-0002,Falla en compresor de aire acondicionado o fuga de gas R134a,CLIMATIZACION,L1,APROBADO,CONFORME,0.1899,0.2352,FIELD_60,,NO,
F10-L10-0003,Falla en compresor de aire acondicionado o fuga de gas R134a,CLIMATIZACION,L1,APROBADO,CONFORME,0.2479,0.1971,TRAIN,,NO,
F10-L10-0004,Falla en compresor de aire acondicionado o fuga de gas R134a,CLIMATIZACION,L1,APROBADO,CONFORME,0.2208,0.2477,TRAIN,,NO,
F10-L10-0005,Falla en compresor de aire acondicionado o fuga de gas R134a,CLIMATIZACION,L1,APROBADO,CONFORME,0.2117,0.2147,TRAIN,,NO,
F10-L10-0006,Falla en compresor de aire acondicionado o fuga de gas R134a,CLIMATIZACION,L1,APROBADO,CONFORME,0.1668,0.2099,TRAIN,,NO,
F10-L10-0007,Falla en compresor de aire acondicionado o fuga de gas R134a,CLIMATIZACION,L1,APROBADO,CONFORME,0.1338,0.2733,TRAIN,,NO,
F10-L10-0008,Falla en compresor de aire acondicionado o fuga de gas R134a,CLIMATIZACION,L1,APROBADO,CONFORME,0.2169,0.1606,TRAIN,,NO,
F10-L10-0009,Falla en compresor de aire acondicionado o fuga de gas R134a,CLIMATIZACION,L1,APROBADO,CONFORME,0.1135,0.1942,TRAIN,,NO,
F10-L10-0010,Falla en compresor de aire acondicionado o fuga de gas R134a,CLIMATIZACION,L1,APROBADO,CONFORME,0.297,0.1906,TEST_100,,NO,
F10-L10-0011,Falla en compresor de aire acondicionado o fuga de gas R134a,CLIMATIZACION,L2,APROBADO,CONFORME,0.1072,0.1772,TRAIN,,SI,Falla en termostato o motoventilador de radiador
F10-L10-0012,Falla en compresor de aire acondicionado o fuga de gas R134a,CLIMATIZACION,L2,APROBADO,CONFORME,0.1668,0.2013,TRAIN,,SI,Falla en termostato o motoventilador de radiador
F10-L10-0013,Falla en compresor de aire acondicionado o fuga de gas R134a,CLIMATIZACION,L2,APROBADO,CONFORME,0.1527,0.1585,TRAIN,,SI,Falla en termostato o motoventilador de radiador
F10-L10-0014,Falla en compresor de aire acondicionado o fuga de gas R134a,CLIMATIZACION,L2,APROBADO,CONFORME,0.1232,0.1045,TEST_100,,NO,
F10-L10-0015,Falla en compresor de aire acondicionado o fuga de gas R134a,CLIMATIZACION,L2,APROBADO,CONFORME,0.1001,0.173,TRAIN,,SI,Alternador defectuoso o placa de diodos quemada
F10-L10-0016,Falla en compresor de aire acondicionado o fuga de gas R134a,CLIMATIZACION,L2,APROBADO,CONFORME,0.2077,0.1057,TRAIN,B1422,NO,
F10-L10-0017,Falla en compresor de aire acondicionado o fuga de gas R134a,CLIMATIZACION,L2,APROBADO,CONFORME,0.1496,0.2143,TRAIN,,NO,
F10-L10-0018,Falla en compresor de aire acondicionado o fuga de gas R134a,CLIMATIZACION,L2,APROBADO,CONFORME,0.1498,0.2633,TRAIN,,SI,Alternador defectuoso o placa de diodos quemada
F10-L10-0019,Falla en compresor de aire acondicionado o fuga de gas R134a,CLIMATIZACION,L2,APROBADO,CONFORME,0.1752,0.2095,TRAIN,,SI,Foco o falla en sistema de refrigeracion de bateria/inversor (EV)
F10-L10-0020,Falla en compresor de aire acondicionado o fuga de gas R134a,CLIMATIZACION,L2,APROBADO,CONFORME,0.146,0.1271,TRAIN,,SI,Falla en sensor de oxigeno o mezcla rica
F10-L10-0021,Falla en compresor de aire acondicionado o fuga de gas R134a,CLIMATIZACION,L2,APROBADO,CONFORME,0.1332,0.2587,G1,B1423,NO,
F10-L10-0022,Falla en compresor de aire acondicionado o fuga de gas R134a,CLIMATIZACION,L2,APROBADO,CONFORME,0.1079,0.1513,TRAIN,,NO,
F10-L10-0023,Falla en compresor de aire acondicionado o fuga de gas R134a,CLIMATIZACION,L2,APROBADO,CONFORME,0.0965,0.1033,TRAIN,,SI,Alternador defectuoso o placa de diodos quemada
F10-L10-0024,Falla en compresor de aire acondicionado o fuga de gas R134a,CLIMATIZACION,L2,APROBADO,CONFORME,0.0954,0.1605,TRAIN,,SI,Falla en termostato o motoventilador de radiador
F10-L10-0025,Falla en compresor de aire acondicionado o fuga de gas R134a,CLIMATIZACION,L2,APROBADO,CONFORME,0.129,0.1302,TRAIN,,SI,Falla en termostato o motoventilador de radiador
F10-L10-0026,Falla en compresor de aire acondicionado o fuga de gas R134a,CLIMATIZACION,L3,APROBADO,CONFORME,0.1007,0.1729,G1,,SI,Falla en termostato o motoventilador de radiador
F10-L10-0027,Falla en compresor de aire acondicionado o fuga de gas R134a,CLIMATIZACION,L3,APROBADO,CONFORME,0.1048,0.088,TRAIN,,SI,Falla en termostato o motoventilador de radiador
F10-L10-0028,Falla en compresor de aire acondicionado o fuga de gas R134a,CLIMATIZACION,L3,APROBADO,CONFORME,0.1079,0.1002,TRAIN,,NO,
F10-L10-0029,Falla en compresor de aire acondicionado o fuga de gas R134a,CLIMATIZACION,L3,APROBADO,CONFORME,0.1788,0.0963,TEST_100,,SI,Alternador defectuoso o placa de diodos quemada
F10-L10-0030,Falla en compresor de aire acondicionado o fuga de gas R134a,CLIMATIZACION,L3,APROBADO,CONFORME,0.1148,0.0858,G1,B1070,NO,
F10-L10-0031,Falla en compresor de aire acondicionado o fuga de gas R134a,CLIMATIZACION,L3,APROBADO,CONFORME,0.0911,0.098,TRAIN,,SI,Falla en termostato o motoventilador de radiador
F10-L10-0032,Falla en compresor de aire acondicionado o fuga de gas R134a,CLIMATIZACION,L3,APROBADO,CONFORME,0.0915,0.0867,TRAIN,B1423,NO,
F10-L10-0033,Falla en compresor de aire acondicionado o fuga de gas R134a,CLIMATIZACION,L3,APROBADO,CONFORME,0.0939,0.0792,TRAIN,,SI,Falla en termostato o motoventilador de radiador
F10-L10-0034,Falla en compresor de aire acondicionado o fuga de gas R134a,CLIMATIZACION,L3,APROBADO,CONFORME,0.0709,0.0953,TRAIN,,NO,
F10-L10-0035,Falla en compresor de aire acondicionado o fuga de gas R134a,CLIMATIZACION,L3,APROBADO,CONFORME,0.1991,0.1668,TRAIN,P0A1F,SI,Foco o falla en sistema de refrigeracion de bateria/inversor (EV)
F10-L10-0036,Falla en compresor de aire acondicionado o fuga de gas R134a,CLIMATIZACION,L3,APROBADO,CONFORME,0.0922,0.1355,TRAIN,,NO,
F10-L10-0037,Falla en compresor de aire acondicionado o fuga de gas R134a,CLIMATIZACION,L3,APROBADO,CONFORME,0.0896,0.0749,TRAIN,,NO,
F10-L10-0038,Falla en compresor de aire acondicionado o fuga de gas R134a,CLIMATIZACION,L3,APROBADO,CONFORME,0.1553,0.1415,TRAIN,,SI,Alternador defectuoso o placa de diodos quemada
F10-L10-0039,Falla en compresor de aire acondicionado o fuga de gas R134a,CLIMATIZACION,L3,APROBADO,CONFORME,0.147,0.1089,TRAIN,B1422,SI,Falla en termostato o motoventilador de radiador
F10-L10-0040,Falla en compresor de aire acondicionado o fuga de gas R134a,CLIMATIZACION,L3,APROBADO,CONFORME,0.069,0.0791,TRAIN,,SI,Falla en termostato o motoventilador de radiador
F10-L10-0041,Falla electrica del cierre centralizado o actuador de puerta,CARROCERIA_NEUMATICA,L1,APROBADO,CONFORME,0.2226,0.285,TRAIN,,NO,
F10-L10-0042,Falla electrica del cierre centralizado o actuador de puerta,CARROCERIA_NEUMATICA,L1,APROBADO,CONFORME,0.2364,0.326,TRAIN,,NO,
F10-L10-0043,Falla electrica del cierre centralizado o actuador de puerta,CARROCERIA_NEUMATICA,L1,APROBADO,CONFORME,0.2686,0.2564,TRAIN,,NO,
F10-L10-0044,Falla electrica del cierre centralizado o actuador de puerta,CARROCERIA_NEUMATICA,L1,APROBADO,CONFORME,0.166,0.2605,TRAIN,,NO,
F10-L10-0045,Falla electrica del cierre centralizado o actuador de puerta,CARROCERIA_NEUMATICA,L1,APROBADO,CONFORME,0.1616,0.278,TRAIN,,NO,
F10-L10-0046,Falla electrica del cierre centralizado o actuador de puerta,CARROCERIA_NEUMATICA,L1,APROBADO,CONFORME,0.129,0.1753,TRAIN,,NO,
F10-L10-0047,Falla electrica del cierre centralizado o actuador de puerta,CARROCERIA_NEUMATICA,L1,APROBADO,CONFORME,0.1777,0.2523,TRAIN,,NO,
F10-L10-0048,Falla electrica del cierre centralizado o actuador de puerta,CARROCERIA_NEUMATICA,L1,APROBADO,CONFORME,0.1954,0.3453,TRAIN,,NO,
F10-L10-0049,Falla electrica del cierre centralizado o actuador de puerta,CARROCERIA_NEUMATICA,L1,APROBADO,CONFORME,0.174,0.1726,TRAIN,,NO,
F10-L10-0050,Falla electrica del cierre centralizado o actuador de puerta,CARROCERIA_NEUMATICA,L1,APROBADO,CONFORME,0.1415,0.1735,TRAIN,,NO,
F10-L10-0051,Falla electrica del cierre centralizado o actuador de puerta,CARROCERIA_NEUMATICA,L2,APROBADO,CONFORME,0.2027,0.3145,G2,,SI,"Cerradura, chapa o pestillo mecanico de puerta trabado o desalineado"
F10-L10-0052,Falla electrica del cierre centralizado o actuador de puerta,CARROCERIA_NEUMATICA,L2,APROBADO,CONFORME,0.12,0.2241,TRAIN,,SI,"Cerradura, chapa o pestillo mecanico de puerta trabado o desalineado"
F10-L10-0053,Falla electrica del cierre centralizado o actuador de puerta,CARROCERIA_NEUMATICA,L2,APROBADO,CONFORME,0.1897,0.1628,TRAIN,,SI,Fuga parasita de corriente en reposo (consumo nocturno de bateria)
F10-L10-0054,Falla electrica del cierre centralizado o actuador de puerta,CARROCERIA_NEUMATICA,L2,APROBADO,CONFORME,0.1216,0.1556,TRAIN,,SI,"Cerradura, chapa o pestillo mecanico de puerta trabado o desalineado"
F10-L10-0055,Falla electrica del cierre centralizado o actuador de puerta,CARROCERIA_NEUMATICA,L2,APROBADO,CONFORME,0.1311,0.1492,TRAIN,,SI,Bateria descargada o bornes sulfatados
F10-L10-0056,Falla electrica del cierre centralizado o actuador de puerta,CARROCERIA_NEUMATICA,L2,APROBADO,CONFORME,0.2077,0.1382,TRAIN,B1300,NO,
F10-L10-0057,Falla electrica del cierre centralizado o actuador de puerta,CARROCERIA_NEUMATICA,L2,APROBADO,CONFORME,0.2523,0.1787,TRAIN,,NO,
F10-L10-0058,Falla electrica del cierre centralizado o actuador de puerta,CARROCERIA_NEUMATICA,L2,APROBADO,CONFORME,0.164,0.1503,TRAIN,,SI,"Cerradura, chapa o pestillo mecanico de puerta trabado o desalineado"
F10-L10-0059,Falla electrica del cierre centralizado o actuador de puerta,CARROCERIA_NEUMATICA,L2,APROBADO,CONFORME,0.1571,0.1548,TRAIN,,NO,
F10-L10-0060,Falla electrica del cierre centralizado o actuador de puerta,CARROCERIA_NEUMATICA,L2,APROBADO,CONFORME,0.0952,0.1553,TRAIN,,NO,
F10-L10-0061,Falla electrica del cierre centralizado o actuador de puerta,CARROCERIA_NEUMATICA,L2,APROBADO,CONFORME,0.1334,0.1139,TRAIN,,SI,"Cerradura, chapa o pestillo mecanico de puerta trabado o desalineado"
F10-L10-0062,Falla electrica del cierre centralizado o actuador de puerta,CARROCERIA_NEUMATICA,L2,APROBADO,CONFORME,0.1182,0.1832,TRAIN,,NO,
F10-L10-0063,Falla electrica del cierre centralizado o actuador de puerta,CARROCERIA_NEUMATICA,L2,APROBADO,CONFORME,0.0977,0.1915,TRAIN,,SI,Bateria descargada o bornes sulfatados
F10-L10-0064,Falla electrica del cierre centralizado o actuador de puerta,CARROCERIA_NEUMATICA,L2,APROBADO,CONFORME,0.1214,0.1617,TRAIN,,SI,"Cerradura, chapa o pestillo mecanico de puerta trabado o desalineado"
F10-L10-0065,Falla electrica del cierre centralizado o actuador de puerta,CARROCERIA_NEUMATICA,L2,APROBADO,CONFORME,0.1368,0.2003,TRAIN,,NO,
F10-L10-0066,Falla electrica del cierre centralizado o actuador de puerta,CARROCERIA_NEUMATICA,L3,APROBADO,CONFORME,0.1106,0.1208,TRAIN,,SI,"Cerradura, chapa o pestillo mecanico de puerta trabado o desalineado"
F10-L10-0067,Falla electrica del cierre centralizado o actuador de puerta,CARROCERIA_NEUMATICA,L3,APROBADO,CONFORME,0.1398,0.1554,TRAIN,,NO,
F10-L10-0068,Falla electrica del cierre centralizado o actuador de puerta,CARROCERIA_NEUMATICA,L3,APROBADO,CONFORME,0.1286,0.1026,TRAIN,,SI,"Cerradura, chapa o pestillo mecanico de puerta trabado o desalineado"
F10-L10-0069,Falla electrica del cierre centralizado o actuador de puerta,CARROCERIA_NEUMATICA,L3,APROBADO,CONFORME,0.1126,0.1202,TRAIN,B1312,NO,
F10-L10-0070,Falla electrica del cierre centralizado o actuador de puerta,CARROCERIA_NEUMATICA,L3,APROBADO,CONFORME,0.1973,0.1841,TRAIN,,NO,
F10-L10-0071,Falla electrica del cierre centralizado o actuador de puerta,CARROCERIA_NEUMATICA,L3,APROBADO,CONFORME,0.0954,0.0963,TRAIN,,NO,
F10-L10-0072,Falla electrica del cierre centralizado o actuador de puerta,CARROCERIA_NEUMATICA,L3,APROBADO,CONFORME,0.3571,0.1092,TRAIN,U0199,SI,Bateria descargada o bornes sulfatados
F10-L10-0073,Falla electrica del cierre centralizado o actuador de puerta,CARROCERIA_NEUMATICA,L3,APROBADO,CONFORME,0.0954,0.0864,TRAIN,,SI,"Cerradura, chapa o pestillo mecanico de puerta trabado o desalineado"
F10-L10-0074,Falla electrica del cierre centralizado o actuador de puerta,CARROCERIA_NEUMATICA,L3,APROBADO,CONFORME,0.1399,0.0969,TRAIN,,SI,"Cerradura, chapa o pestillo mecanico de puerta trabado o desalineado"
F10-L10-0075,Falla electrica del cierre centralizado o actuador de puerta,CARROCERIA_NEUMATICA,L3,APROBADO,CONFORME,0.1154,0.1165,TRAIN,B1335,SI,"Cerradura, chapa o pestillo mecanico de puerta trabado o desalineado"
F10-L10-0076,Falla electrica del cierre centralizado o actuador de puerta,CARROCERIA_NEUMATICA,L3,APROBADO,CONFORME,0.1344,0.0742,TRAIN,,NO,
F10-L10-0077,Falla electrica del cierre centralizado o actuador de puerta,CARROCERIA_NEUMATICA,L3,APROBADO,CONFORME,0.1897,0.1171,TRAIN,,SI,Fuga parasita de corriente en reposo (consumo nocturno de bateria)
F10-L10-0078,Falla electrica del cierre centralizado o actuador de puerta,CARROCERIA_NEUMATICA,L3,APROBADO,CONFORME,0.117,0.1064,TRAIN,,NO,
F10-L10-0079,Falla electrica del cierre centralizado o actuador de puerta,CARROCERIA_NEUMATICA,L3,APROBADO,CONFORME,0.1908,0.0706,TRAIN,,SI,"Cerradura, chapa o pestillo mecanico de puerta trabado o desalineado"
F10-L10-0080,Falla electrica del cierre centralizado o actuador de puerta,CARROCERIA_NEUMATICA,L3,APROBADO,CONFORME,0.1464,0.0977,TRAIN,B1228,NO,
F10-L10-0081,"Cerradura, chapa o pestillo mecanico de puerta trabado o desalineado",CARROCERIA_NEUMATICA,L1,APROBADO,CONFORME,0.2364,0.2182,TRAIN,,NO,
F10-L10-0082,"Cerradura, chapa o pestillo mecanico de puerta trabado o desalineado",CARROCERIA_NEUMATICA,L1,APROBADO,CONFORME,0.1212,0.5669,TRAIN,,NO,
F10-L10-0083,"Cerradura, chapa o pestillo mecanico de puerta trabado o desalineado",CARROCERIA_NEUMATICA,L1,APROBADO,CONFORME,0.3057,0.5008,TRAIN,,NO,
F10-L10-0084,"Cerradura, chapa o pestillo mecanico de puerta trabado o desalineado",CARROCERIA_NEUMATICA,L1,APROBADO,CONFORME,0.1503,0.3851,TRAIN,,NO,
F10-L10-0085,"Cerradura, chapa o pestillo mecanico de puerta trabado o desalineado",CARROCERIA_NEUMATICA,L1,APROBADO,CONFORME,0.2308,0.2167,TRAIN,,NO,
F10-L10-0086,"Cerradura, chapa o pestillo mecanico de puerta trabado o desalineado",CARROCERIA_NEUMATICA,L1,APROBADO,CONFORME,0.1954,0.3751,TRAIN,,NO,
F10-L10-0087,"Cerradura, chapa o pestillo mecanico de puerta trabado o desalineado",CARROCERIA_NEUMATICA,L1,APROBADO,CONFORME,0.1238,0.1449,G2,,NO,
F10-L10-0088,"Cerradura, chapa o pestillo mecanico de puerta trabado o desalineado",CARROCERIA_NEUMATICA,L1,APROBADO,CONFORME,0.1059,0.1177,TRAIN,,NO,
F10-L10-0089,"Cerradura, chapa o pestillo mecanico de puerta trabado o desalineado",CARROCERIA_NEUMATICA,L1,APROBADO,CONFORME,0.108,0.1652,TRAIN,,NO,
F10-L10-0090,"Cerradura, chapa o pestillo mecanico de puerta trabado o desalineado",CARROCERIA_NEUMATICA,L1,APROBADO,CONFORME,0.2236,0.1716,TEST_100,,NO,
F10-L10-0091,"Cerradura, chapa o pestillo mecanico de puerta trabado o desalineado",CARROCERIA_NEUMATICA,L2,APROBADO,CONFORME,0.1341,0.1684,TRAIN,,SI,Falla electrica del cierre centralizado o actuador de puerta
F10-L10-0092,"Cerradura, chapa o pestillo mecanico de puerta trabado o desalineado",CARROCERIA_NEUMATICA,L2,APROBADO,CONFORME,0.1503,0.1351,TRAIN,,SI,Falla electrica del cierre centralizado o actuador de puerta
F10-L10-0093,"Cerradura, chapa o pestillo mecanico de puerta trabado o desalineado",CARROCERIA_NEUMATICA,L2,APROBADO,CONFORME,0.3057,0.2715,TRAIN,,SI,Falla electrica del cierre centralizado o actuador de puerta
F10-L10-0094,"Cerradura, chapa o pestillo mecanico de puerta trabado o desalineado",CARROCERIA_NEUMATICA,L2,APROBADO,CONFORME,0.1701,0.1731,TRAIN,,NO,
F10-L10-0095,"Cerradura, chapa o pestillo mecanico de puerta trabado o desalineado",CARROCERIA_NEUMATICA,L2,APROBADO,CONFORME,0.1738,0.0933,TRAIN,,SI,Falla electrica del cierre centralizado o actuador de puerta
F10-L10-0096,"Cerradura, chapa o pestillo mecanico de puerta trabado o desalineado",CARROCERIA_NEUMATICA,L2,APROBADO,CONFORME,0.1104,0.1993,TRAIN,,SI,Falla electrica del cierre centralizado o actuador de puerta
F10-L10-0097,"Cerradura, chapa o pestillo mecanico de puerta trabado o desalineado",CARROCERIA_NEUMATICA,L2,APROBADO,CONFORME,0.1303,0.1938,TRAIN,,NO,
F10-L10-0098,"Cerradura, chapa o pestillo mecanico de puerta trabado o desalineado",CARROCERIA_NEUMATICA,L2,APROBADO,CONFORME,0.188,0.1183,TRAIN,,NO,
F10-L10-0099,"Cerradura, chapa o pestillo mecanico de puerta trabado o desalineado",CARROCERIA_NEUMATICA,L2,APROBADO,CONFORME,0.1666,0.2676,TRAIN,,SI,Falla electrica del cierre centralizado o actuador de puerta
F10-L10-0100,"Cerradura, chapa o pestillo mecanico de puerta trabado o desalineado",CARROCERIA_NEUMATICA,L2,APROBADO,CONFORME,0.1716,0.2032,TRAIN,,NO,
F10-L10-0101,"Cerradura, chapa o pestillo mecanico de puerta trabado o desalineado",CARROCERIA_NEUMATICA,L2,APROBADO,CONFORME,0.1334,0.1528,TRAIN,,SI,Falla electrica del cierre centralizado o actuador de puerta
F10-L10-0102,"Cerradura, chapa o pestillo mecanico de puerta trabado o desalineado",CARROCERIA_NEUMATICA,L2,APROBADO,CONFORME,0.1781,0.2141,TRAIN,,SI,Falla electrica del cierre centralizado o actuador de puerta
F10-L10-0103,"Cerradura, chapa o pestillo mecanico de puerta trabado o desalineado",CARROCERIA_NEUMATICA,L2,APROBADO,CONFORME,0.137,0.196,TRAIN,,NO,
F10-L10-0104,"Cerradura, chapa o pestillo mecanico de puerta trabado o desalineado",CARROCERIA_NEUMATICA,L2,APROBADO,CONFORME,0.1346,0.1499,TRAIN,,SI,Falla electrica del cierre centralizado o actuador de puerta
F10-L10-0105,"Cerradura, chapa o pestillo mecanico de puerta trabado o desalineado",CARROCERIA_NEUMATICA,L2,APROBADO,CONFORME,0.0874,0.1254,TRAIN,,NO,
F10-L10-0106,"Cerradura, chapa o pestillo mecanico de puerta trabado o desalineado",CARROCERIA_NEUMATICA,L3,APROBADO,CONFORME,0.1738,0.0859,TRAIN,,SI,Falla electrica del cierre centralizado o actuador de puerta
F10-L10-0107,"Cerradura, chapa o pestillo mecanico de puerta trabado o desalineado",CARROCERIA_NEUMATICA,L3,APROBADO,CONFORME,0.1208,0.0883,TRAIN,,SI,Falla electrica del cierre centralizado o actuador de puerta
F10-L10-0108,"Cerradura, chapa o pestillo mecanico de puerta trabado o desalineado",CARROCERIA_NEUMATICA,L3,APROBADO,CONFORME,0.1153,0.0824,TRAIN,,SI,Falla electrica del cierre centralizado o actuador de puerta
F10-L10-0109,"Cerradura, chapa o pestillo mecanico de puerta trabado o desalineado",CARROCERIA_NEUMATICA,L3,APROBADO,CONFORME,0.188,0.134,TRAIN,,NO,
F10-L10-0110,"Cerradura, chapa o pestillo mecanico de puerta trabado o desalineado",CARROCERIA_NEUMATICA,L3,APROBADO,CONFORME,0.182,0.1077,TRAIN,,SI,Falla electrica del cierre centralizado o actuador de puerta
F10-L10-0111,"Cerradura, chapa o pestillo mecanico de puerta trabado o desalineado",CARROCERIA_NEUMATICA,L3,APROBADO,CONFORME,0.0837,0.0817,TRAIN,,SI,Falla electrica del cierre centralizado o actuador de puerta
F10-L10-0112,"Cerradura, chapa o pestillo mecanico de puerta trabado o desalineado",CARROCERIA_NEUMATICA,L3,APROBADO,CONFORME,0.1871,0.0765,TRAIN,,NO,
F10-L10-0113,"Cerradura, chapa o pestillo mecanico de puerta trabado o desalineado",CARROCERIA_NEUMATICA,L3,APROBADO,CONFORME,0.1666,0.0931,TRAIN,,NO,
F10-L10-0114,"Cerradura, chapa o pestillo mecanico de puerta trabado o desalineado",CARROCERIA_NEUMATICA,L3,APROBADO,CONFORME,0.1235,0.0559,TRAIN,,NO,
F10-L10-0115,"Cerradura, chapa o pestillo mecanico de puerta trabado o desalineado",CARROCERIA_NEUMATICA,L3,APROBADO,CONFORME,0.1208,0.0981,TRAIN,,SI,Falla electrica del cierre centralizado o actuador de puerta
F10-L10-0116,"Cerradura, chapa o pestillo mecanico de puerta trabado o desalineado",CARROCERIA_NEUMATICA,L3,APROBADO,CONFORME,0.109,0.1071,TRAIN,,NO,
F10-L10-0117,"Cerradura, chapa o pestillo mecanico de puerta trabado o desalineado",CARROCERIA_NEUMATICA,L3,APROBADO,CONFORME,0.1136,0.1355,TRAIN,,NO,
F10-L10-0118,"Cerradura, chapa o pestillo mecanico de puerta trabado o desalineado",CARROCERIA_NEUMATICA,L3,APROBADO,CONFORME,0.1861,0.0811,TRAIN,,NO,
F10-L10-0119,"Cerradura, chapa o pestillo mecanico de puerta trabado o desalineado",CARROCERIA_NEUMATICA,L3,APROBADO,CONFORME,0.0859,0.0719,TEST_100,,SI,Falla electrica del cierre centralizado o actuador de puerta
F10-L10-0120,"Cerradura, chapa o pestillo mecanico de puerta trabado o desalineado",CARROCERIA_NEUMATICA,L3,APROBADO,CONFORME,0.0946,0.0719,TRAIN,,SI,Falla electrica del cierre centralizado o actuador de puerta
F10-L10-0121,Elevalunas electrico o guaya de alzacristales rota o trabada,CARROCERIA_NEUMATICA,L1,APROBADO,CONFORME,0.2621,0.2935,TRAIN,,NO,
F10-L10-0122,Elevalunas electrico o guaya de alzacristales rota o trabada,CARROCERIA_NEUMATICA,L1,APROBADO,CONFORME,0.2409,0.3081,TRAIN,,NO,
F10-L10-0123,Elevalunas electrico o guaya de alzacristales rota o trabada,CARROCERIA_NEUMATICA,L1,APROBADO,CONFORME,0.3707,0.2133,TRAIN,,NO,
F10-L10-0124,Elevalunas electrico o guaya de alzacristales rota o trabada,CARROCERIA_NEUMATICA,L1,APROBADO,CONFORME,0.1595,0.235,TRAIN,,NO,
F10-L10-0125,Elevalunas electrico o guaya de alzacristales rota o trabada,CARROCERIA_NEUMATICA,L1,APROBADO,CONFORME,0.1537,0.2336,TRAIN,,NO,
F10-L10-0126,Elevalunas electrico o guaya de alzacristales rota o trabada,CARROCERIA_NEUMATICA,L1,APROBADO,CONFORME,0.1947,0.1527,TRAIN,,NO,
F10-L10-0127,Elevalunas electrico o guaya de alzacristales rota o trabada,CARROCERIA_NEUMATICA,L1,APROBADO,CONFORME,0.1306,0.1813,TRAIN,,NO,
F10-L10-0128,Elevalunas electrico o guaya de alzacristales rota o trabada,CARROCERIA_NEUMATICA,L1,APROBADO,CONFORME,0.191,0.1493,TRAIN,,NO,
F10-L10-0129,Elevalunas electrico o guaya de alzacristales rota o trabada,CARROCERIA_NEUMATICA,L1,APROBADO,CONFORME,0.1829,0.16,TRAIN,,NO,
F10-L10-0130,Elevalunas electrico o guaya de alzacristales rota o trabada,CARROCERIA_NEUMATICA,L1,APROBADO,CONFORME,0.2409,0.2495,TRAIN,,NO,
F10-L10-0131,Elevalunas electrico o guaya de alzacristales rota o trabada,CARROCERIA_NEUMATICA,L2,APROBADO,CONFORME,0.1567,0.2747,TRAIN,,NO,
F10-L10-0132,Elevalunas electrico o guaya de alzacristales rota o trabada,CARROCERIA_NEUMATICA,L2,APROBADO,CONFORME,0.1621,0.1488,TRAIN,,SI,Bateria descargada o bornes sulfatados
F10-L10-0133,Elevalunas electrico o guaya de alzacristales rota o trabada,CARROCERIA_NEUMATICA,L2,APROBADO,CONFORME,0.1584,0.135,TRAIN,,SI,Falla electrica del cierre centralizado o actuador de puerta
F10-L10-0134,Elevalunas electrico o guaya de alzacristales rota o trabada,CARROCERIA_NEUMATICA,L2,APROBADO,CONFORME,0.1311,0.128,TRAIN,,SI,Bateria descargada o bornes sulfatados
F10-L10-0135,Elevalunas electrico o guaya de alzacristales rota o trabada,CARROCERIA_NEUMATICA,L2,APROBADO,CONFORME,0.138,0.1496,TRAIN,,NO,
F10-L10-0136,Elevalunas electrico o guaya de alzacristales rota o trabada,CARROCERIA_NEUMATICA,L2,APROBADO,CONFORME,0.1243,0.081,TRAIN,,NO,
F10-L10-0137,Elevalunas electrico o guaya de alzacristales rota o trabada,CARROCERIA_NEUMATICA,L2,APROBADO,CONFORME,0.1416,0.1429,TRAIN,,NO,
F10-L10-0138,Elevalunas electrico o guaya de alzacristales rota o trabada,CARROCERIA_NEUMATICA,L2,APROBADO,CONFORME,0.1253,0.0894,TRAIN,,NO,
F10-L10-0139,Elevalunas electrico o guaya de alzacristales rota o trabada,CARROCERIA_NEUMATICA,L2,APROBADO,CONFORME,0.164,0.1441,TRAIN,,NO,
F10-L10-0140,Elevalunas electrico o guaya de alzacristales rota o trabada,CARROCERIA_NEUMATICA,L2,APROBADO,CONFORME,0.1219,0.0878,TRAIN,,SI,Alternador defectuoso o placa de diodos quemada
F10-L10-0141,Elevalunas electrico o guaya de alzacristales rota o trabada,CARROCERIA_NEUMATICA,L2,APROBADO,CONFORME,0.1301,0.1492,TRAIN,,SI,Falla electrica del cierre centralizado o actuador de puerta
F10-L10-0142,Elevalunas electrico o guaya de alzacristales rota o trabada,CARROCERIA_NEUMATICA,L2,APROBADO,CONFORME,0.1218,0.0849,TRAIN,,NO,
F10-L10-0143,Elevalunas electrico o guaya de alzacristales rota o trabada,CARROCERIA_NEUMATICA,L2,APROBADO,CONFORME,0.1117,0.1873,TRAIN,B1402,SI,Bateria descargada o bornes sulfatados
F10-L10-0144,Elevalunas electrico o guaya de alzacristales rota o trabada,CARROCERIA_NEUMATICA,L2,APROBADO,CONFORME,0.1584,0.142,TRAIN,,SI,"Cerradura, chapa o pestillo mecanico de puerta trabado o desalineado"
F10-L10-0145,Elevalunas electrico o guaya de alzacristales rota o trabada,CARROCERIA_NEUMATICA,L2,APROBADO,CONFORME,0.0889,0.1194,TRAIN,,SI,Falla electrica del cierre centralizado o actuador de puerta
F10-L10-0146,Elevalunas electrico o guaya de alzacristales rota o trabada,CARROCERIA_NEUMATICA,L3,APROBADO,CONFORME,0.1644,0.0801,TRAIN,,SI,Bateria descargada o bornes sulfatados
F10-L10-0147,Elevalunas electrico o guaya de alzacristales rota o trabada,CARROCERIA_NEUMATICA,L3,APROBADO,CONFORME,0.2081,0.0844,TRAIN,,NO,
F10-L10-0148,Elevalunas electrico o guaya de alzacristales rota o trabada,CARROCERIA_NEUMATICA,L3,APROBADO,CONFORME,0.1346,0.1003,TRAIN,,SI,"Cerradura, chapa o pestillo mecanico de puerta trabado o desalineado"
F10-L10-0149,Elevalunas electrico o guaya de alzacristales rota o trabada,CARROCERIA_NEUMATICA,L3,APROBADO,CONFORME,0.1153,0.0678,TRAIN,,NO,
F10-L10-0150,Elevalunas electrico o guaya de alzacristales rota o trabada,CARROCERIA_NEUMATICA,L3,APROBADO,CONFORME,0.161,0.1219,TRAIN,B1402,NO,
F10-L10-0151,Elevalunas electrico o guaya de alzacristales rota o trabada,CARROCERIA_NEUMATICA,L3,APROBADO,CONFORME,0.1462,0.0791,TRAIN,,NO,
F10-L10-0152,Elevalunas electrico o guaya de alzacristales rota o trabada,CARROCERIA_NEUMATICA,L3,APROBADO,CONFORME,0.2381,0.0626,TRAIN,,NO,
F10-L10-0153,Elevalunas electrico o guaya de alzacristales rota o trabada,CARROCERIA_NEUMATICA,L3,APROBADO,CONFORME,0.147,0.1491,TRAIN,,SI,Falla electrica del cierre centralizado o actuador de puerta
F10-L10-0154,Elevalunas electrico o guaya de alzacristales rota o trabada,CARROCERIA_NEUMATICA,L3,APROBADO,CONFORME,0.1871,0.1078,TRAIN,,NO,
F10-L10-0155,Elevalunas electrico o guaya de alzacristales rota o trabada,CARROCERIA_NEUMATICA,L3,APROBADO,CONFORME,0.1919,0.1246,TRAIN,,SI,Falla electrica del cierre centralizado o actuador de puerta
F10-L10-0156,Elevalunas electrico o guaya de alzacristales rota o trabada,CARROCERIA_NEUMATICA,L3,APROBADO,CONFORME,0.3571,0.1087,TRAIN,U0201,SI,Bateria descargada o bornes sulfatados
F10-L10-0157,Elevalunas electrico o guaya de alzacristales rota o trabada,CARROCERIA_NEUMATICA,L3,APROBADO,CONFORME,0.1266,0.0832,TRAIN,,SI,"Cerradura, chapa o pestillo mecanico de puerta trabado o desalineado"
F10-L10-0158,Elevalunas electrico o guaya de alzacristales rota o trabada,CARROCERIA_NEUMATICA,L3,APROBADO,CONFORME,0.0852,0.0693,TEST_100,,NO,
F10-L10-0159,Elevalunas electrico o guaya de alzacristales rota o trabada,CARROCERIA_NEUMATICA,L3,APROBADO,CONFORME,0.1908,0.0664,TRAIN,,SI,Bateria descargada o bornes sulfatados
F10-L10-0160,Elevalunas electrico o guaya de alzacristales rota o trabada,CARROCERIA_NEUMATICA,L3,APROBADO,CONFORME,0.0925,0.1513,TRAIN,,SI,Fuga parasita de corriente en reposo (consumo nocturno de bateria)
F10-L10-0161,Limpiaparabrisas o motor pluma quemado,CARROCERIA_NEUMATICA,L1,APROBADO,CONFORME,0.1353,0.5063,TRAIN,,NO,
F10-L10-0162,Limpiaparabrisas o motor pluma quemado,CARROCERIA_NEUMATICA,L1,APROBADO,CONFORME,0.1447,0.1291,TRAIN,,NO,
F10-L10-0163,Limpiaparabrisas o motor pluma quemado,CARROCERIA_NEUMATICA,L1,APROBADO,CONFORME,0.1466,0.1856,TRAIN,,NO,
F10-L10-0164,Limpiaparabrisas o motor pluma quemado,CARROCERIA_NEUMATICA,L1,APROBADO,CONFORME,0.1251,0.1497,TRAIN,,NO,
F10-L10-0165,Limpiaparabrisas o motor pluma quemado,CARROCERIA_NEUMATICA,L1,APROBADO,CONFORME,0.133,0.2982,TRAIN,,NO,
F10-L10-0166,Limpiaparabrisas o motor pluma quemado,CARROCERIA_NEUMATICA,L1,APROBADO,CONFORME,0.1107,0.2353,TRAIN,,NO,
F10-L10-0167,Limpiaparabrisas o motor pluma quemado,CARROCERIA_NEUMATICA,L1,APROBADO,CONFORME,0.1436,0.2956,TRAIN,,NO,
F10-L10-0168,Limpiaparabrisas o motor pluma quemado,CARROCERIA_NEUMATICA,L1,APROBADO,CONFORME,0.2038,0.2458,TRAIN,,NO,
F10-L10-0169,Limpiaparabrisas o motor pluma quemado,CARROCERIA_NEUMATICA,L1,APROBADO,CONFORME,0.1904,0.2565,TRAIN,,NO,
F10-L10-0170,Limpiaparabrisas o motor pluma quemado,CARROCERIA_NEUMATICA,L1,APROBADO,CONFORME,0.1197,0.1588,TRAIN,,NO,
F10-L10-0171,Limpiaparabrisas o motor pluma quemado,CARROCERIA_NEUMATICA,L2,APROBADO,CONFORME,0.1433,0.1547,TRAIN,,NO,
F10-L10-0172,Limpiaparabrisas o motor pluma quemado,CARROCERIA_NEUMATICA,L2,APROBADO,CONFORME,0.1353,0.2766,TRAIN,,NO,
F10-L10-0173,Limpiaparabrisas o motor pluma quemado,CARROCERIA_NEUMATICA,L2,APROBADO,CONFORME,0.1193,0.1365,TRAIN,,NO,
F10-L10-0174,Limpiaparabrisas o motor pluma quemado,CARROCERIA_NEUMATICA,L2,APROBADO,CONFORME,0.0953,0.1809,TEST_100,,SI,Alternador defectuoso o placa de diodos quemada
F10-L10-0175,Limpiaparabrisas o motor pluma quemado,CARROCERIA_NEUMATICA,L2,APROBADO,CONFORME,0.0983,0.0961,TRAIN,,SI,Bateria descargada o bornes sulfatados
F10-L10-0176,Limpiaparabrisas o motor pluma quemado,CARROCERIA_NEUMATICA,L2,APROBADO,CONFORME,0.1221,0.129,TRAIN,,NO,
F10-L10-0177,Limpiaparabrisas o motor pluma quemado,CARROCERIA_NEUMATICA,L2,APROBADO,CONFORME,0.1433,0.1337,TRAIN,,SI,Bateria descargada o bornes sulfatados
F10-L10-0178,Limpiaparabrisas o motor pluma quemado,CARROCERIA_NEUMATICA,L2,APROBADO,CONFORME,0.124,0.2073,TRAIN,,NO,
F10-L10-0179,Limpiaparabrisas o motor pluma quemado,CARROCERIA_NEUMATICA,L2,APROBADO,CONFORME,0.0793,0.1469,TRAIN,,NO,
F10-L10-0180,Limpiaparabrisas o motor pluma quemado,CARROCERIA_NEUMATICA,L2,APROBADO,CONFORME,0.1421,0.11,TRAIN,B1130,NO,
F10-L10-0181,Limpiaparabrisas o motor pluma quemado,CARROCERIA_NEUMATICA,L2,APROBADO,CONFORME,0.1164,0.1366,TRAIN,,SI,Alternador defectuoso o placa de diodos quemada
F10-L10-0182,Limpiaparabrisas o motor pluma quemado,CARROCERIA_NEUMATICA,L2,APROBADO,CONFORME,0.1084,0.1464,TRAIN,,NO,
F10-L10-0183,Limpiaparabrisas o motor pluma quemado,CARROCERIA_NEUMATICA,L2,APROBADO,CONFORME,0.0955,0.1263,TRAIN,,SI,Bateria descargada o bornes sulfatados
F10-L10-0184,Limpiaparabrisas o motor pluma quemado,CARROCERIA_NEUMATICA,L2,APROBADO,CONFORME,0.1196,0.1395,TRAIN,,NO,
F10-L10-0185,Limpiaparabrisas o motor pluma quemado,CARROCERIA_NEUMATICA,L2,APROBADO,CONFORME,0.1503,0.1828,TRAIN,,SI,Falla electrica del cierre centralizado o actuador de puerta
F10-L10-0186,Limpiaparabrisas o motor pluma quemado,CARROCERIA_NEUMATICA,L3,APROBADO,CONFORME,0.1644,0.0928,TRAIN,,SI,Alternador defectuoso o placa de diodos quemada
F10-L10-0187,Limpiaparabrisas o motor pluma quemado,CARROCERIA_NEUMATICA,L3,APROBADO,CONFORME,0.0884,0.1164,TRAIN,,NO,
F10-L10-0188,Limpiaparabrisas o motor pluma quemado,CARROCERIA_NEUMATICA,L3,APROBADO,CONFORME,0.1144,0.1025,TRAIN,,NO,
F10-L10-0189,Limpiaparabrisas o motor pluma quemado,CARROCERIA_NEUMATICA,L3,APROBADO,CONFORME,0.1723,0.085,DEV_60,,NO,
F10-L10-0190,Limpiaparabrisas o motor pluma quemado,CARROCERIA_NEUMATICA,L3,APROBADO,CONFORME,0.0967,0.0732,TRAIN,B1132,SI,Bateria descargada o bornes sulfatados
F10-L10-0191,Limpiaparabrisas o motor pluma quemado,CARROCERIA_NEUMATICA,L3,APROBADO,CONFORME,0.2603,0.1383,TRAIN,,SI,Alternador defectuoso o placa de diodos quemada
F10-L10-0192,Limpiaparabrisas o motor pluma quemado,CARROCERIA_NEUMATICA,L3,APROBADO,CONFORME,0.1233,0.0941,TRAIN,,NO,
F10-L10-0193,Limpiaparabrisas o motor pluma quemado,CARROCERIA_NEUMATICA,L3,APROBADO,CONFORME,0.2381,0.1104,TRAIN,,NO,
F10-L10-0194,Limpiaparabrisas o motor pluma quemado,CARROCERIA_NEUMATICA,L3,APROBADO,CONFORME,0.0689,0.0767,TRAIN,,SI,Falla electrica del cierre centralizado o actuador de puerta
F10-L10-0195,Limpiaparabrisas o motor pluma quemado,CARROCERIA_NEUMATICA,L3,APROBADO,CONFORME,0.1024,0.0756,TRAIN,,SI,Bateria descargada o bornes sulfatados
F10-L10-0196,Limpiaparabrisas o motor pluma quemado,CARROCERIA_NEUMATICA,L3,APROBADO,CONFORME,0.1788,0.1746,DEV_60,,NO,
F10-L10-0197,Limpiaparabrisas o motor pluma quemado,CARROCERIA_NEUMATICA,L3,APROBADO,CONFORME,0.163,0.0574,TRAIN,,SI,Bateria descargada o bornes sulfatados
F10-L10-0198,Limpiaparabrisas o motor pluma quemado,CARROCERIA_NEUMATICA,L3,APROBADO,CONFORME,0.1307,0.0824,TRAIN,,NO,
F10-L10-0199,Limpiaparabrisas o motor pluma quemado,CARROCERIA_NEUMATICA,L3,APROBADO,CONFORME,0.1346,0.1204,TRAIN,B1150,NO,
F10-L10-0200,Limpiaparabrisas o motor pluma quemado,CARROCERIA_NEUMATICA,L3,APROBADO,CONFORME,0.0848,0.1099,TRAIN,,NO,
F10-L11-0001,Fugas de aire o fallos en el sistema de frenos neumático (Camiones),CARROCERIA_NEUMATICA,L1,APROBADO,CONFORME,0.1618,0.2813,TRAIN,,NO,
F10-L11-0002,Fugas de aire o fallos en el sistema de frenos neumático (Camiones),CARROCERIA_NEUMATICA,L1,APROBADO,CONFORME,0.1936,0.346,TRAIN,,NO,
F10-L11-0003,Fugas de aire o fallos en el sistema de frenos neumático (Camiones),CARROCERIA_NEUMATICA,L1,APROBADO,CONFORME,0.2344,0.2265,TRAIN,,NO,
F10-L11-0004,Fugas de aire o fallos en el sistema de frenos neumático (Camiones),CARROCERIA_NEUMATICA,L1,APROBADO,CONFORME,0.2226,0.2978,TRAIN,,NO,
F10-L11-0005,Fugas de aire o fallos en el sistema de frenos neumático (Camiones),CARROCERIA_NEUMATICA,L1,APROBADO,CONFORME,0.1547,0.2028,TRAIN,,NO,
F10-L11-0006,Fugas de aire o fallos en el sistema de frenos neumático (Camiones),CARROCERIA_NEUMATICA,L1,APROBADO,CONFORME,0.1555,0.1651,TRAIN,,NO,
F10-L11-0007,Fugas de aire o fallos en el sistema de frenos neumático (Camiones),CARROCERIA_NEUMATICA,L1,APROBADO,CONFORME,0.1556,0.2319,TRAIN,,NO,
F10-L11-0008,Fugas de aire o fallos en el sistema de frenos neumático (Camiones),CARROCERIA_NEUMATICA,L1,APROBADO,CONFORME,0.2243,0.199,TRAIN,,NO,
F10-L11-0009,Fugas de aire o fallos en el sistema de frenos neumático (Camiones),CARROCERIA_NEUMATICA,L1,APROBADO,CONFORME,0.1546,0.185,TRAIN,,NO,
F10-L11-0010,Fugas de aire o fallos en el sistema de frenos neumático (Camiones),CARROCERIA_NEUMATICA,L1,APROBADO,CONFORME,0.2179,0.2081,TRAIN,,NO,
F10-L11-0011,Fugas de aire o fallos en el sistema de frenos neumático (Camiones),CARROCERIA_NEUMATICA,L2,APROBADO,CONFORME,0.1418,0.2696,TRAIN,,SI,Fuga hidraulica o aire en el sistema de frenos
F10-L11-0012,Fugas de aire o fallos en el sistema de frenos neumático (Camiones),CARROCERIA_NEUMATICA,L2,APROBADO,CONFORME,0.1079,0.2363,TRAIN,,SI,Falla en actuador de resorte o camara Maxi-Brake trabada (frenos de aire)
F10-L11-0013,Fugas de aire o fallos en el sistema de frenos neumático (Camiones),CARROCERIA_NEUMATICA,L2,APROBADO,CONFORME,0.1404,0.1365,TRAIN,,SI,Válvula de freno de aire o secador APS obstruido (Camiones)
F10-L11-0014,Fugas de aire o fallos en el sistema de frenos neumático (Camiones),CARROCERIA_NEUMATICA,L2,APROBADO,CONFORME,0.1187,0.124,TRAIN,,NO,
F10-L11-0015,Fugas de aire o fallos en el sistema de frenos neumático (Camiones),CARROCERIA_NEUMATICA,L2,APROBADO,CONFORME,0.1037,0.1254,TRAIN,,SI,Caliper de freno trabado o mordaza pegada (piston agarrotado)
F10-L11-0016,Fugas de aire o fallos en el sistema de frenos neumático (Camiones),CARROCERIA_NEUMATICA,L2,APROBADO,CONFORME,0.1327,0.2137,TRAIN,,SI,Válvula de freno de aire o secador APS obstruido (Camiones)
F10-L11-0017,Fugas de aire o fallos en el sistema de frenos neumático (Camiones),CARROCERIA_NEUMATICA,L2,APROBADO,CONFORME,0.0966,0.2429,TRAIN,,NO,
F10-L11-0018,Fugas de aire o fallos en el sistema de frenos neumático (Camiones),CARROCERIA_NEUMATICA,L2,APROBADO,CONFORME,0.1649,0.2786,TRAIN,,SI,Falla en actuador de resorte o camara Maxi-Brake trabada (frenos de aire)
F10-L11-0019,Fugas de aire o fallos en el sistema de frenos neumático (Camiones),CARROCERIA_NEUMATICA,L2,APROBADO,CONFORME,0.1303,0.1051,TRAIN,,NO,
F10-L11-0020,Fugas de aire o fallos en el sistema de frenos neumático (Camiones),CARROCERIA_NEUMATICA,L2,APROBADO,CONFORME,0.177,0.1671,TRAIN,,SI,Válvula de freno de aire o secador APS obstruido (Camiones)
F10-L11-0021,Fugas de aire o fallos en el sistema de frenos neumático (Camiones),CARROCERIA_NEUMATICA,L2,APROBADO,CONFORME,0.1121,0.1939,TRAIN,,SI,Fuga hidraulica o aire en el sistema de frenos
F10-L11-0022,Fugas de aire o fallos en el sistema de frenos neumático (Camiones),CARROCERIA_NEUMATICA,L2,APROBADO,CONFORME,0.1069,0.1108,TEST_100,,SI,Falla en actuador de resorte o camara Maxi-Brake trabada (frenos de aire)
F10-L11-0023,Fugas de aire o fallos en el sistema de frenos neumático (Camiones),CARROCERIA_NEUMATICA,L2,APROBADO,CONFORME,0.167,0.1446,TRAIN,,SI,Válvula de freno de aire o secador APS obstruido (Camiones)
F10-L11-0024,Fugas de aire o fallos en el sistema de frenos neumático (Camiones),CARROCERIA_NEUMATICA,L2,APROBADO,CONFORME,0.1102,0.1973,TRAIN,,SI,Caliper de freno trabado o mordaza pegada (piston agarrotado)
F10-L11-0025,Fugas de aire o fallos en el sistema de frenos neumático (Camiones),CARROCERIA_NEUMATICA,L2,APROBADO,CONFORME,0.1151,0.0979,TRAIN,,NO,
F10-L11-0026,Fugas de aire o fallos en el sistema de frenos neumático (Camiones),CARROCERIA_NEUMATICA,L3,APROBADO,CONFORME,0.1145,0.1326,TRAIN,,SI,Válvula de freno de aire o secador APS obstruido (Camiones)
F10-L11-0027,Fugas de aire o fallos en el sistema de frenos neumático (Camiones),CARROCERIA_NEUMATICA,L3,APROBADO,CONFORME,0.1404,0.0959,TRAIN,,SI,Válvula de freno de aire o secador APS obstruido (Camiones)
F10-L11-0028,Fugas de aire o fallos en el sistema de frenos neumático (Camiones),CARROCERIA_NEUMATICA,L3,APROBADO,CONFORME,0.1282,0.142,TRAIN,,SI,Falla en actuador de resorte o camara Maxi-Brake trabada (frenos de aire)
F10-L11-0029,Fugas de aire o fallos en el sistema de frenos neumático (Camiones),CARROCERIA_NEUMATICA,L3,APROBADO,CONFORME,0.1371,0.1259,TRAIN,,SI,Fuga hidraulica o aire en el sistema de frenos
F10-L11-0030,Fugas de aire o fallos en el sistema de frenos neumático (Camiones),CARROCERIA_NEUMATICA,L3,APROBADO,CONFORME,0.1088,0.0881,TRAIN,,SI,Válvula de freno de aire o secador APS obstruido (Camiones)
F10-L11-0031,Fugas de aire o fallos en el sistema de frenos neumático (Camiones),CARROCERIA_NEUMATICA,L3,APROBADO,CONFORME,0.161,0.0819,TRAIN,,NO,
F10-L11-0032,Fugas de aire o fallos en el sistema de frenos neumático (Camiones),CARROCERIA_NEUMATICA,L3,APROBADO,CONFORME,0.1224,0.1185,TRAIN,,SI,Caliper de freno trabado o mordaza pegada (piston agarrotado)
F10-L11-0033,Fugas de aire o fallos en el sistema de frenos neumático (Camiones),CARROCERIA_NEUMATICA,L3,APROBADO,CONFORME,0.1045,0.1143,TRAIN,,NO,
F10-L11-0034,Fugas de aire o fallos en el sistema de frenos neumático (Camiones),CARROCERIA_NEUMATICA,L3,APROBADO,CONFORME,0.117,0.1105,TRAIN,,NO,
F10-L11-0035,Fugas de aire o fallos en el sistema de frenos neumático (Camiones),CARROCERIA_NEUMATICA,L3,APROBADO,CONFORME,0.177,0.1432,TRAIN,,SI,Falla en actuador de resorte o camara Maxi-Brake trabada (frenos de aire)
F10-L11-0036,Fugas de aire o fallos en el sistema de frenos neumático (Camiones),CARROCERIA_NEUMATICA,L3,APROBADO,CONFORME,0.167,0.1021,TRAIN,,SI,Válvula de freno de aire o secador APS obstruido (Camiones)
F10-L11-0037,Fugas de aire o fallos en el sistema de frenos neumático (Camiones),CARROCERIA_NEUMATICA,L3,APROBADO,CONFORME,0.1156,0.0837,TRAIN,,NO,
F10-L11-0038,Fugas de aire o fallos en el sistema de frenos neumático (Camiones),CARROCERIA_NEUMATICA,L3,APROBADO,CONFORME,0.1613,0.1484,TRAIN,,SI,Válvula de freno de aire o secador APS obstruido (Camiones)
F10-L11-0039,Fugas de aire o fallos en el sistema de frenos neumático (Camiones),CARROCERIA_NEUMATICA,L3,APROBADO,CONFORME,0.1108,0.1374,TRAIN,,NO,
F10-L11-0040,Fugas de aire o fallos en el sistema de frenos neumático (Camiones),CARROCERIA_NEUMATICA,L3,APROBADO,CONFORME,0.1224,0.0846,TRAIN,,SI,Falla en actuador de resorte o camara Maxi-Brake trabada (frenos de aire)
F10-L11-0041,Válvula de freno de aire o secador APS obstruido (Camiones),CARROCERIA_NEUMATICA,L1,APROBADO,CONFORME,0.2226,0.2529,TRAIN,,NO,
F10-L11-0042,Válvula de freno de aire o secador APS obstruido (Camiones),CARROCERIA_NEUMATICA,L1,APROBADO,CONFORME,0.3056,0.2688,TRAIN,,NO,
F10-L11-0043,Válvula de freno de aire o secador APS obstruido (Camiones),CARROCERIA_NEUMATICA,L1,APROBADO,CONFORME,0.1657,0.1908,TRAIN,,NO,
F10-L11-0044,Válvula de freno de aire o secador APS obstruido (Camiones),CARROCERIA_NEUMATICA,L1,APROBADO,CONFORME,0.4374,0.2624,TRAIN,,NO,
F10-L11-0045,Válvula de freno de aire o secador APS obstruido (Camiones),CARROCERIA_NEUMATICA,L1,APROBADO,CONFORME,0.1359,0.1834,TRAIN,,NO,
F10-L11-0046,Válvula de freno de aire o secador APS obstruido (Camiones),CARROCERIA_NEUMATICA,L1,APROBADO,CONFORME,0.2563,0.1985,TRAIN,,NO,
F10-L11-0047,Válvula de freno de aire o secador APS obstruido (Camiones),CARROCERIA_NEUMATICA,L1,APROBADO,CONFORME,0.1123,0.2272,TRAIN,,NO,
F10-L11-0048,Válvula de freno de aire o secador APS obstruido (Camiones),CARROCERIA_NEUMATICA,L1,APROBADO,CONFORME,0.1917,0.3705,TRAIN,,NO,
F10-L11-0049,Válvula de freno de aire o secador APS obstruido (Camiones),CARROCERIA_NEUMATICA,L1,APROBADO,CONFORME,0.3056,0.2154,TRAIN,,NO,
F10-L11-0050,Válvula de freno de aire o secador APS obstruido (Camiones),CARROCERIA_NEUMATICA,L1,APROBADO,CONFORME,0.1568,0.1803,TRAIN,,NO,
F10-L11-0051,Válvula de freno de aire o secador APS obstruido (Camiones),CARROCERIA_NEUMATICA,L2,APROBADO,CONFORME,0.1917,0.2383,TRAIN,,SI,Fugas de aire o fallos en el sistema de frenos neumático (Camiones)
F10-L11-0052,Válvula de freno de aire o secador APS obstruido (Camiones),CARROCERIA_NEUMATICA,L2,APROBADO,CONFORME,0.1348,0.1484,TRAIN,,SI,Falla en actuador de resorte o camara Maxi-Brake trabada (frenos de aire)
F10-L11-0053,Válvula de freno de aire o secador APS obstruido (Camiones),CARROCERIA_NEUMATICA,L2,APROBADO,CONFORME,0.2031,0.1993,TRAIN,,NO,
F10-L11-0054,Válvula de freno de aire o secador APS obstruido (Camiones),CARROCERIA_NEUMATICA,L2,APROBADO,CONFORME,0.1482,0.1792,TRAIN,,SI,Fugas de aire o fallos en el sistema de frenos neumático (Camiones)
F10-L11-0055,Válvula de freno de aire o secador APS obstruido (Camiones),CARROCERIA_NEUMATICA,L2,APROBADO,CONFORME,0.1526,0.1549,TRAIN,,NO,
F10-L11-0056,Válvula de freno de aire o secador APS obstruido (Camiones),CARROCERIA_NEUMATICA,L2,APROBADO,CONFORME,0.0923,0.1357,TRAIN,,NO,
F10-L11-0057,Válvula de freno de aire o secador APS obstruido (Camiones),CARROCERIA_NEUMATICA,L2,APROBADO,CONFORME,0.1482,0.1851,TRAIN,,SI,Fugas de aire o fallos en el sistema de frenos neumático (Camiones)
F10-L11-0058,Válvula de freno de aire o secador APS obstruido (Camiones),CARROCERIA_NEUMATICA,L2,APROBADO,CONFORME,0.1597,0.1554,TRAIN,,NO,
F10-L11-0059,Válvula de freno de aire o secador APS obstruido (Camiones),CARROCERIA_NEUMATICA,L2,APROBADO,CONFORME,0.1475,0.1325,TRAIN,,NO,
F10-L11-0060,Válvula de freno de aire o secador APS obstruido (Camiones),CARROCERIA_NEUMATICA,L2,APROBADO,CONFORME,0.1547,0.1509,TRAIN,,SI,Fugas de aire o fallos en el sistema de frenos neumático (Camiones)
F10-L11-0061,Válvula de freno de aire o secador APS obstruido (Camiones),CARROCERIA_NEUMATICA,L2,APROBADO,CONFORME,0.1119,0.1803,TRAIN,,SI,Fugas de aire o fallos en el sistema de frenos neumático (Camiones)
F10-L11-0062,Válvula de freno de aire o secador APS obstruido (Camiones),CARROCERIA_NEUMATICA,L2,APROBADO,CONFORME,0.146,0.1745,TRAIN,,SI,Falla en actuador de resorte o camara Maxi-Brake trabada (frenos de aire)
F10-L11-0063,Válvula de freno de aire o secador APS obstruido (Camiones),CARROCERIA_NEUMATICA,L2,APROBADO,CONFORME,0.4175,0.145,TRAIN,,SI,Falla en actuador de resorte o camara Maxi-Brake trabada (frenos de aire)
F10-L11-0064,Válvula de freno de aire o secador APS obstruido (Camiones),CARROCERIA_NEUMATICA,L2,APROBADO,CONFORME,0.1568,0.1511,TRAIN,,NO,
F10-L11-0065,Válvula de freno de aire o secador APS obstruido (Camiones),CARROCERIA_NEUMATICA,L2,APROBADO,CONFORME,0.1756,0.1724,TRAIN,,NO,
F10-L11-0066,Válvula de freno de aire o secador APS obstruido (Camiones),CARROCERIA_NEUMATICA,L3,APROBADO,CONFORME,0.0984,0.2037,TRAIN,,SI,Fugas de aire o fallos en el sistema de frenos neumático (Camiones)
F10-L11-0067,Válvula de freno de aire o secador APS obstruido (Camiones),CARROCERIA_NEUMATICA,L3,APROBADO,CONFORME,0.0936,0.0903,TRAIN,,NO,
F10-L11-0068,Válvula de freno de aire o secador APS obstruido (Camiones),CARROCERIA_NEUMATICA,L3,APROBADO,CONFORME,0.1613,0.1914,TRAIN,,SI,Falla en actuador de resorte o camara Maxi-Brake trabada (frenos de aire)
F10-L11-0069,Válvula de freno de aire o secador APS obstruido (Camiones),CARROCERIA_NEUMATICA,L3,APROBADO,CONFORME,0.1788,0.1117,TRAIN,,NO,
F10-L11-0070,Válvula de freno de aire o secador APS obstruido (Camiones),CARROCERIA_NEUMATICA,L3,APROBADO,CONFORME,0.2031,0.1691,TRAIN,,SI,Fugas de aire o fallos en el sistema de frenos neumático (Camiones)
F10-L11-0071,Válvula de freno de aire o secador APS obstruido (Camiones),CARROCERIA_NEUMATICA,L3,APROBADO,CONFORME,0.1243,0.1488,TRAIN,,SI,Fugas de aire o fallos en el sistema de frenos neumático (Camiones)
F10-L11-0072,Válvula de freno de aire o secador APS obstruido (Camiones),CARROCERIA_NEUMATICA,L3,APROBADO,CONFORME,0.1226,0.0973,TRAIN,,SI,Fugas de aire o fallos en el sistema de frenos neumático (Camiones)
F10-L11-0073,Válvula de freno de aire o secador APS obstruido (Camiones),CARROCERIA_NEUMATICA,L3,APROBADO,CONFORME,0.1561,0.0684,TRAIN,,SI,Caliper de freno trabado o mordaza pegada (piston agarrotado)
F10-L11-0074,Válvula de freno de aire o secador APS obstruido (Camiones),CARROCERIA_NEUMATICA,L3,APROBADO,CONFORME,0.1153,0.1392,TRAIN,,NO,
F10-L11-0075,Válvula de freno de aire o secador APS obstruido (Camiones),CARROCERIA_NEUMATICA,L3,APROBADO,CONFORME,0.1531,0.1672,TRAIN,,SI,Fugas de aire o fallos en el sistema de frenos neumático (Camiones)
F10-L11-0076,Válvula de freno de aire o secador APS obstruido (Camiones),CARROCERIA_NEUMATICA,L3,APROBADO,CONFORME,0.0892,0.0929,TRAIN,,SI,Fugas de aire o fallos en el sistema de frenos neumático (Camiones)
F10-L11-0077,Válvula de freno de aire o secador APS obstruido (Camiones),CARROCERIA_NEUMATICA,L3,APROBADO,CONFORME,0.0947,0.1433,TRAIN,,NO,
F10-L11-0078,Válvula de freno de aire o secador APS obstruido (Camiones),CARROCERIA_NEUMATICA,L3,APROBADO,CONFORME,0.1179,0.1429,TRAIN,,NO,
F10-L11-0079,Válvula de freno de aire o secador APS obstruido (Camiones),CARROCERIA_NEUMATICA,L3,APROBADO,CONFORME,0.1531,0.1083,TRAIN,,SI,Fugas de aire o fallos en el sistema de frenos neumático (Camiones)
F10-L11-0080,Válvula de freno de aire o secador APS obstruido (Camiones),CARROCERIA_NEUMATICA,L3,APROBADO,CONFORME,0.1069,0.1034,DEV_60,,SI,Falla en actuador de resorte o camara Maxi-Brake trabada (frenos de aire)
F10-L11-0081,Falla en actuador de resorte o camara Maxi-Brake trabada (frenos de aire),CARROCERIA_NEUMATICA,L1,APROBADO,CONFORME,0.1117,0.1729,TRAIN,,NO,
F10-L11-0082,Falla en actuador de resorte o camara Maxi-Brake trabada (frenos de aire),CARROCERIA_NEUMATICA,L1,APROBADO,CONFORME,0.4175,0.1673,TRAIN,,NO,
F10-L11-0083,Falla en actuador de resorte o camara Maxi-Brake trabada (frenos de aire),CARROCERIA_NEUMATICA,L1,APROBADO,CONFORME,0.1554,0.2448,TRAIN,,NO,
F10-L11-0084,Falla en actuador de resorte o camara Maxi-Brake trabada (frenos de aire),CARROCERIA_NEUMATICA,L1,APROBADO,CONFORME,0.1287,0.1261,TRAIN,,NO,
F10-L11-0085,Falla en actuador de resorte o camara Maxi-Brake trabada (frenos de aire),CARROCERIA_NEUMATICA,L1,APROBADO,CONFORME,0.2243,0.3324,TRAIN,,NO,
F10-L11-0086,Falla en actuador de resorte o camara Maxi-Brake trabada (frenos de aire),CARROCERIA_NEUMATICA,L1,APROBADO,CONFORME,0.1927,0.4483,TRAIN,,NO,
F10-L11-0087,Falla en actuador de resorte o camara Maxi-Brake trabada (frenos de aire),CARROCERIA_NEUMATICA,L1,APROBADO,CONFORME,0.13,0.1343,TRAIN,,NO,
F10-L11-0088,Falla en actuador de resorte o camara Maxi-Brake trabada (frenos de aire),CARROCERIA_NEUMATICA,L1,APROBADO,CONFORME,0.2563,0.2003,TRAIN,,NO,
F10-L11-0089,Falla en actuador de resorte o camara Maxi-Brake trabada (frenos de aire),CARROCERIA_NEUMATICA,L1,APROBADO,CONFORME,0.1601,0.1727,TRAIN,,NO,
F10-L11-0090,Falla en actuador de resorte o camara Maxi-Brake trabada (frenos de aire),CARROCERIA_NEUMATICA,L1,APROBADO,CONFORME,0.1442,0.1687,TRAIN,,NO,
F10-L11-0091,Falla en actuador de resorte o camara Maxi-Brake trabada (frenos de aire),CARROCERIA_NEUMATICA,L2,APROBADO,CONFORME,0.1521,0.1975,TRAIN,,SI,Fugas de aire o fallos en el sistema de frenos neumático (Camiones)
F10-L11-0092,Falla en actuador de resorte o camara Maxi-Brake trabada (frenos de aire),CARROCERIA_NEUMATICA,L2,APROBADO,CONFORME,0.1189,0.2225,TRAIN,,SI,Fugas de aire o fallos en el sistema de frenos neumático (Camiones)
F10-L11-0093,Falla en actuador de resorte o camara Maxi-Brake trabada (frenos de aire),CARROCERIA_NEUMATICA,L2,APROBADO,CONFORME,0.139,0.1901,DEV_60,,SI,Caliper de freno trabado o mordaza pegada (piston agarrotado)
F10-L11-0094,Falla en actuador de resorte o camara Maxi-Brake trabada (frenos de aire),CARROCERIA_NEUMATICA,L2,APROBADO,CONFORME,0.1411,0.1853,TRAIN,,NO,
F10-L11-0095,Falla en actuador de resorte o camara Maxi-Brake trabada (frenos de aire),CARROCERIA_NEUMATICA,L2,APROBADO,CONFORME,0.1927,0.1539,TRAIN,,SI,Válvula de freno de aire o secador APS obstruido (Camiones)
F10-L11-0096,Falla en actuador de resorte o camara Maxi-Brake trabada (frenos de aire),CARROCERIA_NEUMATICA,L2,APROBADO,CONFORME,0.1072,0.1146,TRAIN,,SI,Fugas de aire o fallos en el sistema de frenos neumático (Camiones)
F10-L11-0097,Falla en actuador de resorte o camara Maxi-Brake trabada (frenos de aire),CARROCERIA_NEUMATICA,L2,APROBADO,CONFORME,0.1258,0.1475,TRAIN,,NO,
F10-L11-0098,Falla en actuador de resorte o camara Maxi-Brake trabada (frenos de aire),CARROCERIA_NEUMATICA,L2,APROBADO,CONFORME,0.13,0.1936,TRAIN,,SI,Válvula de freno de aire o secador APS obstruido (Camiones)
F10-L11-0099,Falla en actuador de resorte o camara Maxi-Brake trabada (frenos de aire),CARROCERIA_NEUMATICA,L2,APROBADO,CONFORME,0.1138,0.1036,TRAIN,,NO,
F10-L11-0100,Falla en actuador de resorte o camara Maxi-Brake trabada (frenos de aire),CARROCERIA_NEUMATICA,L2,APROBADO,CONFORME,0.1419,0.1387,TRAIN,,NO,
F10-L11-0101,Falla en actuador de resorte o camara Maxi-Brake trabada (frenos de aire),CARROCERIA_NEUMATICA,L2,APROBADO,CONFORME,0.1301,0.2491,TRAIN,,SI,Válvula de freno de aire o secador APS obstruido (Camiones)
F10-L11-0102,Falla en actuador de resorte o camara Maxi-Brake trabada (frenos de aire),CARROCERIA_NEUMATICA,L2,APROBADO,CONFORME,0.0849,0.1662,TRAIN,,NO,
F10-L11-0103,Falla en actuador de resorte o camara Maxi-Brake trabada (frenos de aire),CARROCERIA_NEUMATICA,L2,APROBADO,CONFORME,0.1481,0.0983,TRAIN,,SI,Fuga hidraulica o aire en el sistema de frenos
F10-L11-0104,Falla en actuador de resorte o camara Maxi-Brake trabada (frenos de aire),CARROCERIA_NEUMATICA,L2,APROBADO,CONFORME,0.0953,0.0918,TRAIN,,SI,Fugas de aire o fallos en el sistema de frenos neumático (Camiones)
F10-L11-0105,Falla en actuador de resorte o camara Maxi-Brake trabada (frenos de aire),CARROCERIA_NEUMATICA,L2,APROBADO,CONFORME,0.0857,0.152,TRAIN,,NO,
F10-L11-0106,Falla en actuador de resorte o camara Maxi-Brake trabada (frenos de aire),CARROCERIA_NEUMATICA,L3,APROBADO,CONFORME,0.1189,0.1727,TRAIN,,SI,Fugas de aire o fallos en el sistema de frenos neumático (Camiones)
F10-L11-0107,Falla en actuador de resorte o camara Maxi-Brake trabada (frenos de aire),CARROCERIA_NEUMATICA,L3,APROBADO,CONFORME,0.1356,0.1687,TRAIN,,SI,Fugas de aire o fallos en el sistema de frenos neumático (Camiones)
F10-L11-0108,Falla en actuador de resorte o camara Maxi-Brake trabada (frenos de aire),CARROCERIA_NEUMATICA,L3,APROBADO,CONFORME,0.1123,0.1249,TRAIN,,SI,Caliper de freno trabado o mordaza pegada (piston agarrotado)
F10-L11-0109,Falla en actuador de resorte o camara Maxi-Brake trabada (frenos de aire),CARROCERIA_NEUMATICA,L3,APROBADO,CONFORME,0.1343,0.1105,TRAIN,,SI,Válvula de freno de aire o secador APS obstruido (Camiones)
F10-L11-0110,Falla en actuador de resorte o camara Maxi-Brake trabada (frenos de aire),CARROCERIA_NEUMATICA,L3,APROBADO,CONFORME,0.1312,0.0932,TRAIN,,SI,Fugas de aire o fallos en el sistema de frenos neumático (Camiones)
F10-L11-0111,Falla en actuador de resorte o camara Maxi-Brake trabada (frenos de aire),CARROCERIA_NEUMATICA,L3,APROBADO,CONFORME,0.1369,0.1379,TRAIN,,SI,Válvula de freno de aire o secador APS obstruido (Camiones)
F10-L11-0112,Falla en actuador de resorte o camara Maxi-Brake trabada (frenos de aire),CARROCERIA_NEUMATICA,L3,APROBADO,CONFORME,0.1049,0.0889,TRAIN,,NO,
F10-L11-0113,Falla en actuador de resorte o camara Maxi-Brake trabada (frenos de aire),CARROCERIA_NEUMATICA,L3,APROBADO,CONFORME,0.1066,0.1055,TRAIN,,NO,
F10-L11-0114,Falla en actuador de resorte o camara Maxi-Brake trabada (frenos de aire),CARROCERIA_NEUMATICA,L3,APROBADO,CONFORME,0.1419,0.0997,TRAIN,,NO,
F10-L11-0115,Falla en actuador de resorte o camara Maxi-Brake trabada (frenos de aire),CARROCERIA_NEUMATICA,L3,APROBADO,CONFORME,0.1481,0.0847,TRAIN,,SI,Fugas de aire o fallos en el sistema de frenos neumático (Camiones)
F10-L11-0116,Falla en actuador de resorte o camara Maxi-Brake trabada (frenos de aire),CARROCERIA_NEUMATICA,L3,APROBADO,CONFORME,0.1258,0.1155,TRAIN,,SI,Válvula de freno de aire o secador APS obstruido (Camiones)
F10-L11-0117,Falla en actuador de resorte o camara Maxi-Brake trabada (frenos de aire),CARROCERIA_NEUMATICA,L3,APROBADO,CONFORME,0.1261,0.0676,TRAIN,,NO,
F10-L11-0118,Falla en actuador de resorte o camara Maxi-Brake trabada (frenos de aire),CARROCERIA_NEUMATICA,L3,APROBADO,CONFORME,0.1369,0.0951,TRAIN,,SI,Fugas de aire o fallos en el sistema de frenos neumático (Camiones)
F10-L11-0119,Falla en actuador de resorte o camara Maxi-Brake trabada (frenos de aire),CARROCERIA_NEUMATICA,L3,APROBADO,CONFORME,0.1006,0.0964,TRAIN,,SI,Caliper de freno trabado o mordaza pegada (piston agarrotado)
F10-L11-0120,Falla en actuador de resorte o camara Maxi-Brake trabada (frenos de aire),CARROCERIA_NEUMATICA,L3,APROBADO,CONFORME,0.1343,0.1123,TRAIN,,NO,
