id,id_grupo,clase_objetivo,macro_sistema,nivel_informacion,texto_usuario,tipo_lenguaje,condicion_operacion,sintomas_presentes,sintomas_negados,dtc,requiere_pregunta,es_contrastivo,clase_contrastiva,fuente,observaciones
F10-L04-0001,G16-L1-01,Falla de correa dentada banada en aceite (Motor Ford 1.0 Dragon / GM Turbo),MOTOR,L1,Se prende la luz roja de la aceitera cuando me detengo en el semáforo.,COTIDIANO,ralenti_caliente,testigo_aceite_ralenti,,,SI,NO,,SINTETICO_IA,L1 testigo de presión de aceite al detenerse.
F10-L04-0002,G16-L1-02,Falla de correa dentada banada en aceite (Motor Ford 1.0 Dragon / GM Turbo),MOTOR,L1,"Hola, mi carro tiene motor 3 cilindros y siento que el pedal del freno se puso duro.",WHATSAPP,frenado,pedal_freno_duro,,,SI,NO,,SINTETICO_IA,L1 pérdida de vacío por bomba taponada.
F10-L04-0003,G16-L1-03,Falla de correa dentada banada en aceite (Motor Ford 1.0 Dragon / GM Turbo),MOTOR,L1,Encontré como pedacitos de plástico o goma negra pegados en la varilla del aceite.,COTIDIANO,revision_aceite,residuos_goma_varilla_aceite,,,SI,NO,,SINTETICO_IA,L1 filamentos de caucho en varilla.
F10-L04-0004,G16-L1-04,Falla de correa dentada banada en aceite (Motor Ford 1.0 Dragon / GM Turbo),MOTOR,L1,El motor suena como un zumbido sordo adelante y el aceite huele a quemado.,COTIDIANO,marcha,zumbido_delantero|olor_aceite_quemado,,,SI,NO,,SINTETICO_IA,L1 zumbido frontal y degradación.
F10-L04-0005,G16-L1-05,Falla de correa dentada banada en aceite (Motor Ford 1.0 Dragon / GM Turbo),MOTOR,L1,Apareció un mensaje de baja presión de aceite y el motor empezó a cascabelear.,TALLER,marcha,mensaje_baja_presion|cascabeleo,,,SI,NO,,SINTETICO_IA,L1 aviso de lubricación con cascabeleo.
F10-L04-0006,G16-L1-06,Falla de correa dentada banada en aceite (Motor Ford 1.0 Dragon / GM Turbo),MOTOR,L1,El auto perdió fuerza de golpe y gira sin compresión al darle arranque.,TALLER,arranque,perdida_fuerza|giro_sin_compresion,,,SI,NO,,SINTETICO_IA,L1 rotura o salto de correa húmeda.
F10-L04-0007,G16-L1-07,Falla de correa dentada banada en aceite (Motor Ford 1.0 Dragon / GM Turbo),MOTOR,L1,Siento un ruido de roce de correa por dentro del motor de mi camioneta.,COTIDIANO,ralenti,ruido_roce_interno,,,SI,NO,,SINTETICO_IA,L1 fricción interna en faja húmeda.
F10-L04-0008,G16-L1-08,Falla de correa dentada banada en aceite (Motor Ford 1.0 Dragon / GM Turbo),MOTOR,L1,Se prendio el foco del aceite y parpadea cuando el motor calienta bastante.,ERROR_ORTOGRAFICO,motor_caliente,foco_aceite_parpadea,,,SI,NO,,SINTETICO_IA,L1 testigo de lubricación parpadeante en caliente.
F10-L04-0009,G16-L1-09,Falla de correa dentada banada en aceite (Motor Ford 1.0 Dragon / GM Turbo),MOTOR,L1,"Buenas tardes, me dijeron en el cambio de aceite que la faja va sumergida y está fea.",WHATSAPP,inspeccion_lubricentro,faja_sumergida_desgastada,,,SI,NO,,SINTETICO_IA,L1 alerta visual por tapón de llenado.
F10-L04-0010,G16-L1-10,Falla de correa dentada banada en aceite (Motor Ford 1.0 Dragon / GM Turbo),MOTOR,L1,Caída progresiva de presión en la galería principal tras circular a velocidad de crucero.,TECNICO,velocidad_crucero,caida_presion_galeria_aceite,,,SI,NO,,SINTETICO_IA,L1 reporte técnico de pérdida de carga hidráulica.
F10-L04-0011,G16-L2-01,Falla de correa dentada banada en aceite (Motor Ford 1.0 Dragon / GM Turbo),MOTOR,L2,En un Ford EcoSport 1.0 EcoBoost parpadea el testigo de presión de aceite al quedar en ralentí caliente; al retirar el tapón de llenado se observa la correa hinchada y deshilachada.,COTIDIANO,ralenti_caliente,testigo_aceite_ralenti|correa_hinchada_deshilachada,falla_bomba_agua,,NO,SI,Baja presion de aceite o bomba de aceite defectuosa,SINTETICO_IA,L2 correa delaminada visible vs bomba de aceite.
F10-L04-0012,G16-L2-02,Falla de correa dentada banada en aceite (Motor Ford 1.0 Dragon / GM Turbo),MOTOR,L2,"Chevrolet Onix Turbo con 60,000 km perdió asistencia de frenos por pedal duro y encendió aviso de baja presión de aceite; se sospecha degradación de la correa bañada.",TALLER,frenado_y_ralenti,pedal_freno_duro|aviso_baja_presion_aceite,falla_pastillas_freno,,NO,SI,Baja presion de aceite o bomba de aceite defectuosa,SINTETICO_IA,L2 vacío y lubricación afectados por residuos.
F10-L04-0013,G16-L2-03,Falla de correa dentada banada en aceite (Motor Ford 1.0 Dragon / GM Turbo),MOTOR,L2,Al drenar el aceite del motor salieron partículas y filamentos negros gomosos; la presión marca solo 12 psi a 2000 rpm por colador parcialmente tapado.,TECNICO,drenaje_aceite,particulas_goma_aceite|presion_12psi_2000rpm,falla_sensor_presion,P0524,NO,SI,Baja presion de aceite o bomba de aceite defectuosa,SINTETICO_IA,L2 residuos en cárter y presión 12 psi vs sensor.
F10-L04-0014,G16-L2-04,Falla de correa dentada banada en aceite (Motor Ford 1.0 Dragon / GM Turbo),MOTOR,L2,"Hola, le pusieron un aceite 10W-40 normal a mi Onix turbo y a los dos meses se prendió la luz del aceite. Sacaron el cárter y la malla de la bomba estaba con pegotes de jebe.",WHATSAPP,post_cambio_aceite,luz_aceite|malla_bomba_pegotes_jebe,falla_filtro_aceite,,NO,SI,Baja presion de aceite o bomba de aceite defectuosa,SINTETICO_IA,L2 aceite no homologado degrada correa húmeda.
F10-L04-0015,G16-L2-05,Falla de correa dentada banada en aceite (Motor Ford 1.0 Dragon / GM Turbo),MOTOR,L2,DTC P0016 con ralentí tosco en motor 1.0 Dragon. La correa de distribución sumergida en aceite perdió 4 dientes por deslaminación del compuesto textil.,TECNICO,diagnostico_ckp_cmp,dtc_p0016|correa_sumergida_perdio_4_dientes,falla_cadena_seca,P0016,NO,SI,Faja o cadena de distribucion destensada o con salto de punto,SINTETICO_IA,L2 salto de dientes en correa húmeda vs faja seca.
F10-L04-0016,G16-L2-06,Falla de correa dentada banada en aceite (Motor Ford 1.0 Dragon / GM Turbo),MOTOR,L2,El motor hace un traqueteo en la parte baja al acelerar; al medir el ancho de la correa húmeda tiene 18 mm en vez de los 16 mm nominales por hinchazón química.,TALLER,medicion_correa,traqueteo_bajo|correa_hinchada_18mm,falla_bielas,,NO,NO,,SINTETICO_IA,L2 ensanchamiento por ataque químico del lubricante.
F10-L04-0017,G16-L2-07,Falla de correa dentada banada en aceite (Motor Ford 1.0 Dragon / GM Turbo),MOTOR,L2,Testigo de aceite parpadea en frenadas bruscas y en bajadas; el nivel de aceite está al máximo pero el chupador de cárter tiene restos de correa prensados.,COTIDIANO,frenada_brusca,testigo_aceite_frenadas|chupador_restos_correa,nivel_bajo_aceite,,NO,SI,Baja presion de aceite o bomba de aceite defectuosa,SINTETICO_IA,L2 nivel OK pero chupador obstruido descarta fuga.
F10-L04-0018,G16-L2-08,Falla de correa dentada banada en aceite (Motor Ford 1.0 Dragon / GM Turbo),MOTOR,L2,Mi carro Ford 3 cilindros se apago de golpe y no arranco mas. En el taller me dicen que la faja de distribucion que va adentro con el aceite se desilacho todita.,ERROR_ORTOGRAFICO,apagado_subito,apagado_faja_aceite_deshilachada,falla_bateria,,NO,NO,,SINTETICO_IA,L2 deshilachado total con error ortográfico.
F10-L04-0019,G16-L2-09,Falla de correa dentada banada en aceite (Motor Ford 1.0 Dragon / GM Turbo),MOTOR,L2,Bomba de vacío con caudal insuficiente en motor Dragon 1.5; la pequeña correa de accionamiento sumergida se deshizo obstruyendo el conducto de lubricación.,TECNICO,inspeccion_bomba_vacio,caudal_insuficiente_vacio|correa_bomba_deshecha,falla_servofreno,,NO,NO,,SINTETICO_IA,L2 rotura de correa húmeda de bomba de vacío.
F10-L04-0020,G16-L2-10,Falla de correa dentada banada en aceite (Motor Ford 1.0 Dragon / GM Turbo),MOTOR,L2,Ruido de zumbido agudo en la zona de distribución húmeda que aumenta con las rpm; el tensor automático llegó a tope por estiramiento del tejido de goma.,TALLER,aceleracion_rpm,zumbido_distribucion_humeda|tensor_a_tope,ruido_alternador,,NO,SI,Faja o cadena de distribucion destensada o con salto de punto,SINTETICO_IA,L2 estiramiento severo de correa sumergida.
F10-L04-0021,G16-L2-11,Falla de correa dentada banada en aceite (Motor Ford 1.0 Dragon / GM Turbo),MOTOR,L2,"Buenas, el mecánico abrió la tapa de válvulas de mi Tracker y encontró polvo de caucho negro por todos los ductos de aceite. El auto pierde presión al calentar.",WHATSAPP,inspeccion_culata,polvo_caucho_ductos_aceite|perdida_presion_caliente,falla_anillos_piston,,NO,SI,Baja presion de aceite o bomba de aceite defectuosa,SINTETICO_IA,L2 polvo de caucho en culata tapa galerías.
F10-L04-0022,G16-L2-12,Falla de correa dentada banada en aceite (Motor Ford 1.0 Dragon / GM Turbo),MOTOR,L2,Código P0521 referente a rendimiento del sensor de presión de aceite; en caliente la presión cae a 8 psi en ralentí debido a taponamiento del colador de succión.,TECNICO,lectura_dtc_p0521,dtc_p0521|presion_8psi_ralenti|taponamiento_colador,falla_sensor_map,P0521,NO,SI,Baja presion de aceite o bomba de aceite defectuosa,SINTETICO_IA,L2 P0521 por restricción física en la succión.
F10-L04-0023,G16-L2-13,Falla de correa dentada banada en aceite (Motor Ford 1.0 Dragon / GM Turbo),MOTOR,L2,En aceleración fuerte se siente tironeo y el testigo del motor parpadea con P0011; la correa bañada tiene grietas transversales profundas en el dorso.,TALLER,aceleracion_fuerte,dtc_p0011|grietas_profundas_dorso_correa,falla_solenoide_vvt,P0011,NO,SI,Falla en sistema de sincronizacion variable de valvulas (VVT / VVT-i / Valvetronic),SINTETICO_IA,L2 fisuras en faja bañada generan desfase VVT.
F10-L04-0024,G16-L2-14,Falla de correa dentada banada en aceite (Motor Ford 1.0 Dragon / GM Turbo),MOTOR,L2,El auto arranca pero suena un roce áspero en el cárter inferior; se desmontó el sensor de nivel y el imán está saturado de hebras textiles de la faja de tiempo.,COTIDIANO,arranque,roce_aspero_carter|hebras_textiles_correa,ruido_caja_cambios,,NO,NO,,SINTETICO_IA,L2 hebras textiles atrapadas en cárter.
F10-L04-0025,G16-L2-15,Falla de correa dentada banada en aceite (Motor Ford 1.0 Dragon / GM Turbo),MOTOR,L2,Vehículo 1.0 turbo presenta desincronización de válvulas en prueba de dinamómetro; el lomo de la correa bañada en aceite se abrió en capas longitudinales.,TECNICO,prueba_dinamometro,desincronizacion_valvulas|correa_abierta_en_capas,desgaste_embrague,,NO,SI,Faja o cadena de distribucion destensada o con salto de punto,SINTETICO_IA,L2 delaminación de capas en faja húmeda.
F10-L04-0026,G16-L3-01,Falla de correa dentada banada en aceite (Motor Ford 1.0 Dragon / GM Turbo),MOTOR,L3,"En un Ford Focus 1.0 EcoBoost con 78,000 km se encendió el testigo de presión de aceite acompañado de pedal de freno duro como una piedra. El manómetro mecánico conectado en el puerto de filtro registra solo 6 psi en ralentí a 90°C de aceite. Al desmontar el cárter se encontró el colador de la bomba de aceite 100% obstruido por una masa compacta de filamentos y goma desprendida de la correa de distribución húmeda.",TECNICO,desarme_carter_medicion_6psi,presion_6psi_90c|colador_100_obstruido_goma|pedal_freno_duro,falla_bomba_aceite_mecanica,P0524,NO,SI,Baja presion de aceite o bomba de aceite defectuosa,SINTETICO_IA,L3 colador tapado por goma de correa bañada vs desgaste de bomba.
F10-L04-0027,G16-L3-02,Falla de correa dentada banada en aceite (Motor Ford 1.0 Dragon / GM Turbo),MOTOR,L3,Chevrolet Tracker 1.2 Turbo ingresó con ruido de taqués y DTC P0016 y P0521. Se inspeccionó con boroscopio a través del tapón de cárter observándose hebras de caucho trenzado taponando la malla de succión. La correa dentada sumergida en aceite perdió 8 dientes en la zona de tracción del cigüeñal por incompatibilidad química tras usar aceite API SP sin especificación Dexos1 Gen3.,TALLER,boroscopia_carter,dtc_p0016_p0521|hebras_caucho_malla|correa_perdio_8_dientes_dexos,falla_cadena_distribucion,P0016,NO,SI,Faja o cadena de distribucion destensada o con salto de punto,SINTETICO_IA,L3 degradación por aceite incorrecto con pérdida de 8 dientes.
F10-L04-0028,G16-L3-03,Falla de correa dentada banada en aceite (Motor Ford 1.0 Dragon / GM Turbo),MOTOR,L3,"El cliente reclama que al frenar en bajadas la dirección y el pedal se endurecen y suena la chicharra de aceite. La prueba de presión arrojó caída instantánea a 0.2 bar al detenerse. Al retirar la tapa de balancines se constató que la correa dentada sumergida está cuarteada, delaminada y ensanchada de 16.0 mm a 18.5 mm, frotando contra las guías plásticas.",TALLER,inspeccion_balancines_medicion,caida_0_2bar_ralenti|correa_ensanchada_18_5mm|delaminada,falla_servofreno_vacio,,NO,SI,Baja presion de aceite o bomba de aceite defectuosa,SINTETICO_IA,L3 ensanchamiento métrico a 18.5 mm y caída a 0.2 bar.
F10-L04-0029,G16-L3-04,Falla de correa dentada banada en aceite (Motor Ford 1.0 Dragon / GM Turbo),MOTOR,L3,"Motor 1.0 Dragon 3 cilindros con DTC P0014 y P0524. En frío la presión de aceite marca 38 psi pero al llegar a temperatura de operación cae abruptamente a 7 psi. Se desmontó la bomba de aceite encontrando virutas de goma de la correa sumergida bloqueando la válvula de descarga y la malla de captación, impidiendo la correcta modulación de los variadores de levas.",TECNICO,prueba_presion_frio_vs_caliente,dtc_p0014_p0524|presion_frio_38_cae_7psi_caliente|virutas_goma_valvula_alivio,falla_solenoide_vvt,P0524,NO,SI,Falla en sistema de sincronizacion variable de valvulas (VVT / VVT-i / Valvetronic),SINTETICO_IA,L3 viruta de goma bloquea lubricación de VVT.
F10-L04-0030,G16-L3-05,Falla de correa dentada banada en aceite (Motor Ford 1.0 Dragon / GM Turbo),MOTOR,L3,"Hola maestro, tengo un Onix Turbo 1.0. Se le prendió el foquito del aceite en un semáforo y se puso duro el freno. En el taller le sacaron el cárter y estaba lleno de pelusas negras de la faja bañada en aceite que taparon la bomba. La faja estaba casi partida en dos pedazos.",WHATSAPP,desarme_taller_onix,foco_aceite_semáforo|freno_duro|pelusas_negras_faja_carter,falla_bomba_gasolina,,NO,SI,Baja presion de aceite o bomba de aceite defectuosa,SINTETICO_IA,L3 relato WhatsApp de cárter con pelusas de faja húmeda.
F10-L04-0031,G16-L3-06,Falla de correa dentada banada en aceite (Motor Ford 1.0 Dragon / GM Turbo),MOTOR,L3,"Falla catastrófica de sincronización en Ford EcoSport 1.0. Al dar arranque el motor gira liviano a 450 rpm sin compresión en ningún cilindro. La correa bañada en aceite se desgranó por completo en la polea del cigüeñal por desprendimiento del recubrimiento de poliamida, provocando doblado de las 12 válvulas de culata.",TALLER,inspeccion_distribucion_culata,giro_450rpm_sin_compresion|correa_desgranada|12_valvulas_dobladas,falla_motor_arranque,,NO,SI,Perdida de compresion en cilindro por valvulas pisadas o anillos desgastados,SINTETICO_IA,L3 desprendimiento de poliamida causa daño valvular total.
F10-L04-0032,G16-L3-07,Falla de correa dentada banada en aceite (Motor Ford 1.0 Dragon / GM Turbo),MOTOR,L3,Monitoreo con manómetro digital de presión de aceite revela oscilaciones erráticas entre 10 y 25 psi a 3000 rpm con DTC P0521. Al retirar el filtro de aceite spin-on se encontró el elemento filtrante de papel colapsado y recubierto de una pasta negra pegajosa de caucho disuelto proveniente de la correa húmeda de distribución.,TECNICO,inspeccion_filtro_spin_on,dtc_p0521|filtro_papel_colapsado_pasta_caucho|presion_oscilante,falla_filtro_aceite_defectuoso,P0521,NO,SI,Baja presion de aceite o bomba de aceite defectuosa,SINTETICO_IA,L3 colapso de filtro por pasta de caucho de correa.
F10-L04-0033,G16-L3-08,Falla de correa dentada banada en aceite (Motor Ford 1.0 Dragon / GM Turbo),MOTOR,L3,Mi carro Ford EcoBoost 1.0 prendio la aceitera y en el escaner salio P0524. Desarmaron abajo y el chupador de la bomba de aceite estaba tapado de viruta de jebe negro de la correa que trabaja mojada en aceite. La correa estaba toda rajada a punto de cortarse.,ERROR_ORTOGRAFICO,desarme_carter,dtc_p0524|chupador_tapado_viruta_jebe|correa_mojada_rajada,falla_sensor_aceite,P0524,NO,SI,Baja presion de aceite o bomba de aceite defectuosa,SINTETICO_IA,L3 P0524 con chupador tapado de jebe con ortografía informal.
F10-L04-0034,G16-L3-09,Falla de correa dentada banada en aceite (Motor Ford 1.0 Dragon / GM Turbo),MOTOR,L3,"Inspección metrológica de correa bañada en aceite tras 85,000 km: tensión residual por debajo de 80 N (especificación 150-190 N) y delaminación de capas en el cordón de aramida. El espesor total aumentó de 3.2 mm a 4.1 mm por absorción de hidrocarburos aromáticos del aceite degradado.",TECNICO,metrologia_laboratorio,tension_80n_baja|delaminacion_aramida|espesor_aumento_4_1mm,falla_tensor_mecanico,,NO,NO,,SINTETICO_IA,L3 metrología de laboratorio: aramida delaminada y aumento a 4.1 mm.
F10-L04-0035,G16-L3-10,Falla de correa dentada banada en aceite (Motor Ford 1.0 Dragon / GM Turbo),MOTOR,L3,Pérdida súbita de vacío en el servofreno con pedal rígido en un Chevrolet Onix 1.0 Turbo. La bomba de vacío mecánica es accionada por el extremo del árbol de levas; el tamiz de entrada de aceite de la bomba se taponó con residuos de la correa húmeda provocando agarrotamiento de las paletas y rotura del acople.,TALLER,inspeccion_bomba_vacio,tamiz_bomba_vacio_taponado_residuos|paletas_agarrotadas|freno_rigido,falla_cilindro_maestro_freno,,NO,SI,Baja presion de aceite o bomba de aceite defectuosa,SINTETICO_IA,L3 tamiz de bomba de vacío tapado por residuos de correa.
F10-L04-0036,G16-L3-11,Falla de correa dentada banada en aceite (Motor Ford 1.0 Dragon / GM Turbo),MOTOR,L3,"Buenas tardes, en la agencia me dijeron que mi Tracker 2021 tiene código P0016 y P0524. No es problema de cadena porque este motor usa faja bañada en aceite; se deshizo por usar aceite genérico y los pedazos taparon el colador de la bomba de aceite.",WHATSAPP,diagnostico_concesionario,dtc_p0016_p0524|faja_banada_aceite_deshecha|colador_tapado,cadena_estirada,P0016,NO,SI,Faja o cadena de distribucion destensada o con salto de punto,SINTETICO_IA,L3 código P0016 y P0524 por faja húmeda vs cadena tradicional.
F10-L04-0037,G16-L3-12,Falla de correa dentada banada en aceite (Motor Ford 1.0 Dragon / GM Turbo),MOTOR,L3,Oscilograma de correlación CKP-CMP en motor 1.0 turbo muestra retraso progresivo del árbol de admisión de hasta 14 grados al acelerar a 2500 rpm. Al verificar la correa bañada en aceite se detectó que el alma de fibra de vidrio se estiró un 3.8% y los dientes presentan cizallamiento en su base.,TECNICO,oscilograma_ckp_cmp,retraso_14_grados_ckp_cmp|estiramiento_3_8_porciento|dientes_cizallados,falla_variador_vvt,P0016,NO,SI,Falla en sistema de sincronizacion variable de valvulas (VVT / VVT-i / Valvetronic),SINTETICO_IA,L3 estiramiento de fibra de vidrio 3.8% con cizallamiento.
F10-L04-0038,G16-L3-13,Falla de correa dentada banada en aceite (Motor Ford 1.0 Dragon / GM Turbo),MOTOR,L3,El vehículo ingresó con aviso de 'Presión de aceite insuficiente - Detenga el motor'. El sensor de presión conmutó a masa a 950 rpm caliente. Se desmontó el conjunto de cárter y tapa frontal extrayéndose 80 gramos de lodo gomoso negro del chupador. Tras sustituir el kit de correa bañada y limpiar cárter la presión subió a 28 psi.,TALLER,limpieza_carter_kit_nuevo,80g_lodo_gomoso_chupador|presion_recupera_28psi_post_kit,falla_cojinetes_bancada,P0524,NO,SI,Baja presion de aceite o bomba de aceite defectuosa,SINTETICO_IA,L3 extracción de 80g de lodo gomoso confirma correa bañada.
F10-L04-0039,G16-L3-14,Falla de correa dentada banada en aceite (Motor Ford 1.0 Dragon / GM Turbo),MOTOR,L3,Inspección endoscópica por el orificio del tapón de llenado de aceite en motor Ford Dragon muestra desprendimiento del tejido de poliamida exterior de la faja húmeda con hilos colgando hacia los engranajes. La presión de aceite se mantiene en 18 psi marginal pero se corre riesgo inminente de traba del colador.,TECNICO,endoscopia_tapon_llenado,tejido_poliamida_colgando|faja_humeda_deshilachada|presion_18psi,falla_alternador,,NO,NO,,SINTETICO_IA,L3 endoscopía directa detecta desprendimiento de poliamida.
F10-L04-0040,G16-L3-15,Falla de correa dentada banada en aceite (Motor Ford 1.0 Dragon / GM Turbo),MOTOR,L3,Al acelerar en pendiente el motor pierde el punto de encendido con explosiones en admisión y DTC P0016. La correa sumergida en aceite saltó dos dientes debido a que la grasa densa formada por partículas de caucho atascó el pistón del tensor hidráulico dejándolo sin amortiguación.,TALLER,pendiente_aceleracion,dtc_p0016|salto_2_dientes|tensor_hidraulico_atascado_caucho,falla_bobinas,P0016,NO,SI,Faja o cadena de distribucion destensada o con salto de punto,SINTETICO_IA,L3 tensor hidráulico atascado por masa de caucho.
F10-L04-0041,G17-L1-01,Falla en modulo de bomba de gasolina FSCM / PEM (Ford / Chevrolet),MOTOR,L1,El carro se apaga de la nada mientras voy manejando y no quiere prender.,COTIDIANO,marcha,apagado_repentino_no_enciende,,,SI,NO,,SINTETICO_IA,L1 corte repentino de motor.
F10-L04-0042,G17-L1-02,Falla en modulo de bomba de gasolina FSCM / PEM (Ford / Chevrolet),MOTOR,L1,"Hola, al abrir el contacto no suena el zumbido de la bomba de gasolina atrás.",WHATSAPP,contacto_abierto,sin_zumbido_bomba_trasera,,,SI,NO,,SINTETICO_IA,L1 bomba inaudible al dar contacto.
F10-L04-0043,G17-L1-03,Falla en modulo de bomba de gasolina FSCM / PEM (Ford / Chevrolet),MOTOR,L1,El motor se corta de golpe como si cerrara la llave y a los 20 minutos arranca.,COTIDIANO,corte_y_espera,corte_subito|arranca_post_20min,,,SI,NO,,SINTETICO_IA,L1 comportamiento térmico intermitente.
F10-L04-0044,G17-L1-04,Falla en modulo de bomba de gasolina FSCM / PEM (Ford / Chevrolet),MOTOR,L1,Tengo chispa en las bujías pero no llega nada de combustible a la rampa.,TALLER,comprobacion_taller,chispa_ok|sin_combustible_rampa,,,SI,NO,,SINTETICO_IA,L1 ausencia de combustible con chispa OK.
F10-L04-0045,G17-L1-05,Falla en modulo de bomba de gasolina FSCM / PEM (Ford / Chevrolet),MOTOR,L1,Aparece un código de pérdida de comunicación con el módulo de combustible.,TECNICO,diagnostico,perdida_comunicacion_modulo_combustible,,,SI,NO,,SINTETICO_IA,L1 comunicación perdida con módulo.
F10-L04-0046,G17-L1-06,Falla en modulo de bomba de gasolina FSCM / PEM (Ford / Chevrolet),MOTOR,L1,El auto tironea en alta y huele a caliente cerca del tanque de gasolina.,COTIDIANO,alta_velocidad,tironeo_alta|calor_tanque,,,SI,NO,,SINTETICO_IA,L1 módulo recalentando sobre el tanque.
F10-L04-0047,G17-L1-07,Falla en modulo de bomba de gasolina FSCM / PEM (Ford / Chevrolet),MOTOR,L1,Se apaga en marcha pero le meto 12 voltios directo a la bomba y sí gira.,TALLER,prueba_directa,bomba_gira_con_12v|apagado_en_marcha,,,SI,NO,,SINTETICO_IA,L1 bomba funciona directa pero no por línea.
F10-L04-0048,G17-L1-08,Falla en modulo de bomba de gasolina FSCM / PEM (Ford / Chevrolet),MOTOR,L1,Mi camioneta se para de golpe en carretera y no llega corriente a la pila de gasolina.,ERROR_ORTOGRAFICO,carretera,camioneta_se_para|sin_corriente_pila,,,SI,NO,,SINTETICO_IA,L1 corte de corriente a bomba con ortografía informal.
F10-L04-0049,G17-L1-09,Falla en modulo de bomba de gasolina FSCM / PEM (Ford / Chevrolet),MOTOR,L1,"Buenas, cambié la bomba de gasolina dos veces y sigue cortándose la corriente.",WHATSAPP,post_cambio_bomba,bomba_nueva_sigue_cortando,,,SI,NO,,SINTETICO_IA,L1 falla persiste tras cambiar bomba.
F10-L04-0050,G17-L1-10,Falla en modulo de bomba de gasolina FSCM / PEM (Ford / Chevrolet),MOTOR,L1,Interrupción abrupta de la señal PWM de modulación hacia la electrobomba de baja.,TECNICO,monitoreo_pwm,interrupcion_pwm_electrobomba,,,SI,NO,,SINTETICO_IA,L1 técnico de corte PWM.
F10-L04-0051,G17-L2-01,Falla en modulo de bomba de gasolina FSCM / PEM (Ford / Chevrolet),MOTOR,L2,"En una Chevrolet Silverado el motor se apaga súbitamente tras 30 minutos de marcha continua; se probó la bomba con 12V directos y funciona perfecta, pero el módulo FSCM ubicado en el chasis está hirviendo.",COTIDIANO,marcha_30min,apagado_30min|bomba_ok_12v|modulo_fscm_hirviendo,falla_bomba_combustible,,NO,SI,Bomba de gasolina quemada o con baja presion,SINTETICO_IA,L2 FSCM sobrecalentado con bomba sana vs bomba quemada.
F10-L04-0052,G17-L2-02,Falla en modulo de bomba de gasolina FSCM / PEM (Ford / Chevrolet),MOTOR,L2,Código U0109 de pérdida de comunicación con el Fuel Pump Control Module en Ford F-150; el motor gira pero no hay presión de combustible en la rampa de inyección.,TECNICO,diagnostico_u0109,dtc_u0109|motor_gira_sin_arranque|sin_presion_combustible,falla_sensor_ckp,U0109,NO,SI,Bomba de gasolina quemada o con baja presion,SINTETICO_IA,L2 código U0109 de bus CAN vs bomba quemada.
F10-L04-0053,G17-L2-03,Falla en modulo de bomba de gasolina FSCM / PEM (Ford / Chevrolet),MOTOR,L2,"Al dar contacto no llega voltaje a la bomba de gasolina; el relé principal activa normal y los fusibles están intactos, pero el conector del módulo PEM presenta sulfato y corrosión severa en los pines de tierra.",TALLER,inspeccion_conector_pem,sin_voltaje_bomba|rele_ok_fusibles_ok|conector_pem_sulfatado,falla_rele_combustible,,NO,NO,,SINTETICO_IA,L2 sulfato en módulo PEM con relés conformes.
F10-L04-0054,G17-L2-04,Falla en modulo de bomba de gasolina FSCM / PEM (Ford / Chevrolet),MOTOR,L2,"Hola maestro, tengo un Ford Fusion. El carro se muere en marcha y prende Check Engine con código P069E. Apago el auto 15 minutos y vuelve a prender como si nada.",WHATSAPP,marcha_intermitente,dtc_p069e|se_muere_en_marcha|prende_a_los_15min,falla_bobinas,P069E,NO,SI,Bomba de gasolina quemada o con baja presion,SINTETICO_IA,L2 código P069E con corte térmico intermitente.
F10-L04-0055,G17-L2-05,Falla en modulo de bomba de gasolina FSCM / PEM (Ford / Chevrolet),MOTOR,L2,DTC P025A referente a circuito abierto de control del módulo de bomba; el escáner no logra activar la prueba de actuadores de la bomba de combustible.,TECNICO,prueba_actuadores,dtc_p025a|sin_activacion_prueba_actuadores,falla_inyectores,P025A,NO,NO,,SINTETICO_IA,L2 circuito abierto de control P025A.
F10-L04-0056,G17-L2-06,Falla en modulo de bomba de gasolina FSCM / PEM (Ford / Chevrolet),MOTOR,L2,En autopista a velocidad constante el vehículo pega tirones violentos por caída de presión de combustible a 1.2 bar; la bomba es nueva y la presión se normaliza golpeando suavemente el módulo FSCM.,TALLER,autopista_tirones,tirones_caida_1_2bar|presion_normaliza_golpe_fscm,falla_filtro_combustible,,NO,SI,Inyectores sucios o filtro de combustible obstruido,SINTETICO_IA,L2 falso contacto en FSCM sensible a vibración.
F10-L04-0057,G17-L2-07,Falla en modulo de bomba de gasolina FSCM / PEM (Ford / Chevrolet),MOTOR,L2,El auto arranca en frío pero tras calentar se apaga de golpe; el escáner reporta DTC P0087 por baja presión de riel pero la bomba mecánica del tanque funciona con puente eléctrico directo.,COTIDIANO,apagado_caliente,dtc_p0087|apaga_caliente|bomba_funciona_con_puente,falla_bomba_mecanica_tanque,P0087,NO,SI,Bomba de gasolina quemada o con baja presion,SINTETICO_IA,L2 P0087 con bomba operativa bajo puente directo.
F10-L04-0058,G17-L2-08,Falla en modulo de bomba de gasolina FSCM / PEM (Ford / Chevrolet),MOTOR,L2,Mi camioneta Chevrolet Cruze se apago en seco y no bota gasolina. Ya le cambiaron la bomba de gasolina en el taller y sigue igualito sin mandar corriente atras.,ERROR_ORTOGRAFICO,post_cambio_bomba,se_apago_en_seco|bomba_nueva_sin_corriente,falla_computadora_motor,,NO,SI,Bomba de gasolina quemada o con baja presion,SINTETICO_IA,L2 persistencia tras bomba nueva con error ortográfico.
F10-L04-0059,G17-L2-09,Falla en modulo de bomba de gasolina FSCM / PEM (Ford / Chevrolet),MOTOR,L2,Se midió la señal PWM de control de salida del FSCM con multímetro en ciclo de trabajo; al encender marca 50% correcto pero a los 10 minutos cae a 0% de forma fija cortando el motor.,TECNICO,medicion_duty_cycle,duty_cycle_cae_a_0|corte_motor_10min,falla_bateria,,NO,NO,,SINTETICO_IA,L2 ciclo de trabajo cae a 0% tras calentamiento.
F10-L04-0060,G17-L2-10,Falla en modulo de bomba de gasolina FSCM / PEM (Ford / Chevrolet),MOTOR,L2,"Buenas, se me mojó la parte trasera del carro tras pasar un charco hondo y de inmediato se apagó. El módulo de combustible que va pegado a la llanta de repuesto tiene agua adentro.",WHATSAPP,post_charco_agua,modulo_combustible_con_agua|apagado_inmediato,falla_sensor_oxigeno,,NO,NO,,SINTETICO_IA,L2 ingreso de agua a módulo ubicado en chasis.
F10-L04-0061,G17-L2-11,Falla en modulo de bomba de gasolina FSCM / PEM (Ford / Chevrolet),MOTOR,L2,El cliente ingresa por falla intermitente de arranque; se verificó alimentación de 12V en el módulo FSCM pero el transistor MOSFET de salida interna no conmuta masa para la bomba.,TALLER,diagnostico_interno_modulo,alimentacion_12v_ok|mosfet_interno_no_conmuta_masa,falla_bomba_combustible,,NO,SI,Bomba de gasolina quemada o con baja presion,SINTETICO_IA,L2 transistor MOSFET quemado en FSCM.
F10-L04-0062,G17-L2-12,Falla en modulo de bomba de gasolina FSCM / PEM (Ford / Chevrolet),MOTOR,L2,DTC U0109 intermitente registrado en el PCM; las líneas de comunicación CAN Bus llegan íntegras con 60 ohms pero el módulo de bomba no envía confirmación de estado.,TECNICO,prueba_can_bus,dtc_u0109_intermitente|can_bus_60_ohms_ok|sin_confirmacion_fscm,falla_red_can,U0109,NO,NO,,SINTETICO_IA,L2 línea CAN Bus OK confirma falla interna de nodo FSCM.
F10-L04-0063,G17-L2-13,Falla en modulo de bomba de gasolina FSCM / PEM (Ford / Chevrolet),MOTOR,L2,El motor ratea y pierde potencia en subidas prolongadas; el módulo controlador de bomba reduce el caudal por recalentamiento interno sin encender luz de advertencia.,COTIDIANO,subida_prolongada,rateo_subida|modulo_reduce_caudal_recalentamiento,falla_encendido,,NO,SI,Falla en bujias o bobinas de encendido (misfire),SINTETICO_IA,L2 degradación de caudal por recalentamiento de módulo.
F10-L04-0064,G17-L2-14,Falla en modulo de bomba de gasolina FSCM / PEM (Ford / Chevrolet),MOTOR,L2,Se verificó presión de baja en Ford Explorer arrojando 15 psi fluctuantes; al suministrar masa controlada directa a la bomba la presión salta a 55 psi estables de especificación.,TALLER,prueba_masa_directa,presion_15psi_sube_55psi_masa_directa,bomba_desgastada,,NO,SI,Bomba de gasolina quemada o con baja presion,SINTETICO_IA,L2 prueba de masa directa confirma fallo en modulación de FSCM.
F10-L04-0065,G17-L2-15,Falla en modulo de bomba de gasolina FSCM / PEM (Ford / Chevrolet),MOTOR,L2,El auto arranca pero no pasa de 2000 rpm con código P069E; el módulo de la bomba solicita iluminación del Check Engine por fallo en el circuito secundario de retroalimentación.,TECNICO,modo_proteccion_2000rpm,dtc_p069e|no_pasa_2000rpm|fallo_circuito_retroalimentacion,falla_cuerpo_aceleracion,P069E,NO,NO,,SINTETICO_IA,L2 código P069E en modo degradado a 2000 rpm.
F10-L04-0066,G17-L3-01,Falla en modulo de bomba de gasolina FSCM / PEM (Ford / Chevrolet),MOTOR,L3,Chevrolet Tahoe V8 se apaga súbitamente tras circular 45 minutos en carretera con DTC U0109 y P069E. Al ocurrir la falla la presión de combustible en baja cae de 4.0 bar a 0 bar absolutos mientras que el motor de arranque gira con normalidad y hay chispa de 25 kV en bujías. Al inspeccionar el chasis trasero se encontró el módulo FSCM a más de 85°C con deformación térmica en su carcasa; al enfriarlo con spray congelante el módulo restablece comunicación en el bus CAN y la bomba arranca de inmediato.,TECNICO,prueba_enfriamiento_spray_termico,dtc_u0109_p069e|presion_cae_4_a_0bar|fscm_85c_falla_termica|spray_restablece,falla_bomba_gasolina_electrica,U0109,NO,SI,Bomba de gasolina quemada o con baja presion,SINTETICO_IA,L3 prueba térmica con spray congelante restaura FSCM descartando bomba.
F10-L04-0067,G17-L3-02,Falla en modulo de bomba de gasolina FSCM / PEM (Ford / Chevrolet),MOTOR,L3,"Ford F-150 3.5 EcoBoost no arranca tras apagarse en marcha. Escáner reporta DTC P025A (Fuel Pump Module Control Circuit Open). Se midieron voltajes en el conector del módulo PEM ubicado sobre el larguero del bastidor: terminal 1 (+12V de batería) OK, terminal 2 (masa de chasis) OK, pero la salida modulada PWM hacia la bomba marca 0V permanente con 100% de comando solicitado por la PCM. Al alimentar la bomba con cable puente directo desde la batería ésta entrega 60 psi perfectos.",TALLER,medicion_voltajes_conector_pem,dtc_p025a|salida_pwm_0v_con_comando_100|bomba_directa_60psi,bomba_gasolina_quemada,P025A,NO,SI,Bomba de gasolina quemada o con baja presion,SINTETICO_IA,L3 alimentaciones OK pero salida PWM 0V con bomba directa en 60 psi.
F10-L04-0068,G17-L3-03,Falla en modulo de bomba de gasolina FSCM / PEM (Ford / Chevrolet),MOTOR,L3,El vehículo ingresó con queja de tironeos severos arriba de 3000 rpm y código P0087. La presión solicitada en baja es de 450 kPa pero la real cae a 180 kPa bajo carga. Se comprobó con osciloscopio la señal de comando PWM enviada por el módulo FSCM registrando fluctuaciones anómalas de frecuencia por recalentamiento de los condensadores electrolíticos internos del circuito impreso del controlador de bomba.,TECNICO,osciloscopio_frecuencia_fscm,dtc_p0087|solicitada_450_real_180kpa|oscilograma_pwm_fluctuante,falla_filtro_combustible,P0087,NO,SI,Inyectores sucios o filtro de combustible obstruido,SINTETICO_IA,L3 oscilograma anómalo por degradación de condensadores en FSCM.
F10-L04-0069,G17-L3-04,Falla en modulo de bomba de gasolina FSCM / PEM (Ford / Chevrolet),MOTOR,L3,Ford Fusion 2.0 Titanium se apaga en caliente y no arranca hasta transcurrida una hora. Se verificó que el módulo PEM pierde la señal de confirmación de diagnóstico (Fuel Pump Monitor FPM) enviando código P069E al PCM. Se desmontó el módulo encontrando corrosión de aluminio galvánica entre la carcasa y el soporte metálico de carrocería que provocó la rotura de las pistas internas de masa.,TALLER,desarme_modulo_pem,dtc_p069e|corrosion_galvanica_carcasa|rotura_pistas_masa|apaga_en_caliente,falla_sensor_posicion_ciguenal,P069E,NO,SI,Falla en sensor de posicion de cigueñal (CKP) o arbol de levas (CMP),SINTETICO_IA,L3 corrosión galvánica destruye masa interna de PEM.
F10-L04-0070,G17-L3-05,Falla en modulo de bomba de gasolina FSCM / PEM (Ford / Chevrolet),MOTOR,L3,"Hola maestro, tengo una Silverado 2018. El carro se para en seco como si le quitaran la llave y no prende. En un taller le pusieron bomba de gasolina nueva completa y sigue igualito. En otro taller revisaron el módulo que va atrás en el chasis y ese módulo no le manda los 12V a la bomba cuando calienta; le pusieron módulo nuevo y no volvió a fallar.",WHATSAPP,reemplazo_fscm_exitoso,se_para_en_seco|bomba_nueva_sigue_falla|modulo_chasis_sin_voltaje,falla_bomba_gasolina,,NO,SI,Bomba de gasolina quemada o con baja presion,SINTETICO_IA,L3 bomba nueva no solucionó; cambio de módulo resolvió la avería.
F10-L04-0071,G17-L3-06,Falla en modulo de bomba de gasolina FSCM / PEM (Ford / Chevrolet),MOTOR,L3,DTC U0109 en red CAN de alta velocidad a 500 kbps. El PCM y el BCM registran ausencia de trama de datos del módulo de control de la bomba de combustible. La resistencia de terminación medida entre CAN-H y CAN-L es de 60.2 ohmios normal. Al aplicar calor controlado con pistola de aire caliente a 60°C sobre el FSCM se corta la comunicación inmediatamente confirmando fractura de soldadura en el microcontrolador BGA.,TECNICO,prueba_termica_pistola_calor,dtc_u0109|can_60_ohms_ok|corte_comunicacion_60c_soldadura_bga,falla_cableado_can,U0109,NO,NO,,SINTETICO_IA,L3 pistola térmica reproduce corte de soldadura BGA en FSCM.
F10-L04-0072,G17-L3-07,Falla en modulo de bomba de gasolina FSCM / PEM (Ford / Chevrolet),MOTOR,L3,"Motor GM 5.3 V8 presenta código P025A intermitente con corte momentáneo de inyección en baches o caminos irregulares. Al inspeccionar el conector hembra de 8 pines del módulo FSCM en el chasis se halló el sello de silicona degradado con lodo y agua estancada adentro, provocando falso contacto y caída de tensión de 4.5V entre la alimentación y la bomba.",TALLER,inspeccion_conector_fscm,dtc_p025a|lodo_agua_conector_fscm|caida_tension_4_5v_baches,falla_arnes_electrico,P025A,NO,NO,,SINTETICO_IA,L3 ingreso de lodo en conector de FSCM provoca caída de 4.5V.
F10-L04-0073,G17-L3-08,Falla en modulo de bomba de gasolina FSCM / PEM (Ford / Chevrolet),MOTOR,L3,Mi carro Ford Focus se apago en plena pista y no sonaba la bomba de nafta con codigo U0109. Le cambiaron el modulo PEM que va abajo del asiento trasero que estaba quemado y salio andando bien sin cambiar la bomba.,ERROR_ORTOGRAFICO,cambio_pem_focus,dtc_u0109|bomba_nafta_no_suena|modulo_pem_quemado_asiento,falla_bomba_nafta,U0109,NO,SI,Bomba de gasolina quemada o con baja presion,SINTETICO_IA,L3 cambio de módulo PEM bajo asiento soluciona código U0109.
F10-L04-0074,G17-L3-09,Falla en modulo de bomba de gasolina FSCM / PEM (Ford / Chevrolet),MOTOR,L3,"Prueba de banco del módulo FSCM: conectado a fuente regulada y simulador de bus CAN se detecta que el circuito driver de potencia MOSFET presenta resistencia interna anómala de 28 ohmios en conducción en lugar de 0.05 ohmios, provocando que la tensión efectiva entregada a la bomba sea de solo 6.8 voltios bajo consumo de 7 amperios.",TECNICO,prueba_banco_driver_mosfet,resistencia_mosfet_28_ohmios|tension_efectiva_6_8v|caudal_reducido,bomba_gasolina_defectuosa,,NO,SI,Bomba de gasolina quemada o con baja presion,SINTETICO_IA,L3 resistencia interna de 28 ohms en MOSFET del FSCM.
F10-L04-0075,G17-L3-10,Falla en modulo de bomba de gasolina FSCM / PEM (Ford / Chevrolet),MOTOR,L3,El motor tironea a altas velocidades y genera DTC P0087. La presión en la rampa común de inyección directa cae a 25 bar porque la bomba de alta en culata se queda sin alimentación de baja presión (cae a 0.8 bar). El módulo de control de combustible no responde a los comandos de incremento de ciclo de trabajo emitidos por la ECU.,TALLER,prueba_ruta_alta_velocidad,dtc_p0087|baja_presion_cae_0_8bar|rampa_cae_25bar|fscm_no_incrementa_duty,falla_bomba_alta_presion,P0087,NO,SI,Bomba de gasolina quemada o con baja presion,SINTETICO_IA,L3 FSCM no incrementa duty cycle estrangulando bomba de alta.
F10-L04-0076,G17-L3-11,Falla en modulo de bomba de gasolina FSCM / PEM (Ford / Chevrolet),MOTOR,L3,"Buenas maestro, en la Ford Explorer cuando viajo más de una hora se apaga el motor de repente y sale falla en el tablero. No es problema de bobinas ni bujías porque hay chispa; le tiraron agua fría al módulo de la bomba que va abajo en el chasis y prendió al toque. Ya pedí el módulo nuevo.",WHATSAPP,prueba_agua_fria_modulo,apaga_1hora_viaje|chispa_ok|agua_fria_modulo_prende_al_toque,falla_bobinas_encendido,,NO,SI,Falla en bujias o bobinas de encendido (misfire),SINTETICO_IA,L3 choque térmico con agua fría reanima FSCM.
F10-L04-0077,G17-L3-12,Falla en modulo de bomba de gasolina FSCM / PEM (Ford / Chevrolet),MOTOR,L3,"Registro de eventos de red CAN muestra trama periódica de ID 0x240 (FSCM Status) ausente por más de 500 ms con DTC U0109 activo. Se verificó línea de alimentación del fusible 20A en la caja BJB con 12.6V presentes y caída de masa inferior a 0.05V, demostrándose falla interna del microcontrolador del módulo de bomba.",TECNICO,analisis_trama_can_id_0x240,dtc_u0109|trama_0x240_ausente_500ms|fusible_20a_ok|masa_0_05v_ok,falla_computadora_pcm,U0109,NO,NO,,SINTETICO_IA,L3 telemetría de trama CAN 0x240 ausente con fusibles OK.
F10-L04-0078,G17-L3-13,Falla en modulo de bomba de gasolina FSCM / PEM (Ford / Chevrolet),MOTOR,L3,Vehículo no enciende; motor de arranque gira vigorosamente. Se retiró la manguera de alimentación en la entrada del riel y no sale ni una gota de combustible. Se midió el conector de la bomba en el tanque arrojando 0.0V. Al desmontar el módulo de control PEM se halló el conector plástico fundido por sobrecorriente en el terminal de masa.,TALLER,inspeccion_conector_fundido,sin_combustible_riel|bomba_0v|conector_pem_fundido_masa,falla_motor_arranque,,NO,SI,Bomba de gasolina quemada o con baja presion,SINTETICO_IA,L3 conector de módulo PEM fundido por sobrecorriente.
F10-L04-0079,G17-L3-14,Falla en modulo de bomba de gasolina FSCM / PEM (Ford / Chevrolet),MOTOR,L3,"DTC P069E y P0087 en Chevrolet Cruze 1.4 Turbo. El módulo FSCM reporta internamente sobretemperatura de etapa de potencia mayor a 115°C reduciendo la salida PWM a modo de protección. El consumo de corriente de la bomba es de 5.5 amperios normal, descartándose bomba trabada o en cortocircuito.",TECNICO,lectura_temperatura_fscm,dtc_p069e_p0087|fscm_sobretemperatura_115c|consumo_bomba_5_5a_normal,bomba_bloqueada_alto_consumo,P069E,NO,SI,Bomba de gasolina quemada o con baja presion,SINTETICO_IA,L3 consumo de bomba 5.5A descarta traba mecánica.
F10-L04-0080,G17-L3-15,Falla en modulo de bomba de gasolina FSCM / PEM (Ford / Chevrolet),MOTOR,L3,El cliente reclama que el motor se apaga en días muy calurosos tras conducir en tráfico denso. En el escáner la presión de combustible en baja oscila violentamente entre 200 y 450 kPa. Se instaló un módulo FSCM de prueba en buen estado y la presión se mantuvo clavada en 400 kPa durante 2 horas de prueba de estrés térmico.,TALLER,prueba_modulo_descarte,presion_oscila_200_450kpa|modulo_prueba_clava_400kpa,falla_regulador_presion,,NO,SI,Inyectores sucios o filtro de combustible obstruido,SINTETICO_IA,L3 módulo de prueba estabiliza presión a 400 kPa.
F10-L04-0081,G18-L1-01,Falla en filtro de particulas DPF / FAP y sistema AdBlue DEF (Diesel Euro 5/6),MOTOR,L1,Se prendió una luz en forma de tubo con puntitos en el tablero de mi diésel.,COTIDIANO,marcha,luz_tubo_puntitos_dpf,,,SI,NO,,SINTETICO_IA,L1 testigo visual de DPF.
F10-L04-0082,G18-L1-02,Falla en filtro de particulas DPF / FAP y sistema AdBlue DEF (Diesel Euro 5/6),MOTOR,L1,"Hola, la camioneta no pasa de 80 km/h y huele a quemado por el escape.",WHATSAPP,carretera,no_pasa_80kmh|olor_quemado_escape,,,SI,NO,,SINTETICO_IA,L1 modo degradado con olor a regeneración.
F10-L04-0083,G18-L1-03,Falla en filtro de particulas DPF / FAP y sistema AdBlue DEF (Diesel Euro 5/6),MOTOR,L1,Apareció un mensaje diciendo que el carro no arrancará en 800 kilómetros.,COTIDIANO,mensaje_pantalla,mensaje_no_arrancara_800km,,,SI,NO,,SINTETICO_IA,L1 cuenta regresiva de AdBlue.
F10-L04-0084,G18-L1-04,Falla en filtro de particulas DPF / FAP y sistema AdBlue DEF (Diesel Euro 5/6),MOTOR,L1,Los ventiladores del motor se quedan prendidos a fondo cuando apago el carro.,TALLER,post_apagado,ventiladores_a_fondo_post_apagado,,,SI,NO,,SINTETICO_IA,L1 regeneración DPF abortada.
F10-L04-0085,G18-L1-05,Falla en filtro de particulas DPF / FAP y sistema AdBlue DEF (Diesel Euro 5/6),MOTOR,L1,El nivel de aceite de motor subió por encima del máximo sin agregarle nada.,COTIDIANO,inspeccion_varilla,aceite_sobre_nivel_maximo,,,SI,NO,,SINTETICO_IA,L1 dilución de aceite por postinyecciones.
F10-L04-0086,G18-L1-06,Falla en filtro de particulas DPF / FAP y sistema AdBlue DEF (Diesel Euro 5/6),MOTOR,L1,Aparece código de saturación de hollín o presión diferencial alta de escape.,TECNICO,diagnostico,saturacion_hollin_presion_diferencial,,,SI,NO,,SINTETICO_IA,L1 reporte genérico de saturación.
F10-L04-0087,G18-L1-07,Falla en filtro de particulas DPF / FAP y sistema AdBlue DEF (Diesel Euro 5/6),MOTOR,L1,Hay como una costra o sal blanca cristalizada pegada debajo del escape.,TALLER,inspeccion_visual,costra_blanca_cristalizada_escape,,,SI,NO,,SINTETICO_IA,L1 cristalización de urea AdBlue.
F10-L04-0088,G18-L1-08,Falla en filtro de particulas DPF / FAP y sistema AdBlue DEF (Diesel Euro 5/6),MOTOR,L1,Se prendio la luz del DPF y parpadea el rulo de calentamiento en el tablero.,ERROR_ORTOGRAFICO,marcha,luz_dpf_parpadea_rulo,,,SI,NO,,SINTETICO_IA,L1 DPF y espiral con ortografía informal.
F10-L04-0089,G18-L1-09,Falla en filtro de particulas DPF / FAP y sistema AdBlue DEF (Diesel Euro 5/6),MOTOR,L1,"Buenas maestro, uso mi camioneta diésel solo para tramos cortitos y se ahoga.",WHATSAPP,uso_urbano_corto,tramos_cortos|camioneta_ahogada,,,SI,NO,,SINTETICO_IA,L1 saturación por uso urbano corto.
F10-L04-0090,G18-L1-10,Falla en filtro de particulas DPF / FAP y sistema AdBlue DEF (Diesel Euro 5/6),MOTOR,L1,Contrapresión de escape excesiva registrada antes del sustrato cerámico filtrante.,TECNICO,plena_carga,contrapresion_escape_excesiva,,,SI,NO,,SINTETICO_IA,L1 contrapresión de escape elevada.
F10-L04-0091,G18-L2-01,Falla en filtro de particulas DPF / FAP y sistema AdBlue DEF (Diesel Euro 5/6),MOTOR,L2,Toyota Hilux 2.8 diésel encendió testigo DPF parpadeante y entró en modo de emergencia a 2500 rpm; el escáner indica acumulación de hollín al 110% por viajes cortos en ciudad.,COTIDIANO,uso_ciudad,testigo_dpf_parpadea|modo_emergencia_2500rpm|hollin_110_porciento,falla_common_rail,P2463,NO,SI,Fuga o baja presion en sistema Common Rail Diesel (Camiones/Pickups),SINTETICO_IA,L2 saturación DPF 110% vs Common Rail.
F10-L04-0092,G18-L2-02,Falla en filtro de particulas DPF / FAP y sistema AdBlue DEF (Diesel Euro 5/6),MOTOR,L2,Código P20EE referente a baja eficiencia del catalizador SCR de NOx en pickup Euro 6; el inyector de AdBlue está tapado de cristales blancos de urea en la tobera.,TECNICO,inspeccion_inyector_adblue,dtc_p20ee|cristales_blancos_urea_inyector_adblue,falla_sensor_oxigeno,P20EE,NO,NO,,SINTETICO_IA,L2 cristalización en inyector AdBlue con P20EE.
F10-L04-0093,G18-L2-03,Falla en filtro de particulas DPF / FAP y sistema AdBlue DEF (Diesel Euro 5/6),MOTOR,L2,El motor intenta regenerar el filtro de partículas cada 50 km y el nivel de aceite en la varilla huele a petróleo y subió 2 cm por dilución de postinyección.,TALLER,post_regeneracion_continua,regenera_cada_50km|aceite_subio_2cm_dilucion_diesel,falla_culata,,NO,SI,Empaque de culata soplado o danado,SINTETICO_IA,L2 dilución de aceite por DPF vs culata.
F10-L04-0094,G18-L2-04,Falla en filtro de particulas DPF / FAP y sistema AdBlue DEF (Diesel Euro 5/6),MOTOR,L2,"Hola, me sale aviso 'AdBlue: Imposible arrancar en 500 km'. Le eché líquido nuevo al tanque pero el mensaje no se borra y el sistema no dosifica.",WHATSAPP,mensaje_pantalla_adblue,imposible_arrancar_500km|tanque_lleno_no_dosifica,falla_bomba_gasolina,,NO,NO,,SINTETICO_IA,L2 bloqueo de arranque AdBlue con tanque lleno.
F10-L04-0095,G18-L2-05,Falla en filtro de particulas DPF / FAP y sistema AdBlue DEF (Diesel Euro 5/6),MOTOR,L2,DTC P2453 por señal fuera de rango del sensor de presión diferencial del DPF; las mangueritas de goma que van al tubo de escape están rajadas y tostadas por calor.,TECNICO,inspeccion_mangueras_sensor,dtc_p2453|mangueritas_presion_diferencial_rajadas,falla_escape_roto,P2453,NO,NO,,SINTETICO_IA,L2 mangueras de sensor diferencial tostadas.
F10-L04-0096,G18-L2-06,Falla en filtro de particulas DPF / FAP y sistema AdBlue DEF (Diesel Euro 5/6),MOTOR,L2,La camioneta perdió fuerza en subida y en el escape suena como un soplido ahogado; el escáner marca 280 mbar de presión diferencial en ralentí por DPF taponado.,TALLER,ralenti_escape,perdida_fuerza_subida|soplido_ahogado|presion_280mbar_ralenti,falla_turbo,,NO,SI,Falla en actuador de turbocompresor o VGT en motores alemanes TSI / TFSI,SINTETICO_IA,L2 contrapresión de 280 mbar ahoga escape vs turbo.
F10-L04-0097,G18-L2-07,Falla en filtro de particulas DPF / FAP y sistema AdBlue DEF (Diesel Euro 5/6),MOTOR,L2,Al apagar el motor los electroventiladores se quedan girando a máxima velocidad durante 10 minutos y huele a goma quemada bajo el piso por regeneración DPF abortada.,COTIDIANO,post_apagado,electroventiladores_maxima_10min|regeneracion_dpf_abortada,falla_termostato,,NO,SI,Falla en termostato o motoventilador de radiador,SINTETICO_IA,L2 post-enfriamiento por regeneración vs termostato.
F10-L04-0098,G18-L2-08,Falla en filtro de particulas DPF / FAP y sistema AdBlue DEF (Diesel Euro 5/6),MOTOR,L2,Mi camioneta diesel bota humo blanco con olor picante al acelerar y prendio el testigo del filtro de particulas arrojando P2002.,ERROR_ORTOGRAFICO,aceleracion,dtc_p2002|humo_blanco_olor_picante|testigo_filtro_particulas,falla_empaque_culata,P2002,NO,SI,Empaque de culata soplado o danado,SINTETICO_IA,L2 humo blanco picante por DPF/SCR vs culata con error ortográfico.
F10-L04-0099,G18-L2-09,Falla en filtro de particulas DPF / FAP y sistema AdBlue DEF (Diesel Euro 5/6),MOTOR,L2,Bomba de inyección de agente reductor DEF / AdBlue no genera presión de 5 bar en el circuito; el calentador del tanque de urea está en circuito abierto.,TECNICO,prueba_circuito_def,bomba_def_sin_presion_5bar|calentador_urea_circuito_abierto,falla_bomba_combustible,P204F,NO,NO,,SINTETICO_IA,L2 calentador de tanque DEF abierto con P204F.
F10-L04-0100,G18-L2-10,Falla en filtro de particulas DPF / FAP y sistema AdBlue DEF (Diesel Euro 5/6),MOTOR,L2,Camioneta diésel Euro 5 no logra completar la regeneración forzada en taller; la temperatura antes del DPF no supera los 320°C debido a sensor de temperatura defectuoso.,TALLER,regeneracion_forzada_taller,no_completa_regeneracion|temp_no_supera_320c|sensor_temperatura_dpf,falla_inyectores,,NO,NO,,SINTETICO_IA,L2 temperatura insuficiente impide regeneración.
F10-L04-0101,G18-L2-11,Falla en filtro de particulas DPF / FAP y sistema AdBlue DEF (Diesel Euro 5/6),MOTOR,L2,"Buenas, el carro se siente pesado como frenado y prende la luz del DPF. En el taller me dicen que el filtro está al 90% y no regenera en autopista.",WHATSAPP,autopista,carro_frenado|luz_dpf|saturacion_90_porciento,frenos_pegados,,NO,SI,Caliper de freno trabado o mordaza pegada (piston agarrotado),SINTETICO_IA,L2 motor ahogado por DPF al 90% vs frenos pegados.
F10-L04-0102,G18-L2-12,Falla en filtro de particulas DPF / FAP y sistema AdBlue DEF (Diesel Euro 5/6),MOTOR,L2,DTC P2463 por masa de hollín acumulada superior a 45 gramos; la ECU limita el torque de motor un 50% para proteger el sustrato cerámico de una combustión incontrolada.,TECNICO,limite_torque_ecu,dtc_p2463|hollin_superior_45g|torque_limitado_50,falla_valvula_egr,P2463,NO,NO,,SINTETICO_IA,L2 limitación de torque por masa de hollín >45g.
F10-L04-0103,G18-L2-13,Falla en filtro de particulas DPF / FAP y sistema AdBlue DEF (Diesel Euro 5/6),MOTOR,L2,Al sacar el sensor de oxígeno anterior al DPF se observó completamente tupido de carbonilla negra grasa impidiendo la lectura de gases para la inyección de AdBlue.,TALLER,inspeccion_sensor_nox,sensor_tupido_carbonilla_grasa|sin_lectura_gases_adblue,falla_sensor_oxigeno_gasolina,,NO,SI,Falla en sensor de oxigeno o mezcla rica,SINTETICO_IA,L2 sensor de escape taponado de hollín diésel.
F10-L04-0104,G18-L2-14,Falla en filtro de particulas DPF / FAP y sistema AdBlue DEF (Diesel Euro 5/6),MOTOR,L2,El tubo de escape suena con un silbido de escape atascado a 2000 rpm; la prueba de contrapresión supera los 4.5 psi con el vehículo detenido.,COTIDIANO,aceleracion_2000rpm,silbido_escape_atascado|contrapresion_4_5psi,falla_catalizador_gasolina,,NO,SI,Convertidor catalitico ineficiente u obstruido (DTC P0420 / P0430),SINTETICO_IA,L2 contrapresión de 4.5 psi en DPF vs catalizador de gasolina.
F10-L04-0105,G18-L2-15,Falla en filtro de particulas DPF / FAP y sistema AdBlue DEF (Diesel Euro 5/6),MOTOR,L2,Aviso permanente de nivel bajo de AdBlue pese a haber llenado el depósito con 15 litros; el sensor ultrasónico de nivel en el tanque de urea está bloqueado por sales.,TECNICO,deposito_adblue,aviso_nivel_bajo_adblue|tanque_15l_lleno|sensor_ultrasonico_bloqueado,falla_flotador_gasolina,,NO,NO,,SINTETICO_IA,L2 sensor ultrasónico de AdBlue bloqueado por sales.
F10-L04-0106,G18-L3-01,Falla en filtro de particulas DPF / FAP y sistema AdBlue DEF (Diesel Euro 5/6),MOTOR,L3,"Toyota Hilux 2.8 GD Euro 6 con 82,000 km ingresó en modo degradado sin superar 2200 rpm ni 70 km/h, con testigo de DPF encendido y DTC P2463 (Soot Accumulation). Datos en vivo revelan masa calculada de hollín en 52 gramos y presión diferencial de 34 kPa a 2500 rpm (especificación máxima 8 kPa). La presión de riel Common Rail está correcta a 1600 bar y el turbo sopla a 1.2 bar, confirmándose obstrucción exclusiva en el panal cerámico del filtro de partículas por uso continuo en ralentí de mina.",TECNICO,datos_en_vivo_hilux_mina,dtc_p2463|hollin_52g|presion_diferencial_34kpa|common_rail_1600bar_ok,falla_common_rail_presion,P2463,NO,SI,Fuga o baja presion en sistema Common Rail Diesel (Camiones/Pickups),SINTETICO_IA,L3 DPF saturado a 34 kPa con riel Common Rail impecable a 1600 bar.
F10-L04-0107,G18-L3-02,Falla en filtro de particulas DPF / FAP y sistema AdBlue DEF (Diesel Euro 5/6),MOTOR,L3,Volkswagen Amarok 2.0 BiTDI presenta mensaje 'Error AdBlue: Arranque impedido en 200 km' y DTC P20EE en módulo de motor. Se desmontó el inyector de agente reductor DEF ubicado antes del catalizador SCR encontrándose el conducto y la tobera totalmente ocluidos por estalactitas de urea cristalizada blanca. La presión de la bomba dosificadora marca 0 bar por atasco de la válvula de purga de retorno.,TALLER,desmontaje_inyector_def,dtc_p20ee|estalactitas_urea_cristalizada|arranque_impedido_200km|presion_def_0bar,falla_inyector_combustible,P20EE,NO,SI,Inyectores sucios o filtro de combustible obstruido,SINTETICO_IA,L3 estalactitas de urea blanca y P20EE vs inyector diésel.
F10-L04-0108,G18-L3-03,Falla en filtro de particulas DPF / FAP y sistema AdBlue DEF (Diesel Euro 5/6),MOTOR,L3,"Vehículo diésel Euro 5 presenta aumento continuo del nivel de lubricante en la varilla (2.5 litros por encima del límite) con viscosidad degradada a 5 cSt y fuerte olor a gasoil. El análisis de escáner demostró que la ECU ejecutó 18 regeneraciones de DPF abortadas en los últimos 400 km debido a que el cliente apaga el motor al llegar a destino, provocando que el gasoil postinyectado escurra hacia el cárter.",TECNICO,analisis_dilucion_aceite,aceite_2_5l_sobre_nivel|18_regeneraciones_abortadas|dilucion_gasoil,falla_reten_bomba_alta,,NO,SI,Empaque de culata soplado o danado,SINTETICO_IA,L3 dilución por 18 regeneraciones DPF abortadas vs junta de culata.
F10-L04-0109,G18-L3-04,Falla en filtro de particulas DPF / FAP y sistema AdBlue DEF (Diesel Euro 5/6),MOTOR,L3,"Camioneta Ford Ranger 3.2 TDCi no pasa de 80 km/h y activa DTC P2002 (Particulate Trap Efficiency Below Threshold). Al desmontar el sustrato del DPF se comprobó que el panal cerámico de carburo de silicio está agrietado longitudinalmente con orificio de fusión de 15 mm en el centro por sobretemperatura, permitiendo paso de humo negro hacia la cola de escape.",TALLER,inspeccion_sustrato_dpf,dtc_p2002|sustrato_dpf_agrietado_fusion_15mm|humo_negro_escape,falla_catalizador_gasolina,P2002,NO,SI,Convertidor catalitico ineficiente u obstruido (DTC P0420 / P0430),SINTETICO_IA,L3 sustrato DPF perforado por fusión cerámica con P2002.
F10-L04-0110,G18-L3-05,Falla en filtro de particulas DPF / FAP y sistema AdBlue DEF (Diesel Euro 5/6),MOTOR,L3,"Hola maestro, tengo una Nissan Navara diésel. Se prendió el rulo parpadeando y la luz del motor, el carro no tiene fuerza y no pasa de 2000 vueltas. En el taller le metieron el escáner y la presión del DPF marca 450 milibares cuando lo aceleras; le sacaron el tubo y salieron pedazos de hollín negro compacto como piedras de carbón.",WHATSAPP,desarme_escape_navara,rulo_parpadea|no_pasa_2000_vueltas|presion_450mbar|piedras_carbon_dpf,falla_turbo_intercooler,,NO,SI,Fuga en mangueras de intercooler o turbocompresor danado,SINTETICO_IA,L3 450 mbar con piedras de carbón en DPF vs turbo.
F10-L04-0111,G18-L3-06,Falla en filtro de particulas DPF / FAP y sistema AdBlue DEF (Diesel Euro 5/6),MOTOR,L3,"DTC P2452 y P2453 referentes al sensor de presión diferencial de escape en motor 2.0 TDI. Con el motor apagado el sensor lee 18 mbar en reposo (debe ser 0 mbar). Se conectó manómetro de precisión calibrado en las tomas del DPF y la presión real es de 0 mbar, confirmando deriva electrónica en la membrana piezoeléctrica del sensor diferencial que engaña a la ECU haciéndole creer que el filtro está tapado.",TECNICO,calibracion_sensor_piezoelectrico,dtc_p2452_p2453|lectura_falsa_18mbar_reposo|deriva_membrana_sensor,falla_sensor_map,P2453,NO,NO,,SINTETICO_IA,L3 deriva piezoeléctrica del sensor diferencial engaña a ECU.
F10-L04-0112,G18-L3-07,Falla en filtro de particulas DPF / FAP y sistema AdBlue DEF (Diesel Euro 5/6),MOTOR,L3,Prueba de carretera con monitoreo de temperaturas en sistema de escape Euro 6: la temperatura aguas arriba del catalizador de oxidación DOC alcanza 280°C pero en el DPF cae a 220°C impidiendo la autoignición del hollín. Se constató que el inyector auxiliar de combustible en el escape (vaporizador DPF) está bloqueado mecánicamente por carbonilla y no pulveriza diésel.,TALLER,prueba_vaporizador_dpf,temp_doc_280c_dpf_220c|vaporizador_dpf_bloqueado|sin_autoignicion,falla_inyectores_motor,,NO,SI,Inyectores sucios o filtro de combustible obstruido,SINTETICO_IA,L3 vaporizador DPF de escape tapado vs inyectores de motor.
F10-L04-0113,G18-L3-08,Falla en filtro de particulas DPF / FAP y sistema AdBlue DEF (Diesel Euro 5/6),MOTOR,L3,Mi camioneta diesel prendio el check con codigo P2463 y no corre en autopista botando mensaje de filtro lleno. En el taller le hicieron un lavado quimico al filtro DPF con liquido descarbonizante y le resetearon el contador de hollin a cero quedando sedita.,ERROR_ORTOGRAFICO,lavado_quimico_dpf,dtc_p2463|lavado_quimico_dpf|contador_hollin_reseteado,falla_bomba_inyectora,P2463,NO,NO,,SINTETICO_IA,L3 lavado químico de DPF soluciona P2463 con ortografía informal.
F10-L04-0114,G18-L3-09,Falla en filtro de particulas DPF / FAP y sistema AdBlue DEF (Diesel Euro 5/6),MOTOR,L3,Sistema AdBlue SCR presenta DTC P204F (Reductant System Performance). Al ejecutar la prueba de flujo guiada la bomba del módulo dosificador entrega solo 12 ml en 3 minutos de accionamiento (especificación OEM 35 a 45 ml). Al desmontar el módulo se halló la membrana de la microbomba de diafragma cuarteada con fugas de solución de urea hacia la placa electrónica.,TECNICO,prueba_flujo_adblue_guiada,dtc_p204f|flujo_12ml_vs_40ml_oem|membrana_microbomba_cuarteada,falla_bomba_combustible,P204F,NO,NO,,SINTETICO_IA,L3 prueba de probeta de AdBlue entrega solo 12 ml.
F10-L04-0115,G18-L3-10,Falla en filtro de particulas DPF / FAP y sistema AdBlue DEF (Diesel Euro 5/6),MOTOR,L3,El vehículo ingresó tras quedarse inmovilizado por agotamiento de la cuenta regresiva de AdBlue (0 km restantes - Arranque bloqueado). Se rellenó el tanque con fluido nuevo DEF pero el sistema no habilita arranque debido a fallo en la resistencia calentadora del tubo de alimentación que arrojó circuito abierto a -5°C ambiente.,TALLER,desbloqueo_adblue_invierno,arranque_bloqueado_0km|calentador_tubo_adblue_abierto,falla_inmovilizador,,NO,SI,Falla en motor de arranque o solenoide defectuoso (clac seco o carbones gastados),SINTETICO_IA,L3 bloqueo por calentador de tubo AdBlue vs inmovilizador.
F10-L04-0116,G18-L3-11,Falla en filtro de particulas DPF / FAP y sistema AdBlue DEF (Diesel Euro 5/6),MOTOR,L3,"Buenas tardes, en la camioneta Hilux me sale el dibujo del filtro de escape y parpadea. El mecánico la escaneó y dice que el filtro tiene 48 gramos de carbón acumulado y no deja acelerar más de 60 por protección de motor. Le hicieron regeneración estacionaria en el taller y bajó a 4 gramos.",WHATSAPP,regeneracion_estacionaria_hilux,dibujo_filtro_escape|48g_carbon_acumulado|regeneracion_estacionaria_4g,falla_embrague,,NO,SI,Disco de embrague desgastado o patinando,SINTETICO_IA,L3 regeneración forzada baja hollín de 48g a 4g.
F10-L04-0117,G18-L3-12,Falla en filtro de particulas DPF / FAP y sistema AdBlue DEF (Diesel Euro 5/6),MOTOR,L3,"DTC P20EE y P207F en camión ligero Euro 6. El análisis de refractometría óptica de la solución de urea AdBlue en el tanque arrojó una concentración del 18% (especificación ISO 22241 debe ser 32.5%), confirmando adulteración con agua corriente que inutiliza la reducción de NOx y enciende testigo de emisiones.",TECNICO,refractometria_adblue_iso22241,dtc_p20ee_p207f|concentracion_18_porciento_adulterada|norma_iso22241,falla_sensor_nox,P20EE,NO,NO,,SINTETICO_IA,L3 refractometría detecta AdBlue adulterado al 18%.
F10-L04-0118,G18-L3-13,Falla en filtro de particulas DPF / FAP y sistema AdBlue DEF (Diesel Euro 5/6),MOTOR,L3,"Pérdida drástica de aceleración en subida de montaña con olor a gasoil recalentado. El sensor de temperatura de escape aguas abajo del DPF marca 850°C sostenidos por quema incontrolada de exceso de hollín, deformando la carcasa de chapa de protección térmica.",TALLER,temperatura_850c_escape,temp_850c_escape_sostenida|hollin_incontrolado|deformacion_carcasa,falla_catalizador_gasolina,,NO,SI,Convertidor catalitico ineficiente u obstruido (DTC P0420 / P0430),SINTETICO_IA,L3 embalamiento térmico a 850°C en DPF.
F10-L04-0119,G18-L3-14,Falla en filtro de particulas DPF / FAP y sistema AdBlue DEF (Diesel Euro 5/6),MOTOR,L3,"Lectura de contrapresión de escape con transmisor de presión digital marca 120 mbar en ralentí y 600 mbar a 3000 rpm. El DPF no logra regenerar porque la válvula EGR se quedó trabada abierta al 40%, impidiendo que la mezcla alcance el exceso de aire y la temperatura necesaria para quemar las partículas.",TECNICO,contrapresion_600mbar_3000rpm,contrapresion_600mbar|egr_trabada_abierta_40|sin_temperatura_regenerar,falla_valvula_egr,,NO,SI,Convertidor catalitico ineficiente u obstruido (DTC P0420 / P0430),SINTETICO_IA,L3 contrapresión 600 mbar provocada por EGR que impide regeneración.
F10-L04-0120,G18-L3-15,Falla en filtro de particulas DPF / FAP y sistema AdBlue DEF (Diesel Euro 5/6),MOTOR,L3,"DTC P2463 permanente. Se retiró el filtro DPF del vehículo y se pesó en báscula industrial arrojando 8.9 kg frente a los 6.2 kg del filtro nuevo o limpio, confirmando 2.7 kg de cenizas inorgánicas (ash) no regenerables acumuladas tras 220,000 km que requieren desincrustación térmica en horno.",TALLER,pesaje_bascula_cenizas_ash,dtc_p2463|peso_8_9kg_vs_6_2kg_cenizas_ash|220000km,falla_turbo,P2463,NO,NO,,SINTETICO_IA,L3 pesaje revela 2.7 kg de cenizas inorgánicas.
F10-L04-0121,G19-L1-01,Fuga o baja presion en sistema Common Rail Diesel (Camiones/Pickups),MOTOR,L1,La camioneta diésel demora bastante en arrancar en frío por las mañanas.,COTIDIANO,arranque_frio_manana,demora_arranque_frio_diesel,,,SI,NO,,SINTETICO_IA,L1 arranque largo en motor diésel.
F10-L04-0122,G19-L1-02,Fuga o baja presion en sistema Common Rail Diesel (Camiones/Pickups),MOTOR,L1,"Hola, al pisar a fondo el acelerador en subida el motor se apaga de golpe.",WHATSAPP,aceleracion_subida,apagado_acelerar_fondo,,,SI,NO,,SINTETICO_IA,L1 corte por demanda de alta presión.
F10-L04-0123,G19-L1-03,Fuga o baja presion en sistema Common Rail Diesel (Camiones/Pickups),MOTOR,L1,Siento olor fuerte a petróleo crudo en el vano motor cuando acelero.,COTIDIANO,aceleracion,olor_petroleo_vano_motor,,,SI,NO,,SINTETICO_IA,L1 fuga aromática de diésel.
F10-L04-0124,G19-L1-04,Fuga o baja presion en sistema Common Rail Diesel (Camiones/Pickups),MOTOR,L1,El motor cascabelea muy duro como tractor viejo al acelerar en carga.,TALLER,aceleracion_carga,cascabeleo_tractor_duro,,,SI,NO,,SINTETICO_IA,L1 sonido tosco de combustión diésel descalibrada.
F10-L04-0125,G19-L1-05,Fuga o baja presion en sistema Common Rail Diesel (Camiones/Pickups),MOTOR,L1,Se prende el Check Engine y pierde toda la fuerza cuando paso de 2500 rpm.,COTIDIANO,2500rpm,check_engine|perdida_fuerza_2500rpm,,,SI,NO,,SINTETICO_IA,L1 corte por umbral de presión.
F10-L04-0126,G19-L1-06,Fuga o baja presion en sistema Common Rail Diesel (Camiones/Pickups),MOTOR,L1,El escáner arroja código de baja presión en el riel de inyección.,TECNICO,diagnostico,baja_presion_riel_inyeccion,,,SI,NO,,SINTETICO_IA,L1 reporte genérico de riel.
F10-L04-0127,G19-L1-07,Fuga o baja presion en sistema Common Rail Diesel (Camiones/Pickups),MOTOR,L1,El motor arranca rápido con líquido arrancador pero solo con la llave no prende.,TALLER,arranque_spray,arranca_con_spray|no_arranca_con_llave,,,SI,NO,,SINTETICO_IA,L1 incapacidad de presurizar rampa en arranque.
F10-L04-0128,G19-L1-08,Fuga o baja presion en sistema Common Rail Diesel (Camiones/Pickups),MOTOR,L1,Mi camioneta se apaga cuando le exijo en carretera y bota humo negro.,ERROR_ORTOGRAFICO,carretera_exigida,apaga_en_carretera|humo_negro,,,SI,NO,,SINTETICO_IA,L1 corte bajo esfuerzo con error ortográfico.
F10-L04-0129,G19-L1-09,Fuga o baja presion en sistema Common Rail Diesel (Camiones/Pickups),MOTOR,L1,"Buenas, hay un tubito metálico delgado que está sudando diésel en el motor.",WHATSAPP,inspeccion_visual,tubito_metalico_sudando_diesel,,,SI,NO,,SINTETICO_IA,L1 cañería de alta presión con fuga.
F10-L04-0130,G19-L1-10,Fuga o baja presion en sistema Common Rail Diesel (Camiones/Pickups),MOTOR,L1,Divergencia negativa severa entre presión de combustible deseada y real en el rail.,TECNICO,plena_carga,divergencia_negativa_presion_rail,,,SI,NO,,SINTETICO_IA,L1 reporte técnico de divergencia rail.
F10-L04-0131,G19-L2-01,Fuga o baja presion en sistema Common Rail Diesel (Camiones/Pickups),MOTOR,L2,En una Toyota Hilux 1GD 2.8 el motor demora 8 segundos en arrancar; en datos en vivo la presión de riel sube muy lento y no alcanza los 250 bar requeridos para autorizar la inyección.,COTIDIANO,arranque_largo,demora_arranque_8seg|presion_no_alcanza_250bar,falla_calentadores,,NO,SI,Bomba de gasolina quemada o con baja presion,SINTETICO_IA,L2 rampa no acumula 250 bar en arranque vs bomba de gasolina.
F10-L04-0132,G19-L2-02,Fuga o baja presion en sistema Common Rail Diesel (Camiones/Pickups),MOTOR,L2,Código P0087 por baja presión de riel en Ford Ranger 3.2; al acelerar a fondo en cuarta velocidad el motor se apaga de golpe pero al dar arranque vuelve a encender.,TECNICO,aceleracion_cuarta,dtc_p0087|apaga_de_golpe_acelerar|arranca_al_dar_llave,falla_turbo,P0087,NO,SI,Falla en actuador de turbocompresor o VGT en motores alemanes TSI / TFSI,SINTETICO_IA,L2 P0087 corte repentino en rampa vs turbo.
F10-L04-0133,G19-L2-03,Fuga o baja presion en sistema Common Rail Diesel (Camiones/Pickups),MOTOR,L2,"Prueba de probetas de retorno de combustible en banco demostró que el inyector del cilindro 3 desborda 90 ml en 1 minuto (límite 25 ml), fugando toda la presión de la rampa al retorno.",TALLER,prueba_probetas_retorno,inyector_3_retorno_90ml|fuga_presion_a_retorno,falla_inyector_gasolina,,NO,SI,Inyectores sucios o filtro de combustible obstruido,SINTETICO_IA,L2 retorno excesivo en inyector piezo/inductivo vs inyector sucio.
F10-L04-0134,G19-L2-04,Fuga o baja presion en sistema Common Rail Diesel (Camiones/Pickups),MOTOR,L2,"Hola, al exigir mi camioneta en subida se apaga y enciende Check Engine con código P0093 de fuga grande de combustible; el filtro de petróleo está limpio y nuevo.",WHATSAPP,subida_carga,dtc_p0093_fuga_grande|apaga_subida|filtro_nuevo_ok,filtro_combustible_obstruido,P0093,NO,SI,Inyectores sucios o filtro de combustible obstruido,SINTETICO_IA,L2 P0093 fuga grande con filtro limpio descarta filtro tapado.
F10-L04-0135,G19-L2-05,Fuga o baja presion en sistema Common Rail Diesel (Camiones/Pickups),MOTOR,L2,Fuga visible de combustible pulverizado por la tuerca cónica de la cañería de alta presión del cilindro 2 hacia la rampa; el motor falla por pérdida de estanqueidad a 1400 bar.,TECNICO,inspeccion_alta_presion,fuga_tuerca_conica_alta_presion|perdida_estanqueidad_1400bar,falla_manguera_retorno,,NO,NO,,SINTETICO_IA,L2 fuga en cañería rígida de alta presión.
F10-L04-0136,G19-L2-06,Fuga o baja presion en sistema Common Rail Diesel (Camiones/Pickups),MOTOR,L2,"La válvula reguladora de succión SCV de la bomba de alta presión se queda atascada mecánicamente provocando marcha ruidosa, golpeteo metálico y código P1229.",TALLER,ralenti_tosco,valvula_scv_atascada|golpeteo_metalico|dtc_p1229,falla_bielas,P1229,NO,NO,,SINTETICO_IA,L2 válvula SCV atascada con código P1229.
F10-L04-0137,G19-L2-07,Fuga o baja presion en sistema Common Rail Diesel (Camiones/Pickups),MOTOR,L2,El camión arranca solo si le echan éter en la admisión; una vez que enciende se mantiene en marcha pero al soltar el acelerador en bajada se apaga y no vuelve a prender solo.,COTIDIANO,arranque_eter,arranca_solo_con_eter|apaga_en_desaceleracion,falla_bateria,,NO,NO,,SINTETICO_IA,L2 fuga en reposo impide acumular umbral de arranque.
F10-L04-0138,G19-L2-08,Fuga o baja presion en sistema Common Rail Diesel (Camiones/Pickups),MOTOR,L2,Mi camioneta diesel se apago en subida llevando carga y sale codigo P0087 en el escaner. No tiene fuerza para adelantar y huele a petroleo en el motor.,ERROR_ORTOGRAFICO,subida_con_carga,dtc_p0087|apago_en_subida_carga|olor_petroleo,falla_transmision,P0087,NO,NO,,SINTETICO_IA,L2 P0087 en subida con carga con error ortográfico.
F10-L04-0139,G19-L2-09,Fuga o baja presion en sistema Common Rail Diesel (Camiones/Pickups),MOTOR,L2,La válvula limitadora de sobrepresión ubicada en el extremo de la rampa común gotea combustible continuamente hacia el tanque por resorte vencido a solo 900 bar.,TECNICO,prueba_valvula_alivio_rampa,valvula_alivio_gotea_retorno_900bar|resorte_vencido,falla_bomba_tanque,,NO,NO,,SINTETICO_IA,L2 válvula limitadora de rampa vencida a 900 bar.
F10-L04-0140,G19-L2-10,Fuga o baja presion en sistema Common Rail Diesel (Camiones/Pickups),MOTOR,L2,En desaceleración rápida el motor cae a 400 rpm y se apaga con código P0088 por sobrepresión de riel; la válvula PCV no logra evacuar el exceso de caudal hacia el retorno.,TALLER,desaceleracion_frenada,dtc_p0088_sobrepresion|apagado_400rpm|valvula_pcv_no_evacua,falla_cuerpo_mariposa,P0088,NO,NO,,SINTETICO_IA,L2 sobrepresión P0088 en desaceleración por PCV trabada.
F10-L04-0141,G19-L2-11,Fuga o baja presion en sistema Common Rail Diesel (Camiones/Pickups),MOTOR,L2,"Buenas maestro, en el taller le cambiaron filtro de combustible y purgaron pero la camioneta sigue demorando 10 segundos en arrancar. Hay petróleo goteando por la bomba de alta.",WHATSAPP,arranque_demorado,filtro_nuevo_purgado|demora_10seg_arranque|goteo_bomba_alta,falla_filtro_aire,,NO,SI,Inyectores sucios o filtro de combustible obstruido,SINTETICO_IA,L2 goteo en bomba de alta tras cambio de filtro.
F10-L04-0142,G19-L2-12,Fuga o baja presion en sistema Common Rail Diesel (Camiones/Pickups),MOTOR,L2,Presión de riel nominal solicitada es de 1350 bar a 2200 rpm pero la real solo alcanza 850 bar con pedal a fondo; la bomba de transferencia interna de paletas no alimenta suficiente.,TECNICO,plena_carga_2200rpm,solicitada_1350_real_850bar|bomba_transferencia_baja,falla_turbo,P0087,NO,SI,Fuga en mangueras de intercooler o turbocompresor danado,SINTETICO_IA,L2 presión estancada en 850 bar vs turbo dañado.
F10-L04-0143,G19-L2-13,Fuga o baja presion en sistema Common Rail Diesel (Camiones/Pickups),MOTOR,L2,Al acelerar a más de 3000 rpm el motor entra en limp mode y bota humo negro; se desmontó la bomba de alta HP3 encontrándose viruta metálica plateada en el eje de levas.,TALLER,inspeccion_bomba_hp3,limp_mode_3000rpm|viruta_metalica_bomba_hp3|humo_negro,falla_filtro_particulas,,NO,SI,Falla en filtro de particulas DPF / FAP y sistema AdBlue DEF (Diesel Euro 5/6),SINTETICO_IA,L2 viruta en bomba Common Rail vs DPF.
F10-L04-0144,G19-L2-14,Fuga o baja presion en sistema Common Rail Diesel (Camiones/Pickups),MOTOR,L2,Camioneta pickup pierde rendimiento en autopista; la manguera flexible de retorno de inyectores está rota y chorrea diésel sobre el alternador generando riesgo de incendio.,COTIDIANO,autopista,manguera_retorno_rota_chorrea_diesel|perdida_rendimiento,fuga_refrigerante,,NO,NO,,SINTETICO_IA,L2 fuga en manguera de retorno de inyectores.
F10-L04-0145,G19-L2-15,Fuga o baja presion en sistema Common Rail Diesel (Camiones/Pickups),MOTOR,L2,DTC P0087 registrado en congelado de datos a 3200 rpm con 100% de carga de motor; al medir con probetas dos inyectores tienen retorno cuatro veces superior a norma.,TECNICO,freeze_frame_dtc_p0087,dtc_p0087_freeze_frame_3200rpm|dos_inyectores_retorno_x4,falla_bomba_electrica_tanque,P0087,NO,SI,Inyectores sucios o filtro de combustible obstruido,SINTETICO_IA,L2 freeze frame confirma pérdida de rampa por retorno de inyectores.
F10-L04-0146,G19-L3-01,Fuga o baja presion en sistema Common Rail Diesel (Camiones/Pickups),MOTOR,L3,"Toyota Hilux 1KD-FTV ingresa por apagado intempestivo al acelerar a fondo en 3ra velocidad bajo carga con DTC P0087 y P0093. En prueba dinámica con escáner la presión objetivo de riel es de 1600 bar mientras que la presión real cae abruptamente a 720 bar en el instante del corte. Se realizó la prueba de estanqueidad de inyectores con kit de probetas graduadas Common Rail a ralentí durante 2 minutos: inyector 1 (18 ml), inyector 2 (16 ml), inyector 3 (85 ml) e inyector 4 (19 ml), demostrando que la tobera 3 fuga masivamente la presión hacia la línea de retorno.",TECNICO,prueba_estanqueidad_probetas_1kd,dtc_p0087_p0093|presion_cae_1600_a_720bar|inyector3_retorno_85ml_fuga,falla_bomba_gasolina_electrica,P0087,NO,SI,Inyectores sucios o filtro de combustible obstruido,SINTETICO_IA,L3 probetas cuantifican retorno de 85 ml en cilindro 3 provocando P0087.
F10-L04-0147,G19-L3-02,Fuga o baja presion en sistema Common Rail Diesel (Camiones/Pickups),MOTOR,L3,Isuzu D-Max 4JJ1 3.0 no arranca en caliente tras 10 minutos de reposo; el motor de arranque gira vigorosamente pero el sensor de presión de rampa solo registra 110 bar (umbral mínimo para excitar inyectores es de 220 bar). Al aplicar spray arrancador el motor enciende y la presión sube a 400 bar en ralentí. Se inspeccionó la válvula reguladora de presión SCV encontrándose rayaduras longitudinales en el émbolo que provocan fuga interna hacia el bypass de retorno.,TALLER,prueba_arranque_caliente_scv,presion_110bar_insuficiente|umbral_220bar|embolo_scv_rayado_fuga,falla_motor_arranque_carbones,,NO,SI,Falla en motor de arranque o solenoide defectuoso (clac seco o carbones gastados),SINTETICO_IA,L3 presión de 110 bar insuficiente en rampa vs motor de arranque.
F10-L04-0148,G19-L3-03,Fuga o baja presion en sistema Common Rail Diesel (Camiones/Pickups),MOTOR,L3,Ford Ranger 3.2 TDCi presenta código P0088 (Rail Pressure Too High) con cascabeleo metálico ensordecedor en aceleración suave. Con el escáner la presión real de combustible trepa a 1850 bar en ralentí cuando la especificada es de solo 320 bar. La prueba eléctrica del solenoide regulador de caudal de la bomba de alta presión arrojó cortocircuito interno entre devanados con 0.4 ohms de resistencia (especificación OEM 2.8 a 3.5 ohms).,TECNICO,diagnostico_sobrepresion_p0088,dtc_p0088|presion_1850bar_ralenti|solenoide_regulador_corto_0_4_ohms,falla_sensor_presion_rail,P0088,NO,NO,,SINTETICO_IA,L3 sobrepresión a 1850 bar por solenoide de caudal en corto.
F10-L04-0149,G19-L3-04,Fuga o baja presion en sistema Common Rail Diesel (Camiones/Pickups),MOTOR,L3,Camión liviano Mitsubishi Fuso Canter 4P10 se apaga súbitamente al subir pendiente pronunciada con 3 toneladas de carga. Al revisar el motor se constató fuga severa de diésel por la cañería metálica de alta presión entre la bomba CP4 y el riel común debido a fisura por fatiga de material en el abocardado cónico. La presión cayó a cero inmediatamente protegiendo la inyección.,TALLER,inspeccion_cañeria_cp4,cañeria_alta_presion_fisura_abocardado|fuga_severa_diesel|apaga_en_subida,falla_embrague_patinando,,NO,SI,Disco de embrague desgastado o patinando,SINTETICO_IA,L3 fractura de abocardado de alta presión vs embrague.
F10-L04-0150,G19-L3-05,Fuga o baja presion en sistema Common Rail Diesel (Camiones/Pickups),MOTOR,L3,"Hola maestro, tengo una Nissan Frontier diésel 2.5. La camioneta demora como 10 segundos de marcha para arrancar en frío y cuando piso el acelerador para pasar un carro se apaga el motor y prende el check con código P0087. En el taller me revisaron los inyectores y dicen que dos inyectores botan todo el petróleo por el retorno.",WHATSAPP,arranque_largo_frontier,demora_10seg_arranque|dtc_p0087|apaga_adelantar|dos_inyectores_retorno,falla_filtro_combustible,P0087,NO,SI,Inyectores sucios o filtro de combustible obstruido,SINTETICO_IA,L3 relato WhatsApp de corte por retorno en Frontier.
F10-L04-0151,G19-L3-06,Fuga o baja presion en sistema Common Rail Diesel (Camiones/Pickups),MOTOR,L3,"DTC P0087 y P0093 en camioneta diésel Common Rail Euro 5. La prueba de presión con el tapón ciego de rampa (bloqueando la salida hacia los 4 inyectores) demostró que al dar arranque la bomba de alta presión solo alcanza 140 bar en lugar de superar los 1000 bar requeridos en la prueba de estanqueidad de bomba, diagnosticándose desgaste interno severo en los émbolos buzos de la bomba de alta.",TECNICO,prueba_tapon_ciego_rampa,dtc_p0087_p0093|tapon_ciego_rampa_solo_140bar|desgaste_embolos_bomba_alta,falla_inyectores_diesel,P0087,NO,NO,,SINTETICO_IA,L3 prueba con tapón ciego aísla bomba de alta desgastada.
F10-L04-0152,G19-L3-07,Fuga o baja presion en sistema Common Rail Diesel (Camiones/Pickups),MOTOR,L3,"El vehículo ingresó con marcha áspera y humo blanco con olor a gasoil crudo en ralentí. Al inspeccionar la rampa se encontró que la válvula de alivio mecánica de sobrepresión (Pressure Limiter Valve) tiene el asiento erosionado por combustible contaminado con agua, permitiendo una fuga constante de 400 ml/min hacia el retorno a solo 600 bar de presión.",TALLER,inspeccion_pressure_limiter,asiento_pressure_limiter_erosionado_agua|fuga_400ml_retorno_600bar,falla_empaque_culata,,NO,SI,Empaque de culata soplado o danado,SINTETICO_IA,L3 válvula limitadora vencida por agua en combustible vs culata.
F10-L04-0153,G19-L3-08,Fuga o baja presion en sistema Common Rail Diesel (Camiones/Pickups),MOTOR,L3,Mi camioneta diesel Hilux se me apaga al acelerar a fondo en subida y en el escaner sale codigo P0087 de baja precion de riel. Le cambiaron el filtro de petroleo y sigue igual; le probaron el retorno a los inyectores y el cilindro 4 llena la probeta al tiro.,ERROR_ORTOGRAFICO,prueba_probetas_hilux,dtc_p0087|apaga_acelerar_subida|cilindro_4_llena_probeta_retorno,falla_filtro_petroleo,P0087,NO,SI,Inyectores sucios o filtro de combustible obstruido,SINTETICO_IA,L3 inyector 4 con retorno desbordado con ortografía informal.
F10-L04-0154,G19-L3-09,Fuga o baja presion en sistema Common Rail Diesel (Camiones/Pickups),MOTOR,L3,"Medición de corriente de excitación con pinza amperimétrica en la válvula reguladora de caudal de la bomba Common Rail muestra 1.2 amperios continuos sin modulación PWM por falla en el driver de salida de la PCM, dejando la válvula fija en posición de caudal mínimo e impidiendo superar 400 bar.",TECNICO,pinza_amperimetrica_scv,corriente_fija_1_2a_sin_pwm|presion_estancada_400bar|falla_driver_pcm,falla_valvula_scv_mecanica,,NO,NO,,SINTETICO_IA,L3 pinza amperimétrica revela driver de PCM sin modulación.
F10-L04-0155,G19-L3-10,Fuga o baja presion en sistema Common Rail Diesel (Camiones/Pickups),MOTOR,L3,"Contaminación por combustible adulterado con solventes en pickup diésel: la bomba de alta presión Bosch CP4 sufrió gripado de los rodillos sobre el eje excéntrico, esparciendo limalla de aluminio por toda la rampa común, taponando los microfiltros de los 4 inyectores y provocando corte total de presión con código P0087.",TALLER,desarme_cp4_limalla,dtc_p0087|gripado_rodillos_cp4|limalla_aluminio_rampa_inyectores,falla_tanque_combustible,P0087,NO,SI,Inyectores sucios o filtro de combustible obstruido,SINTETICO_IA,L3 falla destructiva de bomba CP4 con limalla en rampa.
F10-L04-0156,G19-L3-11,Fuga o baja presion en sistema Common Rail Diesel (Camiones/Pickups),MOTOR,L3,"Buenas tardes, el carro prende con arrancador pero cuando le doy arranque normal demora un montón. El mecánico puso el manómetro de alta y dice que la rampa no retiene la presión al apagar el motor, se baja a cero en 2 segundos porque un inyector se queda abierto botando el petróleo.",WHATSAPP,perdida_presion_estatica_rampa,no_retiene_presion_apagar|cae_a_cero_2seg|inyector_abierto,falla_bateria,,NO,SI,Inyectores sucios o filtro de combustible obstruido,SINTETICO_IA,L3 pérdida de presión residual en 2 segundos por goteo.
F10-L04-0157,G19-L3-12,Fuga o baja presion en sistema Common Rail Diesel (Camiones/Pickups),MOTOR,L3,DTC P0087 y P1229 en camioneta 2.5 diésel. En prueba de carga máxima la presión solicitada es de 1450 bar pero la real oscila entre 800 y 1100 bar con tirones violentos. Al retirar la válvula SCV se encontraron partículas de óxido provenientes del tanque de combustible que traban mecánicamente la corredera interna de dosificación.,TECNICO,inspeccion_oxido_scv,dtc_p0087_p1229|oscilacion_800_1100bar|oxido_traba_corredera_scv,falla_sensor_map,P0087,NO,NO,,SINTETICO_IA,L3 óxido en corredera de SCV genera oscilación de presión.
F10-L04-0158,G19-L3-13,Fuga o baja presion en sistema Common Rail Diesel (Camiones/Pickups),MOTOR,L3,Al exigir el motor en 5ta marcha se enciende el testigo de Check Engine y el vehículo entra en modo de seguridad limitado a 1500 rpm. El escáner registra DTC P0093 (Major Fuel Leak Detected). La inspección térmica con cámara infrarroja detectó chorro invisible de alta presión a 80°C escapando por la junta de estanqueidad del sensor de presión de riel.,TALLER,termografia_infrarroja_fuga,dtc_p0093|chorro_alta_presion_sensor_rail|termografia_80c,falla_turbo_vgt,P0093,NO,SI,Fuga en mangueras de intercooler o turbocompresor danado,SINTETICO_IA,L3 termografía infrarroja detecta fuga invisible en sensor de riel.
F10-L04-0159,G19-L3-14,Fuga o baja presion en sistema Common Rail Diesel (Camiones/Pickups),MOTOR,L3,"Análisis de tiempo de energización de inyectores piezoeléctricos Common Rail: el tiempo de carga eléctrica alcanza 180 microsegundos pero la presión del riel cae de 1500 a 650 bar por desgaste en la válvula de mando del inyector, activando la estrategia de protección de corte de combustible en el PCM.",TECNICO,analisis_piezo_osciloscopio,tiempo_carga_180us|presion_cae_1500_a_650bar|valvula_mando_desgastada,falla_computadora_ecu,P0087,NO,NO,,SINTETICO_IA,L3 oscilograma piezoeléctrico confirma caída de rampa a 650 bar.
F10-L04-0160,G19-L3-15,Fuga o baja presion en sistema Common Rail Diesel (Camiones/Pickups),MOTOR,L3,El camión se apaga en marcha en pleno tráfico pesado con código P0087 recurrente. Se reemplazó el filtro primario y secundario de combustible sin mejoría. Se constató que la bomba de cebado manual del portafiltro tiene la membrana fisurada aspirando aire hacia la succión de la bomba de alta presión y provocando cavitación.,TALLER,cavitacion_bomba_cebado,dtc_p0087_recurrente|membrana_cebador_fisurada_aire|cavitacion_bomba_alta,falla_filtro_combustible,P0087,NO,SI,Inyectores sucios o filtro de combustible obstruido,SINTETICO_IA,L3 ingreso de aire por bombín de cebado genera cavitación.
F10-L04-0161,G20-L1-01,Falla en sistema Flex / Bi-combustible (Alcohol/Etanol),MOTOR,L1,El carro no quiere arrancar en las mañanas frías tras cambiar de grifo de combustible.,COTIDIANO,arranque_frio_manana,dificultad_arranque_post_recarga,,,SI,NO,,SINTETICO_IA,L1 arranque difícil en frío tras recarga.
F10-L04-0162,G20-L1-02,Falla en sistema Flex / Bi-combustible (Alcohol/Etanol),MOTOR,L1,"Hola, mi auto es bi-combustible y consume el doble de combustible de repente.",WHATSAPP,marcha,consumo_duplicado_bicombustible,,,SI,NO,,SINTETICO_IA,L1 consumo disparado en vehículo Flex.
F10-L04-0163,G20-L1-03,Falla en sistema Flex / Bi-combustible (Alcohol/Etanol),MOTOR,L1,Sale un olor muy fuerte como a alcohol o vinagre agrio por el tubo de escape.,COTIDIANO,ralenti,olor_alcohol_vinagre_escape,,,SI,NO,,SINTETICO_IA,L1 olor a alcohol no combustionado.
F10-L04-0164,G20-L1-04,Falla en sistema Flex / Bi-combustible (Alcohol/Etanol),MOTOR,L1,"El motor tose, cabecea y tironea en frío pero al calentar mejora bastante.",TALLER,motor_frio_vs_caliente,tose_cabecea_frio|mejora_caliente,,,SI,NO,,SINTETICO_IA,L1 falla de adaptación en fase fría.
F10-L04-0165,G20-L1-05,Falla en sistema Flex / Bi-combustible (Alcohol/Etanol),MOTOR,L1,Se encendió el Check Engine y el motor se siente ahogado al acelerar.,COTIDIANO,aceleracion,check_engine|motor_ahogado,,,SI,NO,,SINTETICO_IA,L1 mezcla desproporcionada.
F10-L04-0166,G20-L1-06,Falla en sistema Flex / Bi-combustible (Alcohol/Etanol),MOTOR,L1,El escáner muestra código de mezcla demasiado rica o pobre en combustible alternativo.,TECNICO,diagnostico,mezcla_rica_pobre_flex,,,SI,NO,,SINTETICO_IA,L1 reporte genérico de mezcla Flex.
F10-L04-0167,G20-L1-07,Falla en sistema Flex / Bi-combustible (Alcohol/Etanol),MOTOR,L1,No funciona la bombita de gasolina del reservorio chiquito de partida en frío.,TALLER,inspeccion_reservorio,bombita_reservorio_frio_no_funciona,,,SI,NO,,SINTETICO_IA,L1 falla en reservorio de partida en frío.
F10-L04-0168,G20-L1-08,Falla en sistema Flex / Bi-combustible (Alcohol/Etanol),MOTOR,L1,Mi carro flex jalonea feo cuando le pongo alcohol y se le prende el check.,ERROR_ORTOGRAFICO,carga_alcohol,jalonea_con_alcohol|check_prendido,,,SI,NO,,SINTETICO_IA,L1 jaloneo con alcohol con error ortográfico.
F10-L04-0169,G20-L1-09,Falla en sistema Flex / Bi-combustible (Alcohol/Etanol),MOTOR,L1,"Buenas, llené el tanque con otra gasolina y ahora el carro no empareja el mínimo.",WHATSAPP,post_tanque_lleno,minimo_inestable_post_llenado,,,SI,NO,,SINTETICO_IA,L1 inestabilidad post-llenado de tanque.
F10-L04-0170,G20-L1-10,Falla en sistema Flex / Bi-combustible (Alcohol/Etanol),MOTOR,L1,Discrepancia en el porcentaje inferido de etanol respecto al combustible real suministrado.,TECNICO,evaluacion_parametros,discrepancia_porcentaje_etanol_inferido,,,SI,NO,,SINTETICO_IA,L1 parámetro A/F descalibrado.
F10-L04-0171,G20-L2-01,Falla en sistema Flex / Bi-combustible (Alcohol/Etanol),MOTOR,L2,Vehículo Flex Fuel con motor brasileño no arranca a 12°C por las mañanas; la bomba del depósito auxiliar de gasolina de arranque en frío (tanquinho) está quemada y no inyecta gasolina.,COTIDIANO,arranque_12c_manana,no_arranca_12c|bomba_tanquinho_quemada,falla_bateria,,NO,NO,,SINTETICO_IA,L2 bomba de tanquinho quemada en frío.
F10-L04-0172,G20-L2-02,Falla en sistema Flex / Bi-combustible (Alcohol/Etanol),MOTOR,L2,Código P0171 (System Too Lean); el cliente cargó etanol al 100% pero la computadora se quedó congelada reconociendo mezcla de gasolina pura (A/F 14.7 en vez de 9.0) provocando tironeos.,TECNICO,diagnostico_p0171_flex,dtc_p0171|etanol_100_computadora_af_14_7|tironeos,inyectores_tapados,P0171,NO,SI,Inyectores sucios o filtro de combustible obstruido,SINTETICO_IA,L2 mapa erróneo A/F 14.7 con etanol al 100% vs inyectores.
F10-L04-0173,G20-L2-03,Falla en sistema Flex / Bi-combustible (Alcohol/Etanol),MOTOR,L2,El auto arranca ahogado en frío botando humo negro y olor a combustible crudo con código P0172; tras cambiar de combustible la ECU asumió erróneamente 85% de alcohol cuando el tanque tiene gasolina.,TALLER,arranque_ahogado_frio,dtc_p0172|arranque_ahogado|ecu_reconoce_85_alcohol_con_gasolina,falla_sensor_oxigeno,P0172,NO,SI,Falla en sensor de oxigeno o mezcla rica,SINTETICO_IA,L2 sobreinyección por porcentaje erróneo de etanol vs sensor O2.
F10-L04-0174,G20-L2-04,Falla en sistema Flex / Bi-combustible (Alcohol/Etanol),MOTOR,L2,"Hola maestro, tengo un Gol Flex. Le eché etanol y al día siguiente no prendió ni empujando. En el taller me dicen que el sensor de porcentaje de alcohol que va en la tubería se desconectó.",WHATSAPP,arranque_post_etanol,no_prende_con_etanol|sensor_etanol_desconectado,falla_motor_arranque,,NO,NO,,SINTETICO_IA,L2 sensor de combustible desconectado tras carga de etanol.
F10-L04-0175,G20-L2-05,Falla en sistema Flex / Bi-combustible (Alcohol/Etanol),MOTOR,L2,DTC P0178 referente a circuito bajo del sensor de composición de combustible (Fuel Composition Sensor); el vehículo pierde agilidad y consume un 40% más de combustible en autopista.,TECNICO,diagnostico_p0178,dtc_p0178|sensor_composicion_circuito_bajo|consumo_alto_40,falla_sensor_map,P0178,NO,NO,,SINTETICO_IA,L2 código P0178 en sensor de composición.
F10-L04-0176,G20-L2-06,Falla en sistema Flex / Bi-combustible (Alcohol/Etanol),MOTOR,L2,En las mañanas el motor tiembla violentamente durante tres minutos con fallos de encendido P0300; el sistema de precalentamiento de inyectores en el riel tiene el relé de potencia pegado.,TALLER,arranque_frio_misfire,dtc_p0300_frio|temblor_3minutos|rele_precalentador_pegado,falla_bujias,P0300,NO,SI,Falla en bujias o bobinas de encendido (misfire),SINTETICO_IA,L2 falla de precalentador en frío vs bujías.
F10-L04-0177,G20-L2-07,Falla en sistema Flex / Bi-combustible (Alcohol/Etanol),MOTOR,L2,El vehículo funciona perfecto en carretera pero tras cargar 30 litros de combustible se apagó en el primer semáforo y quedó inestable porque no completó la rutina de aprendizaje del A/F.,COTIDIANO,post_recarga_inmediata,apagado_primer_semaforo_post_recarga|sin_aprendizaje_af,falla_cuerpo_aceleracion,,NO,SI,Cuerpo de aceleracion o valvula IAC sucia,SINTETICO_IA,L2 rutina de aprendizaje interrumpida post-recarga.
F10-L04-0178,G20-L2-08,Falla en sistema Flex / Bi-combustible (Alcohol/Etanol),MOTOR,L2,Mi auto bi-combustible jalonea en frio y huele a vinagre agrio en el escape. Le cambiaron bujias y cables pero sigue fallando cuando le pongo etanol al tanque.,ERROR_ORTOGRAFICO,marcha_frio_etanol,jalonea_frio_etanol|olor_vinagre_escape|bujias_cables_nuevos,falla_bujias_cables,,NO,SI,Falla en bujias o bobinas de encendido (misfire),SINTETICO_IA,L2 olor a vinagre persiste tras encendido nuevo con error ortográfico.
F10-L04-0179,G20-L2-09,Falla en sistema Flex / Bi-combustible (Alcohol/Etanol),MOTOR,L2,Lectura de ajuste de combustible a largo plazo LTFT en +24.8% saturado en mezcla pobre; la computadora no reconoce el cambio a combustible oxigenado por sonda lambda lenta.,TECNICO,lectura_ltft_saturado,ltft_saturado_24_8_porciento|mezcla_pobre|lambda_lenta,falla_sensor_maf,P0171,NO,SI,Falla en sensor de oxigeno o mezcla rica,SINTETICO_IA,L2 LTFT saturado en +25% por adaptación Flex fallida.
F10-L04-0180,G20-L2-10,Falla en sistema Flex / Bi-combustible (Alcohol/Etanol),MOTOR,L2,"La electroválvula de purga del reservorio auxiliar de gasolina se quedó abierta continuo, succionando gasolina del tanquinho hacia la admisión y ahogando el motor en ralentí caliente.",TALLER,inspeccion_electrovalvula_tanquinho,electrovalvula_tanquinho_abierta|succion_gasolina_ahogo_caliente,falla_valvula_evap,,NO,SI,Falla en sistema de control de emisiones evaporativas EVAP (canister o valvula de purga),SINTETICO_IA,L2 purga de tanquinho abierta vs válvula EVAP.
F10-L04-0181,G20-L2-11,Falla en sistema Flex / Bi-combustible (Alcohol/Etanol),MOTOR,L2,"Buenas, cambié de gasolina de 90 a 97 octanos y el carro se puso pesadísimo para arrancar en las mañanas. Me dijeron que hay que resetear los parámetros del alcohol.",WHATSAPP,arranque_manana_post_cambio_octanaje,pesado_arrancar_manana|resetear_parametros_alcohol,falla_bateria,,NO,NO,,SINTETICO_IA,L2 reseteo de mapa Flex tras cambio de combustible.
F10-L04-0182,G20-L2-12,Falla en sistema Flex / Bi-combustible (Alcohol/Etanol),MOTOR,L2,DTC P0179 por señal de frecuencia alta del sensor de composición de combustible; el sensor entrega 170 Hz fijo simulando 100% de etanol cuando el auto tiene gasolina.,TECNICO,medicion_frecuencia_sensor_etanol,dtc_p0179|frecuencia_170hz_fija|lectura_falsa_100_etanol,falla_inyector,P0179,NO,NO,,SINTETICO_IA,L2 sensor de etanol trabado en 170 Hz.
F10-L04-0183,G20-L2-13,Falla en sistema Flex / Bi-combustible (Alcohol/Etanol),MOTOR,L2,El motor presenta detonación (cascabeleo) bajo aceleración fuerte en autopista con código P0325; el mapa de encendido no se atrasó debido a error en la detección de etanol.,COTIDIANO,aceleracion_autopista,dtc_p0325|cascabeleo_fuerte|mapa_encendido_sin_atraso,falla_sensor_detonacion,,NO,NO,,SINTETICO_IA,L2 avance no adaptado al combustible genera cascabeleo.
F10-L04-0184,G20-L2-14,Falla en sistema Flex / Bi-combustible (Alcohol/Etanol),MOTOR,L2,"Los 4 inyectores presentan barniz pegajoso y corrosión por acidez de etanol hidratado de mala calidad, provocando goteo en reposo y ahogo matutino.",TALLER,inspeccion_inyectores_banco,inyectores_barniz_corrosion_acidez|goteo_reposo,falla_bomba_combustible,,NO,SI,Inyectores sucios o filtro de combustible obstruido,SINTETICO_IA,L2 acidez de etanol corroe toberas de inyectores.
F10-L04-0185,G20-L2-15,Falla en sistema Flex / Bi-combustible (Alcohol/Etanol),MOTOR,L2,Arranque muy prolongado a 15°C; la resistencia de precalentamiento de la galería de combustible no recibe los 12V por relé de potencia de arranque en frío defectuoso.,TECNICO,prueba_galeria_calefactada,sin_alimentacion_galeria_calefactada|rele_frio_defectuoso,falla_calentadores_diesel,,NO,NO,,SINTETICO_IA,L2 relé de calentador de riel Flex averiado.
F10-L04-0186,G20-L3-01,Falla en sistema Flex / Bi-combustible (Alcohol/Etanol),MOTOR,L3,Volkswagen Gol 1.6 MSI TotalFlex no arranca en frío por la mañana a 14°C de temperatura ambiente. En escáner el parámetro 'A/F Ratio' indica 9.0 (programado para 100% etanol) pero el tanque fue llenado anoche con 40 litros de gasolina de 95 octanos (debería indicar A/F 13.2). Debido al valor erróneo de relación aire/combustible la ECU triplica el ancho de pulso de inyección en el arranque ahogando las bujías en combustible. Al forzar mediante escáner el parámetro A/F a 13.5 y limpiar las bujías empapadas el motor encendió al primer giro.,TECNICO,ajuste_af_escaner_gol_flex,parametro_af_9_0_con_gasolina|bujias_ahogadas_triplica_pulso|forzar_13_5_enciende,falla_bujias_bobinas,P0172,NO,SI,Falla en bujias o bobinas de encendido (misfire),SINTETICO_IA,L3 reprogramación manual de A/F soluciona ahogo por mapa erróneo.
F10-L04-0187,G20-L3-02,Falla en sistema Flex / Bi-combustible (Alcohol/Etanol),MOTOR,L3,"Fiat Palio 1.4 Fire Flex presenta código P0171 permanente y tironeos violentos al intentar acelerar en subida. El cliente cambió de gasolina a etanol puro E100; sin embargo la sonda lambda delantera tiene respuesta lenta de 450 ms y no logró informar el enriquecimiento durante el ciclo de aprendizaje de 10 km posteriores a la carga, dejando la ECU en modo de combustible de gasolina con corrección LTFT clavada en +25%. Con sonda nueva el sistema reconoció el etanol en 8 km.",TALLER,prueba_ruta_aprendizaje_af,dtc_p0171|etanol_e100_con_mapa_gasolina|ltft_clavado_25|sonda_lenta_450ms,falla_bomba_gasolina,P0171,NO,SI,Falla en sensor de oxigeno o mezcla rica,SINTETICO_IA,L3 sonda lenta impide aprendizaje de A/F tras repostar E100.
F10-L04-0188,G20-L3-03,Falla en sistema Flex / Bi-combustible (Alcohol/Etanol),MOTOR,L3,Chevrolet Cruze Flex con motor 1.8 Ecotec activa DTC P0178 (Fuel Composition Sensor Circuit Low). El sensor de composición de combustible ubicado en la línea de alimentación arroja lectura fija de 45 Hz correspondiente a 0% de etanol mientras que la prueba con probeta graduada y agua demuestra que el combustible tiene 27% de etanol anhidro. Se constató conector del sensor sulfatado con cable de señal cortado por roce contra el soporte de batería.,TECNICO,comprobacion_frecuencia_sensor_flex,dtc_p0178|frecuencia_45hz_fija_0_etanol|real_27_etanol_probeta|cable_cortado,falla_sensor_map,P0178,NO,NO,,SINTETICO_IA,L3 sensor de composición cortado reporta 45 Hz fijos.
F10-L04-0189,G20-L3-04,Falla en sistema Flex / Bi-combustible (Alcohol/Etanol),MOTOR,L3,"En un Renault Sandero 1.6 Flex el motor gira durante 15 segundos sin arrancar por las mañanas cuando la temperatura baja de 16°C. El sistema utiliza reservorio auxiliar de arranque en frío (tanquinho); la prueba funcional con escáner demostró que la electrobomba auxiliar tiene el inducido trabado por sedimentos de gasolina añeja de más de un año en el depósito pequeño, no inyectando la gasolina necesaria para inflamar el alcohol en frío.",TALLER,inspeccion_bomba_tanquinho,no_arranca_bajo_16c|inducido_bomba_tanquinho_trabado|gasolina_aneja,falla_motor_arranque,,NO,SI,Falla en motor de arranque o solenoide defectuoso (clac seco o carbones gastados),SINTETICO_IA,L3 bomba de tanquinho trabada por gasolina vieja vs motor de arranque.
F10-L04-0190,G20-L3-05,Falla en sistema Flex / Bi-combustible (Alcohol/Etanol),MOTOR,L3,"Hola maestro, tengo un Ford Ka Flex 1.0. Le llené el tanque con alcohol y ahora en las mañanas tose feo, se apaga cinco veces y huele fuertísimo a vinagre en el garaje. Ya le cambié bujías de platino y filtro de nafta pero sigue igual. En el escáner salía que la computadora no reconocía el combustible y tuvieron que resetearle el sistema.",WHATSAPP,arranque_frio_garaje_alcohol,tose_apaga_5_veces|olor_vinagre_garaje|persiste_post_bujias_filtro,falla_bujias_encendido,,NO,SI,Falla en bujias o bobinas de encendido (misfire),SINTETICO_IA,L3 relato WhatsApp de reseteo de mapa de alcohol tras cambio de bujías.
F10-L04-0191,G20-L3-06,Falla en sistema Flex / Bi-combustible (Alcohol/Etanol),MOTOR,L3,"DTC P0300 y P0172 en Toyota Corolla 1.8 Dual VVT-i Flex. El motor presenta ralentí inestable y ahogo en caliente tras repostar combustible. Al analizar los datos en vivo el porcentaje de etanol estimado por el software de la ECU marca 92% cuando el vehículo fue repostado con gasolina pura de 90 octanos (0% etanol). Los inyectores pulverizan 4.8 ms en ralentí en vez de 2.2 ms, inundando los cilindros con mezcla sobre-rica.",TECNICO,analisis_ancho_pulso_flex,dtc_p0300_p0172|etanol_estimado_92_real_0|ancho_pulso_4_8ms_inundado,falla_inyectores_goteando,P0172,NO,SI,Inyectores sucios o filtro de combustible obstruido,SINTETICO_IA,L3 tiempo de inyección en 4.8 ms por cálculo erróneo al 92% de etanol.
F10-L04-0192,G20-L3-07,Falla en sistema Flex / Bi-combustible (Alcohol/Etanol),MOTOR,L3,Vehículo bi-combustible presenta falla de encendido y tironeo severo en aceleración a 2500 rpm. Se desmontaron los inyectores y se comprobó que el microfiltro de entrada de los 4 inyectores está ocluido por una goma gelatinosa blanca producto de la reacción del etanol hidratado con restos de aditivos de gasolina vieja en el tanque.,TALLER,inspeccion_inyectores_gelatina,goma_gelatinosa_blanca_inyectores|reaccion_etanol_aditivo|tironeo_2500rpm,falla_filtro_combustible,,NO,SI,Inyectores sucios o filtro de combustible obstruido,SINTETICO_IA,L3 gelatina blanca por reacción química de etanol en inyectores.
F10-L04-0193,G20-L3-08,Falla en sistema Flex / Bi-combustible (Alcohol/Etanol),MOTOR,L3,Mi carro flex jalonea en frio y prende el check con codigo P0171 despues de tanquear alcohol. Le revisaron la precion de la bomba y esta en 3.5 bar perfecta; el problema era que la computadora se quedo trabada pensando que tenia gasolina comun y no mandaba suficiente combustible.,ERROR_ORTOGRAFICO,post_tanqueada_alcohol,dtc_p0171|bomba_3_5bar_ok|computadora_trabada_mapa_gasolina,falla_bomba_gasolina,P0171,NO,SI,Bomba de gasolina quemada o con baja presion,SINTETICO_IA,L3 P0171 con presión de bomba 3.5 bar perfecta con error ortográfico.
F10-L04-0194,G20-L3-09,Falla en sistema Flex / Bi-combustible (Alcohol/Etanol),MOTOR,L3,"Sistema de calentamiento de combustible en rampa (Heated Tip Injectors) sin reservorio en motor 1.6 Flex. Al registrar 10°C de temperatura exterior se activa código de circuito abierto en el módulo de control de calentamiento. Al medir la resistencia de los elementos calefactores de los inyectores 1 y 2 arrojaron circuito abierto infinito, impidiendo la vaporización del etanol en fase de arranque.",TECNICO,diagnostico_heated_tip_injectors,calentador_inyectores_circuito_abierto|sin_vaporizacion_10c,falla_calentadores_diesel,,NO,NO,,SINTETICO_IA,L3 calentadores integrados en inyectores con circuito abierto.
F10-L04-0195,G20-L3-10,Falla en sistema Flex / Bi-combustible (Alcohol/Etanol),MOTOR,L3,El motor ratea y pierde fuerza tras circular 3 km después de repostar en grifo rural. El sensor de composición de combustible envía señal de 190 Hz superando el límite de 160 Hz (indicando más de 100% de etanol). El análisis químico de la muestra de tanque reveló combustible contaminado con 22% de agua libre en el fondo.,TALLER,analisis_muestra_tanque_agua,frecuencia_190hz_fuera_rango|22_porciento_agua_libre_tanque|rateo_3km,falla_bomba_gasolina,P0178,NO,SI,Inyectores sucios o filtro de combustible obstruido,SINTETICO_IA,L3 22% de agua en el tanque genera frecuencia de 190 Hz.
F10-L04-0196,G20-L3-11,Falla en sistema Flex / Bi-combustible (Alcohol/Etanol),MOTOR,L3,"Buenas tardes, tengo una EcoSport Flex. En las mañanas el motor arranca al cuarto intento temblando feo y huele a nafta cruda. En el taller me limpiaron el sensor de oxígeno, bujías y cuerpo de mariposa pero seguía igual. Con el escáner le hicieron el aprendizaje forzado de combustible con 15 minutos en ralentí y se corrigió totalmente.",WHATSAPP,aprendizaje_forzado_flex,arranca_cuarto_intento|persiste_post_mariposa_bujias|aprendizaje_forzado_soluciona,falla_cuerpo_mariposa,,NO,SI,Cuerpo de aceleracion o valvula IAC sucia,SINTETICO_IA,L3 aprendizaje forzado de A/F soluciona tras descartar cuerpo de mariposa.
F10-L04-0197,G20-L3-12,Falla en sistema Flex / Bi-combustible (Alcohol/Etanol),MOTOR,L3,DTC P0179 y P0133 en vehículo bi-combustible. La tensión de retroalimentación de la sonda de oxígeno preconversor oscila muy lentamente entre 200 y 700 mV con período de 1.8 segundos. Debido a la lentitud del sensor la ECU no logra actualizar el integrador de la composición de combustible dentro de los 7 litros consumidos tras la recarga.,TECNICO,analisis_periodo_oscilacion_lambda,dtc_p0179_p0133|periodo_lambda_1_8s_lento|no_actualiza_integrador_7l,falla_sensor_oxigeno,P0179,NO,SI,Falla en sensor de oxigeno o mezcla rica,SINTETICO_IA,L3 período lento de 1.8s en lambda bloquea cálculo de combustible.
F10-L04-0198,G20-L3-13,Falla en sistema Flex / Bi-combustible (Alcohol/Etanol),MOTOR,L3,En subida prolongada el motor tironea con violencia y pierde potencia al pasar a etanol puro. Se conectó manómetro comprobándose que la bomba de combustible entrega 3.0 bar en vacío pero cae a 1.8 bar bajo demanda plena con etanol debido a que el etanol requiere 35% más de caudal volumétrico que la gasolina y la bomba está semi-obstruida.,TALLER,demanda_caudal_etanol_35,caida_3_0_a_1_8bar_etanol|requiere_35_mas_caudal|tironeo_subida,falla_bomba_combustible,,NO,SI,Bomba de gasolina quemada o con baja presion,SINTETICO_IA,L3 déficit de caudal específico del 35% requerido por etanol.
F10-L04-0199,G20-L3-14,Falla en sistema Flex / Bi-combustible (Alcohol/Etanol),MOTOR,L3,"Análisis de gases de escape en vehículo Flex a temperatura de régimen: monóxido de carbono CO en 4.5% excesivo y factor lambda en 0.85 (mezcla rica). La ECU está aplicando mapa de combustible para 70% de etanol mientras el tanque contiene gasolina pura con 10% de etanol, saturando el catalizador de hidrocarburos no quemados.",TECNICO,analisis_gases_lambda_0_85,co_4_5_porciento|factor_lambda_0_85|mapa_70_con_real_10_etanol,falla_catalizador_obstruido,P0172,NO,SI,Convertidor catalitico ineficiente u obstruido (DTC P0420 / P0430),SINTETICO_IA,L3 factor lambda 0.85 por mapa al 70% con combustible real al 10%.
F10-L04-0200,G20-L3-15,Falla en sistema Flex / Bi-combustible (Alcohol/Etanol),MOTOR,L3,El cliente reclama que el auto no arranca si duerme a la intemperie en la sierra. El reservorio de gasolina auxiliar de arranque tiene la electroválvula trabada mecánicamente en posición cerrada por barniz gomoso de gasolina descompuesta. Se probó el solenoide con 12V directos sin apertura; al reemplazar la electroválvula arrancó instantáneamente a 8°C con etanol en el tanque.,TALLER,prueba_solenoide_tanquinho_12v,electrovalvula_tanquinho_trabada_cerrada|sin_apertura_12v|arranque_8c_post_cambio,falla_bomba_gasolina,,NO,SI,Bomba de gasolina quemada o con baja presion,SINTETICO_IA,L3 electroválvula de partida en frío trabada cerrada vs bomba principal.
