id,id_grupo,clase_objetivo,macro_sistema,nivel_informacion,texto_usuario,tipo_lenguaje,condicion_operacion,sintomas_presentes,sintomas_negados,dtc,requiere_pregunta,es_contrastivo,clase_contrastiva,fuente,observaciones
F10-L09-0001,G47-L1-01,Alternador defectuoso o placa de diodos quemada,ELECTRICO,L1,Se encendió un testigo rojo con forma de batería mientras iba manejando en la pista.,COTIDIANO,motor_en_marcha,testigo_bateria_en_marcha,,,SI,NO,,SINTETICO_IA,L1 testigo de batería en marcha sin detalles.
F10-L09-0002,G47-L1-02,Alternador defectuoso o placa de diodos quemada,ELECTRICO,L1,"Hola, las luces del tablero y los faros parpadean o bajan de intensidad cuando acelero.",WHATSAPP,aceleracion_ralenti,luces_parpadean_cambian_intensidad,,,SI,NO,,SINTETICO_IA,L1 luces parpadean con cambio de RPM.
F10-L09-0003,G47-L1-03,Alternador defectuoso o placa de diodos quemada,ELECTRICO,L1,El carro se me apagó de la nada en pleno tráfico y ya no quiso arrancar.,COTIDIANO,pleno_trafico_apagado,carro_se_apago_en_trafico,,,SI,NO,,SINTETICO_IA,L1 apagado en tráfico.
F10-L09-0004,G47-L1-04,Alternador defectuoso o placa de diodos quemada,ELECTRICO,L1,Siento un olor a quemado eléctrico que sale del lado de las fajas del motor.,COTIDIANO,motor_encendido_fajas,olor_quemado_electrico_fajas,,,SI,NO,,SINTETICO_IA,L1 olor a quemado eléctrico en fajas.
F10-L09-0005,G47-L1-05,Alternador defectuoso o placa de diodos quemada,ELECTRICO,L1,Se escucha un silbido o zumbido electromagnético agudo cerca del alternador.,TALLER,ralenti_zumbido,silbido_zumbido_electromagnetico_alternador,,,SI,NO,,SINTETICO_IA,L1 zumbido electromagnético en alternador.
F10-L09-0006,G47-L1-06,Alternador defectuoso o placa de diodos quemada,ELECTRICO,L1,"Buenas, la batería es nuevecita pero después de andar una hora se muere por completo.",WHATSAPP,despues_una_hora_uso,bateria_nueva_muere_andando,,,SI,NO,,SINTETICO_IA,L1 batería nueva se descarga rodando.
F10-L09-0007,G47-L1-07,Alternador defectuoso o placa de diodos quemada,ELECTRICO,L1,La radio se me apaga sola y la dirección se puso dura de golpe en la pista.,COTIDIANO,rodando_en_pista,radio_se_apaga_direccion_dura,,,SI,NO,,SINTETICO_IA,L1 radio y dirección fallan en marcha.
F10-L09-0008,G47-L1-08,Alternador defectuoso o placa de diodos quemada,ELECTRICO,L1,Ayuda la luz de bateria parpadea cuando acelero a fondo.,ERROR_ORTOGRAFICO,aceleracion_a_fondo,luz_bateria_parpadea_acelerar,,,SI,NO,,SINTETICO_IA,L1 luz batería parpadea con ortografía informal.
F10-L09-0009,G47-L1-09,Alternador defectuoso o placa de diodos quemada,ELECTRICO,L1,El auto arranca bien en la mañana pero si prendo las luces y el aire se desmaya el motor.,COTIDIANO,cargas_electricas_encendidas,motor_desmaya_con_luces_y_aire,,,SI,NO,,SINTETICO_IA,L1 motor decae al meter consumidores.
F10-L09-0010,G47-L1-10,Alternador defectuoso o placa de diodos quemada,ELECTRICO,L1,Noto que los limpiaparabrisas andan lentísimos y los focos alumbran amarillo.,COTIDIANO,marcha_focos_amarillos,limpiaparabrisas_lentos_focos_amarillos,,,SI,NO,,SINTETICO_IA,L1 accesorios lentos por bajo voltaje.
F10-L09-0011,G47-L2-01,Alternador defectuoso o placa de diodos quemada,ELECTRICO,L2,Con el motor encendido en ralentí el multímetro marca 11.9 V en los bornes de la batería; al acelerar a 2500 rpm el voltaje no sube de 12.1 V y la batería no se calienta.,TECNICO,motor_encendido_ralenti_y_2500rpm,voltaje_carga_11_9v_no_sube_acelerando,falla_bateria_interna,,NO,SI,Bateria descargada o bornes sulfatados,SINTETICO_IA,L2 alternador no genera con 11.9V en marcha descarta batería.
F10-L09-0012,G47-L2-02,Alternador defectuoso o placa de diodos quemada,ELECTRICO,L2,Testigo rojo de batería encendido fijo en el tablero mientras conduzco; la batería arranca perfecto en frío pero el alternador tiene la faja floja y patina con chillido.,COTIDIANO,conduccion_testigo_encendido,testigo_bateria_fijo_en_marcha|faja_alternador_patina,falla_motor_arranque,,NO,SI,Falla en motor de arranque o solenoide defectuoso (clac seco o carbones gastados),SINTETICO_IA,L2 testigo en marcha con faja floja descarta arrancador.
F10-L09-0013,G47-L2-03,Alternador defectuoso o placa de diodos quemada,ELECTRICO,L2,Zumbido tipo sirena que varía estrictamente con las RPM del motor; al colocar el multímetro en escala de corriente alterna (AC) en la batería se leen 1.2 V AC de rizado por diodos quemados.,TECNICO,aceleracion_multimetro_ac,zumbido_con_rpm|rizado_ripple_1_2v_ac_placa_diodos,falla_caja_cambios,,NO,SI,Rodajes de transmision manual o eje primario gastados,SINTETICO_IA,L2 rizado AC de 1.2V confirma placa de diodos quemada.
F10-L09-0014,G47-L2-04,Alternador defectuoso o placa de diodos quemada,ELECTRICO,L2,El vehículo se apaga rodando tras 30 minutos de trayecto nocturno con faros encendidos; la batería queda en 10.2 V pero retiene la carga si se le conecta un cargador externo.,TALLER,trayecto_nocturno_consumidores,se_apaga_rodando_de_noche|bateria_en_10_2v|retiene_carga_externa,falla_fuga_parasita,,NO,SI,Fuga parasita de corriente en reposo (consumo nocturno de bateria),SINTETICO_IA,L2 descarga rodando de noche con batería reteniendo carga externa.
F10-L09-0015,G47-L2-05,Alternador defectuoso o placa de diodos quemada,ELECTRICO,L2,Regulador de voltaje en cortocircuito entregando sobretensión de 16.4 V con motor encendido; el líquido de la batería hierve despidiendo olor a huevo podrido y fundió dos bombillos H4.,TECNICO,motor_encendido_sobretension,sobretension_16_4v_regulador|electrolito_hierve_olor_azufre|bombillos_quemados,falla_bateria,,NO,SI,Bateria descargada o bornes sulfatados,SINTETICO_IA,L2 sobretensión de 16.4V por regulador en corto quema bombillos.
F10-L09-0016,G47-L2-06,Alternador defectuoso o placa de diodos quemada,ELECTRICO,L2,"Hola maestro, mientras manejaba en la avenida se prendió la luz de batería y de golpe el timón eléctrico se puso duro y la radio se apagó; la batería tiene 2 meses de comprada.",WHATSAPP,marcha_avenida_perdida_accesorios,luz_bateria_en_marcha|direccion_eps_dura|radio_apagada,bateria_vieja,,NO,SI,Bateria descargada o bornes sulfatados,SINTETICO_IA,L2 batería de 2 meses descargada en marcha descarta batería vieja.
F10-L09-0017,G47-L2-07,Alternador defectuoso o placa de diodos quemada,ELECTRICO,L2,DTC P0620 presente en módulo de motor referente a circuito de control del alternador; el borne B+ del alternador registra 12.2 V con motor en ralentí.,TECNICO,ralenti_dtc_p0620,dtc_p0620|borne_b_positivo_12_2v_en_ralenti,falla_arrancador,P0620,NO,SI,Falla en motor de arranque o solenoide defectuoso (clac seco o carbones gastados),SINTETICO_IA,L2 DTC P0620 por fallo en circuito de control de alternador.
F10-L09-0018,G47-L2-08,Alternador defectuoso o placa de diodos quemada,ELECTRICO,L2,Carbones o escobillas del regulador del alternador gastados a menos de 2 mm; hacen contacto intermitente prendiendo y apagando el testigo de batería al superar 3000 rpm.,TALLER,alta_revolucion_3000rpm,carbones_alternador_gastados_2mm|testigo_parpadea_a_3000rpm,falla_fuga_nocturna,,NO,SI,Fuga parasita de corriente en reposo (consumo nocturno de bateria),SINTETICO_IA,L2 escobillas gastadas encienden testigo a altas RPM.
F10-L09-0019,G47-L2-09,Alternador defectuoso o placa de diodos quemada,ELECTRICO,L2,Al encender las luces altas y el desempañador térmico el voltaje de carga se desploma de 13.6 V a 11.8 V; con todos los consumidores apagados genera 13.5 V.,COTIDIANO,ralenti_consumidores_altos,voltaje_desploma_13_6_a_11_8v_con_cargas,falla_borne_sulfatado,,NO,SI,Bateria descargada o bornes sulfatados,SINTETICO_IA,L2 alternador incapaz de sostener amperaje con consumidores.
F10-L09-0020,G47-L2-10,Alternador defectuoso o placa de diodos quemada,ELECTRICO,L2,Polea libre desacopladora del alternador (OAP) totalmente gripada; genera vibración y zumbido metálico en la faja de accesorios que desaparece al retirar la correa.,TECNICO,inspeccion_polea_oap_desacopladora,polea_desacopladora_oap_gripada|vibracion_faja_accesorios,falla_bomba_agua,,NO,SI,Falla en termostato o motoventilador de radiador,SINTETICO_IA,L2 polea desacopladora OAP gripada zumba en accesorios.
F10-L09-0021,G47-L2-11,Alternador defectuoso o placa de diodos quemada,ELECTRICO,L2,"Buenas tardes, el carro amanece con la batería muerta únicamente los días que lo uso de noche; si lo dejo parado 3 días sin prender las luces no se descarga nada.",WHATSAPP,uso_nocturno_vs_reposo,descarga_tras_usar_luces|no_descarga_parado_3_dias,fuga_parasita_nocturna,,NO,SI,Fuga parasita de corriente en reposo (consumo nocturno de bateria),SINTETICO_IA,L2 descarga asociada a uso y no a reposo descarta fuga parásita.
F10-L09-0022,G47-L2-12,Alternador defectuoso o placa de diodos quemada,ELECTRICO,L2,DTC P0562 registrado por tensión baja del sistema; la pinza amperimétrica en el cable de salida del alternador mide 0 amperios con motor encendido y luces prendidas.,TECNICO,motor_encendido_pinza_amperimetrica,dtc_p0562|salida_cero_amperios_alternador_con_luces,falla_bateria,P0562,NO,SI,Bateria descargada o bornes sulfatados,SINTETICO_IA,L2 DTC P0562 con cero amperios de salida del alternador.
F10-L09-0023,G47-L2-13,Alternador defectuoso o placa de diodos quemada,ELECTRICO,L2,Estator del alternador con bobinado quemado de color negro carbón y barniz derretido; al medir continuidad entre fase y masa chasis se constata cortocircuito a tierra.,TALLER,desarme_banco_estator_quemado,estator_bobinado_quemado_negro|cortocircuito_fase_a_masa,falla_arranque,,NO,SI,Falla en motor de arranque o solenoide defectuoso (clac seco o carbones gastados),SINTETICO_IA,L2 bobinado de estator quemado en cortocircuito a masa.
F10-L09-0024,G47-L2-14,Alternador defectuoso o placa de diodos quemada,ELECTRICO,L2,Luz de batería parpadea al acelerar en carretera; los bornes de la batería están limpios y apretados a 12 Nm sin sulfato pero el conector del alternador está flojo.,COTIDIANO,carretera_aceleracion_conector,luz_bateria_parpadea_acelerando|bornes_limpios_12nm|conector_alternador_flojo,bornes_sucios,,NO,SI,Bateria descargada o bornes sulfatados,SINTETICO_IA,L2 luz parpadea con bornes impecables confirmando alternador.
F10-L09-0025,G47-L2-15,Alternador defectuoso o placa de diodos quemada,ELECTRICO,L2,Alternador emite humo blanco y calor extremo tras arrancar con puente de cables; el puente de diodos rectificador tiene 3 diodos positivos en cortocircuito continuo.,TALLER,humo_blanco_puente_diodos,humo_blanco_alternador_calor|3_diodos_positivos_en_corto,falla_bateria,,NO,SI,Bateria descargada o bornes sulfatados,SINTETICO_IA,L2 diodos en cortocircuito calientan y humean alternador.
F10-L09-0026,G47-L3-01,Alternador defectuoso o placa de diodos quemada,ELECTRICO,L3,Diagnóstico de sistema de carga con osciloscopio automotriz en bornes de batería con motor a 2000 rpm: se observa señal de tensión rectificada con caída periódica profunda de una cresta trifásica con rizado alterno (AC ripple) de 850 mV pico a pico (tolerancia máxima OEM menor a 150 mV AC). En modo voltímetro DC la tensión promedio se sitúa en 12.85 V con luces bajas encendidas (especificación 13.80 V a 14.40 V). Se desmonta el alternador y se comprueba en banco que dos diodos zener de la rama negativa de la placa rectificadora están en circuito abierto.,TECNICO,osciloscopio_2000rpm_ac_ripple_850mv,ac_ripple_850mv_vs_150mv|tension_dc_12_85v_a_2000rpm|dos_diodos_rama_negativa_abiertos,falla_bateria_quimica,,NO,SI,Bateria descargada o bornes sulfatados,SINTETICO_IA,L3 osciloscopio registra ripple de 850 mV AC y 12.85V DC por diodos abiertos.
F10-L09-0027,G47-L3-02,Alternador defectuoso o placa de diodos quemada,ELECTRICO,L3,Evaluación de alternador pilotado por PWM (módulo de control LIN / RLO en Ford Ranger): el escáner registra DTC P065B referente a rendimiento del circuito de control del alternador. En flujo de datos en vivo el comando de ciclo de trabajo PWM hacia el regulador marca 78% pero la señal de retroalimentación de carga (Field Monitor / terminal FR) permanece estancada en 0.0% con tensión de red en 11.6 V. Prueba con generador de señales confirma que el regulador electrónico inteligente integrado no responde al bus LIN.,TECNICO,scanner_datos_en_vivo_p065b_lin_bus,dtc_p065b|comando_pwm_78porciento_retorno_cero|tension_red_11_6v|regulador_lin_no_responde,falla_bateria_12v,P065B,NO,SI,Bateria descargada o bornes sulfatados,SINTETICO_IA,L3 DTC P065B con falla en comunicación LIN bus de alternador inteligente.
F10-L09-0028,G47-L3-03,Alternador defectuoso o placa de diodos quemada,ELECTRICO,L3,Prueba de carga máxima en banco de alternadores con reóstato de potencia a 3000 rpm de rotor: alternador nominal de 120 A entrega únicamente 34 A a 13.2 V antes de que la tensión caiga por debajo de 11.5 V. Análisis térmico con cámara infrarroja constata sobrecalentamiento focalizado a 142°C en el tercio inferior del estator debido a espiras en cortocircuito entre fases (resistencia de fase medida en 0.04 ohmios vs 0.28 ohmios nominales).,TECNICO,banco_reostato_entrega_34a_vs_120a,entrega_34a_vs_120a_nominal|estator_a_142c|resistencia_fase_0_04ohm_vs_0_28ohm,falla_arrancador,,NO,SI,Falla en motor de arranque o solenoide defectuoso (clac seco o carbones gastados),SINTETICO_IA,L3 banco confirma entrega de solo 34A de 120A con fase en corto a 142°C.
F10-L09-0029,G47-L3-04,Alternador defectuoso o placa de diodos quemada,ELECTRICO,L3,"Hola maestro, tengo un Toyota Yaris. Ayer en la noche mientras manejaba con lluvia y luces altas se me encendió la lucecita de la batería en el tablero. A los 10 minutos la radio se apagó, las luces se pusieron amarillas débiles y el timón se puso como una piedra. Cuando me orillé el motor se apagó solo y no dio arranque. Medí con multímetro con motor encendido antes de morir y marcaba 11.4 V; la batería cargada en casa arranca el auto al toque pero en marcha el voltaje se viene abajo.",WHATSAPP,yaris_noche_lluvia_luces_altas,luz_bateria_en_marcha|direccion_dura_luces_debiles|voltaje_11_4v_en_marcha|bateria_externa_ok,falla_bateria,,NO,SI,Bateria descargada o bornes sulfatados,SINTETICO_IA,L3 relato WhatsApp de batería que arranca cargada pero cae a 11.4V rodando.
F10-L09-0030,G47-L3-05,Alternador defectuoso o placa de diodos quemada,ELECTRICO,L3,"Medición de caída de tensión por el cable de fuerza B+ del alternador a borne positivo de batería bajo carga de 60 A: caída de 0.12 V (normal, especificación menor a 0.25 V) y caída de masa de 0.08 V. Sin embargo la tensión directa en el borne B+ con motor a 1500 rpm registra solo 12.15 V con consumo de campo de 0.1 A en el rotor debido a desgaste de anillos rozantes de cobre con surcos de 1.8 mm y escobillas carbonizadas sin presión de resorte.",TECNICO,caida_tension_b_positivo_rotor_gastado,caida_cable_0_12v_ok|tension_borne_b_12_15v|anillos_rozantes_surcos_1_8mm|corriente_campo_0_1a,falla_cableado_sulfatado,,NO,SI,Bateria descargada o bornes sulfatados,SINTETICO_IA,L3 cableado perfecto con 0.12V caída pero alternador genera 12.15V por anillos gastados.
F10-L09-0031,G47-L3-06,Alternador defectuoso o placa de diodos quemada,ELECTRICO,L3,Diagnóstico de sobretensión intermitente en Chevrolet Cruze: código DTC P0563 presente por alta tensión en el sistema eléctrico (16.8 V registrados en Freeze Frame a 2400 rpm). El regulador de voltaje electrónico sufrió fuga térmica en el transistor de potencia de excitación manteniéndolo saturado al 100%; la sobretensión recalentó la batería provocando ebullición del ácido y activación de modo de protección de la ECU apagando inyectores.,TECNICO,freeze_frame_p0563_sobretension_16_8v,dtc_p0563|freeze_frame_16_8v_a_2400rpm|transistor_excitacion_saturado_100porciento|bateria_hirviendo,falla_modulo_motor,P0563,NO,SI,Bateria descargada o bornes sulfatados,SINTETICO_IA,L3 DTC P0563 con sobretensión de 16.8V y ebullición por transistor saturado.
F10-L09-0032,G47-L3-07,Alternador defectuoso o placa de diodos quemada,ELECTRICO,L3,Mi carro ase que la luz del tablero y los faros parpadeen rapido como arbolito de navidad cuando ando de noche. El mecanico le puso el voltimetro y con el carro prendio subia y bajaba de 12 a 15 voltios bien loco. Le bajo el alternador y la placa de diodos taba chamuscada con olor a quemao. La bateria taba buena retiene doce punto seis parada.,ERROR_ORTOGRAFICO,luces_parpadean_voltaje_inestable,luces_parpadean_arbolito_navidad|voltaje_inestable_12_a_15v|placa_diodos_chamuscada|bateria_12_6v_parada,falla_bateria,,NO,SI,Bateria descargada o bornes sulfatados,SINTETICO_IA,L3 voltaje oscilante 12-15V con placa chamuscada y ortografía informal.
F10-L09-0033,G47-L3-08,Alternador defectuoso o placa de diodos quemada,ELECTRICO,L3,Ensayo en osciloscopio automotriz acoplado a la línea de excitación DF/FR: el alternador emite un zumbido audible de 600 Hz transmitido a los altavoces de la radio que incrementa en frecuencia con la aceleración. La señal muestra una deformación periódica con un semiciclo positivo cortado a cero voltios correspondiente a la destrucción por avalancha de un diodo rectificador principal de 50 A.,TECNICO,osciloscopio_zumbido_radio_diodo_destruido,zumbido_radio_aumenta_con_rpm|semiciclo_cortado_a_cero|diodo_50a_destruido_avalancha,falla_bateria,,NO,SI,Bateria descargada o bornes sulfatados,SINTETICO_IA,L3 zumbido en radio con semiciclo cortado confirma diodo rectificador destruido.
F10-L09-0034,G47-L3-09,Alternador defectuoso o placa de diodos quemada,ELECTRICO,L3,Prueba de consumo parasitario del alternador en reposo con motor apagado y llave retirada: la pinza amperimétrica de precisión acusa un consumo continuo de 3.85 A que no desciende tras 45 minutos de reposo; al desconectar la tuerca del cable B+ del alternador el consumo del vehículo cae inmediatamente a 28 mA confirmando fuga masiva interna por diodo rectificador en cortocircuito.,TECNICO,consumo_reposo_borne_b_positivo_3_85a,fuga_3_85a_motor_apagado|cae_a_28ma_al_desconectar_b_positivo|diodo_en_corto,fuga_red_can,,NO,SI,Fuga parasita de corriente en reposo (consumo nocturno de bateria),SINTETICO_IA,L3 diodo de alternador en cortocircuito consume 3.85A en reposo.
F10-L09-0035,G47-L3-10,Alternador defectuoso o placa de diodos quemada,ELECTRICO,L3,Inspección de polea libre de alternador (OAP / decoupler): el embrague unidireccional interno de rodillos helicoidales se encuentra soldado en ambos sentidos de giro; al desacelerar bruscamente desde 4500 rpm el rotor del alternador transmite latigazos torsionales a la correa de accesorios provocando vibración de 12 mm en el tensor y chillido estridente sin patinamiento de embrague de tracción.,TALLER,polea_oap_soldada_latigazos_tensor,embrague_oap_soldado_dos_sentidos|latigazos_12mm_tensor_accesorios|chillido_al_desacelerar,falla_embrague_transmision,,NO,SI,Disco de embrague desgastado o patinando,SINTETICO_IA,L3 polea desacopladora OAP soldada genera latigazos torsionales al desacelerar.
F10-L09-0036,G47-L3-11,Alternador defectuoso o placa de diodos quemada,ELECTRICO,L3,Análisis termográfico FLIR de alternador bajo carga de 80 A tras 20 minutos de banco de pruebas: la carcasa posterior alcanza 138°C en el área de la placa rectificadora de diodos mientras la carcasa frontal opera en 62°C (gradiente térmico de 76°C); la soldadura de estaño de dos diodos se encuentra derretida con goteo metálico en el interior de la tapa plástica.,TECNICO,termografia_flir_placa_diodos_138c,temperatura_placa_diodos_138c_vs_62c|gradiente_termico_76c|soldadura_estaño_derretida,falla_refrigeracion_motor,,NO,SI,Falla en termostato o motoventilador de radiador,SINTETICO_IA,L3 termografía acusa 138°C en placa de diodos con desoldadura de estaño.
F10-L09-0037,G47-L3-12,Alternador defectuoso o placa de diodos quemada,ELECTRICO,L3,Verificación de alternador en vehículo diésel con bomba de vacío de frenos adosada al eje posterior del alternador: el retén de aceite del depresor de vacío se rompió inundando el bobinado del rotor y el colector de delgas con aceite de motor 15W-40 caliente; la mezcla de aceite y polvo de carbón generó un puente conductor entre delgas anulando el campo magnético y dejando la tensión en 12.0 V.,TALLER,depresor_vacio_inunda_alternador_aceite,aceite_depresor_inunda_rotor_delgas|puente_conductor_carbon_aceite|tension_cae_a_12_0v,falla_servofreno_vacio,,NO,SI,Falla en servofreno (booster) o linea de vacio,SINTETICO_IA,L3 fuga de aceite de bomba de vacío contamina alternador anulando excitación.
F10-L09-0038,G47-L3-13,Alternador defectuoso o placa de diodos quemada,ELECTRICO,L3,"Evaluación de bus LIN de alternador en BMW Serie 3 con escáner ISTA: código de error 2E97 almacenado por generador sin comunicación en línea BSD/LIN; el alternador opera en modo de emergencia por defecto suministrando tensión fija de 13.55 V independiente de la demanda eléctrica y el estado de carga de la batería AGM, impidiendo la regeneración en frenada.",TECNICO,scanner_ista_codigo_2e97_lin_bsd,dtc_2e97_bsd_lin|tension_emergencia_fija_13_55v|sin_carga_inteligente_agm,falla_bateria_agm,,NO,SI,Bateria descargada o bornes sulfatados,SINTETICO_IA,L3 código 2E97 de comunicación BSD fija tensión en modo degradado 13.55V.
F10-L09-0039,G47-L3-14,Alternador defectuoso o placa de diodos quemada,ELECTRICO,L3,Prueba de aislamiento de bobinado de estator con megóhmetro a 500 V DC: resistencia de aislamiento fase-carcasa de 0.08 Megaohmios (especificación mínima superior a 5.0 Megaohmios); en caliente a 85°C el barniz aislante se perfora provocando derivación a tierra que descarga la batería a través del chasis en solo 4 horas de uso.,TECNICO,megohmetro_estator_0_08_megaohm,aislamiento_fase_carcasa_0_08_mohm_vs_5_mohm|perforacion_barniz_85c|derivacion_a_tierra,falla_fuga_parasita,,NO,SI,Fuga parasita de corriente en reposo (consumo nocturno de bateria),SINTETICO_IA,L3 megóhmetro registra 0.08 Mohm de aislamiento en estator perforado.
F10-L09-0040,G47-L3-15,Alternador defectuoso o placa de diodos quemada,ELECTRICO,L3,Sustitución de alternador tras fractura mecánica de rodamiento trasero de agujas del rotor: el rotor experimentó descentramiento radial de 1.2 mm rozando físicamente contra los núcleos polares del estator a 3500 rpm con chirrido estridente de 96 dBA y desprendimiento de virutas de hierro que destruyeron las escobillas del regulador.,TALLER,rodamiento_rotor_descentrado_roce_estator,rodamiento_rotor_destruido|descentramiento_1_2mm_roza_estator|virutas_destruyen_escobillas,falla_correa_distribucion,,NO,SI,Faja o cadena de distribucion destensada o con salto de punto,SINTETICO_IA,L3 rotor rozando contra estator por rodamiento destruido genera 96 dBA.
F10-L09-0041,G48-L1-01,Bateria descargada o bornes sulfatados,ELECTRICO,L1,Al girar la llave para encender el carro solo hace un tic-tic-tic rápido y el tablero se apaga.,COTIDIANO,intento_arranque_tic_tic,tic_tic_tic_rapido_tablero_se_apaga,,,SI,NO,,SINTETICO_IA,L1 tic-tic rápido con apagado de tablero.
F10-L09-0042,G48-L1-02,Bateria descargada o bornes sulfatados,ELECTRICO,L1,"Hola, hoy quise prender el auto y está completamente muerto, ni la luz del techo prende.",WHATSAPP,manana_completamente_muerto,completamente_muerto_sin_luz_techo,,,SI,NO,,SINTETICO_IA,L1 carro muerto sin luces.
F10-L09-0043,G48-L1-03,Bateria descargada o bornes sulfatados,ELECTRICO,L1,Veo como un polvo blanco y verdoso reseco acumulado encima de los postes de la batería.,COTIDIANO,inspeccion_bornes_polvo,polvo_blanco_verdoso_postes_bateria,,,SI,NO,,SINTETICO_IA,L1 sulfatación visible en bornes.
F10-L09-0044,G48-L1-04,Bateria descargada o bornes sulfatados,ELECTRICO,L1,El motor intenta girar pero muy lento y pesado como si le faltara fuerza eléctrica.,COTIDIANO,crank_lento_pesado,motor_gira_lento_pesado_sin_fuerza,,,SI,NO,,SINTETICO_IA,L1 crank lento y pesado.
F10-L09-0045,G48-L1-05,Bateria descargada o bornes sulfatados,ELECTRICO,L1,Si le pongo cables pasacorriente arranca de una pero al apagarlo ya no tiene fuerza.,TALLER,arranque_con_puente,arranca_con_cables_no_retiene_fuerza,,,SI,NO,,SINTETICO_IA,L1 arranca con puente pero no retiene.
F10-L09-0046,G48-L1-06,Bateria descargada o bornes sulfatados,ELECTRICO,L1,"Buenas, el carro no da arranque y las agujas del velocímetro vibran locas al fondo.",WHATSAPP,intento_arranque_agujas,agujas_vibran_sin_arrancar,,,SI,NO,,SINTETICO_IA,L1 reseteo de agujas en intento de arranque.
F10-L09-0047,G48-L1-07,Bateria descargada o bornes sulfatados,ELECTRICO,L1,A veces no prende nada y si muevo los cables de la batería con la mano vuelve la corriente.,COTIDIANO,mover_cables_bateria,vuelve_corriente_al_mover_cables,,,SI,NO,,SINTETICO_IA,L1 falso contacto en cables de batería.
F10-L09-0048,G48-L1-08,Bateria descargada o bornes sulfatados,ELECTRICO,L1,Ayuda ase clac clac clac en el motor y se reinisia el estereo.,ERROR_ORTOGRAFICO,reinicio_estereo_clac,clac_clac_clac_reinisia_estereo,,,SI,NO,,SINTETICO_IA,L1 clac rápido con reinicio de estéreo.
F10-L09-0049,G48-L1-09,Bateria descargada o bornes sulfatados,ELECTRICO,L1,La batería ya tiene como 4 años y en invierno le cuesta un mundo hacer girar el motor.,COTIDIANO,invierno_antiguedad,bateria_4_anos_cuesta_en_frio,,,SI,NO,,SINTETICO_IA,L1 batería vieja con dificultad en frío.
F10-L09-0050,G48-L1-10,Bateria descargada o bornes sulfatados,ELECTRICO,L1,Giro el contacto y se escucha un chasquido continuo de relés adentro del tablero.,COTIDIANO,contacto_chasquido_reles,chasquido_continuo_reles_tablero,,,SI,NO,,SINTETICO_IA,L1 chasquido de relés por baja tensión.
F10-L09-0051,G48-L2-01,Bateria descargada o bornes sulfatados,ELECTRICO,L2,Voltaje en reposo de la batería de 11.4 V con motor apagado; al dar arranque el voltaje cae en picada a 6.2 V y el motor de arranque apenas gira una vuelta pesada.,TECNICO,reposo_y_cranking_caida_6_2v,reposo_11_4v|caida_en_cranking_a_6_2v|crank_lento_pesado,falla_motor_arranque,,NO,SI,Falla en motor de arranque o solenoide defectuoso (clac seco o carbones gastados),SINTETICO_IA,L2 caída severa a 6.2V en cranking descarta motor de arranque.
F10-L09-0052,G48-L2-02,Bateria descargada o bornes sulfatados,ELECTRICO,L2,Bornes positivo y negativo con costra gruesa de sulfato de plomo azulado; al medir con multímetro hay 12.6 V en los postes de plomo pero solo 9.8 V en los terminales de cobre.,TALLER,caida_tension_bornes_sulfatados,costra_sulfato_plomo_bornes|12_6v_en_postes_vs_9_8v_en_terminales,falla_bateria_interna,,NO,SI,Alternador defectuoso o placa de diodos quemada,SINTETICO_IA,L2 caída de tensión de 2.8V entre poste y terminal por sulfato.
F10-L09-0053,G48-L2-03,Bateria descargada o bornes sulfatados,ELECTRICO,L2,El auto arranca al toque si se le colocan cables pasacorriente desde otro auto; una vez encendido el alternador mantiene 14.2 V estables en marcha.,COTIDIANO,puente_arranca_alternador_14_2v,arranca_con_cables_al_toque|alternador_mantiene_14_2v,falla_alternador,,NO,SI,Alternador defectuoso o placa de diodos quemada,SINTETICO_IA,L2 alternador genera 14.2V perfecto descarta alternador.
F10-L09-0054,G48-L2-04,Bateria descargada o bornes sulfatados,ELECTRICO,L2,Batería de ácido-plomo con una celda comunicada o en cortocircuito interno; la tensión en vacío se estanca en 10.5 V fijos y no sube aunque se cargue durante 12 horas.,TECNICO,celda_cortocircuito_10_5v,tension_estancada_10_5v|celda_en_cortocircuito_interno|no_carga_12h,falla_fuga_nocturna,,NO,SI,Fuga parasita de corriente en reposo (consumo nocturno de bateria),SINTETICO_IA,L2 celda en corto estancada en 10.5V fijos.
F10-L09-0055,G48-L2-05,Bateria descargada o bornes sulfatados,ELECTRICO,L2,Al accionar el arranque se produce un tableteo rápido tipo ametralladora del solenoide porque la tensión se desploma por debajo de 8 V; las luces de cabina se extinguen.,COTIDIANO,tableteo_ametralladora_solenoide,tableteo_rapido_solenoide|tension_desploma_bajo_8v|luces_se_apagan,falla_solenoide_arranque,,NO,SI,Falla en motor de arranque o solenoide defectuoso (clac seco o carbones gastados),SINTETICO_IA,L2 ametralladora por caída bajo 8V descarta solenoide roto.
F10-L09-0056,G48-L2-06,Bateria descargada o bornes sulfatados,ELECTRICO,L2,"Hola maestro, dejé el auto con las luces de parqueo prendidas por 4 horas y la batería se agotó; empujando en segunda arrancó y el alternador carga a 14.1 V.",WHATSAPP,luces_parqueo_4_horas_agotada,bateria_agotada_por_luces_parqueo|arranca_empujando|alternador_14_1v,falla_alternador,,NO,SI,Alternador defectuoso o placa de diodos quemada,SINTETICO_IA,L2 descarga por luces olvidadas con alternador sano a 14.1V.
F10-L09-0057,G48-L2-07,Bateria descargada o bornes sulfatados,ELECTRICO,L2,"Densímetro de batería acusa densidad de electrolito de 1.12 g/cm3 en los 6 vasos (completamente descargada, valor nominal 1.28 g/cm3); el alternador genera correctamente.",TECNICO,densimetro_electrolito_1_12,densidad_electrolito_1_12_vs_1_28|bateria_descargada_quimicamente,falla_alternador,,NO,SI,Alternador defectuoso o placa de diodos quemada,SINTETICO_IA,L2 densímetro marca 1.12 g/cm3 confirmando descarga total de electrolito.
F10-L09-0058,G48-L2-08,Bateria descargada o bornes sulfatados,ELECTRICO,L2,Terminal negativo flojo en el poste de batería; al intentar dar arranque la chispa salta en el borne y se corta toda la energía del tablero instantáneamente.,TALLER,terminal_negativo_flojo_chispa,borne_negativo_flojo|chispa_en_borne_corta_energia_tablero,falla_chapa_contacto,,NO,SI,Falla en motor de arranque o solenoide defectuoso (clac seco o carbones gastados),SINTETICO_IA,L2 borne flojo genera chispa y corta energía total.
F10-L09-0059,G48-L2-09,Bateria descargada o bornes sulfatados,ELECTRICO,L2,Batería sellada libre de mantenimiento muestra el visor óptico (ojo mágico) de color negro opaco indicando necesidad de recarga urgente; en reposo marca 11.7 V.,COTIDIANO,ojo_magico_negro_11_7v,ojo_magico_negro_necesita_recarga|tension_reposo_11_7v,falla_fuga_parasita,,NO,SI,Fuga parasita de corriente en reposo (consumo nocturno de bateria),SINTETICO_IA,L2 ojo mágico en negro y 11.7V confirman batería descargada.
F10-L09-0060,G48-L2-10,Bateria descargada o bornes sulfatados,ELECTRICO,L2,Comprobador digital de baterías por conductancia arroja resultado 'Reemplazar Batería' con State of Health (SOH) de 22% y resistencia interna de 28 miliohmios (nominal 4.5 mohm).,TECNICO,conductancia_soh_22_porciento,analizador_conductancia_soh_22porciento|resistencia_interna_28mohm_vs_4_5mohm,falla_motor_arranque,,NO,SI,Falla en motor de arranque o solenoide defectuoso (clac seco o carbones gastados),SINTETICO_IA,L2 analizador de conductancia determina SOH en 22% por sulfatación.
F10-L09-0061,G48-L2-11,Bateria descargada o bornes sulfatados,ELECTRICO,L2,"Buenas tardes, el carro arranca bien si lo uso seguido cada hora, pero si lo dejo parado 4 horas la batería pierde fuerza y gira pesado; no hay consumo parásito.",WHATSAPP,autodescarga_interna_4_horas,pierde_fuerza_en_4_horas|crank_pesado_lento,fuga_parasita_nocturna,,NO,SI,Fuga parasita de corriente en reposo (consumo nocturno de bateria),SINTETICO_IA,L2 autodescarga química interna en 4 horas sin fuga parásita.
F10-L09-0062,G48-L2-12,Bateria descargada o bornes sulfatados,ELECTRICO,L2,Nivel de agua destilada y electrolito por debajo de las placas de plomo en 3 vasos; las placas superiores se secaron y se sulfataron irreversiblemente con plomo blanco.,TALLER,placas_secas_sulfatadas_blanco,electrolito_bajo_placas_secas|placas_sulfatadas_en_blanco,falla_alternador,,NO,SI,Alternador defectuoso o placa de diodos quemada,SINTETICO_IA,L2 placas de plomo secas y sulfatadas por falta de agua.
F10-L09-0063,G48-L2-13,Bateria descargada o bornes sulfatados,ELECTRICO,L2,La radio pierde las memorias FM y el reloj se resetea a 12:00 cada vez que se da arranque debido al desplome de tensión a 7 V provocado por batería agotada.,COTIDIANO,reinicio_reloj_radio_al_arrancar,reloj_resetea_12_00_en_arranque|caida_de_tension_a_7v,falla_motor_arranque,,NO,SI,Falla en motor de arranque o solenoide defectuoso (clac seco o carbones gastados),SINTETICO_IA,L2 reseteo de reloj al arrancar por caída a 7V de batería.
F10-L09-0064,G48-L2-14,Bateria descargada o bornes sulfatados,ELECTRICO,L2,Batería AGM de 70 Ah con 5 años de servicio; la corriente de arranque en frío medida es de 180 A CCA frente a los 680 A CCA estipulados en la etiqueta.,TECNICO,bateria_agm_180cca_vs_680cca,capacidad_arranque_180cca_vs_680cca|bateria_agm_agotada_5_anos,falla_alternador,,NO,SI,Alternador defectuoso o placa de diodos quemada,SINTETICO_IA,L2 batería AGM entrega solo 180 CCA de 680 CCA nominales.
F10-L09-0065,G48-L2-15,Bateria descargada o bornes sulfatados,ELECTRICO,L2,Bornes con apriete cónico suelto; al aplicar fuerza con la mano el terminal gira sobre el poste impidiendo que pasen los 150 A requeridos por el motor de arranque.,TALLER,borne_gira_suelto_conico,borne_gira_con_la_mano|mal_contacto_conico_postes,falla_solenoide,,NO,SI,Falla en motor de arranque o solenoide defectuoso (clac seco o carbones gastados),SINTETICO_IA,L2 borne suelto que gira a mano impide paso de alta corriente.
F10-L09-0066,G48-L3-01,Bateria descargada o bornes sulfatados,ELECTRICO,L3,Evaluación de batería plomo-ácido de 12 V 60 Ah con probador de descarga con resistencia de carbón (carbon pile load tester): en circuito abierto tras 4 horas de reposo la batería registra 12.10 V (50% de carga). Al aplicar una corriente de descarga de 300 A (la mitad del CCA nominal de 600 A) durante 15 segundos la tensión cae bruscamente a 7.40 V (especificación mínima a 20°C debe superar los 9.60 V) con ebullición violenta en el tercer vaso. El alternador en ralentí entrega 14.25 V estables con 25 A de salida descartando falla de carga.,TECNICO,carbon_pile_300a_15s_cae_a_7_40v,carbon_pile_300a_cae_a_7_40v_vs_9_60v|ebullicion_tercer_vaso|alternador_estable_14_25v,falla_alternador,,NO,SI,Alternador defectuoso o placa de diodos quemada,SINTETICO_IA,L3 carbon pile tester acusa 7.40V bajo 300A con alternador sano a 14.25V.
F10-L09-0067,G48-L3-02,Bateria descargada o bornes sulfatados,ELECTRICO,L3,Diagnóstico de caída de tensión en conexiones de batería (Volt Drop Testing) durante la fase de cranking: se colocó multímetro digital entre el poste central de plomo de la batería y el borne terminal de bronce positivo registrando una caída de tensión de 3.45 V al accionar la llave (tolerancia máxima de conexión 0.20 V). La superficie de contacto interna presentaba pasivación y sulfatación microscópica de sulfato de plomo aislante; tras limpiar los postes con cepillo de cerdas de acero y aplicar grasa dieléctrica la caída bajó a 0.04 V y el motor arrancó en 1.1 segundos.,TECNICO,volt_drop_bornes_3_45v_vs_0_20v,caida_tension_borne_poste_3_45v_vs_0_20v|sulfatacion_aislante_limpieza|caida_baja_a_0_04v,falla_motor_arranque,,NO,SI,Falla en motor de arranque o solenoide defectuoso (clac seco o carbones gastados),SINTETICO_IA,L3 caída de tensión de 3.45V entre poste y borne por sulfatación aislante.
F10-L09-0068,G48-L3-03,Bateria descargada o bornes sulfatados,ELECTRICO,L3,"Análisis electroquímico con refractómetro óptico de compensación automática de temperatura (ATC): gravedad específica del electrolito en los 6 vasos: vaso 1: 1.115 g/cm3, vaso 2: 1.118 g/cm3, vaso 3: 1.110 g/cm3, vaso 4: 1.265 g/cm3, vaso 5: 1.112 g/cm3, vaso 6: 1.114 g/cm3; desequilibrio grave de gravedad específica con estratificación ácida irreversible. La batería no es capaz de suministrar más de 90 A sin colapsar por debajo de 8 V.",TECNICO,refractometro_atc_densidad_1_110,densidad_electrolito_1_110_estratificacion_acida|desequilibrio_entre_vasos|colapso_bajo_8v,falla_fuga_parasita,,NO,SI,Fuga parasita de corriente en reposo (consumo nocturno de bateria),SINTETICO_IA,L3 refractómetro acusa estratificación ácida a 1.110 g/cm3 colapsando bajo 8V.
F10-L09-0069,G48-L3-04,Bateria descargada o bornes sulfatados,ELECTRICO,L3,"Hola maestro, tengo un Nissan Tiida. En la mañana al darle al arranque el tablero hace tac-tac-tac rápido como una metralleta, las luces de advertencia parpadean y el motor ni gira. Vino un amigo con cables y puenteamos desde su auto y prendió al segundo intento suavecito. Con el auto prendido medimos el alternador con tester y da 14.15 V parejito, pero apago el carro y la batería en 5 minutos ya marca 10.8 V y no vuelve a prender.",WHATSAPP,tiida_tac_tac_metralleta_puente_ok,metralleta_tac_tac_tablero_parpadea|arranca_con_puente_al_segundo|alternador_14_15v|bateria_cae_a_10_8v,falla_alternador,,NO,SI,Alternador defectuoso o placa de diodos quemada,SINTETICO_IA,L3 relato WhatsApp de metralleta que arranca con puente con alternador sano a 14.15V.
F10-L09-0070,G48-L3-05,Bateria descargada o bornes sulfatados,ELECTRICO,L3,Medición de corriente de cranking con pinza amperimétrica True RMS y osciloscopio: al activar el arranque la corriente inicial inrush alcanza solo 140 A (nominal 450 A para motor 2.0L) mientras la tensión en bornes cae a 5.8 V debido a que la resistencia interna de la batería aumentó a 42 miliohmios por sulfatación dura de placas (plomo sulfatado cristalizado blanco no reactivo).,TECNICO,pinza_amperimetrica_inrush_140a_vs_450a,corriente_inrush_140a_vs_450a|tension_cae_a_5_8v|resistencia_interna_42mohm|sulfatacion_cristalizada,falla_motor_arranque,,NO,SI,Falla en motor de arranque o solenoide defectuoso (clac seco o carbones gastados),SINTETICO_IA,L3 corriente inrush limitada a 140A por resistencia interna de 42 mohm.
F10-L09-0071,G48-L3-06,Bateria descargada o bornes sulfatados,ELECTRICO,L3,"Comprobación de batería AGM con analizador de impedancia Midtronics: State of Charge (SOC) en 45%, State of Health (SOH) en 18%, capacidad CCA residual de 160 A (etiqueta 800 A CCA EN). El calculador de gestión de energía IBS (Intelligent Battery Sensor) montado en el borne negativo registra DTC 299B referente a batería profundamente descargada con degradación irrecuperable por ciclos térmicos superiores a 60°C en vano motor.",TECNICO,midtronics_soh_18porciento_dtc_299b,midtronics_soh_18porciento|cca_160a_vs_800a|sensor_ibs_dtc_299b|bateria_profundamente_descargada,falla_alternador_lin,,NO,SI,Alternador defectuoso o placa de diodos quemada,SINTETICO_IA,L3 Midtronics mide 18% SOH con sensor IBS reportando degradación irreversible.
F10-L09-0072,G48-L3-07,Bateria descargada o bornes sulfatados,ELECTRICO,L3,Mi carro ase un chasquido continuo en los reles del tablero cuando jiro la llave y se bajan los seguros solos. Los bornes de la bateria tenian un cerro de polvo verde y blanco que parecia salitre. Cuando le pase corriente con cables gruesos de camion prendio al toque. El alternador bota catorce punto dos voltios con el carro encendio.,ERROR_ORTOGRAFICO,polvo_verde_blanco_salitre_cables,chasquido_reles_tablero|bornes_polvo_verde_blanco_salitre|arranca_con_cables|alternador_14_2v,falla_alternador,,NO,SI,Alternador defectuoso o placa de diodos quemada,SINTETICO_IA,L3 sulfatación salitrosa con alternador a 14.2V y ortografía informal.
F10-L09-0073,G48-L3-08,Bateria descargada o bornes sulfatados,ELECTRICO,L3,Prueba de autodescarga electroquímica en banco: batería desconectada físicamente del vehículo en estante de taller a 22°C ambiente pierde 0.35 V diarios (de 12.60 V a 11.20 V en 4 días) sin ninguna carga conectada debido a sedimentación de lodos de dióxido de plomo en el fondo de las celdas que tocan los separadores microporosos generando micro-cortocircuitos internos.,TECNICO,autodescarga_banco_0_35v_diarios_lodos,autodescarga_0_35v_diarios_en_banco|sedimentacion_lodos_plomo|separadores_perforados,falla_fuga_parasita,,NO,SI,Fuga parasita de corriente en reposo (consumo nocturno de bateria),SINTETICO_IA,L3 autodescarga de 0.35 V/día en banco desconectado por sedimentación de lodos.
F10-L09-0074,G48-L3-09,Bateria descargada o bornes sulfatados,ELECTRICO,L3,"Medición de caída de tensión en masa de chasis (Ground Voltage Drop Test): al aplicar arranque el voltímetro entre borne negativo de batería y bloque motor marca 0.08 V (excelente conexión de masa de motor), pero entre borne negativo y la chapa del borne registra 2.90 V por corrosión interna entre el cable de cobre prensado y el terminal de plomo.",TECNICO,ground_drop_test_borne_a_cable_2_90v,caida_borne_negativo_a_cable_2_90v_vs_0_05v|masa_bloque_0_08v_ok|corrosion_cobre_plomo,falla_motor_arranque,,NO,SI,Falla en motor de arranque o solenoide defectuoso (clac seco o carbones gastados),SINTETICO_IA,L3 caída de tensión de 2.90V en prensado de cable negativo por corrosión.
F10-L09-0075,G48-L3-10,Bateria descargada o bornes sulfatados,ELECTRICO,L3,Inspección de caja plástica de batería: fisura por fatiga de 4 cm en la base inferior del contenedor de polipropileno con fuga lenta de ácido sulfúrico hacia la bandeja de soporte; la densidad del vaso afectado cayó a 1.05 g/cm3 dejando la batería con solo 5 celdas operativas (10.2 V totales en circuito abierto).,TALLER,fisura_caja_polipropileno_fuga_acido,fisura_contenedor_polipropileno|fuga_acido_sulfurico|5_celdas_operativas_10_2v,falla_alternador,,NO,SI,Alternador defectuoso o placa de diodos quemada,SINTETICO_IA,L3 fisura de caja con pérdida de electrolito deja 5 celdas en 10.2V.
F10-L09-0076,G48-L3-11,Bateria descargada o bornes sulfatados,ELECTRICO,L3,Vehículo ingresa por reseteo continuo de dirección electroasistida EPS y código DTC C1551 de bajo voltaje de alimentación en la ECU de dirección: el escáner registra que durante el accionamiento del motor de arranque la tensión cae a 6.8 V durante 1.8 segundos; la batería original de fábrica tiene 6 años de antigüedad con resistencia óhmica cuatriplicada.,TECNICO,scanner_dtc_c1551_bajo_voltaje_cranking,dtc_c1551_ecu_eps|tension_cae_a_6_8v_en_cranking|bateria_6_anos_resistencia_cuatriplicada,falla_cremallera_eps,C1551,NO,SI,Cremallera de direccion asistida con holgura o fuga,SINTETICO_IA,L3 DTC C1551 por caída a 6.8V en arranque debido a batería vieja.
F10-L09-0077,G48-L3-12,Bateria descargada o bornes sulfatados,ELECTRICO,L3,Prueba de aceptación de carga (Charge Acceptance Test según norma EN 50342): tras descargar la batería al 50% y conectarla a fuente estabilizada de 14.40 V a 25°C la corriente absorbida es de apenas 1.4 A (especificación mínima superior a 12 A) por pasivación de sulfato de plomo en placas negativas.,TECNICO,charge_acceptance_en50342_1_4a_vs_12a,aceptacion_carga_1_4a_vs_12a|pasivacion_sulfato_plomo|resistencia_a_recarga,falla_alternador,,NO,SI,Alternador defectuoso o placa de diodos quemada,SINTETICO_IA,L3 prueba EN 50342 acusa absorción de solo 1.4A por placas pasivadas.
F10-L09-0078,G48-L3-13,Bateria descargada o bornes sulfatados,ELECTRICO,L3,Ensayo de arranque en frío a 0°C en cámara climática: la tensión de reposo marca 12.30 V pero al solicitar arranque a solenoide la tensión se desploma instantáneamente a 5.1 V bloqueando el Bendix en la corona; tras entibiar la batería a 25°C la tensión bajo carga asciende a 8.2 V confirmando pérdida crítica de capacidad CCA por sulfatación térmica previa.,TECNICO,camara_climatica_0c_desplome_5_1v,camara_climatica_0c_desplome_5_1v|bendix_bloqueado|perdida_cca_por_frio,falla_motor_arranque,,NO,SI,Falla en motor de arranque o solenoide defectuoso (clac seco o carbones gastados),SINTETICO_IA,L3 ensayo a 0°C desploma batería a 5.1V bloqueando bendix.
F10-L09-0079,G48-L3-14,Bateria descargada o bornes sulfatados,ELECTRICO,L3,Comprobación de perno de apriete de borne positivo: perno de acero roscado barrido con torque nulo; al tirar del cable con la mano el borne se desprende del poste cónico de plomo; esto provocaba cortes de encendido aleatorios al pasar por resaltos de la calzada simulando fallo de sensor de cigüeñal.,TALLER,perno_rosca_barrida_borne_suelto,perno_borne_positivo_barrido|borne_suelto_se_desprende|cortes_en_resaltos,falla_sensor_ckp,,NO,SI,Falla en sensor de posicion de cigueñal (CKP) o arbol de levas (CMP),SINTETICO_IA,L3 borne positivo con rosca barrida causa cortes de encendido en baches.
F10-L09-0080,G48-L3-15,Bateria descargada o bornes sulfatados,ELECTRICO,L3,"Diagnóstico de batería EFB (Enhanced Flooded Battery) en vehículo Start-Stop: el sistema Start-Stop se encuentra desactivado permanentemente por la BCM con mensaje 'Gestión de Batería No Disponible'; el analizador de batería registra resistencia interna de 18.5 mohm y capacidad de 240 A CCA (original 720 A CCA) por sulfatación tras 85,000 ciclos de arranque urbano.",TECNICO,bateria_efb_start_stop_inactivo_240cca,start_stop_desactivado_por_bcm|resistencia_18_5mohm|capacidad_240cca_vs_720cca,falla_motor_arranque,,NO,SI,Falla en motor de arranque o solenoide defectuoso (clac seco o carbones gastados),SINTETICO_IA,L3 Start-Stop bloqueado por batería EFB degradada a 240 CCA.
F10-L09-0081,G49-L1-01,Degradacion o falla en paquete de bateria de alto voltaje (EV / Hibridos),ELECTRICO,L1,En la pantalla del híbrido sale un mensaje de revisar sistema híbrido y bajó la autonomía.,COTIDIANO,pantalla_hibrido_aviso,aviso_revisar_sistema_hibrido_baja_autonomia,,,SI,NO,,SINTETICO_IA,L1 aviso de revisar sistema híbrido.
F10-L09-0082,G49-L1-02,Degradacion o falla en paquete de bateria de alto voltaje (EV / Hibridos),ELECTRICO,L1,"Hola, la batería de tracción se descarga rapidísimo con solo subir una pequeña pendiente.",WHATSAPP,subida_pendiente_descarga,bateria_traccion_descarga_rapido_subida,,,SI,NO,,SINTETICO_IA,L1 descarga rápida en pendiente.
F10-L09-0083,G49-L1-03,Degradacion o falla en paquete de bateria de alto voltaje (EV / Hibridos),ELECTRICO,L1,El carro eléctrico no llega ni a la mitad de los kilómetros que recorría antes con carga llena.,COTIDIANO,autonomia_reducida_mitad,autonomia_reducida_a_la_mitad,,,SI,NO,,SINTETICO_IA,L1 autonomía reducida a la mitad.
F10-L09-0084,G49-L1-04,Degradacion o falla en paquete de bateria de alto voltaje (EV / Hibridos),ELECTRICO,L1,El indicador de carga de la batería alta sube y baja de golpe como loco.,COTIDIANO,indicador_carga_inestable,indicador_carga_salta_de_golpe,,,SI,NO,,SINTETICO_IA,L1 indicador de carga salta de golpe.
F10-L09-0085,G49-L1-05,Degradacion o falla en paquete de bateria de alto voltaje (EV / Hibridos),ELECTRICO,L1,En el escaneo de rutina me dijeron que hay bloques de celdas desbalanceados.,TALLER,escaneo_celdas_desbalanceadas,celdas_bateria_desbalanceadas,,,SI,NO,,SINTETICO_IA,L1 celdas desbalanceadas sin DTC.
F10-L09-0086,G49-L1-06,Degradacion o falla en paquete de bateria de alto voltaje (EV / Hibridos),ELECTRICO,L1,"Buenas, el motor de gasolina enciende casi todo el tiempo y el modo EV dura segundos.",WHATSAPP,modo_ev_segundos,modo_ev_dura_segundos_motor_gasolina_fijo,,,SI,NO,,SINTETICO_IA,L1 modo EV dura segundos en híbrido.
F10-L09-0087,G49-L1-07,Degradacion o falla en paquete de bateria de alto voltaje (EV / Hibridos),ELECTRICO,L1,Se prendió la tortuga amarilla de potencia reducida en el tablero de mi auto eléctrico.,COTIDIANO,tortuga_potencia_reducida,testigo_tortuga_potencia_reducida,,,SI,NO,,SINTETICO_IA,L1 testigo de tortuga en tablero EV.
F10-L09-0088,G49-L1-08,Degradacion o falla en paquete de bateria de alto voltaje (EV / Hibridos),ELECTRICO,L1,Ayuda mi carro hibrido no retiene la carga de la bateria grande.,ERROR_ORTOGRAFICO,bateria_grande_no_retiene,bateria_grande_no_retiene_carga,,,SI,NO,,SINTETICO_IA,L1 batería grande no retiene con ortografía informal.
F10-L09-0089,G49-L1-09,Degradacion o falla en paquete de bateria de alto voltaje (EV / Hibridos),ELECTRICO,L1,El auto no pasa de 60 km/h y sale advertencia de degradación de batería.,COTIDIANO,limite_velocidad_advertencia,limite_60kmh_advertencia_bateria,,,SI,NO,,SINTETICO_IA,L1 limitación de velocidad con advertencia de batería.
F10-L09-0090,G49-L1-10,Degradacion o falla en paquete de bateria de alto voltaje (EV / Hibridos),ELECTRICO,L1,Se apaga el sistema de alta tensión al acelerar con fuerza para adelantar.,TALLER,aceleracion_fuerte_corte_hv,corte_alta_tension_acelerar_fuerte,,,SI,NO,,SINTETICO_IA,L1 corte de alta tensión al acelerar.
F10-L09-0091,G49-L2-01,Degradacion o falla en paquete de bateria de alto voltaje (EV / Hibridos),ELECTRICO,L2,Vehículo híbrido presenta código DTC P0A80 referente a sustitución de batería de alta tensión; el motor térmico permanece encendido de continuo en semáforos.,TECNICO,semáforo_dtc_p0a80,dtc_p0a80|motor_termico_encendido_continuo_semaforo,falla_bateria_12v,P0A80,NO,SI,Bateria descargada o bornes sulfatados,SINTETICO_IA,L2 DTC P0A80 por degradación de batería HV descarta 12V.
F10-L09-0092,G49-L2-02,Degradacion o falla en paquete de bateria de alto voltaje (EV / Hibridos),ELECTRICO,L2,En vehículo eléctrico puro la autonomía máxima estimada cayó de 280 km a solo 110 km con State of Health (SOH) reportado por BMS en 54%; la batería auxiliar de 12 V está nueva.,TECNICO,autonomia_110km_soh_54porciento,autonomia_cae_280_a_110km|bms_soh_54porciento|bateria_12v_nueva,falla_bateria_12v,,NO,SI,Bateria descargada o bornes sulfatados,SINTETICO_IA,L2 SOH del 54% en batería HV con batería 12V impecable.
F10-L09-0093,G49-L2-03,Degradacion o falla en paquete de bateria de alto voltaje (EV / Hibridos),ELECTRICO,L2,Desequilibrio de tensión entre bloques de celdas de la batería HV: en aceleración fuerte el bloque número 7 cae a 11.8 V mientras los otros 13 bloques se mantienen en 14.4 V.,TECNICO,aceleracion_bloque_7_desbalanceado,bloque_7_cae_a_11_8v_vs_14_4v|desbalance_bms,falla_inversor,,NO,SI,Fallo en inversor de corriente IGBT o motor electrico (EV),SINTETICO_IA,L2 bloque 7 de batería HV con desequilibrio severo descarta inversor.
F10-L09-0094,G49-L2-04,Degradacion o falla en paquete de bateria de alto voltaje (EV / Hibridos),ELECTRICO,L2,DTC P0A7F almacenado en calculador de batería de tracción (Hybrid Battery Pack Deterioration); el ventilador de enfriamiento opera normal y no hay sobrecalentamiento.,TECNICO,dtc_p0a7f_deterioro_bateria,dtc_p0a7f|ventilador_opera_normal|sin_sobrecalentamiento,falla_refrigeracion_bateria,P0A7F,NO,SI,Foco o falla en sistema de refrigeracion de bateria/inversor (EV),SINTETICO_IA,L2 DTC P0A7F con sistema de ventilación normal descarta refrigeración.
F10-L09-0095,G49-L2-05,Degradacion o falla en paquete de bateria de alto voltaje (EV / Hibridos),ELECTRICO,L2,La barra de State of Charge (SOC) en el tablero pasa de 8 barras (lleno) a 2 barras (morado vacío) en apenas 500 metros de subida suave en vehículo híbrido.,COTIDIANO,subida_suave_500m_desplome_soc,soc_desploma_8_a_2_barras_en_500m|perdida_capacidad_util,falla_inversor,,NO,SI,Fallo en inversor de corriente IGBT o motor electrico (EV),SINTETICO_IA,L2 colapso del SOC de 8 a 2 barras en 500m confirma batería HV agotada.
F10-L09-0096,G49-L2-06,Degradacion o falla en paquete de bateria de alto voltaje (EV / Hibridos),ELECTRICO,L2,"Hola maestro, en mi auto híbrido sale 'Check Hybrid System'; la batería pequeña de 12 V del maletero tiene 12.6 V y prende las luces pero el carro no entra a READY.",WHATSAPP,bateria_12v_ok_no_entra_ready,aviso_check_hybrid_system|bateria_12v_12_6v_ok|no_entra_a_ready,falla_bateria_12v,,NO,SI,Bateria descargada o bornes sulfatados,SINTETICO_IA,L2 batería 12V perfecta pero no entra a READY por fallo en pack HV.
F10-L09-0097,G49-L2-07,Degradacion o falla en paquete de bateria de alto voltaje (EV / Hibridos),ELECTRICO,L2,Resistencia interna de los módulos NiMH de alta tensión duplicada por sulfatación de terminales inter-módulo de cobre; la batería se calienta a 48°C con carga lenta.,TECNICO,resistencia_interna_nimh_duplicada,resistencia_interna_duplicada|bornes_cobre_sulfatados_intermodulo|temperatura_48c,falla_refrigeracion,,NO,SI,Foco o falla en sistema de refrigeracion de bateria/inversor (EV),SINTETICO_IA,L2 resistencia interna de módulos HV alta con terminales de cobre sulfatados.
F10-L09-0098,G49-L2-08,Degradacion o falla en paquete de bateria de alto voltaje (EV / Hibridos),ELECTRICO,L2,Vehículo eléctrico limita la potencia de propulsión al 40% al llegar al 30% de carga; dos celdas pouch de polímero de litio tienen hinchazón física y deforman el módulo.,TALLER,celdas_pouch_hinchadas,potencia_limitada_al_40porciento|celdas_pouch_hinchadas_deformadas,falla_motor_electrico,,NO,SI,Fallo en inversor de corriente IGBT o motor electrico (EV),SINTETICO_IA,L2 celdas pouch infladas limitan potencia al 40% descarta motor.
F10-L09-0099,G49-L2-09,Degradacion o falla en paquete de bateria de alto voltaje (EV / Hibridos),ELECTRICO,L2,Al desacelerar en bajada el sistema de frenado regenerativo no acumula energía en la batería HV porque el BMS corta la carga por sobretensión en módulo 4.,TECNICO,frenado_regenerativo_corta_carga,frenado_regenerativo_rechazado_por_bms|sobretension_modulo_4,falla_freno_regenerativo,,NO,SI,Falla en sistema de frenado regenerativo (EV / Hibridos),SINTETICO_IA,L2 rechazo de carga regenerativa por módulo 4 defectuoso.
F10-L09-0100,G49-L2-10,Degradacion o falla en paquete de bateria de alto voltaje (EV / Hibridos),ELECTRICO,L2,DTC P0A7E presente en módulo de batería de tracción referente a sobretemperatura física en celda de alta tensión sin existir obstrucción en el conducto de aire.,TECNICO,dtc_p0a7e_sobretemperatura_celda,dtc_p0a7e|sobretemperatura_celda_hv|conductos_aire_limpios,falla_ventilador_bateria,P0A7E,NO,SI,Foco o falla en sistema de refrigeracion de bateria/inversor (EV),SINTETICO_IA,L2 DTC P0A7E por celda degradada recalentada con ducto limpio.
F10-L09-0101,G49-L2-11,Degradacion o falla en paquete de bateria de alto voltaje (EV / Hibridos),ELECTRICO,L2,"Buenas tardes, el carro híbrido gasta el doble de gasolina porque la batería grande casi no aporta tracción; el modo 100% eléctrico se desconecta en 5 segundos.",WHATSAPP,modo_ev_desconecta_en_5s,consumo_doble_gasolina|modo_ev_apaga_en_5_segundos|bateria_hv_sin_aporte,falla_inyectores,,NO,SI,Inyectores sucios o filtro de combustible obstruido,SINTETICO_IA,L2 modo EV de 5 segundos fuerza motor de gasolina elevando consumo.
F10-L09-0102,G49-L2-12,Degradacion o falla en paquete de bateria de alto voltaje (EV / Hibridos),ELECTRICO,L2,Contactor principal de alta tensión (rele SMR positivo) no enclava por bobina abierta; el bus de alto voltaje permanece en 0 V y el tablero muestra advertencia de tracción.,TECNICO,rele_smr_positivo_abierto,rele_smr_positivo_no_enclava|bus_hv_en_cero_voltios|advertencia_traccion,falla_inversor,,NO,SI,Fallo en inversor de corriente IGBT o motor electrico (EV),SINTETICO_IA,L2 contactor SMR de batería HV abierto mantiene bus en 0V.
F10-L09-0103,G49-L2-13,Degradacion o falla en paquete de bateria de alto voltaje (EV / Hibridos),ELECTRICO,L2,Batería de iones de litio de 400 V con State of Health de 58%; el vehículo completa la recarga del 20% al 80% en solo 12 minutos por pérdida severa de capacidad útil.,TECNICO,recarga_anormalmente_rapida_12min,soh_58porciento_bateria_400v|recarga_20_a_80_en_12_minutos|perdida_capacidad_util,falla_cargador_a_bordo,,NO,NO,,SINTETICO_IA,L2 recarga anormalmente rápida por pérdida de capacidad útil en pack 400V.
F10-L09-0104,G49-L2-14,Degradacion o falla en paquete de bateria de alto voltaje (EV / Hibridos),ELECTRICO,L2,Al conectar cargador de nivel 2 se interrumpe la carga al 65% con error de aislamiento interno en el módulo de celdas número 3 de la batería de tracción.,TALLER,cargador_nivel_2_interrumpe_65,interrupcion_carga_al_65porciento|falla_aislamiento_modulo_3,falla_inversor,,NO,SI,Fallo en inversor de corriente IGBT o motor electrico (EV),SINTETICO_IA,L2 interrupción de carga por fuga de aislamiento en módulo 3.
F10-L09-0105,G49-L2-15,Degradacion o falla en paquete de bateria de alto voltaje (EV / Hibridos),ELECTRICO,L2,La aceleración en modo eléctrico trepida y se apaga de golpe si se pisa más de un tercio del acelerador; la batería HV no soporta demandas de corriente de más de 40 A.,COTIDIANO,aceleracion_modo_electrico_corte,trepidacion_corte_al_acelerar_en_ev|bateria_hv_no_soporta_40a,falla_motor_electrico,,NO,SI,Fallo en inversor de corriente IGBT o motor electrico (EV),SINTETICO_IA,L2 pack HV corta tracción por incapacidad de entregar 40A descarta motor.
F10-L09-0106,G49-L3-01,Degradacion o falla en paquete de bateria de alto voltaje (EV / Hibridos),ELECTRICO,L3,Diagnóstico de batería de tracción NiMH de 201.6 V nominales (28 módulos de 7.2 V en serie) con software Techstream en vehículo híbrido: código de falla DTC P0A80 activo permanente. En prueba de esfuerzo en carretera bajo aceleración a plena carga en subida pronunciada el flujo de datos del BMS (Battery Smart Unit) revela un delta de tensión entre bloques (Delta Cell Block Voltage) de 1.85 V (bloque 6 cae a 13.12 V mientras el bloque 12 se mantiene en 14.97 V; especificación máxima tolerada menor a 0.25 V). La resistencia interna calculada del bloque 6 es de 0.052 ohmios (tres veces superior a la nominal). El ventilador de refrigeración opera sin obstrucciones a 3800 rpm descartando falla térmica.,TECNICO,techstream_p0a80_delta_bloques_1_85v,dtc_p0a80|delta_bloques_1_85v_vs_0_25v|bloque_6_cae_a_13_12v|resistencia_0_052ohm|ventilador_ok,falla_refrigeracion_bateria,P0A80,NO,SI,Foco o falla en sistema de refrigeracion de bateria/inversor (EV),SINTETICO_IA,L3 Techstream confirma P0A80 con delta de bloques de 1.85V y ventilador funcionando.
F10-L09-0107,G49-L3-02,Degradacion o falla en paquete de bateria de alto voltaje (EV / Hibridos),ELECTRICO,L3,Evaluación de batería de iones de litio de 350 V (96 celdas prismáticas en serie) en vehículo eléctrico puro: State of Health (SOH) consolidado en 51.4% con capacidad útil restante de 18.2 kWh (capacidad nominal de fábrica 35.5 kWh). En ensayo de descarga en banco con carga activa a corriente constante de 1C (100 A) a 25°C tres de las celdas del módulo central colapsan por debajo del umbral de corte de seguridad de 2.75 V a los 9 minutos de prueba provocando apertura preventiva de los contactores pirotécnicos SMR. La batería auxiliar de 12 V se encuentra al 100% de carga (12.72 V) descartando fallo en red de baja tensión.,TECNICO,banco_descarga_1c_100a_soh_51_4porciento,soh_51_4porciento_capacidad_18_2kwh|tres_celdas_colapsan_a_2_75v|apertura_smr|bateria_12v_ok,falla_bateria_12v,,NO,SI,Bateria descargada o bornes sulfatados,SINTETICO_IA,L3 banco de descarga 1C constata SOH en 51.4% con colapso de celdas a 2.75V.
F10-L09-0108,G49-L3-03,Degradacion o falla en paquete de bateria de alto voltaje (EV / Hibridos),ELECTRICO,L3,"Prueba de ciclado dinámico en banco con ciclador de alta tensión: paquete de batería híbrida presenta pérdida de capacidad coulombimétrica del 44% y resistencia interna de celda promedio de 38 miliohmios (nominal nueva 14 mohm). Durante el ensayo de recarga rápida a 50 kW la temperatura del núcleo de celdas se eleva a 52°C con solo 15 kW de potencia absorbida debido a disipación Joule por alta impedancia electroquímica interna, activando DTC P0A7F.",TECNICO,ciclador_banco_perdida_capacidad_44porciento,dtc_p0a7f|perdida_capacidad_44porciento|resistencia_38mohm_vs_14mohm|temperatura_52c_a_15kw,falla_refrigeracion_inversor,P0A7F,NO,SI,Foco o falla en sistema de refrigeracion de bateria/inversor (EV),SINTETICO_IA,L3 DTC P0A7F por pérdida del 44% de capacidad y resistencia interna de 38 mohm.
F10-L09-0109,G49-L3-04,Degradacion o falla en paquete de bateria de alto voltaje (EV / Hibridos),ELECTRICO,L3,"Hola maestro, tengo un Toyota Prius 2012. En la pantalla me salió el triángulo rojo y el mensaje de revisar sistema híbrido. En subida la barra de la batería se vacía en 20 segundos y el motor de gasolina ruge a 4000 rpm sin avanzar con fuerza. En el taller conectaron el escáner y el bloque de celdas número 11 tiene 12.1 V mientras los demás tienen 14.8 V; la batería de 12 V es nueva de gel y marca 12.8 V perfecta.",WHATSAPP,prius_triangulo_rojo_bloque_11_caido,triangulo_rojo_revisar_hibrido|barra_bateria_vacia_20s|bloque_11_12_1v_vs_14_8v|bateria_12v_ok,falla_bateria_12v,,NO,SI,Bateria descargada o bornes sulfatados,SINTETICO_IA,L3 relato WhatsApp de Prius con bloque 11 en 12.1V vs 14.8V y batería 12V perfecta.
F10-L09-0110,G49-L3-05,Degradacion o falla en paquete de bateria de alto voltaje (EV / Hibridos),ELECTRICO,L3,Medición de resistencia de aislamiento de pack de batería de tracción con megóhmetro de alta tensión Fluke a 1000 V DC: resistencia entre el terminal positivo de alta tensión (desconectado el disyuntor de servicio manual naranja) y la carcasa metálica de tierra chasis registra 0.12 Megaohmios (especificación mínima de seguridad según norma ISO 6469 debe superar 100 Megaohmios). La fuga de aislamiento proviene de electrolito alcalino de hidróxido de potasio fugado por la válvula de alivio de dos módulos NiMH corroídos.,TECNICO,megohmetro_fluke_1000v_aislamiento_0_12mohm,aislamiento_0_12mohm_vs_100mohm_a_1000v|fuga_electrolito_koh_valvula_alivio|corrosion_modulos,falla_aislamiento_inversor,,NO,SI,Fallo en inversor de corriente IGBT o motor electrico (EV),SINTETICO_IA,L3 megóhmetro a 1000V acusa 0.12 Mohm por fuga de electrolito en pack de tracción.
F10-L09-0111,G49-L3-06,Degradacion o falla en paquete de bateria de alto voltaje (EV / Hibridos),ELECTRICO,L3,Diagnóstico de desequilibrio de celdas en vehículo híbrido enchufable PHEV: escáner registra DTC P0B3C (Hybrid Battery Voltage Sense Circuit Performance). En la gráfica de balanceo pasivo del BMS los circuitos equilibradores por resistencias shunt disipan energía de forma continua durante 6 horas sin lograr reducir la diferencia de tensión entre la celda 18 (3.42 V) y la celda 19 (4.15 V; delta de 730 mV) debido a microcortocircuito interno por dendritas de litio.,TECNICO,dtc_p0b3c_delta_730mv_dendritas,dtc_p0b3c|delta_celdas_730mv|balanceo_pasivo_no_compensa|dendritas_litio_celda_18,falla_inversor,P0B3C,NO,SI,Fallo en inversor de corriente IGBT o motor electrico (EV),SINTETICO_IA,L3 DTC P0B3C por delta de 730 mV entre celdas por dendritas de litio.
F10-L09-0112,G49-L3-07,Degradacion o falla en paquete de bateria de alto voltaje (EV / Hibridos),ELECTRICO,L3,Mi carro electrico ase que la bateria baje del 80 porciento al 20 en menos de diez minutos de pista rapida. En el taller desarmaron la tapa del paquete de baterias y dos modulos tavan inchados con olor quimico penetrante y el escaner sacaba el codigo P0A80 de cambiar bateria grande. El motor electrico y el inversor no tienen ninguna falla.,ERROR_ORTOGRAFICO,descarga_80_a_20_modulos_hinchados,descarga_80_a_20_en_10min|modulos_inchados_olor_quimico|dtc_p0a80|inversor_y_motor_ok,falla_inversor_motor,P0A80,NO,SI,Fallo en inversor de corriente IGBT o motor electrico (EV),SINTETICO_IA,L3 módulos hinchados con P0A80 y descarte de inversor con ortografía informal.
F10-L09-0113,G49-L3-08,Degradacion o falla en paquete de bateria de alto voltaje (EV / Hibridos),ELECTRICO,L3,"Análisis de impedancia electroquímica (EIS) en módulo de batería LiFePO4: espectro de impedancia a frecuencias de 10 mHz a 10 kHz revela dispersión en el semicírculo de transferencia de carga con resistencia de polarización Rct incrementada en 450% respecto al valor canónico de fábrica, lo que impide al pack suministrar corrientes de aceleración superiores a 0.5C sin activar la protección BMS por subtensión transitoria.",TECNICO,espectroscopia_eis_rct_incrementada_450porciento,espectro_eis_rct_incrementada_450porciento|polarizacion_electroquimica|corte_bms_a_0_5c,falla_motor_traccion,,NO,SI,Fallo en inversor de corriente IGBT o motor electrico (EV),SINTETICO_IA,L3 espectroscopía EIS revela resistencia de transferencia de carga en +450%.
F10-L09-0114,G49-L3-09,Degradacion o falla en paquete de bateria de alto voltaje (EV / Hibridos),ELECTRICO,L3,"Evaluación de sensor de corriente de efecto Hall del paquete de batería HV (Battery Current Sensor): el escáner registra DTC P0A6B referente a circuito del sensor de corriente de batería de tracción; la lectura de corriente permanece fija en +18 A en reposo con contactores abiertos, provocando cálculo aberrante del State of Charge por integración de Coulomb en la ECU híbrida.",TECNICO,scanner_dtc_p0a6b_sensor_corriente_hall,dtc_p0a6b|sensor_corriente_fijo_18a_en_reposo|calculo_soc_aberrante|contactores_abiertos,falla_bateria_12v,P0A6B,NO,SI,Bateria descargada o bornes sulfatados,SINTETICO_IA,L3 DTC P0A6B por sensor de corriente Hall de batería HV descalibrado.
F10-L09-0115,G49-L3-10,Degradacion o falla en paquete de bateria de alto voltaje (EV / Hibridos),ELECTRICO,L3,Inspección de barra colectora de cobre (busbar) y tuercas de terminales de batería híbrida tras desmonte en entorno seguro con guantes dieléctricos Clase 0 (1000 V): corrosión galvánica severa de sulfato de cobre en 8 tuercas con resistencia de contacto de 0.85 ohmios en el puente entre módulo 14 y 15; esto induce una caída óhmica de 17.0 V al circular 20 A simulando caída de módulo en el BMS.,TECNICO,inspeccion_segura_busbars_corrosion_cobre,resistencia_contacto_0_85ohm_busbar|caida_17_0v_a_20a|corrosion_galvanica_tuercas,falla_cableado_12v,,NO,SI,Bateria descargada o bornes sulfatados,SINTETICO_IA,L3 corrosión en busbars de pack HV induce 17V de caída de contacto.
F10-L09-0116,G49-L3-11,Degradacion o falla en paquete de bateria de alto voltaje (EV / Hibridos),ELECTRICO,L3,Diagnóstico de fuga de tensión en bus de alta tensión con código DTC P0AA6 (Hybrid Battery Voltage System Isolation Fault) subcódigo INF 526: la unidad de detección de fugas (Leak Detection Circuit) mide una resistencia de aislamiento de 42 kOhm provocada por acumulación de humedad y polvo conductor sobre la bandeja portabaterías inferior sin que el inversor ni el motor presenten derivaciones.,TECNICO,dtc_p0aa6_inf_526_aislamiento_42kohm,dtc_p0aa6_inf_526|aislamiento_42kohm|polvo_conductor_en_bandeja_pack|inversor_y_motor_ok,falla_aislamiento_inversor,P0AA6,NO,SI,Fallo en inversor de corriente IGBT o motor electrico (EV),SINTETICO_IA,L3 DTC P0AA6 subcódigo 526 acusa 42 kOhm de aislamiento en pack HV.
F10-L09-0117,G49-L3-12,Degradacion o falla en paquete de bateria de alto voltaje (EV / Hibridos),ELECTRICO,L3,"Prueba de capacidad en descarga con analizador computarizado de 28 canales independientes en batería híbrida: 6 de los 28 módulos entregan una capacidad acumulada menor a 1800 mAh (especificación nominal 6500 mAh; pérdida de capacidad del 72%); los 22 módulos restantes promedian 4800 mAh, generando desbalance térmico y corte por baja tensión.",TECNICO,analizador_28_canales_capacidad_1800mah,6_modulos_con_capacidad_1800mah_vs_6500mah|perdida_capacidad_72porciento|desbalance_termico,falla_refrigeracion,,NO,SI,Foco o falla en sistema de refrigeracion de bateria/inversor (EV),SINTETICO_IA,L3 analizador de 28 canales constata 6 módulos con pérdida del 72% de capacidad.
F10-L09-0118,G49-L3-13,Degradacion o falla en paquete de bateria de alto voltaje (EV / Hibridos),ELECTRICO,L3,Evaluación de módulo BMS esclavo (Cell Monitoring Unit / CMU) en batería de iones de litio de tracción: el circuito integrado de monitoreo multicanal presenta fallo en el convertidor analógico-digital (ADC) interno enviando lectura fija de 0.00 V en las celdas 33 a 40 con DTC P0B24; la verificación con multímetro de alta precisión en las celdas físicas constata 3.82 V reales y estables.,TECNICO,scanner_dtc_p0b24_falla_cmu_esclavo,dtc_p0b24|cmu_envia_cero_voltios_celdas_33_a_40|multimetro_mide_3_82v_reales|falla_adc_bms,falla_inversor,P0B24,NO,SI,Fallo en inversor de corriente IGBT o motor electrico (EV),SINTETICO_IA,L3 DTC P0B24 por fallo en ADC de placa CMU con celdas físicas sanas a 3.82V.
F10-L09-0119,G49-L3-14,Degradacion o falla en paquete de bateria de alto voltaje (EV / Hibridos),ELECTRICO,L3,"Prueba de esfuerzo con dinamómetro de chasis en vehículo EV: con 20% de SoC la aceleración máxima sostenida a 100 km/h provoca un colapso de tensión del pack completo de 380 V a 248 V (caída de 132 V) debido a degradación por envejecimiento de ciclo químico de las celdas, activando el modo de potencia reducida (icono de tortuga) a los 4 segundos.",TECNICO,dinamometro_colapso_tension_132v_tortuga,pack_cae_380v_a_248v_caida_132v_a_20soc|modo_tortuga_a_los_4_segundos|envejecimiento_quimico,falla_motor_electrico,,NO,SI,Fallo en inversor de corriente IGBT o motor electrico (EV),SINTETICO_IA,L3 dinamómetro acusa colapso de 132V a 20% SoC activando modo tortuga.
F10-L09-0120,G49-L3-15,Degradacion o falla en paquete de bateria de alto voltaje (EV / Hibridos),ELECTRICO,L3,Sustitución de conjunto de batería de tracción tras fusión de fusible principal de servicio de 250 A / 450 V DC (Service Plug fuse): la apertura del fusible se produjo por sobrecorriente provocada por un cortocircuito interno entre electrodos positivos y negativos dentro del módulo 2 tras penetración de tornillo de fijación de accesorio no original.,TALLER,fusible_servicio_250a_fundido_corto_interno,fusible_servicio_250a_450v_fundido|cortocircuito_interno_modulo_2|tornillo_perfora_modulo,falla_inversor_igbt,,NO,SI,Fallo en inversor de corriente IGBT o motor electrico (EV),SINTETICO_IA,L3 fusible de servicio de 250A fundido por perforación y cortocircuito interno en módulo.
F10-L09-0121,G-09-50-01,Fallo en inversor de corriente IGBT o motor electrico (EV),ELECTRICO,L1,El carro electrico perdio fuerza de golpe y no quiere acelerar.,COLOQUIAL,EN_MARCHA,"perdida_potencia, no_acelera",NO_REPORTA,,SI,NO,,SINTETICO_IA,L1 baja especificidad propulsion EV
F10-L09-0122,G-09-50-02,Fallo en inversor de corriente IGBT o motor electrico (EV),ELECTRICO,L1,Me sale una advertencia en el tablero del EV y se apago el motor.,COLOQUIAL,EN_MARCHA,"alerta_tablero, motor_apagado",NO_REPORTA,,SI,NO,,SINTETICO_IA,L1 advertencia tablero EV
F10-L09-0123,G-09-50-03,Fallo en inversor de corriente IGBT o motor electrico (EV),ELECTRICO,L1,Siento un tiron fuerte y el vehiculo electrico ya no avanza nada.,COLOQUIAL,EN_MARCHA,"tiron, sin_traccion",NO_REPORTA,,SI,NO,,SINTETICO_IA,L1 perdida repentina de traccion EV
F10-L09-0124,G-09-50-04,Fallo en inversor de corriente IGBT o motor electrico (EV),ELECTRICO,L1,En el tablero me prendio un triangulo amarillo con signo de exclamacion en mi auto electrico.,COLOQUIAL,CONTACTO,"testigo_maestro, aviso_averia",NO_REPORTA,,SI,NO,,SINTETICO_IA,L1 testigo generico EV
F10-L09-0125,G-09-50-05,Fallo en inversor de corriente IGBT o motor electrico (EV),ELECTRICO,L1,Iba manejando y de pronto se corto la traccion por completo.,COLOQUIAL,EN_MARCHA,corte_traccion,NO_REPORTA,,SI,NO,,SINTETICO_IA,L1 corte de potencia en marcha EV
F10-L09-0126,G-09-50-06,Fallo en inversor de corriente IGBT o motor electrico (EV),ELECTRICO,L1,El coche electrico no responde al pedal del acelerador.,COLOQUIAL,EN_MARCHA,acelerador_sin_respuesta,NO_REPORTA,,SI,NO,,SINTETICO_IA,L1 pedal sin respuesta EV
F10-L09-0127,G-09-50-07,Fallo en inversor de corriente IGBT o motor electrico (EV),ELECTRICO,L1,Aparecio un aviso de comprobar sistema hibrido y no se mueve.,COLOQUIAL,ARRANQUE,"aviso_sistema_hibrido, inmovil",NO_REPORTA,,SI,NO,,SINTETICO_IA,L1 aviso generico hibrido
F10-L09-0128,G-09-50-08,Fallo en inversor de corriente IGBT o motor electrico (EV),ELECTRICO,L1,Se encendio el testigo de averia del tren motriz electrico.,TECNICO,CONTACTO,testigo_tren_motriz,NO_REPORTA,,SI,NO,,SINTETICO_IA,L1 indicador tren motriz EV
F10-L09-0129,G-09-50-09,Fallo en inversor de corriente IGBT o motor electrico (EV),ELECTRICO,L1,El carro electrico hace un chillido agudo al intentar avanzar y se bloquea.,COLOQUIAL,EN_MARCHA,"chillido_agudo, bloqueo",NO_REPORTA,,SI,NO,,SINTETICO_IA,L1 sonido anormal e inmovilidad
F10-L09-0130,G-09-50-10,Fallo en inversor de corriente IGBT o motor electrico (EV),ELECTRICO,L1,"No entra la marcha en mi carro a baterias, se queda neutral.",COLOQUIAL,CONTACTO,"sin_traccion, selector_neutral",NO_REPORTA,,SI,NO,,SINTETICO_IA,L1 fallo de transmision electrica EV
F10-L09-0131,G-09-50-11,Fallo en inversor de corriente IGBT o motor electrico (EV),ELECTRICO,L2,Al acelerar a fondo en subida se escucho un chasquido sordo y el EV entro en modo tortuga. La bateria de traccion marca 70% de carga pero no entrega torque a las ruedas.,TECNICO,SUBIDA_FUERTE,"modo_tortuga, chasquido, sin_torque",bateria_descargada,,NO,SI,Degradacion o falla en paquete de bateria de alto voltaje (EV / Hibridos),SINTETICO_IA,L2 contraste con paquete de bateria HV
F10-L09-0132,G-09-50-12,Fallo en inversor de corriente IGBT o motor electrico (EV),ELECTRICO,L2,"En plena autopista sono una detonacion leve bajo el capot frontal y el auto electrico perdio propulsion de golpe, tablero indica fallo de sistema motriz con luz READY parpadeando.",COLOQUIAL,CARRETERA,"detonacion_leve, perdida_propulsion, ready_parpadea",falla_mecanica_frenos,,NO,NO,,SINTETICO_IA,L2 fallo subito de etapa inversora
F10-L09-0133,G-09-50-13,Fallo en inversor de corriente IGBT o motor electrico (EV),ELECTRICO,L2,El vehiculo hibrido arranca con motor termico pero al acoplar el motor generador electrico MG2 tironea violentamente y salta mensaje de error en transmision electrica.,TECNICO,CONMUTACION_HIBRIDA,"tirones_mg2, error_transmision_electrica",falla_motor_combustion,,NO,SI,Falla en sistema de frenado regenerativo (EV / Hibridos),SINTETICO_IA,L2 contraste con frenado regenerativo
F10-L09-0134,G-09-50-14,Fallo en inversor de corriente IGBT o motor electrico (EV),ELECTRICO,L2,"Vehiculo electrico enciende accesorios de 12V y pone contacto, pero al pasar a Drive el motor electrico produce un zumbido aspero sin girar y regresa a Parking.",TECNICO,INTENTO_MARCHA,"zumbido_aspero, sin_rotacion, bloqueo_parking",bateria_12v_descargada,,NO,SI,Bateria descargada o bornes sulfatados,SINTETICO_IA,L2 contraste con bateria 12V
F10-L09-0135,G-09-50-15,Fallo en inversor de corriente IGBT o motor electrico (EV),ELECTRICO,L2,En aceleraciones medias el inversor silba muy fuerte y corta la corriente a las ruedas; la temperatura de bateria esta normal pero el inversor corta por proteccion.,TECNICO,ACELERACION,"silbido_inversor, corte_corriente",alta_temperatura_bateria,,NO,SI,Foco o falla en sistema de refrigeracion de bateria/inversor (EV),SINTETICO_IA,L2 contraste con refrigeracion de bateria
F10-L09-0136,G-09-50-16,Fallo en inversor de corriente IGBT o motor electrico (EV),ELECTRICO,L2,"Al acelerar fuerte el auto electrico corta la potencia de tiron, arrojando codigo P0A78 en el inversor del motor principal, sin caida en voltaje de paquete de 12V.",TECNICO,ACELERACION_FUERTE,"corte_potencia, codigo_inversor",falla_bateria_12v,P0A78,NO,NO,,SINTETICO_IA,L2 codigo P0A78 en inversor
F10-L09-0137,G-09-50-17,Fallo en inversor de corriente IGBT o motor electrico (EV),ELECTRICO,L2,El utilitario electrico no tracciona marcha atras ni adelante; el escaner detecta codigo P0A94 relacionado al convertidor DC/DC e inversor de traccion.,TECNICO,CONTACTO,"sin_traccion_adelante_atras, codigo_p0a94",rueda_bloqueada,P0A94,NO,NO,,SINTETICO_IA,L2 fallo convertidor e inversor P0A94
F10-L09-0138,G-09-50-18,Fallo en inversor de corriente IGBT o motor electrico (EV),ELECTRICO,L2,El motor electrico de traccion produce una vibracion pesada y olor a barniz caliente en la zona del tren delantero al intentar avanzar a baja velocidad.,TECNICO,BAJA_VELOCIDAD,"vibracion_pesada, olor_barniz_quemado",olor_combustible,,NO,NO,,SINTETICO_IA,L2 indicio de devanado recalentado
F10-L09-0139,G-09-50-19,Fallo en inversor de corriente IGBT o motor electrico (EV),ELECTRICO,L2,"El tablero muestra fallo de traccion electrica y limita velocidad a 25 km/h. La bateria HV tiene carga optima y el refrigerante esta a nivel, apuntando a dano de potencia interna.",TECNICO,MARCHA_URBANA,"modo_reducido_25kmh, falla_traccion","bajo_nivel_refrigerante, bateria_agotada",,NO,SI,Foco o falla en sistema de refrigeracion de bateria/inversor (EV),SINTETICO_IA,L2 contraste con refrigeracion
F10-L09-0140,G-09-50-20,Fallo en inversor de corriente IGBT o motor electrico (EV),ELECTRICO,L2,"Se corto la propulsion en seco en plena marcha urbana; la bateria de alto voltaje marca 360 voltios estables pero las fases U, V, W del motor no reciben senal.",TECNICO,MARCHA_URBANA,"corte_propulsion, tension_bateria_normal, sin_salida_fases",falla_bateria_hv,,NO,SI,Degradacion o falla en paquete de bateria de alto voltaje (EV / Hibridos),SINTETICO_IA,L2 contraste con bateria HV
F10-L09-0141,G-09-50-21,Fallo en inversor de corriente IGBT o motor electrico (EV),ELECTRICO,L2,"Auto 100% electrico bloqueado en modo tortuga permanente con DTC P0A1B en el modulo de control del motor de accionamiento, acelerador electronico sin respuesta motriz.",TECNICO,CONTACTO,"modo_tortuga_permanente, dtc_p0a1b",falla_pedal_acelerador,P0A1B,NO,NO,,SINTETICO_IA,L2 modulo control motor P0A1B
F10-L09-0142,G-09-50-22,Fallo en inversor de corriente IGBT o motor electrico (EV),ELECTRICO,L2,El furgon electrico enciende el testigo READY pero al pisar el pedal de marcha tiembla y desconecta el contactor principal por cortocircuito en el inversor.,TECNICO,SALIDA_DESDE_CERO,"temblor_al_pisar, desconexion_contactor",falla_arranque_termico,,NO,NO,,SINTETICO_IA,L2 desconexion contactores por corto
F10-L09-0143,G-09-50-23,Fallo en inversor de corriente IGBT o motor electrico (EV),ELECTRICO,L2,"Presenta codigo P0A79 en escaner automotriz tras apagarse en marcha, indicando bajo rendimiento en inversor del motor B, baterias de 12V y traccion con carga correcta.",TECNICO,EN_MARCHA,"dtc_p0a79, apagado_en_marcha","descarga_bateria_12v, descarga_bateria_hv",P0A79,NO,SI,Degradacion o falla en paquete de bateria de alto voltaje (EV / Hibridos),SINTETICO_IA,L2 contraste con baterias
F10-L09-0144,G-09-50-24,Fallo en inversor de corriente IGBT o motor electrico (EV),ELECTRICO,L2,"Al exigir recuperacion de energia o acelerar fuerte en carretera se enciende alerta de alta tension en inversor, sin problemas mecanicos en calipers o frenos.",TECNICO,CARRETERA_REGENERACION,alerta_alta_tension_inversor,freno_mecanico_danado,,NO,SI,Falla en sistema de frenado regenerativo (EV / Hibridos),SINTETICO_IA,L2 contraste con frenado regenerativo
F10-L09-0145,G-09-50-25,Fallo en inversor de corriente IGBT o motor electrico (EV),ELECTRICO,L2,"Hibrido enchufable no conmuta a modo EV puro; al forzarlo arroja advertencia de fallo en motor electrico de propulsion, manteniendo funcionamiento exclusivo a gasolina.",TECNICO,CAMBIO_MODO_EV,"modo_ev_inhabilitado, falla_motor_electrico",falla_motor_gasolina,,NO,NO,,SINTETICO_IA,L2 imposibilidad modo electrico puro
F10-L09-0146,G-09-50-26,Fallo en inversor de corriente IGBT o motor electrico (EV),ELECTRICO,L3,"Inspeccion tecnica en taller EV: medicion de aislamiento con megohmetro a 500V DC entre devanados de fase del motor electrico y chasis registra 0.15 Megaohmios, valor inferior a norma OEM (minimo 2 Megaohmios). Cortocircuito a masa en estator con DTC P0AA6.",TECNICO,TALLER_BANCO,"aislamiento_0_15_mohm, corto_a_masa, dtc_p0aa6",falla_aislamiento_bateria,P0AA6,NO,SI,Degradacion o falla en paquete de bateria de alto voltaje (EV / Hibridos),SINTETICO_IA,L3 aislamiento estator a masa P0AA6
F10-L09-0147,G-09-50-27,Fallo en inversor de corriente IGBT o motor electrico (EV),ELECTRICO,L3,"Diagnostico en banco de potencia de inversor: modulo IGBT de fase V con transistores en cortocircuito franco. Al aplicar 380V DC de bus, la corriente de reposo se dispara a 42A sin pulso PWM disparando proteccion de sobrecorriente P0A78.",TECNICO,TALLER_BANCO,"igbt_fase_v_en_corto, sobrecorriente_42a, dtc_p0a78",falla_bateria_hv,P0A78,NO,NO,,SINTETICO_IA,L3 modulo IGBT en cortocircuito
F10-L09-0148,G-09-50-28,Fallo en inversor de corriente IGBT o motor electrico (EV),ELECTRICO,L3,Analisis con osciloscopio en lineas de compuerta Gate de transistores IGBT: fase U carece de modulacion PWM de 10 kHz proveniente del driver de disparo. El motor sincrono de imanes permanentes se queda trabado sin rotacion trifasica simetrica.,TECNICO,TALLER_OSCILOSCOPIO,"sin_modulacion_pwm_fase_u, motor_trabado",falla_mecanica_transmision,,NO,NO,,SINTETICO_IA,L3 osciloscopio driver compuerta IGBT
F10-L09-0149,G-09-50-29,Fallo en inversor de corriente IGBT o motor electrico (EV),ELECTRICO,L3,"Medicion con pinza amperimetrica de efecto Hall en cables trifasicos de traccion: Fase U registra 62A pico, Fase V registra 0A y Fase W registra 59A bajo demanda de torque en banco. Desequilibrio de fase severo por modulo inversor abierto, DTC P0A79.",TECNICO,TALLER_BANCO,"desequilibrio_fase_u_62a_v_0a_w_59a, dtc_p0a79",falla_bateria,P0A79,NO,NO,,SINTETICO_IA,L3 desbalance trifasico pinza Hall
F10-L09-0150,G-09-50-30,Fallo en inversor de corriente IGBT o motor electrico (EV),ELECTRICO,L3,"Prueba de aislamiento en laboratorio de alta tension: ensayo de hipot a 1000V DC en motor de traccion arroja fuga de corriente de 12 mA a tierra por degradacion de aislacion en cabezal de bobinado, impidiendo cierre de contactores SMR con codigo P0AA6.",TECNICO,TALLER_HIPOT,"fuga_12ma_1000vdc, dtc_p0aa6, bloqueo_smr",falla_celdas_bateria,P0AA6,NO,SI,Degradacion o falla en paquete de bateria de alto voltaje (EV / Hibridos),SINTETICO_IA,L3 hipot test motor traccion P0AA6
F10-L09-0151,G-09-50-31,Fallo en inversor de corriente IGBT o motor electrico (EV),ELECTRICO,L3,"Monitoreo de datos en vivo de unidad de control de traccion (MCU): sensor de temperatura de modulo de potencia IGBT marca 138°C en reposo frio (sensor en corto interno), forzando parada de emergencia del convertidor DC/AC con codigo P0A94 registrado.",TECNICO,TALLER_SCANNER,"temperatura_ficticia_138c, sensor_igbt_corto, dtc_p0a94",sobrecalentamiento_real_refrigerante,P0A94,NO,SI,Foco o falla en sistema de refrigeracion de bateria/inversor (EV),SINTETICO_IA,L3 sensor temp IGBT en corto vs refrigeracion
F10-L09-0152,G-09-50-32,Fallo en inversor de corriente IGBT o motor electrico (EV),ELECTRICO,L3,"Verificacion de resistencia de devanados con microohmetro en motor de iman permanente: Fase U-V 0.042 Ohm, V-W 0.041 Ohm, W-U 0.043 Ohm dentro de tolerancia, pero prueba con generador de senal de resolver arroja desfase angular de 45 grados por resolver defectuoso.",TECNICO,TALLER_BANCO,"resistencia_fases_balanceada, error_resolver_45_grados",falla_bobinado,,NO,NO,,SINTETICO_IA,L3 microohmetro devanados y sensor resolver
F10-L09-0153,G-09-50-33,Fallo en inversor de corriente IGBT o motor electrico (EV),ELECTRICO,L3,"El vehiculo electrico presenta bloqueo motriz; medicion en bus DC de entrada a inversor marca 395V estables desde bateria HV, pero tension eficaz AC de salida en bornes de motor es 0V RMS al comandar acelerador, confirmando destruccion de etapa inversora.",TECNICO,TALLER_MEDICION,"bus_dc_395v_ok, salida_ac_0v_rms, inversor_destruido",bateria_hv_descargada,,NO,SI,Degradacion o falla en paquete de bateria de alto voltaje (EV / Hibridos),SINTETICO_IA,L3 tension bus DC vs salida AC inversor
F10-L09-0154,G-09-50-34,Fallo en inversor de corriente IGBT o motor electrico (EV),ELECTRICO,L3,"Lectura con escaner de fabrica en bus de traccion: DTC P0A78 presente, freeze frame indica temperatura de disipador de inversor a 125°C con corriente de fase pico de 280A justo antes del bloqueo de conmutacion de potencia en el convertidor elevador boost.",TECNICO,TALLER_SCANNER,"dtc_p0a78, freeze_frame_125c_280a, bloqueo_boost",falla_bomba_refrigerante,P0A78,NO,SI,Foco o falla en sistema de refrigeracion de bateria/inversor (EV),SINTETICO_IA,L3 freeze frame sobrecorriente inversor
F10-L09-0155,G-09-50-35,Fallo en inversor de corriente IGBT o motor electrico (EV),ELECTRICO,L3,"Prueba con miliohmetro Kelvin de cuatro hilos en bornes de estator del motor EV: medicion de resistencia balanceada a 38 miliohmios por fase, sin embargo prueba de descarga inductiva revela cortocircuito entre espiras en fase W, generando zumbido magnetico asimetrico.",TECNICO,TALLER_BANCO,"resistencia_38mohm, corto_entre_espiras_fase_w",desbalance_de_celdas,,NO,NO,,SINTETICO_IA,L3 miliohmetro Kelvin y corto entre espiras
F10-L09-0156,G-09-50-36,Fallo en inversor de corriente IGBT o motor electrico (EV),ELECTRICO,L3,"Diagnostico de sistema motriz EV: bateria de alto voltaje presenta 94% de SOH y 375V DC sin anomalias en celdas, pero al cerrar SMR se registra caida de bus DC a 40V por corto en capacitor de enlace DC link de 800 uF en interior de modulo inversor.",TECNICO,TALLER_BANCO,"bateria_94_soh_375v, corto_capacitor_dc_link_800uf",falla_paquete_bateria,,NO,SI,Degradacion o falla en paquete de bateria de alto voltaje (EV / Hibridos),SINTETICO_IA,L3 corto en DC link capacitor de inversor
F10-L09-0157,G-09-50-37,Fallo en inversor de corriente IGBT o motor electrico (EV),ELECTRICO,L3,"Lectura de parametros de MCU en banco dinamometrico: senal PWM de excitacion a compuertas de potencia presenta tiempo de subida distorsionado superior a 800 nanosegundos en modulo IGBT superior de fase W, generando saturacion termica y proteccion de sobrecorriente.",TECNICO,TALLER_BANCO,"tiempo_subida_pwm_800ns, saturacion_igbt_fase_w",refrigeracion_obstruida,,NO,NO,,SINTETICO_IA,L3 tiempo de subida y conmutacion IGBT
F10-L09-0158,G-09-50-38,Fallo en inversor de corriente IGBT o motor electrico (EV),ELECTRICO,L3,"Comprobacion tecnica en taller certificado: se mide resistencia de aislamiento con megohmetro entre carcasa de motor electrico y devanado de traccion obteniendo 0.28 Megaohmios a 500V. DTC P0AA6 y P0A1B activos, requiriendo reemplazo o rebobinado del motor.",TECNICO,TALLER_MEGOHMETRO,"aislamiento_0_28_mohm_500v, dtc_p0aa6, dtc_p0a1b",falla_aislamiento_cableado_12v,"P0AA6, P0A1B",NO,NO,,SINTETICO_IA,L3 megohmetro motor traccion P0AA6 P0A1B
F10-L09-0159,G-09-50-39,Fallo en inversor de corriente IGBT o motor electrico (EV),ELECTRICO,L3,"Analisis de fallas en convertidor de traccion: transistores SiC MOSFET del inversor registran resistencia inversa de 0.8 Ohm entre drenador y fuente, confirmando perforacion dielectrica por sobretension transitoria en desaceleracion regenerativa brusca.",TECNICO,TALLER_BANCO,"perforacion_dielectrica_sic_mosfet, resistencia_0_8_ohm",falla_calipers_freno,,NO,SI,Falla en sistema de frenado regenerativo (EV / Hibridos),SINTETICO_IA,L3 ruptura de transistores SiC en frenado
F10-L09-0160,G-09-50-40,Fallo en inversor de corriente IGBT o motor electrico (EV),ELECTRICO,L3,Evaluacion de etapa de potencia de vehiculo hibrido: circuito inversor de MG2 presenta diodo de retorno antiparalelo quemado en circuito abierto; al solicitar traccion electrica se genera arco interno en modulo de potencia y activacion inmediata de interlock.,TECNICO,TALLER_BANCO,"diodo_antiparalelo_abierto, disparo_interlock",falla_motor_combustion,,NO,NO,,SINTETICO_IA,L3 diodo de libre circulacion abierto
F10-L09-0161,G-09-51-01,Foco o falla en sistema de refrigeracion de bateria/inversor (EV),ELECTRICO,L1,El ventilador del carro hibrido suena fuertisimo atras todo el tiempo.,COLOQUIAL,EN_MARCHA,"ventilador_ruidoso, zumbido_trasero",NO_REPORTA,,SI,NO,,SINTETICO_IA,L1 ventilador ruidoso hibrido
F10-L09-0162,G-09-51-02,Foco o falla en sistema de refrigeracion de bateria/inversor (EV),ELECTRICO,L1,Se prendio un foco de temperatura en mi carro hibrido y pierde fuerza.,COLOQUIAL,EN_MARCHA,"foco_temperatura, perdida_fuerza",NO_REPORTA,,SI,NO,,SINTETICO_IA,L1 foco temperatura hibrido
F10-L09-0163,G-09-51-03,Foco o falla en sistema de refrigeracion de bateria/inversor (EV),ELECTRICO,L1,Me salio una alerta de sobrecalentamiento del sistema electrico.,COLOQUIAL,EN_MARCHA,alerta_sobrecalentamiento,NO_REPORTA,,SI,NO,,SINTETICO_IA,L1 sobrecalentamiento generico EV
F10-L09-0164,G-09-51-04,Foco o falla en sistema de refrigeracion de bateria/inversor (EV),ELECTRICO,L1,El auto electrico no quiere cargar rapido porque dice que esta caliente.,COLOQUIAL,CARGA_DETENIDO,"carga_rechazada, temperatura_alta",NO_REPORTA,,SI,NO,,SINTETICO_IA,L1 temperatura en carga EV
F10-L09-0165,G-09-51-05,Foco o falla en sistema de refrigeracion de bateria/inversor (EV),ELECTRICO,L1,Siento que el ventilador de la bateria no se apaga nunca.,COLOQUIAL,CONTACTO,ventilador_continuo,NO_REPORTA,,SI,NO,,SINTETICO_IA,L1 ventilador encendido permanente
F10-L09-0166,G-09-51-06,Foco o falla en sistema de refrigeracion de bateria/inversor (EV),ELECTRICO,L1,Aparece un mensaje de revisar refrigeracion en el tablero del EV.,COLOQUIAL,CONTACTO,aviso_revisar_refrigeracion,NO_REPORTA,,SI,NO,,SINTETICO_IA,L1 mensaje aviso refrigeracion EV
F10-L09-0167,G-09-51-07,Foco o falla en sistema de refrigeracion de bateria/inversor (EV),ELECTRICO,L1,El carro electrico huele a caliente por la zona delantera y baja la potencia.,COLOQUIAL,EN_MARCHA,"olor_caliente, reduccion_potencia",NO_REPORTA,,SI,NO,,SINTETICO_IA,L1 olor calor y corte potencia
F10-L09-0168,G-09-51-08,Foco o falla en sistema de refrigeracion de bateria/inversor (EV),ELECTRICO,L1,Se escucha un zumbido forzado de soplador bajo los asientos traseros.,COLOQUIAL,EN_MARCHA,"zumbido_soplador, ruido_trasero",NO_REPORTA,,SI,NO,,SINTETICO_IA,L1 soplador trasero forzado
F10-L09-0169,G-09-51-09,Foco o falla en sistema de refrigeracion de bateria/inversor (EV),ELECTRICO,L1,En el tablero me marca aviso de temperatura alta en bateria de traccion.,TECNICO,CONTACTO,temperatura_alta_bateria,NO_REPORTA,,SI,NO,,SINTETICO_IA,L1 aviso temperatura bateria
F10-L09-0170,G-09-51-10,Foco o falla en sistema de refrigeracion de bateria/inversor (EV),ELECTRICO,L1,El liquido de enfriamiento del sistema electrico esta hirviendo.,COLOQUIAL,DETENIDO_RALENTI,"liquido_hirviendo, burbujeo",NO_REPORTA,,SI,NO,,SINTETICO_IA,L1 ebullicion refrigerante electrico
F10-L09-0171,G-09-51-11,Foco o falla en sistema de refrigeracion de bateria/inversor (EV),ELECTRICO,L2,"En vehiculo hibrido con refrigeracion por aire en paquete de bateria NiMH, la turbina de enfriamiento trasera funciona a maxima velocidad constante y el tablero advierte reduccion de potencia tras circular 20 minutos en calor.",TECNICO,MARCHA_URBANA_CALOR,"turbina_maxima_velocidad, reduccion_potencia_hibrido",degradacion_celdas_quimica,,NO,SI,Degradacion o falla en paquete de bateria de alto voltaje (EV / Hibridos),SINTETICO_IA,L2 refrigeracion aire vs fallo celdas
F10-L09-0172,G-09-51-12,Foco o falla en sistema de refrigeracion de bateria/inversor (EV),ELECTRICO,L2,Al circular por autopista en dia caluroso el vehiculo electrico reduce potencia a la mitad; el deposito de refrigerante del circuito del inversor no muestra turbulencia ni flujo circulante.,TECNICO,CARRETERA_CALOR,"deposito_sin_flujo, reduccion_potencia",dano_igbt_inversor,,NO,SI,Fallo en inversor de corriente IGBT o motor electrico (EV),SINTETICO_IA,L2 falta de flujo refrigerante vs fallo IGBT
F10-L09-0173,G-09-51-13,Foco o falla en sistema de refrigeracion de bateria/inversor (EV),ELECTRICO,L2,Aparece testigo de falla en sistema hibrido con codigo P0A93 en escaner; el circuito de enfriamiento del inversor no mueve liquido y el deposito auxiliar se calienta en exceso.,TECNICO,MARCHA_URBANA,"dtc_p0a93, sin_flujo_refrigerante_inversor",falla_motor_combustion,P0A93,NO,NO,,SINTETICO_IA,L2 DTC P0A93 bomba inversor
F10-L09-0174,G-09-51-14,Foco o falla en sistema de refrigeracion de bateria/inversor (EV),ELECTRICO,L2,La rejilla de toma de aire del ventilador de bateria de traccion bajo el asiento trasero estaba tapada con polvo y pelos de mascota; el ventilador vibra atorado y salta alerta termica.,COLOQUIAL,EN_MARCHA,"rejilla_tapada_polvo, ventilador_atorado, alerta_termica",dano_modulo_bateria,,NO,SI,Degradacion o falla en paquete de bateria de alto voltaje (EV / Hibridos),SINTETICO_IA,L2 obstruccion aire vs dano quimico
F10-L09-0175,G-09-51-15,Foco o falla en sistema de refrigeracion de bateria/inversor (EV),ELECTRICO,L2,En subidas prolongadas el inversor se sobrecalienta y enciende foco de temperatura; la bomba electrica de refrigerante de la unidad de control de potencia no se activa.,TECNICO,SUBIDA_PROLONGADA,"sobrecalentamiento_inversor, bomba_electrica_inoperante",falla_motor_traccion,,NO,SI,Fallo en inversor de corriente IGBT o motor electrico (EV),SINTETICO_IA,L2 bomba inoperante vs fallo motor EV
F10-L09-0176,G-09-51-16,Foco o falla en sistema de refrigeracion de bateria/inversor (EV),ELECTRICO,L2,"El escaner arroja codigo P0A82 indicando problema de rendimiento en ventilador de enfriamiento 1 del paquete de bateria hibrida, operando de forma intermitente.",TECNICO,CONTACTO,"dtc_p0a82, ventilador_bateria_intermitente",desbalance_de_celdas,P0A82,NO,NO,,SINTETICO_IA,L2 DTC P0A82 ventilador paquete
F10-L09-0177,G-09-51-17,Foco o falla en sistema de refrigeracion de bateria/inversor (EV),ELECTRICO,L2,Vehiculo 100% electrico cancela la recarga rapida en corriente continua DC a los 10 minutos debido a que el circuito chiller de refrigeracion liquida de bateria no logra abatir la temperatura.,TECNICO,CARGA_RAPIDA_DC,"carga_dc_cancelada, sobretemperatura_bateria, chiller_inoperante",falla_estacion_carga,,NO,SI,Degradacion o falla en paquete de bateria de alto voltaje (EV / Hibridos),SINTETICO_IA,L2 enfriamiento carga DC vs estado bateria
F10-L09-0178,G-09-51-18,Foco o falla en sistema de refrigeracion de bateria/inversor (EV),ELECTRICO,L2,El deposito de refrigerante rosado exclusivo del inversor de potencia esta vacio por fuga en abrazadera inferior; se enciende aviso de parada segura por alta temperatura de electronica.,TECNICO,DETENIDO_REVISION,"deposito_vacio_fuga, aviso_parada_segura",falla_refrigerante_motor_termico,,NO,NO,,SINTETICO_IA,L2 fuga de refrigerante de inversor
F10-L09-0179,G-09-51-19,Foco o falla en sistema de refrigeracion de bateria/inversor (EV),ELECTRICO,L2,Durante el frenado regenerativo intenso en descenso de montana la temperatura del inversor se dispara a zona roja por falta de enfriamiento en el radiador auxiliar.,TECNICO,DESCENSO_MONTANA,"alta_temperatura_inversor, radiador_auxiliar_inoperante",desgaste_pastillas_freno,,NO,SI,Falla en sistema de frenado regenerativo (EV / Hibridos),SINTETICO_IA,L2 enfriamiento vs frenos regenerativos
F10-L09-0180,G-09-51-20,Foco o falla en sistema de refrigeracion de bateria/inversor (EV),ELECTRICO,L2,El ventilador soplador centrifugo de la bateria de alto voltaje hace ruido de roce mecanico con sus aspas y no entrega caudal de aire suficiente hacia los modulos centrales.,TECNICO,EN_MARCHA,"roce_mecanico_aspas, bajo_caudal_aire",falla_quimica_bateria,,NO,NO,,SINTETICO_IA,L2 soplador centrifugo con roce
F10-L09-0181,G-09-51-21,Foco o falla en sistema de refrigeracion de bateria/inversor (EV),ELECTRICO,L2,Se registra codigo P0A93 tras conducir 15 minutos en ciudad; el motor electrico y la transmision operan normalmente pero el inversor alcanza el limite termico por bomba trabada.,TECNICO,MARCHA_URBANA,"dtc_p0a93, limite_termico_inversor, bomba_trabada",dano_igbt_interno,P0A93,NO,SI,Fallo en inversor de corriente IGBT o motor electrico (EV),SINTETICO_IA,L2 P0A93 bomba trabada vs dano IGBT
F10-L09-0182,G-09-51-22,Foco o falla en sistema de refrigeracion de bateria/inversor (EV),ELECTRICO,L2,"El sistema termico del paquete de bateria de litio no activa la valvula de tres vias del circuito refrigerante, reteniendo calor en el nucleo central de celdas.",TECNICO,CARRETERA,"valvula_3_vias_trabada, retencion_calor_celdas",falla_modulo_bms,,NO,NO,,SINTETICO_IA,L2 electrovalvula termica de bateria
F10-L09-0183,G-09-51-23,Foco o falla en sistema de refrigeracion de bateria/inversor (EV),ELECTRICO,L2,Auto hibrido desactiva el modo electrico y enciende testigo maestro; el sensor de temperatura en la entrada del ducto de aire de la bateria marca 48°C con flujo de aire bloqueado.,TECNICO,EN_MARCHA,"modo_electrico_desactivado, ducto_bloqueado, 48c",bateria_agotada,,NO,SI,Degradacion o falla en paquete de bateria de alto voltaje (EV / Hibridos),SINTETICO_IA,L2 flujo aire bloqueado vs bateria agotada
F10-L09-0184,G-09-51-24,Foco o falla en sistema de refrigeracion de bateria/inversor (EV),ELECTRICO,L2,Bomba electrica de agua de 12V dedicada al enfriamiento del inversor y convertidor boost emite chillido intermitente y se detiene repentinamente al calentarse.,TECNICO,RALENTI_CONTACTO,"chillido_bomba_inversor, detencion_termica",bomba_agua_motor_termico,,NO,NO,,SINTETICO_IA,L2 bomba 12V enfriamiento inversor
F10-L09-0185,G-09-51-25,Foco o falla en sistema de refrigeracion de bateria/inversor (EV),ELECTRICO,L2,El paquete de bateria HV retiene 85% de capacidad util pero en dias calurosos el sistema recorta el paso de corriente debido a falta de disipacion en su circuito termico.,TECNICO,CALOR_AMBIENTE,"recorte_corriente_calor, disipacion_deficiente",degradacion_soh_bateria,,NO,SI,Degradacion o falla en paquete de bateria de alto voltaje (EV / Hibridos),SINTETICO_IA,L2 disipacion deficiente vs degradacion SOH
F10-L09-0186,G-09-51-26,Foco o falla en sistema de refrigeracion de bateria/inversor (EV),ELECTRICO,L3,"Diagnostico de sistema termico en taller especializado: escaneo OBD arroja DTC P0A93 (Inverter Cooling System Performance). Con ignicion en ON, la bomba de refrigerante del inversor consume 0.0A por circuito abierto en inducido; temperatura de refrigerante de inversor alcanza 88°C con motor termico frio a 35°C.",TECNICO,TALLER_MEDICION,"dtc_p0a93, bomba_0_0a_abierta, temp_inversor_88c",falla_termostato_motor_combustion,P0A93,NO,SI,Fallo en inversor de corriente IGBT o motor electrico (EV),SINTETICO_IA,L3 bomba inversor abierta P0A93 temp 88C
F10-L09-0187,G-09-51-27,Foco o falla en sistema de refrigeracion de bateria/inversor (EV),ELECTRICO,L3,"Monitoreo de datos en vivo de BMS en vehiculo hibrido refrigerado por aire: termistores de modulo central marcan 56°C (umbral maximo seguro 45°C). Comando de activacion de ventilador al 100% de PWM desde escaner registra turbina girando a solo 620 RPM por obstruccion severa de pelusa en ducto de admision, generando DTC P0A82.",TECNICO,TALLER_SCANNER,"termistores_56c, ventilador_620rpm_obstruido, dtc_p0a82",degradacion_irreversible_bateria,P0A82,NO,SI,Degradacion o falla en paquete de bateria de alto voltaje (EV / Hibridos),SINTETICO_IA,L3 termistores 56C ventilador 620RPM P0A82
F10-L09-0188,G-09-51-28,Foco o falla en sistema de refrigeracion de bateria/inversor (EV),ELECTRICO,L3,Evaluacion de circuito de enfriamiento de inversor: comprobacion de flujo en deposito de expansion revela ausencia total de turbulencia. Medicion de alimentacion en conector de bomba electrica: 12.4V presentes y masa a chasis 0.02 Ohm; rotor de bomba trabado mecanicamente por impurezas en refrigerante OEM.,TECNICO,TALLER_COMPROBACION,"alimentacion_12_4v_ok, rotor_bomba_trabado, sin_turbulencia",falla_cableado_alimentacion,,NO,NO,,SINTETICO_IA,L3 bomba inversor trabada con 12.4V
F10-L09-0189,G-09-51-29,Foco o falla en sistema de refrigeracion de bateria/inversor (EV),ELECTRICO,L3,Prueba de circuito termico de bateria de traccion en EV con refrigeracion liquida: sensor de temperatura de entrada de refrigerante registra 28°C y salida a 52°C. Caudalimetro de lazo termico mide 1.1 L/min frente al valor nominal de 8.5 L/min debido a bloqueo en electrovalvula proporcional de distribucion a celdas.,TECNICO,TALLER_MEDICION,"caudal_1_1_l_min_bloqueado, salto_termico_24c, electrovalvula_trabada",falla_quimica_celdas,,NO,SI,Degradacion o falla en paquete de bateria de alto voltaje (EV / Hibridos),SINTETICO_IA,L3 caudal 1.1 L/min vs 8.5 nominal electrovalvula
F10-L09-0190,G-09-51-30,Foco o falla en sistema de refrigeracion de bateria/inversor (EV),ELECTRICO,L3,"Lectura de parametros en tiempo real durante prueba de ruta: la temperatura de semiconductores IGBT escala de 42°C a 115°C en 90 segundos al acelerar a 80 km/h; conector de retorno de refrigerante frio al tacto, confirmando aire entrampado o purga deficiente en circuito secundario con DTC P0A93.",TECNICO,PRUEBA_RUTA,"temperatura_igbt_115c_90s, aire_en_circuito, dtc_p0a93",dano_modulo_igbt,P0A93,NO,SI,Fallo en inversor de corriente IGBT o motor electrico (EV),SINTETICO_IA,L3 purga deficiente temp 115C P0A93
F10-L09-0191,G-09-51-31,Foco o falla en sistema de refrigeracion de bateria/inversor (EV),ELECTRICO,L3,"Inspeccion con camara termografica en bahia de bateria de alto voltaje: gradiente termico de 22°C entre modulos extremos (32°C) y centrales (54°C). El ducto de escape de aire forzado presenta compuerta de alivio trabada en posicion cerrada, impidiendo ventilacion convectiva.",TECNICO,TALLER_TERMOGRAFIA,"gradiente_termico_22c, compuerta_alivio_trabada, modulos_54c",desbalance_interno_celdas,,NO,SI,Degradacion o falla en paquete de bateria de alto voltaje (EV / Hibridos),SINTETICO_IA,L3 termografia gradiente 22C compuerta cerrada
F10-L09-0192,G-09-51-32,Foco o falla en sistema de refrigeracion de bateria/inversor (EV),ELECTRICO,L3,"Auditoria electrica en conector de soplador de refrigeracion de bateria HV: senal de control PWM de 250 Hz presente con ciclo de trabajo de 85%, pero linea de retorno de tacometro (sensor Hall) permanece en 0 Hz; motor sin escobillas del soplador con bobinado de estator quemado, DTC P0A82.",TECNICO,TALLER_OSCILOSCOPIO,"pwm_85_ok, tacometro_0hz, estator_soplador_quemado, dtc_p0a82",falla_controlador_bms,P0A82,NO,NO,,SINTETICO_IA,L3 soplador PWM 85% tacometro 0Hz P0A82
F10-L09-0193,G-09-51-33,Foco o falla en sistema de refrigeracion de bateria/inversor (EV),ELECTRICO,L3,Prueba de banco de bomba de refrigeracion de modulo de traccion electrica: al aplicar 12V directos la bomba consume corriente anormal de 6.8A (nominal 1.5A-2.2A) produciendo recalentamiento de devanado y disparo del fusible de proteccion de 15A tras 10 segundos de marcha.,TECNICO,TALLER_BANCO,"consumo_anormal_6_8a, fusible_15a_quemado, devanado_recalentado",cortocircuito_en_arnes,,NO,NO,,SINTETICO_IA,L3 sobreconsumo bomba inversor 6.8A
F10-L09-0194,G-09-51-34,Foco o falla en sistema de refrigeracion de bateria/inversor (EV),ELECTRICO,L3,Evaluacion en estacion de carga rapida DC (50 kW): la sesion se interrumpe al llegar a 38% de SOC con codigo de error de sobretemperatura en paquete. Temperatura interna de pack medida por BMS a 58°C por falla en compresor electrico del circuito chiller de refrigeracion liquida.,TECNICO,ESTACION_CARGA,"interrupcion_38_soc, pack_58c, falla_compresor_chiller",falla_quimica_pack,,NO,SI,Degradacion o falla en paquete de bateria de alto voltaje (EV / Hibridos),SINTETICO_IA,L3 corte carga rapida pack 58C chiller
F10-L09-0195,G-09-51-35,Foco o falla en sistema de refrigeracion de bateria/inversor (EV),ELECTRICO,L3,Diagnostico con escaner automotriz en bus hibrido: DTC P0A93 confirmado en historial de fallas; parametros congelados registran temperatura de inversor a 108°C a 2100 RPM con radiador de inversor completamente frio por descebado de bomba y cavitacion en circuito cerrado.,TECNICO,TALLER_SCANNER,"dtc_p0a93, temp_108c_freeze_frame, cavitacion_bomba",falla_propulsion_motor,P0A93,NO,SI,Fallo en inversor de corriente IGBT o motor electrico (EV),SINTETICO_IA,L3 P0A93 cavitacion y radiador frio
F10-L09-0196,G-09-51-36,Foco o falla en sistema de refrigeracion de bateria/inversor (EV),ELECTRICO,L3,"Medicion con multimetro automotriz en sensor de temperatura de refrigerante de inversor (termistor NTC): resistencia medida a 20°C ambiente es 185 kiloohmios (valor fuera de rango segun manual OEM: 2.2 a 2.7 kiloohmios), enviando senal erronea de congelamiento e impidiendo arranque de bomba.",TECNICO,TALLER_MULTIMETRO,"sensor_ntc_185_kohm_descalibrado, lectura_falsa_frio",falla_mecanica_bomba,,NO,NO,,SINTETICO_IA,L3 sensor NTC inversor descalibrado 185k
F10-L09-0197,G-09-51-37,Foco o falla en sistema de refrigeracion de bateria/inversor (EV),ELECTRICO,L3,"Analisis de telemetria termica de pack de litio: la resistencia interna de las celdas esta pareja a 1.2 miliohmios (bateria en optimo estado quimico), pero ante demanda continua de 120A la temperatura sube sin disiparse a razon de 1.8°C/min por radiador de refrigeracion auxiliar obstruido con insectos.",TECNICO,PRUEBA_DINAMOMETRICA,"resistencia_1_2mohm_ok, subida_1_8c_min, radiador_auxiliar_tapado",degradacion_celdas,,NO,SI,Degradacion o falla en paquete de bateria de alto voltaje (EV / Hibridos),SINTETICO_IA,L3 celdas 1.2 mOhm ok disipacion tapada
F10-L09-0198,G-09-51-38,Foco o falla en sistema de refrigeracion de bateria/inversor (EV),ELECTRICO,L3,Verificacion de funcionamiento de electroventilador de radiador de inversor: actuador no responde a test bidireccional desde escaner. Rele de control RLY_INV_FAN con contactos carbonizados presenta caida de tension interna de 8.2V entre terminal 30 y 87.,TECNICO,TALLER_BIDIRECCIONAL,"test_bidireccional_falla, caida_8_2v_contactos_rele",motor_ventilador_quemado,,NO,NO,,SINTETICO_IA,L3 rele electroventilador con caida 8.2V
F10-L09-0199,G-09-51-39,Foco o falla en sistema de refrigeracion de bateria/inversor (EV),ELECTRICO,L3,"Prueba de hermeticidad y presion con manometro en circuito de refrigerante de alta tension: presion cae de 1.2 bar a 0.2 bar en 3 minutos. Se localiza fisura en manguera de retorno de placa disipadora del inversor de corriente, con acumulacion de liquido desionizado en bandeja inferior.",TECNICO,TALLER_PRESION,"perdida_presion_1_2_a_0_2bar, fisura_manguera_retorno",fuga_aceite_transmision,,NO,NO,,SINTETICO_IA,L3 prueba presion circuito desionizado
F10-L09-0200,G-09-51-40,Foco o falla en sistema de refrigeracion de bateria/inversor (EV),ELECTRICO,L3,Control de soplador centrifugo de bateria NiMH: desmontaje de turbina revela 140 gramos de pelusa compactada entre los alabes; con canal despejado el consumo electrico del motor baja de 4.1A a 1.6A y la temperatura de celdas disminuye de 52°C a 34°C en 8 minutos de marcha urbana.,TECNICO,TALLER_MANTENIMIENTO,"pelusa_compactada_turbina, consumo_baja_4_1_a_1_6a, delta_temp_18c",falla_pack_baterias,,NO,SI,Degradacion o falla en paquete de bateria de alto voltaje (EV / Hibridos),SINTETICO_IA,L3 mantenimiento turbina soplador NiMH
F10-L09-0201,G-09-52-01,Falla en motor de arranque o solenoide defectuoso (clac seco o carbones gastados),ELECTRICO,L1,Giro la llave para encender el auto y no hace nada de nada.,COLOQUIAL,INTENTO_ARRANQUE,"sin_arranque, silencio_total",NO_REPORTA,,SI,NO,,SINTETICO_IA,L1 no hace nada al dar llave
F10-L09-0202,G-09-52-02,Falla en motor de arranque o solenoide defectuoso (clac seco o carbones gastados),ELECTRICO,L1,Le doy marcha y solo se escucha un clac seco debajo del motor.,COLOQUIAL,INTENTO_ARRANQUE,"clac_seco, no_gira",NO_REPORTA,,SI,NO,,SINTETICO_IA,L1 clac seco bajo el motor
F10-L09-0203,G-09-52-03,Falla en motor de arranque o solenoide defectuoso (clac seco o carbones gastados),ELECTRICO,L1,El carro no quiere dar arranque hoy en la manana.,COLOQUIAL,ARRANQUE_FRIO,no_da_arranque,NO_REPORTA,,SI,NO,,SINTETICO_IA,L1 no da arranque en la manana
F10-L09-0204,G-09-52-04,Falla en motor de arranque o solenoide defectuoso (clac seco o carbones gastados),ELECTRICO,L1,Pongo la llave en posicion de arranque y el motor ni se entera.,COLOQUIAL,INTENTO_ARRANQUE,sin_giro_motor,NO_REPORTA,,SI,NO,,SINTETICO_IA,L1 motor no responde a llave
F10-L09-0205,G-09-52-05,Falla en motor de arranque o solenoide defectuoso (clac seco o carbones gastados),ELECTRICO,L1,A veces enciende a la primera y a veces le doy a la llave diez veces hasta que arranca.,COLOQUIAL,INTENTO_ARRANQUE,"arranque_intermitente, multiples_intentos",NO_REPORTA,,SI,NO,,SINTETICO_IA,L1 intermitencia en llavazos
F10-L09-0206,G-09-52-06,Falla en motor de arranque o solenoide defectuoso (clac seco o carbones gastados),ELECTRICO,L1,Presiono el boton de encendido y no gira el motor.,COLOQUIAL,INTENTO_ARRANQUE,"no_gira_motor, pulsador_start",NO_REPORTA,,SI,NO,,SINTETICO_IA,L1 boton start no gira motor
F10-L09-0207,G-09-52-07,Falla en motor de arranque o solenoide defectuoso (clac seco o carbones gastados),ELECTRICO,L1,Se escucha un golpe metalico unico al intentar prenderlo pero no gira.,COLOQUIAL,INTENTO_ARRANQUE,"golpe_metalico_unico, sin_giro",NO_REPORTA,,SI,NO,,SINTETICO_IA,L1 golpe metalico unico
F10-L09-0208,G-09-52-08,Falla en motor de arranque o solenoide defectuoso (clac seco o carbones gastados),ELECTRICO,L1,El motor de mi camioneta no hace ningun intento por girar.,COLOQUIAL,INTENTO_ARRANQUE,sin_intento_giro,NO_REPORTA,,SI,NO,,SINTETICO_IA,L1 sin intento de rotacion
F10-L09-0209,G-09-52-09,Falla en motor de arranque o solenoide defectuoso (clac seco o carbones gastados),ELECTRICO,L1,"Le doy encendido, suena un clic y todo queda en silencio.",COLOQUIAL,INTENTO_ARRANQUE,"clic_solenoide, silencio",NO_REPORTA,,SI,NO,,SINTETICO_IA,L1 clic y silencio
F10-L09-0210,G-09-52-10,Falla en motor de arranque o solenoide defectuoso (clac seco o carbones gastados),ELECTRICO,L1,Para que prenda tengo que darle varios llavazos seguidos.,COLOQUIAL,INTENTO_ARRANQUE,"insistencia_llave, arranque_dificil",NO_REPORTA,,SI,NO,,SINTETICO_IA,L1 insistencia de varios llavazos
F10-L09-0211,G-09-52-11,Falla en motor de arranque o solenoide defectuoso (clac seco o carbones gastados),ELECTRICO,L2,"Pongo contacto, las luces del tablero encienden con buen brillo, pero al girar la llave a start solo se escucha un clac metalico seco y el ciguenal no gira absolutamente nada.",COLOQUIAL,INTENTO_ARRANQUE,"clac_metalico_seco, luces_tablero_brillantes, no_crank","luces_tenues, traqueteo_bateria",,NO,SI,Bateria descargada o bornes sulfatados,SINTETICO_IA,L2 no-crank con luces buenas vs bateria
F10-L09-0212,G-09-52-12,Falla en motor de arranque o solenoide defectuoso (clac seco o carbones gastados),ELECTRICO,L2,"El motor no gira en lo absoluto (no-crank); no es que gire rapido y no encienda como cuando falla el sensor de ciguenal CKP, aqui el motor de arranque esta completamente mudo.",TECNICO,INTENTO_ARRANQUE,"no_crank_absoluto, arrancador_mudo",crank_normal_no_start,,NO,SI,Falla en sensor de posicion de cigueñal (CKP) o arbol de levas (CMP),SINTETICO_IA,L2 NO-CRANK estricto vs CKP crank-no-start
F10-L09-0213,G-09-52-13,Falla en motor de arranque o solenoide defectuoso (clac seco o carbones gastados),ELECTRICO,L2,"Al presionar el boton start se escucha un zumbido electrico rapido pero el motor de combustion no se mueve, el bendix patina sin engranar en la corona dentada del volante.",TECNICO,INTENTO_ARRANQUE,"bendix_patina, zumbido_rapido, ciguenal_inmovil",traba_mecanica_motor,,NO,NO,,SINTETICO_IA,L2 bendix patinando en vacio
F10-L09-0214,G-09-52-14,Falla en motor de arranque o solenoide defectuoso (clac seco o carbones gastados),ELECTRICO,L2,"La bateria tiene carga suficiente y las luces altas alumbran perfecto, pero al dar marcha el solenoide hace un solo chasquido y no se produce giro de arranque.",COLOQUIAL,INTENTO_ARRANQUE,"luces_altas_fuertes, solo_un_chasquido, sin_giro",bateria_muerta,,NO,SI,Bateria descargada o bornes sulfatados,SINTETICO_IA,L2 bateria fuerte chasquido unico vs bateria
F10-L09-0215,G-09-52-15,Falla en motor de arranque o solenoide defectuoso (clac seco o carbones gastados),ELECTRICO,L2,"Falla intermitente en arranque en caliente: tras apagar el auto luego de viajar, le doy arranque y no gira; tras golpear suavemente el cuerpo del motor de arranque con una llave enciende al instante.",COLOQUIAL,ARRANQUE_CALIENTE,"no_gira_en_caliente, arranca_al_golpear_cuerpo",falla_bomba_gasolina,,NO,NO,,SINTETICO_IA,L2 carbones pegados arrancan con golpe
F10-L09-0216,G-09-52-16,Falla en motor de arranque o solenoide defectuoso (clac seco o carbones gastados),ELECTRICO,L2,"Al accionar la llave no hay traqueteo rapido de bateria descargada; se oye un unico 'tac' en el solenoide y el voltimetro del tablero apenas baja, motor completamente inmovil.",TECNICO,INTENTO_ARRANQUE,"tac_unico_solenoide, voltimetro_estable, no_crank",traqueteo_ametralladora_reles,,NO,SI,Bateria descargada o bornes sulfatados,SINTETICO_IA,L2 tac unico sin traqueteo rapido vs 48
F10-L09-0217,G-09-52-17,Falla en motor de arranque o solenoide defectuoso (clac seco o carbones gastados),ELECTRICO,L2,"El auto se apago y ahora al dar marcha se escucha el rele bajo el volante pero el motor de arranque no emite ningun sonido, motor termico totalmente detenido sin girar.",COLOQUIAL,INTENTO_ARRANQUE,"rele_activa, arrancador_sin_sonido, sin_giro",giro_normal_sin_encendido,,NO,SI,Falla en sensor de posicion de cigueñal (CKP) o arbol de levas (CMP),SINTETICO_IA,L2 arrancador mudo vs falla CKP giro normal
F10-L09-0218,G-09-52-18,Falla en motor de arranque o solenoide defectuoso (clac seco o carbones gastados),ELECTRICO,L2,Se conecta escaner y se observa codigo P0615 por circuito de rele de motor de arranque abierto; al puentear manualmente el conector el motor de arranque no reacciona.,TECNICO,TALLER_REVISION,"dtc_p0615, puente_sin_reaccion",falla_sensor_ckp,P0615,NO,NO,,SINTETICO_IA,L2 DTC P0615 circuito rele arranque
F10-L09-0219,G-09-52-19,Falla en motor de arranque o solenoide defectuoso (clac seco o carbones gastados),ELECTRICO,L2,"El vehiculo no da arranque por llave; la bateria es completamente nueva y el alternador cargaba a 14.1V antes de apagarlo, pero el arrancador quedo trabado sin girar.",TECNICO,INTENTO_ARRANQUE,"bateria_nueva, alternador_cargaba_14_1v, arrancador_trabado",falla_carga_alternador,,NO,SI,Alternador defectuoso o placa de diodos quemada,SINTETICO_IA,L2 alternador ok bateria ok vs 47
F10-L09-0220,G-09-52-20,Falla en motor de arranque o solenoide defectuoso (clac seco o carbones gastados),ELECTRICO,L2,"Girando la llave a posicion de marcha el tablero no se apaga ni titilan los testigos, pero el motor no gira ni medio milimetro; el solenoide no empuja la horquilla.",COLOQUIAL,INTENTO_ARRANQUE,"tablero_no_parpadea, sin_giro_motor, solenoide_no_desplaza",luces_muertas,,NO,SI,Bateria descargada o bornes sulfatados,SINTETICO_IA,L2 tablero no colapsa vs bateria baja
F10-L09-0221,G-09-52-21,Falla en motor de arranque o solenoide defectuoso (clac seco o carbones gastados),ELECTRICO,L2,"El vehiculo quedo varado: el conductor intento encenderlo y tras un clic seco no hubo respuesta; se intento puente con cables pasa-corriente y el comportamiento fue exactamente identico, motor inmovil.",COLOQUIAL,INTENTO_ARRANQUE,"puente_con_cables_mismo_fallo, clic_seco, motor_inmovil",arranca_con_cables,,NO,SI,Bateria descargada o bornes sulfatados,SINTETICO_IA,L2 cables auxilio no resuelven vs bateria
F10-L09-0222,G-09-52-22,Falla en motor de arranque o solenoide defectuoso (clac seco o carbones gastados),ELECTRICO,L2,"Al dar encendido el motor de arranque gira a altas revoluciones en vacio emitiendo un zumbido agudo continuo, sin acoplar el pinon a la corona del volante motor.",TECNICO,INTENTO_ARRANQUE,"arranque_gira_en_vacio, zumbido_agudo, sin_acople_corona",motor_girando_con_compresion,,NO,NO,,SINTETICO_IA,L2 bendix no engrana horquilla o resorte
F10-L09-0223,G-09-52-23,Falla en motor de arranque o solenoide defectuoso (clac seco o carbones gastados),ELECTRICO,L2,"Arranque intermitente en frio: hace cinco intentos con clac seco sin giro de ciguenal, y en el sexto intento gira con fuerza y arranca de inmediato, sintoma clasico de carbones en su limite.",COLOQUIAL,ARRANQUE_FRIO,"clac_sin_giro_5_veces, arranca_con_fuerza_despues",bateria_agotandose,,NO,NO,,SINTETICO_IA,L2 carbones en limite con contacto intermitente
F10-L09-0224,G-09-52-24,Falla en motor de arranque o solenoide defectuoso (clac seco o carbones gastados),ELECTRICO,L2,"Diferencia de sintoma clara: cuando fallo el sensor CKP el motor giraba alegremente pero no arrancaba; ahora al girar la llave hay silencio total en el vano motor, no-crank total.",TECNICO,INTENTO_ARRANQUE,"silencio_total, no_crank_total",crank_normal_sin_chispa,,NO,SI,Falla en sensor de posicion de cigueñal (CKP) o arbol de levas (CMP),SINTETICO_IA,L2 contraste explicito silencio vs CKP
F10-L09-0225,G-09-52-25,Falla en motor de arranque o solenoide defectuoso (clac seco o carbones gastados),ELECTRICO,L2,"En vehiculo con transmision manual, empujandolo en segunda velocidad arranca al instante con compresion normal, pero por llave el motor de arranque no gira.",COLOQUIAL,ARRANQUE_EMPUJE,"arranca_al_empujar, no_gira_por_llave","falla_distribucion, falla_inyeccion",,NO,NO,,SINTETICO_IA,L2 arranca empujado vs motor trabado
F10-L09-0226,G-09-52-26,Falla en motor de arranque o solenoide defectuoso (clac seco o carbones gastados),ELECTRICO,L3,"Diagnostico de condicion NO-CRANK en taller automotriz: bateria en reposo marca 12.65V. Al accionar llave a START, se miden 12.2V en borne de control Terminal 50 del solenoide, pero en borne de salida Terminal M hacia carbones hay 0.0V con caida de tension de 12.1V entre contactos principales del solenoide por pletina interna fogueada.",TECNICO,TALLER_VOLTIMETRO,"no_crank, terminal_50_12_2v, terminal_m_0v, caida_pletina_12_1v",bateria_descargada,,NO,SI,Bateria descargada o bornes sulfatados,SINTETICO_IA,L3 caida de tension en pletina de solenoide
F10-L09-0227,G-09-52-27,Falla en motor de arranque o solenoide defectuoso (clac seco o carbones gastados),ELECTRICO,L3,Prueba de caida de tension en circuito de arranque: entre poste positivo de bateria y borne Terminal 30 del arrancador se registra caida de solo 0.08V. Al dar arranque la bateria cae a 12.35V (sin consumo de corriente motriz) y la pinza amperimetrica marca 1.2A correspondientes unicamente a bobina de solenoide; carbones positivos gastados sin contacto en conmutador.,TECNICO,TALLER_AMPERIMETRO,"caida_borne_30_0_08v, consumo_1_2a_solo_solenoide, carbones_gastados",consumo_arranque_200a,,NO,NO,,SINTETICO_IA,L3 solo consumo de solenoide 1.2A carbones abiertos
F10-L09-0228,G-09-52-28,Falla en motor de arranque o solenoide defectuoso (clac seco o carbones gastados),ELECTRICO,L3,"Verificacion de condicion de no arranque mecanico: el ciguenal gira libremente con palanca de fuerza en perno de polea (sin traba mecanica de motor). Al girar llave a marcha, el inducido del motor de arranque no rota a pesar de recibir 12.4V en terminales 30 y 50; desmontaje confirma colector del inducido fogueado y resortes de carbones vencidos.",TECNICO,TALLER_MECANICO,"ciguenal_gira_manual_libre, terminal_30_y_50_12_4v, colector_fogueado",motor_fundido_o_amarrado,,NO,NO,,SINTETICO_IA,L3 descarte de traba mecanica de motor
F10-L09-0229,G-09-52-29,Falla en motor de arranque o solenoide defectuoso (clac seco o carbones gastados),ELECTRICO,L3,Analisis de corriente con pinza amperimetrica osciloscopica en cable de alimentacion principal: pico de corriente transitoria al dar marcha es de 0 amperios mas alla de los 8A de activacion de bobina retenedora del automatico. Diagnostico confirma escobillas totalmente desgastadas con separacion fisica respecto a delgas.,TECNICO,TALLER_OSCILOSCOPIO,"corriente_motriz_0a, pulso_solenoide_8a, escobillas_separadas",sobreconsumo_por_corto,,NO,SI,Bateria descargada o bornes sulfatados,SINTETICO_IA,L3 corriente motriz 0A con pinza osciloscopica
F10-L09-0230,G-09-52-30,Falla en motor de arranque o solenoide defectuoso (clac seco o carbones gastados),ELECTRICO,L3,"Diferenciacion tecnica estricta frente a falla de bateria: la bateria arroja 12.72V de circuito abierto y entrega 620 CCA en probador digital Midtronics (estado de salud 98%). Al conmutar contacto a arranque, la tension de bateria solo desciende a 12.40V con un unico chasquido metalico en el solenoide y 0 RPM de giro en ciguenal.",TECNICO,TALLER_MIDTRONICS,"bateria_12_72v_620cca_98soh, tension_cae_a_12_40v, chasquido_unico_0rpm",bateria_en_mal_estado,,NO,SI,Bateria descargada o bornes sulfatados,SINTETICO_IA,L3 Midtronics 98% SOH descarte total bateria
F10-L09-0231,G-09-52-31,Falla en motor de arranque o solenoide defectuoso (clac seco o carbones gastados),ELECTRICO,L3,"Caso contrastivo frente a sensor CKP: con escaner conectado se verifica estado de arranque en datos en vivo: senal 'Starter Relay Command' activa en ON, pero RPM de motor permanece en 0 RPM fijas por inmovilidad fisica de arrancador. En falla de CKP el motor gira a 220-280 RPM por marcha pero no sincroniza inyeccion.",TECNICO,TALLER_SCANNER,"starter_relay_on, motor_0_rpm, inmovilidad_arrancador",giro_250_rpm_sin_arranque,,NO,SI,Falla en sensor de posicion de cigueñal (CKP) o arbol de levas (CMP),SINTETICO_IA,L3 0 RPM arranque vs 250 RPM giro en CKP
F10-L09-0232,G-09-52-32,Falla en motor de arranque o solenoide defectuoso (clac seco o carbones gastados),ELECTRICO,L3,Prueba de alimentacion y masa en motor de arranque: caida de tension en linea de masa entre carcasa de arrancador y borne negativo de bateria es de 0.04V durante intento de encendido. Terminal 50 recibe 11.9V bajo carga pero el embolo del solenoide se traba mecanicamente a mitad de carrera sin empujar horquilla ni cerrar contactos.,TECNICO,TALLER_CAIDA_TENSION,"caida_masa_0_04v_ok, term50_11_9v, embolo_solenoide_trabado",masa_deficiente,,NO,NO,,SINTETICO_IA,L3 embolo trabado con masa perfecta 0.04V
F10-L09-0233,G-09-52-33,Falla en motor de arranque o solenoide defectuoso (clac seco o carbones gastados),ELECTRICO,L3,"Escaneo electronico y mediciones: DTC P0615 (Starter Relay Circuit) almacenado en BCM; prueba de continuidad en rele de arranque confirma circuito de control integro, pero medicion de resistencia en bobina de atraccion del solenoide marca infinito (circuito abierto por hilo fundido en borne de conexion).",TECNICO,TALLER_SCANNER,"dtc_p0615, bobina_atraccion_infinita_abierta",falla_rele_bcm,P0615,NO,NO,,SINTETICO_IA,L3 bobina atraccion abierta DTC P0615
F10-L09-0234,G-09-52-34,Falla en motor de arranque o solenoide defectuoso (clac seco o carbones gastados),ELECTRICO,L3,"Evaluacion en banco de pruebas de arrancador: al aplicar 12V directos con bateria de prueba de 700 CCA, el motor gira a 6500 RPM en vacio pero el pinon de ataque (bendix) patina sobre su embrague unidireccional de rodillos al aplicarle freno mecanico, impidiendo transferir par a la corona del volante.",TECNICO,TALLER_BANCO,"arrancador_6500rpm_vacio, bendix_patina_bajo_freno",carbones_gastados,,NO,NO,,SINTETICO_IA,L3 embrague unidireccional de bendix safado
F10-L09-0235,G-09-52-35,Falla en motor de arranque o solenoide defectuoso (clac seco o carbones gastados),ELECTRICO,L3,Ensayo de rotor trabado en vehiculo: al girar la llave a start se escucha un 'clac' sordo y la tension de bateria se desploma bruscamente de 12.6V a 7.2V con corriente instantanea de 480A sin rotacion de ciguenal; bujes de bronce sinterizado del arrancador desalineados produciendo rozamiento y bloqueo mecanico de inducido contra piezas polares.,TECNICO,TALLER_MEDICION,"caida_a_7_2v, corriente_480a_rotor_trabado, bujes_desalineados",bateria_agotada_en_vacio,,NO,SI,Bateria descargada o bornes sulfatados,SINTETICO_IA,L3 corriente 480A rotor trabado vs bateria seca
F10-L09-0236,G-09-52-36,Falla en motor de arranque o solenoide defectuoso (clac seco o carbones gastados),ELECTRICO,L3,"Diagnostico electrico: vehiculo con alternador operativo a 14.3V antes de falla; bateria con tension de reposo de 12.58V. Al conectar voltimetro entre borne Terminal 50 y masa de motor se comprueba llegada de 12.1V al accionar switch, pero conmutador de arranque presenta delgas del colector carbonizadas en sector de apoyo.",TECNICO,TALLER_VOLTIMETRO,"alternador_14_3v_ok, bateria_12_58v_ok, term50_12_1v, delgas_carbonizadas",alternador_averiado,,NO,SI,Alternador defectuoso o placa de diodos quemada,SINTETICO_IA,L3 alternador y bateria descartados conmutador sucio
F10-L09-0237,G-09-52-37,Falla en motor de arranque o solenoide defectuoso (clac seco o carbones gastados),ELECTRICO,L3,Medicion con osciloscopio automotriz en linea de corriente de arranque: rampa de corriente muestra ausencia de ondulacion caracteristica de compresion de cilindros; consumo constante de solo 11A atribuible unicamente al solenoide sin conexion de la bobina de serie del motor de campo.,TECNICO,TALLER_OSCILOSCOPIO,"sin_ondulacion_compresion, consumo_constante_11a, motor_campo_abierto",falla_compresion_cilindros,,NO,NO,,SINTETICO_IA,L3 oscilograma plano de arranque 11A
F10-L09-0238,G-09-52-38,Falla en motor de arranque o solenoide defectuoso (clac seco o carbones gastados),ELECTRICO,L3,"Prueba en rampa de taller: con llave en contacto se realiza puente directo entre borne positivo directo (Terminal 30) y terminal de excitacion (Terminal 50) con cable de 4 mm2; solo salta chispa pequena de control sin ningun intento de giro del motor de arranque, confirmando falla interna de escobillas.",TECNICO,TALLER_PRUEBA_DIRECTA,"puente_term30_term50_sin_giro, chispa_control, escobillas_internas_danadas",falla_switch_encendido,,NO,NO,,SINTETICO_IA,L3 puente directo 30-50 sin giro
F10-L09-0239,G-09-52-39,Falla en motor de arranque o solenoide defectuoso (clac seco o carbones gastados),ELECTRICO,L3,Desmontaje y metrologia de motor de arranque: medicion con calibrador pie de rey de longitud de carbones de arranque arroja 4.2 mm (limite de servicio OEM minimo 9.5 mm). Los cables flexibles trenzados hacen tope en la guia impidiendo que los resortes presionen el conmutador.,TECNICO,TALLER_METROLOGIA,"carbones_4_2mm_limite_9_5mm, tope_cables_trenzados",desgaste_rotor,,NO,NO,,SINTETICO_IA,L3 metrologia pie de rey carbones 4.2mm
F10-L09-0240,G-09-52-40,Falla en motor de arranque o solenoide defectuoso (clac seco o carbones gastados),ELECTRICO,L3,"Prueba de aislamiento y cortocircuito en bobinado de estator e inducido en inductor Growler: bobina de campo de cuatro polos presenta aislamiento superior a 10 Megaohmios a masa, pero inducido presenta cortocircuito entre delgas 14 y 15 por limaduras de cobre acumuladas en ranuras de mica.",TECNICO,TALLER_GROWLER,"inductor_growler_corto_delgas_14_15, aislamiento_campo_10mohm",falla_solenoide,,NO,NO,,SINTETICO_IA,L3 prueba inductiva en Growler corto inducido
F10-L09-0241,G-09-53-01,Fuga parasita de corriente en reposo (consumo nocturno de bateria),ELECTRICO,L1,Si dejo el carro parado dos dias amanece sin nada de bateria.,COLOQUIAL,ESTACIONADO_PROLONGADO,"descarga_dos_dias, bateria_vacia",NO_REPORTA,,SI,NO,,SINTETICO_IA,L1 descarga tras dos dias parado
F10-L09-0242,G-09-53-02,Fuga parasita de corriente en reposo (consumo nocturno de bateria),ELECTRICO,L1,Todas las mananas tengo que pedir puente para que prenda mi auto.,COLOQUIAL,ARRANQUE_MANANA,"requiere_puente_diario, no_prende_manana",NO_REPORTA,,SI,NO,,SINTETICO_IA,L1 requiere puente cada manana
F10-L09-0243,G-09-53-03,Fuga parasita de corriente en reposo (consumo nocturno de bateria),ELECTRICO,L1,La bateria se me muere sola durante la noche.,COLOQUIAL,REPOSO_NOCTURNO,bateria_muere_noche,NO_REPORTA,,SI,NO,,SINTETICO_IA,L1 bateria se muere de noche
F10-L09-0244,G-09-53-04,Fuga parasita de corriente en reposo (consumo nocturno de bateria),ELECTRICO,L1,Compre bateria nueva la semana pasada y ya se volvio a descargar parada.,COLOQUIAL,ESTACIONADO,bateria_nueva_descargada_parada,NO_REPORTA,,SI,NO,,SINTETICO_IA,L1 bateria nueva descargada parada
F10-L09-0245,G-09-53-05,Fuga parasita de corriente en reposo (consumo nocturno de bateria),ELECTRICO,L1,"Si uso el carro a diario anda bien, pero el lunes despues del fin de semana no prende.",COLOQUIAL,FIN_DE_SEMANA,"falla_tras_fin_de_semana, diario_bien",NO_REPORTA,,SI,NO,,SINTETICO_IA,L1 falla fin de semana uso diario ok
F10-L09-0246,G-09-53-06,Fuga parasita de corriente en reposo (consumo nocturno de bateria),ELECTRICO,L1,Tengo un consumo que me agota la bateria con el motor apagado.,COLOQUIAL,MOTOR_APAGADO,"consumo_motor_apagado, bateria_agotada",NO_REPORTA,,SI,NO,,SINTETICO_IA,L1 consumo con motor apagado
F10-L09-0247,G-09-53-07,Fuga parasita de corriente en reposo (consumo nocturno de bateria),ELECTRICO,L1,El carro amanece totalmente muerto sin luces ni tablero.,COLOQUIAL,ARRANQUE_MANANA,"amanece_muerto, sin_luces_tablero",NO_REPORTA,,SI,NO,,SINTETICO_IA,L1 amanece totalmente muerto
F10-L09-0248,G-09-53-08,Fuga parasita de corriente en reposo (consumo nocturno de bateria),ELECTRICO,L1,Se me descarga la bateria cuando el auto esta estacionado en la cochera.,COLOQUIAL,ESTACIONADO,descarga_en_cochera,NO_REPORTA,,SI,NO,,SINTETICO_IA,L1 descarga estacionado en cochera
F10-L09-0249,G-09-53-09,Fuga parasita de corriente en reposo (consumo nocturno de bateria),ELECTRICO,L1,De noche algo se queda prendido y en la manana no da ni un giro de arranque.,COLOQUIAL,REPOSO_NOCTURNO,"algo_prendido_de_noche, sin_giro_manana",NO_REPORTA,,SI,NO,,SINTETICO_IA,L1 algo encendido de noche
F10-L09-0250,G-09-53-10,Fuga parasita de corriente en reposo (consumo nocturno de bateria),ELECTRICO,L1,Bateria amanece descargada aunque de dia funciona normal.,COLOQUIAL,REPOSO_NOCTURNO,"amanece_descargada, dia_funciona_normal",NO_REPORTA,,SI,NO,,SINTETICO_IA,L1 contraste diario vs noche
F10-L09-0251,G-09-53-11,Fuga parasita de corriente en reposo (consumo nocturno de bateria),ELECTRICO,L2,"El vehiculo funciona impecable todo el dia en ruta, pero al quedar estacionado en la noche por mas de 8 horas, a la manana siguiente la bateria esta en 10.5V y no enciende.",COLOQUIAL,REPOSO_NOCTURNO,"descarga_8_horas_noche, bateria_10_5v, dia_impecable",descarga_en_marcha,,NO,SI,Alternador defectuoso o placa de diodos quemada,SINTETICO_IA,L2 descarga nocturna vs descarga en marcha
F10-L09-0252,G-09-53-12,Fuga parasita de corriente en reposo (consumo nocturno de bateria),ELECTRICO,L2,"La bateria tiene solo tres semanas de comprada y fue probada con densimetro al 100%, pero tras dejar el auto parado de viernes a lunes amanece completamente descargada.",TECNICO,FIN_DE_SEMANA,"bateria_nueva_probada_100, descarga_viernes_a_lunes",bateria_defectuosa_fabrica,,NO,SI,Bateria descargada o bornes sulfatados,SINTETICO_IA,L2 bateria verificada 100% vs bateria danada
F10-L09-0253,G-09-53-13,Fuga parasita de corriente en reposo (consumo nocturno de bateria),ELECTRICO,L2,"Al apagar el motor y cerrar con llave, se nota que la luz interna de la guantera o maletero queda encendida por interruptor descalibrado, drenando la bateria en reposo.",COLOQUIAL,REPOSO_NOCTURNO,"luz_maletero_o_guantera_encendida, drenado_en_reposo",fallo_alternador,,NO,NO,,SINTETICO_IA,L2 luz de maletero/guantera encendida
F10-L09-0254,G-09-53-14,Fuga parasita de corriente en reposo (consumo nocturno de bateria),ELECTRICO,L2,"Se instala radio multimedia aftermarket; durante el dia el alternador mantiene 14.2V de carga en marcha, pero tras apagar el auto la pantalla no entra en modo sleep y vacia la carga en 12 horas.",TECNICO,REPOSO_NOCTURNO,"radio_aftermarket_sin_sleep, vaciado_12_horas, alternador_14_2v_ok",fallo_carga_alternador,,NO,SI,Alternador defectuoso o placa de diodos quemada,SINTETICO_IA,L2 radio aftermarket no duerme vs alternador
F10-L09-0255,G-09-53-15,Fuga parasita de corriente en reposo (consumo nocturno de bateria),ELECTRICO,L2,"Si desconecto el borne negativo durante la noche, al dia siguiente lo conecto y arranca al primer toque con 12.6V, demostrando que la perdida ocurre por consumo del circuito con el auto apagado.",TECNICO,PRUEBA_DESCONEXION,"borne_desconectado_mantiene_carga_12_6v, fuga_circuito_vehiculo",autodescarga_bateria,,NO,SI,Bateria descargada o bornes sulfatados,SINTETICO_IA,L2 prueba borne desconectado vs autodescarga
F10-L09-0256,G-09-53-16,Fuga parasita de corriente en reposo (consumo nocturno de bateria),ELECTRICO,L2,"El cierre centralizado de la puerta del copiloto hace un chasquido ciclico cada 20 segundos con el vehiculo cerrado, impidiendo que los modulos de carroceria pasen a modo reposo.",TECNICO,VEHICULO_BLOQUEADO,"chasquido_ciclico_cierre, modulos_no_duermen, consumo_permanente",falla_mecanica_chapa,,NO,SI,Falla electrica del cierre centralizado o actuador de puerta,SINTETICO_IA,L2 actuador ciclico despierta red vs cierre
F10-L09-0257,G-09-53-17,Fuga parasita de corriente en reposo (consumo nocturno de bateria),ELECTRICO,L2,"Tras apagar el motor y esperar 30 minutos a que duerma la red CAN, se conecta multimetro y se observa un consumo sostenido de 450 miliamperios con todas las luces apagadas.",TECNICO,REPOSO_RED_CAN,"consumo_450ma_reposo, can_dormida, luces_apagadas",consumo_normal_menos_35ma,,NO,NO,,SINTETICO_IA,L2 medicion 450mA en reposo
F10-L09-0258,G-09-53-18,Fuga parasita de corriente en reposo (consumo nocturno de bateria),ELECTRICO,L2,"El alternador carga perfectamente a 14.3V con luces y aire acondicionado encendidos; no hay problema de carga en marcha, la falla es exclusivamente descarga nocturna en estacionamiento.",TECNICO,COMPARACION_OPERACIONAL,"alternador_14_3v_carga_ok, descarga_exclusiva_nocturna",falla_regulador_alternador,,NO,SI,Alternador defectuoso o placa de diodos quemada,SINTETICO_IA,L2 alternador 14.3V perfecto vs alternador
F10-L09-0259,G-09-53-19,Fuga parasita de corriente en reposo (consumo nocturno de bateria),ELECTRICO,L2,"El rele de los faros antiniebla o desempanador trasero queda con sus contactos pegados aun con el interruptor apagado, calentandose levemente en la fusiblera durante la noche.",TECNICO,REPOSO_NOCTURNO,"rele_pegado_caliente_fusiblera, consumo_apagado",cortocircuito_franco,,NO,NO,,SINTETICO_IA,L2 rele pegado templado en reposo
F10-L09-0260,G-09-53-20,Fuga parasita de corriente en reposo (consumo nocturno de bateria),ELECTRICO,L2,"Se cambio bateria pensando que estaba rota, pero la bateria nueva se descargo a cero tras 48 horas de reposo; la bateria anterior estaba en buen estado.",COLOQUIAL,ESTACIONADO_48H,"bateria_nueva_descargada_48h, cambio_bateria_inutil",bateria_danada,,NO,SI,Bateria descargada o bornes sulfatados,SINTETICO_IA,L2 cambio erroneo de bateria vs consumo
F10-L09-0261,G-09-53-21,Fuga parasita de corriente en reposo (consumo nocturno de bateria),ELECTRICO,L2,Alarma no original instalada presenta falla en sensor de impacto volumetrico y mantiene activo el consumo de corriente en la linea de bateria constante en reposo.,TECNICO,VEHICULO_ESTACIONADO,alarma_aftermarket_consumo_linea_constante,fallo_bateria,,NO,NO,,SINTETICO_IA,L2 consumo alarma aftermarket
F10-L09-0262,G-09-53-22,Fuga parasita de corriente en reposo (consumo nocturno de bateria),ELECTRICO,L2,"Con el vehiculo cerrado y bloqueado, el modulo de control de carroceria BCM no reduce su consumo y mantiene la red despierta, agotando la carga cada manana.",TECNICO,VEHICULO_BLOQUEADO,"bcm_no_reduce_consumo, red_despierta, vaciado_manana",bateria_envejece,,NO,NO,,SINTETICO_IA,L2 BCM mantiene red despierta
F10-L09-0263,G-09-53-23,Fuga parasita de corriente en reposo (consumo nocturno de bateria),ELECTRICO,L2,"Diferencia de sintoma clara: en marcha el voltimetro marca 14.1V constantes sin parpadeo de luces, pero tras 10 horas de estacionamiento la bateria cae de 12.6V a 11.2V.",TECNICO,ESTACIONADO_10H,"voltimetro_marcha_14_1v_ok, caida_a_11_2v_en_10h",alternador_defectuoso,,NO,SI,Alternador defectuoso o placa de diodos quemada,SINTETICO_IA,L2 contraste voltajes marcha vs 10h reposo
F10-L09-0264,G-09-53-24,Fuga parasita de corriente en reposo (consumo nocturno de bateria),ELECTRICO,L2,"El actuador electrico de la cerradura del maletero no reporta el estado cerrado, provocando que la computadora de confort permanezca en vigilia consumiendo energia.",TECNICO,VEHICULO_BLOQUEADO,"maletero_no_reporta_cerrado, computadora_vigilia_consumo",mecanismo_chapa_trabado,,NO,SI,Falla electrica del cierre centralizado o actuador de puerta,SINTETICO_IA,L2 microswitch maletero vigilia vs cerradura
F10-L09-0265,G-09-53-25,Fuga parasita de corriente en reposo (consumo nocturno de bateria),ELECTRICO,L2,"El auto se utiliza diariamente para reparto sin problema; si queda guardado sabado y domingo, el lunes el motor de arranque no gira por falta de energia en bateria.",COLOQUIAL,FIN_DE_SEMANA,"uso_diario_sin_falla, descarga_sabado_domingo, lunes_sin_energia",arrancador_danado,,NO,SI,Falla en motor de arranque o solenoide defectuoso (clac seco o carbones gastados),SINTETICO_IA,L2 lunes sin energia vs motor arranque 52
F10-L09-0266,G-09-53-26,Fuga parasita de corriente en reposo (consumo nocturno de bateria),ELECTRICO,L3,Diagnostico de consumo parasito en reposo en taller: medicion con pinza amperimetrica DC de baja corriente en borne negativo tras 45 minutos de cierre y bloqueo con red CAN dormida registra 680 mA continuos (especificacion maxima OEM: 35 mA). Al extraer fusible F24 de 15A correspondiente a sistema de audio infotainment el consumo desciende a 22 mA.,TECNICO,TALLER_AMPERIMETRO,"consumo_reposo_680ma, extraccion_fusible_f24_baja_a_22ma, red_can_dormida",falla_bateria,,NO,NO,,SINTETICO_IA,L3 pinza DC 680mA fusible F24 baja a 22mA
F10-L09-0267,G-09-53-27,Fuga parasita de corriente en reposo (consumo nocturno de bateria),ELECTRICO,L3,"Localizacion de fuga parasita mediante medicion de caida de tension en milivoltios (mV) a traves de fusibles tipo mini: en fusible F12 (10A) se registran 3.8 mV de caida con voltimetro digital en escala de mV DC. Segun tabla de conversion para fusible de 10A, esto equivale a 490 mA de corriente drenandose de forma permanente por modulo de telematica.",TECNICO,TALLER_MILIVOLTIOS,"caida_3_8mv_fusible_10a, corriente_calculada_490ma, telematica",falla_alternador,,NO,NO,,SINTETICO_IA,L3 caida mV en fusible tabla conversion 490mA
F10-L09-0268,G-09-53-28,Fuga parasita de corriente en reposo (consumo nocturno de bateria),ELECTRICO,L3,"Comprobacion de estado de bateria y alternador: probador Midtronics certifica bateria de 12V con 100% de salud (SOH) y 580 CCA reales; alternador entrega 14.35V en ralenti con ondulacion de rizado AC de solo 0.04V. Sin embargo, con llave fuera y reposo de 60 minutos se registra corriente parasita de 820 mA atribuible a rele de calefaccion auxiliar trabado.",TECNICO,TALLER_INTEGRAL,"midtronics_100_soh_580cca, alternador_14_35v_0_04v_ripple, fuga_820ma_rele_calefaccion","bateria_agotada, diodo_alternador_abierto",,NO,SI,Alternador defectuoso o placa de diodos quemada,SINTETICO_IA,L3 Midtronics 100% alternador 14.35V fuga 820mA
F10-L09-0269,G-09-53-29,Fuga parasita de corriente en reposo (consumo nocturno de bateria),ELECTRICO,L3,"Evaluacion de corriente en reposo: con osciloscopio y pinza amperimetrica acoplada en DC, se evidencia que la red CAN-Bus intenta entrar en sleep mode cada 3 minutos pero se despierta inmediatamente por pulsos espurios del actuador de cerradura de puerta trasera izquierda, manteniendo consumo medio de 520 mA.",TECNICO,TALLER_OSCILOSCOPIO,"red_can_despierta_cada_3min, pulsos_actuador_cerradura, consumo_520ma",falla_mecanica_puerta,,NO,SI,Falla electrica del cierre centralizado o actuador de puerta,SINTETICO_IA,L3 CAN despierta por actuador puerta 520mA
F10-L09-0270,G-09-53-30,Fuga parasita de corriente en reposo (consumo nocturno de bateria),ELECTRICO,L3,"Procedimiento de rastreo de consumo nocturno segun manual de servicio: vehiculo cerrado con pestillos y capo simulado cerrado. Medicion inicial en serie: 1.1A; a los 25 minutos cae a 750 mA y se estabiliza ahi. Al retirar el rele RLY_ACC el consumo baja bruscamente a 18 mA, confirmando puenteo resistivo interno de 16 Ohmios entre contactos 30 y 87.",TECNICO,TALLER_PROCEDIMIENTO,"medicion_serie_750ma_estable, retiro_rele_acc_baja_a_18ma, puenteo_16_ohm",consumo_normal,,NO,NO,,SINTETICO_IA,L3 medicion serie 750mA rele ACC baja a 18mA
F10-L09-0271,G-09-53-31,Fuga parasita de corriente en reposo (consumo nocturno de bateria),ELECTRICO,L3,"Diagnostico diferencial estricto frente a bateria defectuosa: bateria con tension en reposo de 12.68V tras carga independiente. Instalada en vehiculo sin conectar bornes mantiene 12.65V tras 48 horas. Conectada al automovil con consumo parasito medido de 550 mA cae a 11.40V en 14 horas, confirmando drenaje externo del circuito electrico y no autodescarga de celdas.",TECNICO,TALLER_PRUEBA_AISLADA,"bateria_aislada_12_65v_48h, conectada_cae_a_11_40v_14h, fuga_550ma",autodescarga_quimica,,NO,SI,Bateria descargada o bornes sulfatados,SINTETICO_IA,L3 prueba bateria aislada vs conectada 550mA
F10-L09-0272,G-09-53-32,Fuga parasita de corriente en reposo (consumo nocturno de bateria),ELECTRICO,L3,"Medicion con multimetro Fluke en serie en polo negativo: corriente parasitaria fija de 380 mA tras 40 minutos de espera. Monitoreo termico con camara infrarroja en fusiblera del habitaculo ubica punto caliente a 36°C en fusible F38 (modulo de control de carroceria BCM), causado por diodo zener de proteccion en fuga interna.",TECNICO,TALLER_TERMOGRAFIA,"multimetro_serie_380ma, punto_caliente_36c_fusible_f38_bcm, zener_fuga",falla_aislamiento_cableado,,NO,NO,,SINTETICO_IA,L3 termografia fusible F38 36C fuga 380mA
F10-L09-0273,G-09-53-33,Fuga parasita de corriente en reposo (consumo nocturno de bateria),ELECTRICO,L3,"Verificacion de circuito de carga y descarga: tension de carga con motor en marcha a 2000 RPM es 14.28V con 35A entregados hacia bateria. Tras apagar motor, apagar luces y bloquear puertas, el consumo residual es de 440 mA sostenidos; desconectando el conector del amplificador de sonido de fabrica el consumo cae a 19 mA conformes a norma.",TECNICO,TALLER_COMPROBACION,"carga_14_28v_35a_ok, consumo_residual_440ma, amplificador_desconectado_19ma",alternador_baja_carga,,NO,SI,Alternador defectuoso o placa de diodos quemada,SINTETICO_IA,L3 alternador 14.28V 35A ok amplificador 440mA
F10-L09-0274,G-09-53-34,Fuga parasita de corriente en reposo (consumo nocturno de bateria),ELECTRICO,L3,Prueba de caida de tension en fusibles maxi en vano motor: fusible de 50A de alimentacion a modulo de puerta del conductor muestra 0.6 mV de caida continua. Calculo segun formula de resistencia de fusible arroja corriente parasitaria de 390 mA por microinterruptor de cerradura sulfatado que impide reposo del procesador.,TECNICO,TALLER_MILIVOLTIOS,"maxifusible_50a_0_6mv, corriente_calculada_390ma, microinterruptor_sulfatado",fallo_bateria,,NO,SI,Falla electrica del cierre centralizado o actuador de puerta,SINTETICO_IA,L3 maxifusible 50A 0.6mV microinterruptor puerta
F10-L09-0275,G-09-53-35,Fuga parasita de corriente en reposo (consumo nocturno de bateria),ELECTRICO,L3,Protocolo de busqueda de drenaje nocturno: corriente de reposo registrada de 920 mA con todas las cargas desconectadas. Al desconectar alternador (borne B+) la fuga se mantiene en 920 mA (descartando puente rectificador); al desconectar modulo de rastreo GPS satelital no original el consumo desciende a 25 mA.,TECNICO,TALLER_DESCONEXION,"corriente_reposo_920ma, descarte_borne_b_alternador, gps_satelital_baja_a_25ma",diodos_alternador_en_fuga,,NO,SI,Alternador defectuoso o placa de diodos quemada,SINTETICO_IA,L3 descarte borne B+ alternador GPS 920mA
F10-L09-0276,G-09-53-36,Fuga parasita de corriente en reposo (consumo nocturno de bateria),ELECTRICO,L3,Inspeccion tecnica en vehiculo de 12V: la bateria amanecia en 10.9V cada dos dias. Se mide corriente en reposo arrojando 610 mA continuos; analisis con punta logica en bus LIN detecta comunicacion continua sin transicion a estado de baja potencia por parte del sensor de lluvia y luz del parabrisas.,TECNICO,TALLER_OSCILOSCOPIO,"bateria_10_9v_dos_dias, corriente_reposo_610ma, bus_lin_despierto_sensor_lluvia",bateria_sulfatada,,NO,SI,Bateria descargada o bornes sulfatados,SINTETICO_IA,L3 bus LIN sensor lluvia despierto 610mA
F10-L09-0277,G-09-53-37,Fuga parasita de corriente en reposo (consumo nocturno de bateria),ELECTRICO,L3,"Medicion con registrador de datos de corriente (Datalogger) durante 8 horas de estacionamiento: la corriente se mantiene constante entre 430 mA y 470 mA durante toda la madrugada, totalizando un consumo acumulado de 3.6 Ah que deja a la bateria de 45 Ah por debajo de su umbral de arranque en frio.",TECNICO,TALLER_DATALOGGER,"datalogger_8h_450ma_constante, consumo_acumulado_3_6ah, umbral_arranque_superado",falla_motor_arranque,,NO,SI,Falla en motor de arranque o solenoide defectuoso (clac seco o carbones gastados),SINTETICO_IA,L3 datalogger 8h 450mA acumulado 3.6Ah
F10-L09-0278,G-09-53-38,Fuga parasita de corriente en reposo (consumo nocturno de bateria),ELECTRICO,L3,"Localizacion de fuga parasita en circuito de confort: se registra caida de tension de 2.4 mV en fusible F19 de 7.5A (iluminacion interior). Inspeccion visual con espejo confirma que el interruptor de mercurio de iluminacion de maletero no abre al bajar el porton, manteniendo lampara de 5W encendida consumiendo 410 mA.",TECNICO,TALLER_INSPECCION,"caida_2_4mv_fusible_7_5a, lampara_5w_maletero_encendida, consumo_410ma",falla_alternador,,NO,NO,,SINTETICO_IA,L3 fusible F19 2.4mV lampara maletero 5W 410mA
F10-L09-0279,G-09-53-39,Fuga parasita de corriente en reposo (consumo nocturno de bateria),ELECTRICO,L3,Prueba de aislamiento de circuitos secundarios: corriente de fuga residual en borne positivo de 780 mA en reposo con llave fuera. Desconexion individual de fusibles en compartimento de motor: el retiro del fusible F08 (unidad de control de traccion y sensor de angulo) reduce el consumo a 28 mA por condensador ceramico SMD en cortocircuito de fuga.,TECNICO,TALLER_DESCONEXION,"fuga_residual_780ma, retiro_f08_baja_a_28ma, condensador_smd_fuga",falla_bateria,,NO,NO,,SINTETICO_IA,L3 desconexion fusible F08 780mA a 28mA
F10-L09-0280,G-09-53-40,Fuga parasita de corriente en reposo (consumo nocturno de bateria),ELECTRICO,L3,Evaluacion de consumo parasitario tras queja de bateria descargada al tercer dia de inactividad: consumo medido en reposo con red CAN dormida es de 310 mA (limite OEM 40 mA). Inspeccion revela conector del enganche de remolque con entrada de agua y sulfatacion interna generando puente resistivo de 38 Ohmios hacia masa.,TECNICO,TALLER_INSPECCION,"consumo_reposo_310ma, enganche_remolque_sulfatado, puente_38_ohm_a_masa",autodescarga_bateria,,NO,SI,Bateria descargada o bornes sulfatados,SINTETICO_IA,L3 enganche remolque sulfatado 38 ohm 310mA
