id,id_grupo,clase_objetivo,macro_sistema,nivel_informacion,texto_usuario,tipo_lenguaje,condicion_operacion,sintomas_presentes,sintomas_negados,dtc,requiere_pregunta,es_contrastivo,clase_contrastiva,fuente,observaciones
F10-L08-0001,G42-L1-01,Amortiguadores reventados o bujes de suspension gastados,SUSPENSION_CHASIS,L1,Cada vez que paso por un bache o rompemuelles se siente un golpe seco en la parte de adelante.,COTIDIANO,paso_baches,golpe_seco_adelante_en_baches,,,SI,NO,,SINTETICO_IA,L1 golpe seco en baches sin detalles.
F10-L08-0002,G42-L1-02,Amortiguadores reventados o bujes de suspension gastados,SUSPENSION_CHASIS,L1,"Hola, siento que el carro rebota demasiado como si fuera una lancha después de pasar un desnivel.",WHATSAPP,desnivel_rebote,rebote_excesivo_tipo_lancha,,,SI,NO,,SINTETICO_IA,L1 rebote continuo sin especificar amortiguador.
F10-L08-0003,G42-L1-03,Amortiguadores reventados o bujes de suspension gastados,SUSPENSION_CHASIS,L1,Tiene un golpeteo metálico en la rueda derecha cuando la pista está fea.,COTIDIANO,pista_irregular,golpeteo_rueda_derecha_pista_fea,,,SI,NO,,SINTETICO_IA,L1 golpeteo en rueda con terreno irregular.
F10-L08-0004,G42-L1-04,Amortiguadores reventados o bujes de suspension gastados,SUSPENSION_CHASIS,L1,Mi auto cascabelea en la suspension delantera al andar por afirmado.,COTIDIANO,camino_afirmado,cascabeleo_suspension_afirmado,,,SI,NO,,SINTETICO_IA,L1 cascabeleo en afirmado.
F10-L08-0005,G42-L1-05,Amortiguadores reventados o bujes de suspension gastados,SUSPENSION_CHASIS,L1,Siento la trompa suelta e inestable cuando paso por huecos de la pista.,TALLER,huecos_inestabilidad,trompa_suelta_inestable_en_huecos,,,SI,NO,,SINTETICO_IA,L1 trompa suelta e inestable.
F10-L08-0006,G42-L1-06,Amortiguadores reventados o bujes de suspension gastados,SUSPENSION_CHASIS,L1,"Buenas, rechina horrible como cama vieja cuando se mueve la carrocería.",WHATSAPP,balanceo_carroceria,rechinido_cama_vieja_carroceria,,,SI,NO,,SINTETICO_IA,L1 crujido tipo cama vieja.
F10-L08-0007,G42-L1-07,Amortiguadores reventados o bujes de suspension gastados,SUSPENSION_CHASIS,L1,El carro se me va de lado y brinca feo en pista con ondulaciones.,COTIDIANO,ondulaciones_pista,brinca_se_va_de_lado_ondulaciones,,,SI,NO,,SINTETICO_IA,L1 brinco e inestabilidad en ondulaciones.
F10-L08-0008,G42-L1-08,Amortiguadores reventados o bujes de suspension gastados,SUSPENSION_CHASIS,L1,Ayuda suena un cloc cloc en la llanta izquierda al pasar por piedras.,ERROR_ORTOGRAFICO,camino_empedrado,cloc_cloc_llanta_izquierda_piedras,,,SI,NO,,SINTETICO_IA,L1 ruido cloc cloc en piedras.
F10-L08-0009,G42-L1-09,Amortiguadores reventados o bujes de suspension gastados,SUSPENSION_CHASIS,L1,Al frenar siento que la trompa del auto se clava demasiado hacia adelante.,COTIDIANO,frenada_hundimiento,trompa_se_clava_al_frenar,,,SI,NO,,SINTETICO_IA,L1 clavado excesivo al frenar.
F10-L08-0010,G42-L1-10,Amortiguadores reventados o bujes de suspension gastados,SUSPENSION_CHASIS,L1,Se escucha un golpe sordo abajo en el piso cada vez que agarro un bache.,COTIDIANO,agarre_bache,golpe_sordo_piso_en_bache,,,SI,NO,,SINTETICO_IA,L1 golpe sordo en el piso.
F10-L08-0011,G42-L2-01,Amortiguadores reventados o bujes de suspension gastados,SUSPENSION_CHASIS,L2,Al pasar baches a 30 km/h se siente un golpe sordo en el trapecio delantero derecho; en pista lisa a 100 km/h no vibra nada el volante.,COTIDIANO,baches_30kmh_vs_pista_lisa,golpe_sordo_trapecio_derecho_baches,vibracion_volante_100kmh,,NO,SI,Llantas desbalanceadas o desalineadas,SINTETICO_IA,L2 golpe en bache sin vibración en pista lisa descarta desbalanceo.
F10-L08-0012,G42-L2-02,Amortiguadores reventados o bujes de suspension gastados,SUSPENSION_CHASIS,L2,El amortiguador delantero izquierdo tiene aceite chorreado en el cuerpo metálico y al pasar rompemuelles el carro rebota 3 veces seguidas.,TALLER,rompemuelles_rebote_triple,amortiguador_chorreado_aceite|rebote_triple_rompemuelles,falla_frenos,,NO,SI,Caliper de freno trabado o mordaza pegada (piston agarrotado),SINTETICO_IA,L2 amortiguador reventado con fuga hidráulica visible y rebote.
F10-L08-0013,G42-L2-03,Amortiguadores reventados o bujes de suspension gastados,SUSPENSION_CHASIS,L2,Golpeteo seco al circular por calles empedradas a baja velocidad; al mover el timón en parado no hay holgura en la cremallera.,COTIDIANO,empedrado_baja_velocidad,golpeteo_seco_empedrado,holgura_cremallera_en_parado,,NO,SI,Cremallera de direccion asistida con holgura o fuga,SINTETICO_IA,L2 golpeteo en empedrado sin juego en cremallera.
F10-L08-0014,G42-L2-04,Amortiguadores reventados o bujes de suspension gastados,SUSPENSION_CHASIS,L2,Bujes grandes de los trapecios delanteros completamente cuarteados y rajados; al frenar fuerte se escucha un clonk y la rueda se desplaza hacia atrás.,TECNICO,frenada_fuerte_desplazamiento_rueda,bujes_trapecio_rajados|clonk_al_frenar_desplaza_rueda,falla_disco_freno,,NO,SI,Discos de freno alabeados o desgastados,SINTETICO_IA,L2 bujes de trapecio rajados con desplazamiento longitudinal al frenar.
F10-L08-0015,G42-L2-05,Amortiguadores reventados o bujes de suspension gastados,SUSPENSION_CHASIS,L2,"Hola maestro, cuando paso baches suena un cascabeleo metálico rápido en la suspensión delantera; no zumba en carretera recta a 90 km/h.",WHATSAPP,baches_cascabeleo_vs_carretera,cascabeleo_metalico_en_baches,zumbido_carretera_90kmh,,NO,SI,Rodamiento de maza o rodaje de rueda picado (zumbido de rodadura),SINTETICO_IA,L2 cascabeleo en bache descarta rodamiento de maza.
F10-L08-0016,G42-L2-06,Amortiguadores reventados o bujes de suspension gastados,SUSPENSION_CHASIS,L2,Bieletas de la barra estabilizadora con holgura perceptible con la mano; golpetean de forma continua en pavimento irregular y baches leves.,TALLER,pavimento_irregular_bieletas,bieletas_con_holgura_manual|golpeteo_pavimento_irregular,falla_semieje,,NO,SI,Juntas homocineticas o palieres danados,SINTETICO_IA,L2 bieletas con juego manual en baches leves.
F10-L08-0017,G42-L2-07,Amortiguadores reventados o bujes de suspension gastados,SUSPENSION_CHASIS,L2,Inestabilidad y balanceo lateral de la carrocería en curvas a 70 km/h con rebote continuo de la parte trasera tras desniveles de puente.,COTIDIANO,curvas_70kmh_desnivel_puente,balanceo_carroceria_curva|rebote_continuo_trasero,falla_direccion,,NO,SI,Cremallera de direccion asistida con holgura o fuga,SINTETICO_IA,L2 amortiguadores traseros descargados provocan cabeceo y balanceo.
F10-L08-0018,G42-L2-08,Amortiguadores reventados o bujes de suspension gastados,SUSPENSION_CHASIS,L2,Crujido áspero como goma reseca al girar el volante en parado o subir rampas; la copela superior del amortiguador tiene el rodamiento trabado.,TECNICO,giro_parado_rampas_copela,crujido_goma_copela_superior|rodamiento_copela_trabado,falla_cremallera,,NO,SI,Cremallera de direccion asistida con holgura o fuga,SINTETICO_IA,L2 copela de suspensión cruje al torcer volante.
F10-L08-0019,G42-L2-09,Amortiguadores reventados o bujes de suspension gastados,SUSPENSION_CHASIS,L2,Golpe sordo en el piso del lado del copiloto cada vez que la rueda cae en un hueco; los neumáticos tienen desgaste parejo sin deformación.,COTIDIANO,rueda_cae_en_hueco,golpe_sordo_piso_copiloto_hueco,desgaste_deforme_neumaticos,,NO,SI,Llantas desbalanceadas o desalineadas,SINTETICO_IA,L2 golpe al caer en hueco con neumáticos parejos descarta alineación.
F10-L08-0020,G42-L2-10,Amortiguadores reventados o bujes de suspension gastados,SUSPENSION_CHASIS,L2,Amortiguadores traseros pierden gas y aceite; en carretera el vehículo pierde adherencia en el eje trasero al pasar juntas de dilatación.,TECNICO,juntas_dilatacion_adherencia,perdida_gas_aceite_traseros|perdida_adherencia_eje_trasero,falla_frenado,,NO,SI,Llantas desbalanceadas o desalineadas,SINTETICO_IA,L2 pérdida de gas/aceite trasero genera rebote en juntas de asfalto.
F10-L08-0021,G42-L2-11,Amortiguadores reventados o bujes de suspension gastados,SUSPENSION_CHASIS,L2,"Buenas tardes, en pistas bacheadas la tijera izquierda golpea metálicamente; si acelero en recta suave no hay zumbidos ni vibraciones.",WHATSAPP,pistas_bacheadas_tijera,tijera_golpea_en_baches,zumbidos_vibraciones_recta,,NO,SI,Rodamiento de maza o rodaje de rueda picado (zumbido de rodadura),SINTETICO_IA,L2 tijera golpea en bache sin ruidos de rodadura en recta.
F10-L08-0022,G42-L2-12,Amortiguadores reventados o bujes de suspension gastados,SUSPENSION_CHASIS,L2,Tope de goma de rebote del vástago del amortiguador destrozado y desintegrado; el amortiguador hace tope de fondo metálico en baches profundos.,TALLER,tope_rebote_fondo_metalico,tope_goma_desintegrado|tope_fondo_metalico_en_baches,falla_chasis,,NO,NO,,SINTETICO_IA,L2 tope de poliuretano desintegrado golpea vástago.
F10-L08-0023,G42-L2-13,Amortiguadores reventados o bujes de suspension gastados,SUSPENSION_CHASIS,L2,Silentblocks del puente trasero fisurados y desprendidos de su casquillo metálico; la cola del vehículo derrapa levemente en curvas bacheadas.,TECNICO,curvas_bacheadas_derrape_cola,silentblocks_puente_trasero_fisurados|derrape_cola_en_curvas,falla_frenos_abs,,NO,SI,Falla en sensor de velocidad de rueda ABS,SINTETICO_IA,L2 silentblocks de eje trasero con desprendimiento causan deriva.
F10-L08-0024,G42-L2-14,Amortiguadores reventados o bujes de suspension gastados,SUSPENSION_CHASIS,L2,Rechina fuertemente al comprimir la suspensión al subir una vereda o loma; los bujes de la barra estabilizadora están secos y endurecidos.,COTIDIANO,subir_vereda_loma,rechina_al_comprimir_suspension|bujes_estabilizadora_secos,falla_homocinetica,,NO,SI,Juntas homocineticas o palieres danados,SINTETICO_IA,L2 bujes de barra estabilizadora resecan crujido en compresión.
F10-L08-0025,G42-L2-15,Amortiguadores reventados o bujes de suspension gastados,SUSPENSION_CHASIS,L2,El tren delantero golpetea en calles adoquinadas; levantando el carro se comprobó juego libre de 5 mm en la rótula inferior de suspensión.,TALLER,calles_adoquinadas_juego_rotula,golpeteo_adoquinado|juego_libre_5mm_rotula_inferior,falla_llanta,,NO,SI,Llantas desbalanceadas o desalineadas,SINTETICO_IA,L2 rótula de suspensión con holgura de 5 mm en adoquín.
F10-L08-0026,G42-L3-01,Amortiguadores reventados o bujes de suspension gastados,SUSPENSION_CHASIS,L3,Evaluación de suspensión en banco dinamométrico de vibraciones (método Eusama): el amortiguador delantero izquierdo registra una eficacia de adherencia de solo 24% con desequilibrio del 52% respecto al derecho (76%). Inspección visual constata vástago cromado rayado longitudinalmente con fuga activa de aceite hidráulico SAE 5W impregnando el resorte helicoidal. Al descender del banco de prueba y circular sobre resaltos a 25 km/h la carrocería experimenta 4 oscilaciones verticales antes de estabilizarse.,TECNICO,banco_eusama_adherencia_24_porciento,adherencia_eusama_24_porciento|desequilibrio_52_porciento|vastago_rayado_fuga_aceite|4_oscilaciones_resalto,falla_frenos,,NO,SI,Caliper de freno trabado o mordaza pegada (piston agarrotado),SINTETICO_IA,L3 prueba Eusama 24% y fuga en vástago con 4 rebotes.
F10-L08-0027,G42-L3-02,Amortiguadores reventados o bujes de suspension gastados,SUSPENSION_CHASIS,L3,Inspección de tren delantero con barra de palanca en fosa de taller: el buje posterior de la tijera inferior izquierda (silentblock horizontal de caucho-metal) presenta desgarro perimetral completo del elastómero con juego radial de 6.2 mm. En prueba de carretera a 40 km/h al aplicar una frenada intempestiva se produce un golpe metálico de 86 dBA y la rueda se desplaza 15 mm hacia atrás dentro del guardabarros modificando el ángulo de avance temporalmente.,TECNICO,palanca_fosa_desgarro_buje_6_2mm,desgarro_perimetral_silentblock|juego_radial_6_2mm|clonk_frenada_86dba|desplazamiento_15mm,falla_frenado,,NO,SI,Discos de freno alabeados o desgastados,SINTETICO_IA,L3 buje de trapecio con desgarro total y juego radial de 6.2 mm.
F10-L08-0028,G42-L3-03,Amortiguadores reventados o bujes de suspension gastados,SUSPENSION_CHASIS,L3,Vehículo utilitario ingresa por cabeceo incontrolable en eje posterior bajo carga de 600 kg. En banco de amortiguadores los cilindros traseros registran 18% de eficacia; ambos amortiguadores monotubo perdieron la precarga de gas nitrógeno a 20 bar quedando únicamente con emulsión espumosa de aceite. En prueba de rebote manual vertical la cola oscila libremente sin amortiguamiento hidráulico.,TALLER,perdida_gas_nitrógeno_monotubo_18porciento,eficacia_18_porciento_banco|perdida_gas_nitrogeno_20bar|emulsion_espumosa|oscilacion_libre,falla_muelles,,NO,NO,,SINTETICO_IA,L3 amortiguadores monotubo descargados con pérdida de 20 bar de nitrógeno.
F10-L08-0029,G42-L3-04,Amortiguadores reventados o bujes de suspension gastados,SUSPENSION_CHASIS,L3,"Diagnóstico de ruido frontal en Toyota Hilux 4x4: en pista adoquinada a 35 km/h se genera un cascabeleo sordo constante. Se utilizó estetoscopio chasis inalámbrico con 4 pinzas piezoeléctricas: el canal 1 ubicado en la bieleta estabilizadora derecha registró picos de aceleración de 14.8 m/s2 a 180 Hz confirmando holgura de 2.8 mm en la rótula de la bieleta, mientras el canal 2 en la cremallera de dirección se mantuvo en niveles basales de 1.2 m/s2 descartando caja de dirección.",TECNICO,estetoscopio_chasis_bieleta_14_8ms2,bieleta_holgura_2_8mm|picos_14_8ms2_a_180hz|cremallera_basal_1_2ms2,holgura_cremallera,,NO,SI,Cremallera de direccion asistida con holgura o fuga,SINTETICO_IA,L3 estetoscopio chasis discrimina bieleta (14.8 m/s2) vs cremallera (1.2 m/s2).
F10-L08-0030,G42-L3-05,Amortiguadores reventados o bujes de suspension gastados,SUSPENSION_CHASIS,L3,"Hola maestro, tengo un Kia Rio. Cuando paso por pistas con huecos o asfalto roto suena como si la llanta derecha se fuera a desarmar con un traqueteo seco. En autopista lisa a 110 km/h el auto rueda parejito sin vibrar el timón y el motor no tiene ninguna falla. En el taller me dijeron que el amortiguador botó todo el líquido y el buje del trapecio está rajado.",WHATSAPP,rio_baches_vs_autopista_110kmh,traqueteo_seco_en_asfalto_roto|amortiguador_boto_liquido|buje_rajado,vibracion_timon_110kmh,,NO,SI,Llantas desbalanceadas o desalineadas,SINTETICO_IA,L3 relato WhatsApp de amortiguador sin líquido y buje rajado sin vibrar a 110.
F10-L08-0031,G42-L3-06,Amortiguadores reventados o bujes de suspension gastados,SUSPENSION_CHASIS,L3,Desmontaje de puntal MacPherson delantero: la copela superior con rodamiento axial de bolas se encuentra gripada por corrosión con pérdida del 80% de las bolas de acero. Al girar la dirección con el vehículo detenido el muelle helicoidal se torsionaba y saltaba bruscamente emitiendo crujidos metálicos de 92 dBA que reverberaban en la torreta del chasis.,TALLER,desarme_macpherson_copela_gripada,copela_gripada_corrosion|perdida_bolas_acero|muelle_torsiona_y_salta|crujido_92dba,falla_cremallera,,NO,SI,Cremallera de direccion asistida con holgura o fuga,SINTETICO_IA,L3 copela MacPherson gripada hace saltar el muelle con crujido.
F10-L08-0032,G42-L3-07,Amortiguadores reventados o bujes de suspension gastados,SUSPENSION_CHASIS,L3,Medición de holguras en bujes de barra estabilizadora delantera: diámetro interior del elastómero deformado a 24.8 mm frente al diámetro nominal de la barra estabilizadora de 21.0 mm (holgura radial de 3.8 mm). La barra golpea contra la abrazadera metálica de fijación al subchasis generando ruidos secos de baja frecuencia (65 Hz) al ingresar desfasadamente en cunetas o badenes.,TECNICO,metrologia_bujes_estabilizadora_3_8mm,buje_diametro_24_8mm_vs_21_0mm|holgura_3_8mm|impacto_contra_abrazadera_65hz,falla_caja_cambios,,NO,SI,Rodajes de transmision manual o eje primario gastados,SINTETICO_IA,L3 holgura de 3.8 mm en bujes de estabilizadora genera impacto en subchasis.
F10-L08-0033,G42-L3-08,Amortiguadores reventados o bujes de suspension gastados,SUSPENSION_CHASIS,L3,Mi carro ase un golpe seco y feo adelante cuando agarro un bache en la pista. El amortiguador derecho ta todo chorreao de aceite negro y el carro sigue rebotando tres veses despues de pasar un rompemuelle. El timon no tiembla nada cuando ando en pista lisa a noventa.,ERROR_ORTOGRAFICO,baches_rompemuelles_chorreado,golpe_seco_en_bache|amortiguador_chorreao_aceite|rebota_tres_veses,vibracion_timon_pista_lisa,,NO,SI,Llantas desbalanceadas o desalineadas,SINTETICO_IA,L3 amortiguador chorreado con ortografía informal y descarte de vibración.
F10-L08-0034,G42-L3-09,Amortiguadores reventados o bujes de suspension gastados,SUSPENSION_CHASIS,L3,"Análisis con pirómetro infrarrojo de amortiguadores traseros tras 20 km de recorrido por carretera sinuosa con desniveles: el amortiguador trasero derecho registra 28°C (temperatura ambiente, inerte hidráulicamente por fuga total de fluido), mientras el izquierdo registra 58°C (temperatura normal de disipación de energía viscosa). Esto provoca desbalance dinámico del eje trasero con sobreviraje imprevisto.",TECNICO,termografia_amortiguadores_28c_vs_58c,amortiguador_derecho_28c_inerte|izquierdo_58c_normal|fuga_total_fluido|desbalance_eje_trasero,falla_diferencial,,NO,SI,Rodajes de caja mecanica o diferencial gastados,SINTETICO_IA,L3 termometría 28°C inerte vs 58°C funcional confirma amortiguador reventado.
F10-L08-0035,G42-L3-10,Amortiguadores reventados o bujes de suspension gastados,SUSPENSION_CHASIS,L3,Inspección de bujes de brazo oscilante trasero en suspensión multibrazo independiente: fisura completa del buje de control de convergencia con holgura angular de 4 grados; bajo frenadas moderadas a 80 km/h la geometría del eje trasero varía dinámicamente induciendo una guiñada lateral de 12 cm sin que exista bloqueo de ruedas ni código ABS.,TECNICO,suspension_multibrazo_buje_convergencia,buje_convergencia_fisurado|holgura_angular_4_grados|guiñada_lateral_12cm_al_frenar,falla_abs,,NO,SI,Falla en sensor de velocidad de rueda ABS,SINTETICO_IA,L3 buje de convergencia trasero roto provoca guiñada lateral en frenada.
F10-L08-0036,G42-L3-11,Amortiguadores reventados o bujes de suspension gastados,SUSPENSION_CHASIS,L3,Vástago de amortiguador delantero derecho doblado 1.5 mm tras impacto severo contra bache en alcantarilla; el retén de estanqueidad fue cortado provocando vaciado instantáneo del aceite y atascamiento mecánico del émbolo a mitad de carrera con ruido de traba metálica.,TALLER,vastago_doblado_1_5mm_alcantarilla,vastago_doblado_1_5mm|vaciado_aceite_reten_cortado|atascamiento_embolo,falla_homocinetica,,NO,SI,Juntas homocineticas o palieres danados,SINTETICO_IA,L3 vástago doblado 1.5 mm con trabamiento mecánico.
F10-L08-0037,G42-L3-12,Amortiguadores reventados o bujes de suspension gastados,SUSPENSION_CHASIS,L3,Ensayo en banco de rigidez elastomérica: bujes de horquilla delantera con módulo de elasticidad degradado en un 65% debido a contaminación por aceite de motor fugado del retén de cigüeñal. El caucho natural hinchado perdió su capacidad de centrado permitiendo que la horquilla golpee contra el chasis en aceleraciones bruscas desde cero.,TECNICO,banco_rigidez_buje_contaminado_aceite,modulo_elasticidad_degradado_65porciento|caucho_hinchado_por_aceite|horquilla_golpea_chasis,falla_soportes_motor,,NO,SI,Juntas homocineticas o palieres danados,SINTETICO_IA,L3 bujes ablandados por aceite de motor golpean contra chasis.
F10-L08-0038,G42-L3-13,Amortiguadores reventados o bujes de suspension gastados,SUSPENSION_CHASIS,L3,Rótula de suspensión delantera con juego axial de 3.2 mm y juego radial de 2.1 mm medido con micrómetro comparador; guardapolvo de caucho cuarteado con ingreso de arena y pérdida total de grasa de litio; genera golpeteo sordo seco de 80 dBA al circular sobre adoquines a 20 km/h.,TECNICO,metrologia_rotula_juego_3_2mm,rotula_juego_axial_3_2mm_radial_2_1mm|arena_en_grasa|golpeteo_adoquines_80dba,falla_rodaje_rueda,,NO,SI,Rodamiento de maza o rodaje de rueda picado (zumbido de rodadura),SINTETICO_IA,L3 rótula con juego medido de 3.2 mm en adoquines.
F10-L08-0039,G42-L3-14,Amortiguadores reventados o bujes de suspension gastados,SUSPENSION_CHASIS,L3,Sustitución de amortiguadores defectuosos: amortiguadores de gas bitubo instalados presentan válvula de rebote interna desprendida; al extender el vástago manualmente no ofrece resistencia hidráulica en la carrera de tracción emitiendo gorgoteo de aire con burbujas.,TALLER,valvula_rebote_interna_desprendida,valvula_rebote_desprendida|sin_resistencia_hidraulica_traccion|gorgoteo_aire,falla_muelle,,NO,NO,,SINTETICO_IA,L3 válvula de rebote desprendida sin amortiguamiento en tracción.
F10-L08-0040,G42-L3-15,Amortiguadores reventados o bujes de suspension gastados,SUSPENSION_CHASIS,L3,"Evaluación vibratoria de habitáculo con acelerómetro triaxial en asiento del conductor: al superar badenes a 30 km/h la aceleración vertical Z alcanza 7.8 m/s2 con amortiguamiento crítico zeta de 0.12 (especificación zeta 0.30-0.40) debido a agotamiento de los 4 amortiguadores originales con 180,000 km.",TECNICO,acelerometro_triaxial_amortiguamiento_0_12,aceleracion_vertical_7_8ms2|amortiguamiento_zeta_0_12_vs_0_35|4_amortiguadores_agotados,falla_chasis,,NO,NO,,SINTETICO_IA,L3 acelerometría calcula amortiguamiento zeta en 0.12 confirmando agotamiento.
F10-L08-0041,G43-L1-01,Juntas homocineticas o palieres danados,SUSPENSION_CHASIS,L1,Cuando doblo cerrado hacia la derecha con el acelerador pisado suena un trac trac trac rápido.,COTIDIANO,giro_cerrado_derecha,trac_trac_trac_al_girar_derecha,,,SI,NO,,SINTETICO_IA,L1 trac-trac al girar a la derecha.
F10-L08-0042,G43-L1-02,Juntas homocineticas o palieres danados,SUSPENSION_CHASIS,L1,"Hola, al doblar en las esquinas acelerando se escucha un chasquido continuo en la rueda delantera.",WHATSAPP,doblar_esquinas_acelerando,chasquido_continuo_doblar_esquinas,,,SI,NO,,SINTETICO_IA,L1 chasquido al doblar en esquinas.
F10-L08-0043,G43-L1-03,Juntas homocineticas o palieres danados,SUSPENSION_CHASIS,L1,Siento una vibración fuerte en la trompa del auto cuando acelero en subida.,COTIDIANO,aceleracion_subida,vibracion_trompa_al_acelerar_subida,,,SI,NO,,SINTETICO_IA,L1 vibración bajo aceleración.
F10-L08-0044,G43-L1-04,Juntas homocineticas o palieres danados,SUSPENSION_CHASIS,L1,Hace un sonido de matraca metálica cada vez que giro el timón para estacionar.,COTIDIANO,maniobra_estacionar,matraca_metalica_al_girar_timon,,,SI,NO,,SINTETICO_IA,L1 matraca al girar timón.
F10-L08-0045,G43-L1-05,Juntas homocineticas o palieres danados,SUSPENSION_CHASIS,L1,El carro tironea y vibra de lado a lado cuando piso el acelerador en carretera.,TALLER,aceleracion_carretera,tironea_vibra_lado_a_lado_acelerar,,,SI,NO,,SINTETICO_IA,L1 tironeo y vibración transversal al acelerar.
F10-L08-0046,G43-L1-06,Juntas homocineticas o palieres danados,SUSPENSION_CHASIS,L1,"Buenas, vi grasa negra botada en la parte de adentro del aro de la llanta delantera.",WHATSAPP,inspeccion_aro,grasa_negra_botada_aro_delantero,,,SI,NO,,SINTETICO_IA,L1 grasa expulsada en aro.
F10-L08-0047,G43-L1-07,Juntas homocineticas o palieres danados,SUSPENSION_CHASIS,L1,Se siente un clac al arrancar en primera y al cambiar a segunda marcha.,COTIDIANO,arranque_primera_segunda,clac_al_arrancar_y_cambiar,,,SI,NO,,SINTETICO_IA,L1 clac al traccionar en cambios bajos.
F10-L08-0048,G43-L1-08,Juntas homocineticas o palieres danados,SUSPENSION_CHASIS,L1,Ayuda ase un click click click bien feo cuando doy la buelta en u.,ERROR_ORTOGRAFICO,vuelta_en_u,click_click_click_vuelta_en_u,,,SI,NO,,SINTETICO_IA,L1 click en vuelta en U con ortografía informal.
F10-L08-0049,G43-L1-09,Juntas homocineticas o palieres danados,SUSPENSION_CHASIS,L1,La parte delantera tiembla únicamente cuando mantengo el pie en el acelerador.,COTIDIANO,pie_en_acelerador,trompa_tiembla_solo_al_acelerar,,,SI,NO,,SINTETICO_IA,L1 temblor delantero bajo carga de pedal.
F10-L08-0050,G43-L1-10,Juntas homocineticas o palieres danados,SUSPENSION_CHASIS,L1,Suena un traqueteo en la rueda izquierda cuando salgo doblando de un semáforo.,COTIDIANO,salida_doblando_semaforo,traqueteo_rueda_izquierda_doblar,,,SI,NO,,SINTETICO_IA,L1 traqueteo al salir doblando.
F10-L08-0051,G43-L2-01,Juntas homocineticas o palieres danados,SUSPENSION_CHASIS,L2,Sonido de matraca metálica de 5 a 6 clics por segundo al girar cerrado a la izquierda en 2da marcha acelerando; con volante recto en recta no suena nada.,COTIDIANO,giro_cerrado_izquierda_acelerando,matraca_5_a_6_clics_giro_izq_acelerando,ruido_en_recta_volante_centrado,,NO,SI,Rodamiento de maza o rodaje de rueda picado (zumbido de rodadura),SINTETICO_IA,L2 clic en giro bajo aceleración descarta zumbido de rodamiento.
F10-L08-0052,G43-L2-02,Juntas homocineticas o palieres danados,SUSPENSION_CHASIS,L2,Fuelle de goma de la homocinética exterior derecha rajado con pérdida total de grasa negra grafitada; las bolas de acero trabajan en seco con chasquido al girar.,TALLER,inspeccion_fuelle_roto,fuelle_homocinetica_rajado|grasa_grafitada_perdida|chasquido_al_girar,falla_frenos,,NO,SI,Amortiguadores reventados o bujes de suspension gastados,SINTETICO_IA,L2 guardapolvo roto de homocinética con chasquido al torcer.
F10-L08-0053,G43-L2-03,Juntas homocineticas o palieres danados,SUSPENSION_CHASIS,L2,Vibración transversal severa en la carrocería entre 70 y 90 km/h al pisar a fondo el acelerador; al soltar el pedal y rodar en neutro la vibración desaparece instantáneamente.,TECNICO,aceleracion_70_90kmh_vs_neutro,vibracion_transversal_al_acelerar_70_90kmh,vibracion_en_neutro_inercia,,NO,SI,Llantas desbalanceadas o desalineadas,SINTETICO_IA,L2 junta trípode vibra solo en aceleración y desaparece en neutro descartando llantas.
F10-L08-0054,G43-L2-04,Juntas homocineticas o palieres danados,SUSPENSION_CHASIS,L2,Chasquido clac-clac-clac rítmico en rueda delantera derecha al hacer giros en U hacia la izquierda; no produce zumbidos continuos en autopista recta.,COTIDIANO,giro_u_izquierda,clac_clac_clac_en_giro_u,zumbido_continuo_autopista,,NO,SI,Rodamiento de maza o rodaje de rueda picado (zumbido de rodadura),SINTETICO_IA,L2 clac-clac en giro en U descarta rodamiento de maza.
F10-L08-0055,G43-L2-05,Juntas homocineticas o palieres danados,SUSPENSION_CHASIS,L2,Junta trípode interior izquierda con pistas del tulipán marcadas con escalones de desgaste; el semieje tiene holgura rotacional excesiva y vibra en subidas.,TALLER,inspeccion_tulipan_subida,tulipan_con_escalones_desgaste|holgura_rotacional_semieje|vibracion_subidas,falla_caja_cambios,,NO,SI,Rodajes de caja mecanica o diferencial gastados,SINTETICO_IA,L2 tulipán interior desgastado produce vibración bajo carga.
F10-L08-0056,G43-L2-06,Juntas homocineticas o palieres danados,SUSPENSION_CHASIS,L2,"Hola maestro, cuando salgo doblando en las esquinas acelerando suena un trac trac trac; si doblo despacito con el embrague pisado sin acelerar no suena casi nada.",WHATSAPP,doblar_acelerando_vs_sin_traccion,trac_trac_al_doblar_con_gas,silencio_al_doblar_sin_traccion,,NO,SI,Amortiguadores reventados o bujes de suspension gastados,SINTETICO_IA,L2 homocinética exterior suena con par motor y calla sin tracción.
F10-L08-0057,G43-L2-07,Juntas homocineticas o palieres danados,SUSPENSION_CHASIS,L2,Palier delantero derecho con juego axial y radial perceptible al sacudirlo con la mano en elevador; al acelerar en recta la dirección cabecea lateralmente.,TALLER,prueba_manual_elevador_palier,juego_axial_radial_palier_manual|direccion_cabecea_acelerando,falla_cremallera,,NO,SI,Cremallera de direccion asistida con holgura o fuga,SINTETICO_IA,L2 palier con holgura manual cabecea dirección al acelerar.
F10-L08-0058,G43-L2-08,Juntas homocineticas o palieres danados,SUSPENSION_CHASIS,L2,Crujido metálico repetitivo al dar marcha atrás con la dirección doblada a tope; en marcha adelante en línea recta el vehículo avanza en silencio.,COTIDIANO,reversa_tope_direccion,crujido_repetitivo_reversa_tope_giro,silencio_recta_marcha_adelante,,NO,SI,Disco de embrague desgastado o patinando,SINTETICO_IA,L2 crujido en reversa a tope de dirección descarta embrague.
F10-L08-0059,G43-L2-09,Juntas homocineticas o palieres danados,SUSPENSION_CHASIS,L2,Campana y trípode del semieje con holgura en el estriado de acople a la maza de rueda; produce un chasquido metálico seco al invertir la marcha entre 1ra y reversa.,TECNICO,inversion_marcha_1ra_reversa,chasquido_seco_invertir_marcha|holgura_estriado_semieje_maza,falla_diferencial,,NO,SI,Rodajes de caja mecanica o diferencial gastados,SINTETICO_IA,L2 holgura en estriado de semieje chasquea al invertir marcha.
F10-L08-0060,G43-L2-10,Juntas homocineticas o palieres danados,SUSPENSION_CHASIS,L2,Semieje largo con apoyo intermedio cuyo rodamiento de soporte está zumbando y la junta homocinética exterior tiene la jaula de bolas fisurada.,TECNICO,semieje_largo_soporte_intermedio,jaula_bolas_fisurada_exterior|rodamiento_soporte_intermedio_zumba,falla_caja_manual,,NO,SI,Rodajes de transmision manual o eje primario gastados,SINTETICO_IA,L2 semieje partido con jaula fisurada y rodaje de apoyo.
F10-L08-0061,G43-L2-11,Juntas homocineticas o palieres danados,SUSPENSION_CHASIS,L2,"Buenas, al entrar a rotondas acelerando la rueda derecha hace clac clac clac continuo; no vibra al frenar desde 100 km/h.",WHATSAPP,rotonda_acelerando_derecha,clac_clac_clac_rotonda_acelerando,vibracion_al_frenar_100kmh,,NO,SI,Discos de freno alabeados o desgastados,SINTETICO_IA,L2 clac en rotonda sin vibración al frenar descarta discos alabeados.
F10-L08-0062,G43-L2-12,Juntas homocineticas o palieres danados,SUSPENSION_CHASIS,L2,Abrazadera metálica del guardapolvo de palier suelta; entró arena y agua de lluvia lavando la grasa y rayando la pista esférica de la copa homocinética.,TALLER,guardapolvo_abrazadera_suelta,abrazadera_suelta_ingreso_arena|grasa_lavada_pista_rayada,falla_amortiguador,,NO,NO,,SINTETICO_IA,L2 ingreso de arena por abrazadera suelta raya homocinética.
F10-L08-0063,G43-L2-13,Juntas homocineticas o palieres danados,SUSPENSION_CHASIS,L2,Tironeo violento en aceleraciones fuertes entre 50 y 80 km/h en 3ra marcha; se comprobaron llantas perfectamente balanceadas a cero gramos.,COTIDIANO,aceleracion_50_80kmh_3ra,tironeo_violento_al_acelerar_3ra,llantas_balanceadas_cero_gramos,,NO,SI,Llantas desbalanceadas o desalineadas,SINTETICO_IA,L2 tironeo en aceleración con llantas balanceadas a cero confirma palier/trípode.
F10-L08-0064,G43-L2-14,Juntas homocineticas o palieres danados,SUSPENSION_CHASIS,L2,Rotura parcial de la jaula porta-esferas de la junta fija exterior; las bolas se montan una sobre otra provocando trabamiento momentáneo de la rueda en giros.,TECNICO,giro_trabamiento_rueda,jaula_portaesferas_rota|bolas_se_montan|trabamiento_en_giro,falla_freno_mordaza,,NO,SI,Caliper de freno trabado o mordaza pegada (piston agarrotado),SINTETICO_IA,L2 jaula rota de homocinética monta bolas y traba rueda en giro.
F10-L08-0065,G43-L2-15,Juntas homocineticas o palieres danados,SUSPENSION_CHASIS,L2,Al doblar en esquina a la derecha suena un clac clac rítmico proporcional a la velocidad de giro de la rueda; al enderezar el timón se silencia.,COTIDIANO,esquina_derecha_ritmico,clac_clac_ritmico_giro_derecha|se_silencia_al_enderezar,falla_cremallera,,NO,SI,Cremallera de direccion asistida con holgura o fuga,SINTETICO_IA,L2 clac proporcional a giro que silencia en recta descarta cremallera.
F10-L08-0066,G43-L3-01,Juntas homocineticas o palieres danados,SUSPENSION_CHASIS,L3,Inspección técnica de semieje delantero derecho en vehículo de tracción delantera: guardapolvo exterior de termoplástico desgarrado con fuga radial de grasa de bisulfuro de molibdeno salpicada en la cara interior de la llanta. En prueba dinámica en circuito cerrado realizando virajes en círculo cerrado a la izquierda con radio de 5.5 metros a 15 km/h bajo par motor de 120 Nm se registra un golpeteo metálico rítmico de 84 dBA a frecuencia de 4.8 Hz (frecuencia de paso de las 6 bolas sobre la pista ranurada). Con la dirección en línea recta y rodando a la misma velocidad el nivel sonoro decae a 46 dBA descartando rodamiento de maza.,TECNICO,viraje_circulo_5_5m_par_120nm,fuelle_desgarrado_grasa_moly|chasquido_84dba_a_4_8hz_giro|decae_a_46dba_en_recta,falla_rodaje_maza,,NO,SI,Rodamiento de maza o rodaje de rueda picado (zumbido de rodadura),SINTETICO_IA,L3 viraje en círculo 15 km/h a 120 Nm acusa 84 dBA a 4.8 Hz confirmando homocinética exterior.
F10-L08-0067,G43-L3-02,Juntas homocineticas o palieres danados,SUSPENSION_CHASIS,L3,Diagnóstico de sacudida transversal de carrocería en aceleración: en recta lisa a 80 km/h al presionar el acelerador al 100% de carga el vehículo experimenta una oscilación lateral de 2.4 mm en la trompa a frecuencia de 18 Hz; en el instante exacto en que se suelta el acelerador o se engrana punto muerto a la misma velocidad de 80 km/h la oscilación cesa instantáneamente (0.1 mm). Se desmontó el semieje izquierdo constatando que el tulipán de la junta trípode interior presenta 3 surcos de desgaste por fatiga de 1.1 mm de profundidad en las pistas de rodillos.,TECNICO,oscilacion_lateral_2_4mm_carga_vs_neutro,oscilacion_lateral_2_4mm_a_18hz_bajo_carga|cesa_a_0_1mm_al_soltar_gas|surcos_tulipan_1_1mm,desbalanceo_ruedas,,NO,SI,Llantas desbalanceadas o desalineadas,SINTETICO_IA,L3 oscilación lateral de 2.4 mm que cesa en neutro confirma trípode interior vs desbalanceo.
F10-L08-0068,G43-L3-03,Juntas homocineticas o palieres danados,SUSPENSION_CHASIS,L3,Desarme en banco de junta homocinética fija de 6 bolas tipo Rzeppa: la jaula porta-bolas de acero templado presenta fractura transversal limpia en dos de las ventanas de alojamiento. Dos bolas de acero de 19.05 mm muestran aplastamiento superficial y craterización por trabajar desalineadas con holgura angular de 14 grados. Al realizar giros de prueba en banco a 30 grados de deflexión el conjunto se bloquea mecánicamente impidiendo la rotación suave.,TALLER,desarme_banco_rzeppa_jaula_fracturada,jaula_rzeppa_fracturada_dos_ventanas|bolas_con_craterizacion|holgura_angular_14_grados|bloqueo_en_banco,falla_caja_cambios,,NO,SI,Rodajes de caja mecanica o diferencial gastados,SINTETICO_IA,L3 banco confirma fractura de jaula Rzeppa con holgura de 14 grados.
F10-L08-0069,G43-L3-04,Juntas homocineticas o palieres danados,SUSPENSION_CHASIS,L3,"Hola maestro, tengo un Honda Civic. Cuando volteo en las esquinas acelerando suena un trac-trac-trac rápido como matraca en la rueda izquierda, pero si paso por la misma curva sin acelerar en neutro no suena nada. En recta a 120 km/h el auto rueda parejito sin vibrar el volante. En la serviteca me dijeron que el fuelle de la homocinética está rajado y botó toda la grasa.",WHATSAPP,civic_esquinas_acelerando_vs_neutro,trac_trac_en_esquina_acelerando|silencio_en_neutro|fuelle_rajado_sin_grasa,vibracion_120kmh_recta,,NO,SI,Llantas desbalanceadas o desalineadas,SINTETICO_IA,L3 relato WhatsApp de trac-trac en esquina bajo tracción que calla en neutro.
F10-L08-0070,G43-L3-05,Juntas homocineticas o palieres danados,SUSPENSION_CHASIS,L3,"Análisis con acelerómetros de vibración en semieje delantero derecho: bajo aceleración de par máximo en 3ra marcha (240 Nm a 2200 rpm) se registra aceleración RMS de 6.8 m/s2 en el soporte del palier intermedio. La junta trípode articulada presenta juego radial de 1.4 mm en los rodillos de agujas del trípode por pérdida de lubricante termorresistente NLGI 1.5, provocando desalineación cinemática del árbol de transmisión.",TECNICO,acelerometria_palier_6_8ms2_a_240nm,aceleracion_6_8ms2_a_240nm|juego_radial_tripode_1_4mm|perdida_grasa_nlgi,falla_soporte_motor,,NO,SI,Amortiguadores reventados o bujes de suspension gastados,SINTETICO_IA,L3 acelerómetro registra 6.8 m/s2 bajo 240 Nm por holgura de 1.4 mm en trípode.
F10-L08-0071,G43-L3-06,Juntas homocineticas o palieres danados,SUSPENSION_CHASIS,L3,Verificación de palier en torno con reloj comparador de carátula: el semieje macizo de acero forjado presenta un alabeo residual de 1.85 mm en el centro del eje (tolerancia máxima OEM 0.25 mm) debido a golpe contra piedra en trocha. Al circular a más de 60 km/h el desbalance geométrico induce vibración sinusoidal que varía linealmente con la velocidad de giro de la rueda pero no con las RPM del motor.,TECNICO,torno_reloj_comparador_alabeo_1_85mm,alabeo_palier_1_85mm_vs_0_25mm|vibracion_sinusoidal_con_velocidad_rueda,falla_embrague,,NO,SI,Disco de embrague desgastado o patinando,SINTETICO_IA,L3 torno confirma alabeo de palier de 1.85 mm tras impacto.
F10-L08-0072,G43-L3-07,Juntas homocineticas o palieres danados,SUSPENSION_CHASIS,L3,Mi carro ase un trac trac trac muy fuerte cuando doblo a la derecha pa entrar a mi cochera acelerando despacito. Si me meto a la cochera en neutro con el vuelito no suena nada. El mecanico le bajo el palier y la copa taba con las canastillas partidas y llena de tierra por el fuelle roto.,ERROR_ORTOGRAFICO,cochera_acelerando_vs_neutro,trac_trac_al_doblar_acelerando|silencio_en_neutro_con_vuelito|copa_canastillas_partidas_tierra,falla_caja,,NO,SI,Rodajes de transmision manual o eje primario gastados,SINTETICO_IA,L3 palier con canastillas partidas en cochera con ortografía informal.
F10-L08-0073,G43-L3-08,Juntas homocineticas o palieres danados,SUSPENSION_CHASIS,L3,Rotura por fatiga de chaveta de seguridad y desprendimiento de retén de estrías de semieje dentro del planetario del diferencial: el palier izquierdo experimenta desplazamiento axial libre de 14 mm provocando que la junta homocinética trabaje en su límite de extensión angular (45 grados) con golpeteo seco y roce metálico contra la maza al comprimir la suspensión en baches pronunciados.,TECNICO,desplazamiento_axial_palier_14mm,desplazamiento_axial_14mm|extension_angular_limite_45grados|roce_contra_maza,falla_diferencial_interno,,NO,SI,Rodajes de caja mecanica o diferencial gastados,SINTETICO_IA,L3 desplazamiento de 14 mm en palier por retén suelto.
F10-L08-0074,G43-L3-09,Juntas homocineticas o palieres danados,SUSPENSION_CHASIS,L3,"Termografía infrarroja de semiejes tras 30 minutos de conducción urbana: la copa homocinética exterior delantera izquierda alcanza 112°C con humo tenue de grasa calcinada (temperatura de copa derecha normal 48°C). La junta homocinética sufrió gripado por falta de lubricación tras romperse el guardapolvo, provocando fricción acero contra acero en las pistas de contacto.",TECNICO,termografia_homocinetica_112c_vs_48c,temperatura_copa_112c_vs_48c|grasa_calcinada|gripado_friccion_acero_acero,falla_mordaza_freno,,NO,SI,Caliper de freno trabado o mordaza pegada (piston agarrotado),SINTETICO_IA,L3 termografía acusa 112°C en copa homocinética calcinada.
F10-L08-0075,G43-L3-10,Juntas homocineticas o palieres danados,SUSPENSION_CHASIS,L3,Evaluación de holgura circunferencial en banco de torsión: el semieje delantero derecho registra un juego angular libre de 18.5 grados entre la entrada del tulipán y la maza de rueda (especificación máxima 3.0 grados). Al realizar ensayos de aceleración y desaceleración rápida en 1ra marcha se genera un impacto acústico seco de 88 dBA perceptible en la palanca de cambios.,TECNICO,banco_torsion_holgura_angular_18_5grados,juego_angular_18_5_grados_vs_3_0_grados|impacto_acustico_88dba|aceleracion_desaceleracion,falla_caja_cambios,,NO,SI,Rodajes de transmision manual o eje primario gastados,SINTETICO_IA,L3 banco de torsión registra 18.5° de juego angular libre en semieje.
F10-L08-0076,G43-L3-11,Juntas homocineticas o palieres danados,SUSPENSION_CHASIS,L3,Cliente reclama sacudida delantera al incorporarse a autopista en 3ra y 4ta velocidad. Se colocaron cámaras de inspección en los bajos del chasis enfocando ambos semiejes: durante la aceleración a 2800 rpm el palier derecho experimenta flexión y cabeceo elíptico de 8 mm provocado por desgaste asimétrico de los 3 rodillos del trípode interior en su guía de deslizamiento.,TALLER,camara_chasis_cabeceo_eliptico_8mm,cabeceo_eliptico_8mm_palier|desgaste_asimetrico_3_rodillos_tripode|sacudida_autopista,falla_llantas,,NO,SI,Llantas desbalanceadas o desalineadas,SINTETICO_IA,L3 cámara en chasis constata cabeceo de 8 mm en palier bajo aceleración.
F10-L08-0077,G43-L3-12,Juntas homocineticas o palieres danados,SUSPENSION_CHASIS,L3,Sustitución de semieje completo tras fractura por corte del eje estriado de la homocinética exterior: la rotura ocurrió exactamente en el entalle de fijación de la tuerca de maza debido a fatiga por microfisuras originadas por torque excesivo de apriete (420 Nm vs especificado 220 Nm) en un cambio de rodamiento previo.,TECNICO,fractura_eje_estriado_sobretorque,fractura_por_corte_eje_estriado|sobretorque_420nm_vs_220nm|fatiga_microfisuras,falla_rodamiento,,NO,SI,Rodamiento de maza o rodaje de rueda picado (zumbido de rodadura),SINTETICO_IA,L3 fractura de punta de palier por sobretorque de 420 Nm.
F10-L08-0078,G43-L3-13,Juntas homocineticas o palieres danados,SUSPENSION_CHASIS,L3,Inspección de guardapolvo interior de palier (lado caja de cambios): abrazadera Oetiker de acero inoxidable rota con desprendimiento del labio del fuelle sobre el retén del diferencial; pérdida de 180 ml de valvulina 75W-90 de la transmisión manual que empapó el palier provocando chasquido y golpeteo bajo carga.,TALLER,abrazadera_oetiker_rota_fuga_valvulina,abrazadera_oetiker_rota|fuga_valvulina_75w90_180ml|chasquido_bajo_carga,falla_aceite_caja,,NO,SI,Falta o degradacion de aceite de caja de cambios,SINTETICO_IA,L3 abrazadera rota de fuelle interior fuga aceite de caja con chasquido.
F10-L08-0079,G43-L3-14,Juntas homocineticas o palieres danados,SUSPENSION_CHASIS,L3,Prueba de esfuerzo en rampa con 18% de pendiente con dirección girada 35 grados: al aplicar embrague y acelerador para arranque en pendiente la homocinética exterior emite chasquidos metálicos violentos de 94 dBA con salto cinemático en el volante; en rampa recta el arranque se produce sin ningún chasquido.,TECNICO,rampa_pendiente_18porciento_giro_35grados,chasquido_94dba_rampa_con_giro_35grados|salto_cinematico_volante|silencio_en_rampa_recta,falla_disco_embrague,,NO,SI,Disco de embrague desgastado o patinando,SINTETICO_IA,L3 rampa al 18% con giro a 35° dispara chasquido de 94 dBA.
F10-L08-0080,G43-L3-15,Juntas homocineticas o palieres danados,SUSPENSION_CHASIS,L3,Metrología de rodillos de agujas en trípode de palier: 12 agujas fracturadas y pulverizadas en el rodillo número 2; las partículas de acero templado destruyeron la superficie tratada térmicamente de la cazoleta provocando juego radial de 2.2 mm y sacudida transversal al transferir torque en marchas 2da y 3ra.,TECNICO,metrologia_agujas_tripode_pulverizadas,12_agujas_pulverizadas_en_rodillo|juego_radial_2_2mm|sacudida_al_transferir_torque,falla_caja_cambios,,NO,SI,Rodajes de caja mecanica o diferencial gastados,SINTETICO_IA,L3 rodillo de trípode con 12 agujas pulverizadas genera sacudida en 2da y 3ra.
F10-L08-0081,G44-L1-01,Llantas desbalanceadas o desalineadas,SUSPENSION_CHASIS,L1,El volante empieza a temblar fuerte cuando voy a más de 80 km/h en la carretera.,COTIDIANO,carretera_80kmh,volante_tiembla_a_mas_de_80kmh,,,SI,NO,,SINTETICO_IA,L1 volante tiembla a 80 km/h sin detalles.
F10-L08-0082,G44-L1-02,Llantas desbalanceadas o desalineadas,SUSPENSION_CHASIS,L1,"Hola, si suelto el timón en pista recta el carro se jala de inmediato hacia la derecha.",WHATSAPP,pista_recta_soltar_timon,se_jala_hacia_la_derecha_en_recta,,,SI,NO,,SINTETICO_IA,L1 jaloneo hacia la derecha al soltar timón.
F10-L08-0083,G44-L1-03,Llantas desbalanceadas o desalineadas,SUSPENSION_CHASIS,L1,Siento una vibración en el piso y en el asiento a cierta velocidad.,COTIDIANO,cierta_velocidad_piso,vibracion_piso_y_asiento_velocidad,,,SI,NO,,SINTETICO_IA,L1 vibración en asiento a cierta velocidad.
F10-L08-0084,G44-L1-04,Llantas desbalanceadas o desalineadas,SUSPENSION_CHASIS,L1,Las llantas delanteras se están gastando disparejas por el borde de adentro.,COTIDIANO,desgaste_borde_interno,llantas_gastando_disparejas_borde_adentro,,,SI,NO,,SINTETICO_IA,L1 desgaste disparejo interior.
F10-L08-0085,G44-L1-05,Llantas desbalanceadas o desalineadas,SUSPENSION_CHASIS,L1,Para llevar el auto recto tengo que mantener el timón un poco chueco hacia un lado.,COTIDIANO,timon_chueco_en_recta,timon_chueco_para_ir_recto,,,SI,NO,,SINTETICO_IA,L1 volante descentrado en recta.
F10-L08-0086,G44-L1-06,Llantas desbalanceadas o desalineadas,SUSPENSION_CHASIS,L1,"Buenas tardes, vibra todo el carro entre 90 y 100 por hora y luego se calma.",WHATSAPP,rango_90_100_kmh,vibra_entre_90_y_100_luego_calma,,,SI,NO,,SINTETICO_IA,L1 ventana de vibración 90-100 km/h.
F10-L08-0087,G44-L1-07,Llantas desbalanceadas o desalineadas,SUSPENSION_CHASIS,L1,Noto que el carro se desvía solo hacia el lado del copiloto en la autopista.,TALLER,desvio_autopista,desvio_hacia_copiloto_autopista,,,SI,NO,,SINTETICO_IA,L1 desvío lateral en autopista.
F10-L08-0088,G44-L1-08,Llantas desbalanceadas o desalineadas,SUSPENSION_CHASIS,L1,El timon tiembla orrible entre ochenta y cien por hora.,ERROR_ORTOGRAFICO,velocidad_80_100,timon_tiembla_entre_ochenta_y_cien,,,SI,NO,,SINTETICO_IA,L1 temblor de timón con ortografía informal.
F10-L08-0089,G44-L1-09,Llantas desbalanceadas o desalineadas,SUSPENSION_CHASIS,L1,Se escucha un zumbido ondulante de llantas como si el neumático estuviera deformado.,COTIDIANO,rodaje_ondulante,zumbido_ondulante_llanta_deformada,,,SI,NO,,SINTETICO_IA,L1 zumbido ondulante de neumático.
F10-L08-0090,G44-L1-10,Llantas desbalanceadas o desalineadas,SUSPENSION_CHASIS,L1,Al soltar las manos del volante el coche se cruza hacia el carril izquierdo.,COTIDIANO,soltar_manos_desvio_izq,se_cruza_al_carril_izquierdo_al_soltar,,,SI,NO,,SINTETICO_IA,L1 deriva a la izquierda al soltar manos.
F10-L08-0091,G44-L2-01,Llantas desbalanceadas o desalineadas,SUSPENSION_CHASIS,L2,Vibración oscilatoria en el volante exactamente entre 85 y 105 km/h en pista lisa; no vibra al frenar ni vibra por debajo de 70 km/h.,COTIDIANO,ventana_85_105kmh_pista_lisa,vibracion_volante_85_a_105kmh,vibracion_al_frenar|vibracion_bajo_70kmh,,NO,SI,Discos de freno alabeados o desgastados,SINTETICO_IA,L2 vibración en ventana 85-105 km/h sin frenar descarta disco alabeado.
F10-L08-0092,G44-L2-02,Llantas desbalanceadas o desalineadas,SUSPENSION_CHASIS,L2,En autopista nivelada a 100 km/h al soltar el volante el vehículo deriva 2 metros a la derecha en 5 segundos; el volante queda torcido 10 grados a la izquierda para ir derecho.,TALLER,deriva_autopista_100kmh,deriva_2m_a_derecha_en_5s|volante_descentrado_10_grados,falla_frenos,,NO,SI,Caliper de freno trabado o mordaza pegada (piston agarrotado),SINTETICO_IA,L2 deriva lateral y volante descentrado descarta mordaza trabada.
F10-L08-0093,G44-L2-03,Llantas desbalanceadas o desalineadas,SUSPENSION_CHASIS,L2,Neumáticos delanteros con desgaste pronunciado en diente de sierra (feathering) en la banda de rodadura por exceso de convergencia; los amortiguadores no tienen fuga.,TECNICO,inspeccion_diente_de_sierra,desgaste_diente_sierra_feathering|convergencia_incorrecta,fuga_amortiguadores,,NO,SI,Amortiguadores reventados o bujes de suspension gastados,SINTETICO_IA,L2 desgaste en diente de sierra por mala convergencia descarta amortiguadores.
F10-L08-0094,G44-L2-04,Llantas desbalanceadas o desalineadas,SUSPENSION_CHASIS,L2,Pérdida de plomo de contrapeso exterior de 35 gramos en aro delantero izquierdo; genera vibración rítmica en el volante que se activa a partir de 90 km/h.,TALLER,plomo_contrapeso_perdido_35g,plomo_perdido_35g|vibracion_ritmica_volante_a_partir_90kmh,falla_homocinetica,,NO,SI,Juntas homocineticas o palieres danados,SINTETICO_IA,L2 pérdida de contrapeso de 35g produce vibración a 90 km/h.
F10-L08-0095,G44-L2-05,Llantas desbalanceadas o desalineadas,SUSPENSION_CHASIS,L2,"Hola maestro, vibra el asiento y el piso entre 90 y 110 km/h pero el volante no vibra nada; me dijeron que son las llantas traseras desbalanceadas.",WHATSAPP,vibracion_asiento_piso_traseras,vibracion_asiento_y_piso_90_110kmh,vibracion_en_el_volante,,NO,SI,Rodamiento de maza o rodaje de rueda picado (zumbido de rodadura),SINTETICO_IA,L2 desbalanceo trasero vibra asiento/piso sin vibrar volante descarta rodamiento.
F10-L08-0096,G44-L2-06,Llantas desbalanceadas o desalineadas,SUSPENSION_CHASIS,L2,Ambos neumáticos delanteros tienen el hombro interior liso en los alambres mientras el exterior conserva 5 mm de huella por caída negativa excesiva.,TECNICO,desgaste_hombro_interior_camber,hombro_interior_en_alambres|exterior_5mm_huella|caida_negativa_excesiva,falla_suspension,,NO,SI,Amortiguadores reventados o bujes de suspension gastados,SINTETICO_IA,L2 hombro interior liso por exceso de caída negativa.
F10-L08-0097,G44-L2-07,Llantas desbalanceadas o desalineadas,SUSPENSION_CHASIS,L2,Al circular a 95 km/h con acelerador pisado o en neutro la vibración del timón se mantiene idéntica; si freno suavemente el auto frena parejo sin pulsaciones.,COTIDIANO,crucero_95kmh_gas_vs_neutro,vibracion_identica_gas_y_neutro_95kmh,pulsaciones_al_frenar,,NO,SI,Discos de freno alabeados o desgastados,SINTETICO_IA,L2 vibración constante en neutro y sin pulsación al frenar descarta discos.
F10-L08-0098,G44-L2-08,Llantas desbalanceadas o desalineadas,SUSPENSION_CHASIS,L2,Aro de aleación con deformación y salto radial de 2 mm por impacto contra bache; al balancear la rueda exige 60 gramos de contrapeso.,TALLER,aro_deformado_salto_radial_2mm,aro_deformado_salto_radial_2mm|exige_60g_balanceo,falla_rodaje,,NO,SI,Rodamiento de maza o rodaje de rueda picado (zumbido de rodadura),SINTETICO_IA,L2 aro abollado con salto radial de 2 mm exige 60g.
F10-L08-0099,G44-L2-09,Llantas desbalanceadas o desalineadas,SUSPENSION_CHASIS,L2,Vehículo jala fuertemente hacia la izquierda tras caer en una zanja; en el taller comprobaron que la rueda izquierda tiene 1 grado de divergencia abierta.,TALLER,zanja_divergencia_abierta_1grado,jala_a_izquierda_por_zanja|divergencia_abierta_1_grado,falla_cremallera,,NO,SI,Cremallera de direccion asistida con holgura o fuga,SINTETICO_IA,L2 divergencia abierta de 1° tras zanja jala a la izquierda.
F10-L08-0100,G44-L2-10,Llantas desbalanceadas o desalineadas,SUSPENSION_CHASIS,L2,Zumbido y rumorosidad de rodadura ondulante en autopista; al pasar la mano por la banda de rodadura del neumático se siente escalonada en los tacos.,COTIDIANO,tacto_escalonado_banda,zumbido_ondulante_rodadura|tacos_escalonados_al_tacto,falla_rodamiento_maza,,NO,SI,Rodamiento de maza o rodaje de rueda picado (zumbido de rodadura),SINTETICO_IA,L2 taqueado escalonado en neumáticos zumba en autopista descarta rodamiento.
F10-L08-0101,G44-L2-11,Llantas desbalanceadas o desalineadas,SUSPENSION_CHASIS,L2,"Buenas tardes, cuando viajo a 100 km/h vibra el volante; si acelero a 130 km/h la vibración se apaga por completo, solo lo hace en ese rango.",WHATSAPP,rango_100_apaga_130,vibracion_a_100kmh|apaga_a_130kmh,vibracion_a_alta_velocidad,,NO,SI,Juntas homocineticas o palieres danados,SINTETICO_IA,L2 vibración en ventana que apaga a 130 descarta palier.
F10-L08-0102,G44-L2-12,Llantas desbalanceadas o desalineadas,SUSPENSION_CHASIS,L2,Volante girado 15 grados a la derecha en trayectoria recta; el vehículo no presenta ruidos ni juego en la barra de dirección.,COTIDIANO,volante_descentrado_15_grados,volante_girado_15_grados_en_recta,ruido_juego_barra_direccion,,NO,SI,Cremallera de direccion asistida con holgura o fuga,SINTETICO_IA,L2 volante desfasado 15 grados sin juego en cremallera.
F10-L08-0103,G44-L2-13,Llantas desbalanceadas o desalineadas,SUSPENSION_CHASIS,L2,Llanta trasera derecha con deformación estructural en la carcasa interna (huevo o chichón lateral); produce bamboleo vertical a baja velocidad.,TALLER,chichon_lateral_bamboleo,chichon_lateral_carcasa_deformada|bamboleo_baja_velocidad,falla_amortiguador,,NO,SI,Amortiguadores reventados o bujes de suspension gastados,SINTETICO_IA,L2 chichón en carcasa produce bamboleo rítmico.
F10-L08-0104,G44-L2-14,Llantas desbalanceadas o desalineadas,SUSPENSION_CHASIS,L2,Tendencia direccional a la derecha que obliga a ejercer fuerza constante de 15 N en el timón para mantener el carril; discos no calientan de forma dispar.,TECNICO,fuerza_constante_timon_15n,fuerza_constante_15n_en_timon|tendencia_direccional_derecha,temperatura_dispar_discos,,NO,SI,Caliper de freno trabado o mordaza pegada (piston agarrotado),SINTETICO_IA,L2 fuerza continua de 15 N por alineación descarta mordaza pegada.
F10-L08-0105,G44-L2-15,Llantas desbalanceadas o desalineadas,SUSPENSION_CHASIS,L2,Vibración en el volante que comenzó justo después de parchar una llanta y no volver a balancearla; antes del pinchazo andaba perfecto.,COTIDIANO,parche_sin_balanceo,vibracion_tras_parchar_llanta_sin_balanceo,falla_mecanica_previa,,NO,NO,,SINTETICO_IA,L2 vibración surgida tras parchado sin contrapesos.
F10-L08-0106,G44-L3-01,Llantas desbalanceadas o desalineadas,SUSPENSION_CHASIS,L3,Diagnóstico de vibración en banco de balanceo dinámico computarizado: rueda delantera derecha registra desbalance dinámico de 45 gramos en el plano exterior y 25 gramos en el plano interior a 850 rpm (simulando 100 km/h). Al colocar contrapesos de zinc de 45 g y 25 g el desbalance residual se reduce a 0 gramos. En prueba de pista a 100 km/h la vibración del volante disminuye de una amplitud de aceleración RMS de 3.8 m/s2 a 0.2 m/s2. Se descartan discos alabeados dado que al frenar no existe modulación de presión hidráulica ni pulsación.,TECNICO,balanceadora_dinamica_45g_25g,desbalance_45g_exterior_25g_interior|reduccion_a_cero_gramos|amplitud_cae_3_8_a_0_2ms2,pulsacion_frenado,,NO,SI,Discos de freno alabeados o desgastados,SINTETICO_IA,L3 balanceo computarizado 45g/25g elimina vibración de 3.8 m/s2 a 100 km/h.
F10-L08-0107,G44-L3-02,Llantas desbalanceadas o desalineadas,SUSPENSION_CHASIS,L3,"Medición en alineadora computarizada 3D con cámaras CCD y dianas de alta definición: el eje delantero registra divergencia total de -0°54' (especificación OEM +0°06' a +0°14' de convergencia positiva), ángulo de caída (camber) izquierdo en -2°18' vs derecho en -0°30' (desequilibrio de caída de 1°48') y avance (caster) simétrico en +3°45'. En carretera esto provoca que el vehículo derive lateralmente 3.5 metros en 100 metros hacia el lado derecho y presente desgaste acelerado en el hombro interno del neumático izquierdo.",TECNICO,alineadora_3d_divergencia_menos_0_54,divergencia_menos_0_54_grados|desequilibrio_camber_1_48_grados|deriva_3_5m_en_100m|desgaste_hombro_interno,falla_cremallera,,NO,SI,Cremallera de direccion asistida con holgura o fuga,SINTETICO_IA,L3 alineadora 3D constata divergencia de -0°54' y delta camber de 1°48'.
F10-L08-0108,G44-L3-03,Llantas desbalanceadas o desalineadas,SUSPENSION_CHASIS,L3,Evaluación de excentricidad y fuerza radial con balanceadora Road Force (rodillo de carga de 550 kg): el neumático delantero izquierdo presenta variación de fuerza radial (RFV) de 145 N (límite máximo 75 N) debido a superposición irregular de lonas de poliéster internas. Esto induce una fuerza vertical oscilante a 11.2 Hz a 90 km/h que hace vibrar el volante a pesar de que el balanceo estático de masas marque cero gramos.,TECNICO,road_force_rfv_145n,variacion_fuerza_radial_rfv_145n_vs_75n|vibracion_a_11_2hz_a_90kmh|balanceo_estatico_cero,falla_palier,,NO,SI,Juntas homocineticas o palieres danados,SINTETICO_IA,L3 Road Force mide 145 N de RFV por defecto de carcasa vibrando a 90 km/h.
F10-L08-0109,G44-L3-04,Llantas desbalanceadas o desalineadas,SUSPENSION_CHASIS,L3,"Hola maestro, tengo un Toyota Corolla. En pista lisa a 90 km/h el volante tiembla como un celular en vibrador, pero si bajo a 70 o subo a 120 km/h el temblor desaparece casi por completo. Al pisar el freno el carro frena suavecito sin vibrar nada. En la llantería le pusieron la rueda a la máquina y faltaban 35 gramos en un lado y 20 en el otro.",WHATSAPP,corolla_90kmh_vs_frenado_suave,volante_tiembla_a_90kmh|desaparece_a_70_y_120|frena_suave_sin_vibrar|faltaban_35g_y_20g,vibracion_al_frenar,,NO,SI,Discos de freno alabeados o desgastados,SINTETICO_IA,L3 relato WhatsApp de desbalanceo a 90 km/h con descarte explícito de frenado.
F10-L08-0110,G44-L3-05,Llantas desbalanceadas o desalineadas,SUSPENSION_CHASIS,L3,"Inspección de desgaste con profundímetro digital de banda de rodamiento: neumático delantero derecho registra 1.8 mm en el hombro interior, 4.2 mm en el centro y 6.1 mm en el hombro exterior (desgaste cónico asimétrico de 4.3 mm); prueba de alineación confirma ángulo de caída negativa de -2°42' debido a deformación del anclaje del amortiguador tras colisión con berma.",TECNICO,profundimetro_desgaste_conico_4_3mm,profundimetro_1_8mm_vs_6_1mm|desgaste_conico_4_3mm|camber_menos_2_42_grados,falla_buje_trapecio,,NO,SI,Amortiguadores reventados o bujes de suspension gastados,SINTETICO_IA,L3 profundímetro mide delta de 4.3 mm en hombros por caída de -2°42'.
F10-L08-0111,G44-L3-06,Llantas desbalanceadas o desalineadas,SUSPENSION_CHASIS,L3,Análisis con goniómetro digital de centrado de volante: con el vehículo circulando en línea recta a 80 km/h en carril plano sin peralte el volante requiere un desfase angular permanente de 14.5 grados a la izquierda para mantener la trayectoria. La alineadora 3D constata que las barras axiales de dirección fueron reguladas asimétricamente (+0°28' en rueda izquierda y -0°32' en rueda derecha).,TECNICO,goniometro_volante_desfase_14_5_grados,desfase_volante_14_5_grados_en_recta|barras_axiales_asimetricas|alineacion_descompensada,falla_cremallera,,NO,SI,Cremallera de direccion asistida con holgura o fuga,SINTETICO_IA,L3 goniómetro mide desfase de 14.5° por regulación asimétrica de axiales.
F10-L08-0112,G44-L3-07,Llantas desbalanceadas o desalineadas,SUSPENSION_CHASIS,L3,Mi carro ase una vibrasion muy fuerte en el timon cuando voy a noventa en la panamericana. Si suelto el acelerador en neutro sigue vibrando igualito a noventa. Pero cuando freno no tiembla nada de nada. El de la llanteria me mostro que el aro de fierro taba golpeao y le faltaba 40 gramos de plomo.,ERROR_ORTOGRAFICO,vibrasion_90_panamericana_neutro,vibrasion_en_el_timon_a_noventa|sigue_en_neutro|no_tiembla_al_frenar|falta_40g_plomo,vibracion_frenado,,NO,SI,Discos de freno alabeados o desgastados,SINTETICO_IA,L3 vibración a 90 km/h que sigue en neutro y no vibra al frenar con ortografía informal.
F10-L08-0113,G44-L3-08,Llantas desbalanceadas o desalineadas,SUSPENSION_CHASIS,L3,Inspección de runout radial y lateral de rueda completa montada en buje con reloj comparador de carátula: salto radial del neumático de 1.9 mm (especificación máxima 0.8 mm) y alabeo lateral del aro de 1.4 mm. Esto genera vibración de primer armónico a 13.5 Hz a 100 km/h provocando fatiga en la columna de dirección.,TECNICO,reloj_comparador_salto_radial_1_9mm,salto_radial_neumatico_1_9mm|alabeo_aro_1_4mm|primer_armonico_13_5hz_a_100kmh,falla_rodaje_maza,,NO,SI,Rodamiento de maza o rodaje de rueda picado (zumbido de rodadura),SINTETICO_IA,L3 reloj comparador mide salto radial de 1.9 mm en neumático.
F10-L08-0114,G44-L3-09,Llantas desbalanceadas o desalineadas,SUSPENSION_CHASIS,L3,Vehículo presenta arrastre direccional hacia la derecha con ángulo de empuje (thrust angle) del eje trasero desfasado en +0°38' respecto al eje geométrico central. El eje trasero rígido se encuentra desalineado por impacto lateral contra bordillo provocando que el auto circule 'de costado' (dog tracking) con desgaste prematuro en los hombros externos de ambas llantas derechas.,TECNICO,angulo_empuje_thrust_angle_0_38,thrust_angle_trasero_mas_0_38_grados|dog_tracking_de_costado|desgaste_hombros_derechos,falla_amortiguadores,,NO,SI,Amortiguadores reventados o bujes de suspension gastados,SINTETICO_IA,L3 thrust angle trasero de +0°38' produce efecto dog tracking y deriva.
F10-L08-0115,G44-L3-10,Llantas desbalanceadas o desalineadas,SUSPENSION_CHASIS,L3,"Sonometría diferencial de rumorosidad de rodadura: el habitáculo registra 74 dBA a 90 km/h con modulación cíclica de 7 Hz debida a desgaste en facetas poligonales (cupping) en los neumáticos traseros provocado por rodar 40,000 km sin rotación. Al rotar las ruedas a llantas de prueba lisas nuevas el nivel sonoro decae a 58 dBA descartando daño en rodamientos de maza.",TECNICO,sonometria_cupping_74dba_vs_58dba,ruido_74dba_modulacion_7hz_cupping|decae_a_58dba_con_llantas_nuevas|rodamientos_ok,falla_rodamiento_rueda,,NO,SI,Rodamiento de maza o rodaje de rueda picado (zumbido de rodadura),SINTETICO_IA,L3 cupping en neumáticos genera 74 dBA que cae a 58 dBA con gomas nuevas descartando rodamientos.
F10-L08-0116,G44-L3-11,Llantas desbalanceadas o desalineadas,SUSPENSION_CHASIS,L3,Desbalanceo dinámico en ruedas traseras: balanceadora acusa 50 gramos de desbalance estático en rueda trasera izquierda. En carretera abierta entre 95 y 115 km/h el volante permanece completamente quieto pero los respaldos de los asientos delanteros oscilan visiblemente con amplitud de 5 mm y el espejo retrovisor interior vibra empañando la visión trasera.,TALLER,desbalance_trasero_50g_oscilacion_asientos,desbalance_trasero_50g|volante_quieto|respaldos_oscilan_5mm|retrovisor_vibra,falla_palier,,NO,SI,Juntas homocineticas o palieres danados,SINTETICO_IA,L3 desbalanceo trasero de 50g vibra asientos y espejo manteniendo volante firme.
F10-L08-0117,G44-L3-12,Llantas desbalanceadas o desalineadas,SUSPENSION_CHASIS,L3,Comprobación de alineación de dirección tras sustitución de terminales: convergencia delantera descalibrada a +1°12' (exceso de convergencia cerrada de 12 mm en regla métrica). El vehículo presenta una dirección hipersensible en curvas y chirrido continuo de neumáticos en giros a baja velocidad (20 km/h) sobre asfalto pulido de estacionamiento.,TECNICO,convergencia_cerrada_1_12_grados,convergencia_cerrada_mas_1_12_grados|exceso_12mm_convergencia|chirrido_a_20kmh_estacionamiento,falla_cremallera,,NO,SI,Cremallera de direccion asistida con holgura o fuga,SINTETICO_IA,L3 convergencia cerrada de +1°12' genera chirrido en maniobras.
F10-L08-0118,G44-L3-13,Llantas desbalanceadas o desalineadas,SUSPENSION_CHASIS,L3,"Medición de concentricidad y balanceo de conjunto aro-neumático: neumático montado con rotación de 180 grados desalineada respecto al punto amarillo de mínima masa del neumático con la válvula del aro; la máquina acusa 65 gramos de desbalance; tras desinflar, rotar la cubierta alineando punto amarillo con válvula el desbalance se reduce naturalmente a 15 gramos.",TALLER,optimizacion_match_mounting_punto_amarillo,desalineacion_punto_amarillo_65g|match_mounting_reduce_a_15g|vibracion_eliminada,falla_disco_freno,,NO,SI,Discos de freno alabeados o desgastados,SINTETICO_IA,L3 match mounting con punto amarillo reduce desbalance de 65g a 15g.
F10-L08-0119,G44-L3-14,Llantas desbalanceadas o desalineadas,SUSPENSION_CHASIS,L3,"Evaluación de deriva dinámica con dinamómetro de volante: en pista con 0% de pendiente transversal a 100 km/h el vehículo requiere 2.2 Nm de torque corrector continuo hacia la izquierda para contrarrestar ángulo de avance (caster) desparejo (rueda derecha con +2°10' vs izquierda con +3°40', delta de 1°30' por brazo doblado).",TECNICO,torque_corrector_2_2nm_delta_caster,torque_corrector_2_2nm|delta_caster_1_30_grados|deriva_continua_hacia_derecha,falla_mordaza_freno,,NO,SI,Caliper de freno trabado o mordaza pegada (piston agarrotado),SINTETICO_IA,L3 torque corrector de 2.2 Nm por delta de caster de 1°30'.
F10-L08-0120,G44-L3-15,Llantas desbalanceadas o desalineadas,SUSPENSION_CHASIS,L3,Vibración armónica de alta frecuencia a 105 km/h analizada con acelerómetro FFT en volante: pico de aceleración de 2.8 m/s2 centrado exactamente en 14.1 Hz correspondiente a 1X velocidad de rotación de rueda (105 km/h con neumático 205/55R16 = 14.1 rps); la balanceadora confirmó 35 gramos de desbalance en rueda delantera izquierda.,TECNICO,acelerometria_fft_14_1hz_a_105kmh,pico_fft_14_1hz_a_105kmh_2_8ms2|frecuencia_1x_rotacion_rueda|desbalance_35g,falla_palier,,NO,SI,Juntas homocineticas o palieres danados,SINTETICO_IA,L3 acelerometría FFT confirma pico en 14.1 Hz (1X rueda) por 35g de desbalance.
F10-L08-0121,G45-L1-01,Cremallera de direccion asistida con holgura o fuga,SUSPENSION_CHASIS,L1,El timón tiene un juego muerto en el centro y se escucha un golpecito al moverlo.,COTIDIANO,timon_movimiento_parado,juego_muerto_timon_golpecito,,,SI,NO,,SINTETICO_IA,L1 juego en volante y golpecito.
F10-L08-0122,G45-L1-02,Cremallera de direccion asistida con holgura o fuga,SUSPENSION_CHASIS,L1,"Hola, la dirección se puso pesadísima como si no tuviera asistencia y chilla al doblar.",WHATSAPP,direccion_pesada_chillido,direccion_pesada_chilla_al_doblar,,,SI,NO,,SINTETICO_IA,L1 dirección dura con chillido.
F10-L08-0123,G45-L1-03,Cremallera de direccion asistida con holgura o fuga,SUSPENSION_CHASIS,L1,Hay un charco de líquido rojizo aceitoso debajo del motor por la cremallera.,COTIDIANO,fuga_liquido_rojizo,charco_liquido_rojizo_aceitoso,,,SI,NO,,SINTETICO_IA,L1 fuga de líquido rojizo.
F10-L08-0124,G45-L1-04,Cremallera de direccion asistida con holgura o fuga,SUSPENSION_CHASIS,L1,Siento un trac-toc hueco en el volante cada vez que paso por un camino ripiado.,COTIDIANO,camino_ripiado_volante,trac_toc_hueco_volante_ripiado,,,SI,NO,,SINTETICO_IA,L1 golpe hueco en volante en ripio.
F10-L08-0125,G45-L1-05,Cremallera de direccion asistida con holgura o fuga,SUSPENSION_CHASIS,L1,En el tablero se prendió una luz con el dibujo de un volante y timón duro.,TALLER,testigo_eps_timon_duro,luz_testigo_volante_timon_duro,,,SI,NO,,SINTETICO_IA,L1 testigo de volante con endurecimiento.
F10-L08-0126,G45-L1-06,Cremallera de direccion asistida con holgura o fuga,SUSPENSION_CHASIS,L1,"Buenas, al zigzaguear el timón con el auto detenido se siente una holgura metálica.",WHATSAPP,zigzagueo_en_parado,holgura_metalica_zigzaguear_parado,,,SI,NO,,SINTETICO_IA,L1 holgura en zigzagueo detenido.
F10-L08-0127,G45-L1-07,Cremallera de direccion asistida con holgura o fuga,SUSPENSION_CHASIS,L1,El auto se siente impreciso y flota en la dirección cuando voy derecho en pista.,COTIDIANO,flotacion_direccion_recta,direccion_imprecisa_flota_en_recta,,,SI,NO,,SINTETICO_IA,L1 flotación e imprecisión direccional.
F10-L08-0128,G45-L1-08,Cremallera de direccion asistida con holgura o fuga,SUSPENSION_CHASIS,L1,Ayuda bota aseite por los fuelles de la direccion hidraulica.,ERROR_ORTOGRAFICO,fuelles_bota_aceite,bota_aseite_fuelles_direccion,,,SI,NO,,SINTETICO_IA,L1 fuga en fuelles con ortografía informal.
F10-L08-0129,G45-L1-09,Cremallera de direccion asistida con holgura o fuga,SUSPENSION_CHASIS,L1,Cruje y se traba un poco la dirección al doblar cerrado para estacionar.,COTIDIANO,estacionar_traba_direccion,cruje_se_traba_direccion_doblar,,,SI,NO,,SINTETICO_IA,L1 crujido y trabamiento leve al maniobrar.
F10-L08-0130,G45-L1-10,Cremallera de direccion asistida con holgura o fuga,SUSPENSION_CHASIS,L1,Se escucha un zumbido como de licuadora cuando giro el volante hasta el tope.,COTIDIANO,giro_tope_volante,zumbido_licuadora_volante_tope,,,SI,NO,,SINTETICO_IA,L1 zumbido de bomba en topes.
F10-L08-0131,G45-L2-01,Cremallera de direccion asistida con holgura o fuga,SUSPENSION_CHASIS,L2,Fuga visible de líquido hidráulico ATF por los retenes laterales de la cremallera; los guardapolvos de goma están inflados y empapados de aceite rojo.,TECNICO,inspeccion_fuelles_empapados_atf,fuga_atf_retenes_laterales_cremallera|guardapolvos_inflados_aceite,falla_frenos,,NO,SI,Fuga hidraulica o aire en el sistema de frenos,SINTETICO_IA,L2 fuga de líquido ATF en cremallera descarta circuito de frenos.
F10-L08-0132,G45-L2-02,Cremallera de direccion asistida con holgura o fuga,SUSPENSION_CHASIS,L2,Dirección electroasistida EPS con código DTC C1511 en módulo de dirección; presenta endurecimiento repentino al realizar giros rápidos a baja velocidad.,TECNICO,giros_baja_velocidad_c1511,dtc_c1511|endurecimiento_repentino_eps|giros_rapidos_baja_velocidad,falla_bomba_hidraulica,C1511,NO,SI,Amortiguadores reventados o bujes de suspension gastados,SINTETICO_IA,L2 EPS con C1511 por sensor de par de dirección.
F10-L08-0133,G45-L2-03,Cremallera de direccion asistida con holgura o fuga,SUSPENSION_CHASIS,L2,Golpeteo seco toc-toc al mover el volante rápidamente de izquierda a derecha con el vehículo detenido; el casquillo de teflón de la barra cremallera tiene holgura.,TALLER,movimiento_rapido_parado_casquillo,toc_toc_volante_parado|holgura_casquillo_teflon_cremallera,falla_homocinetica,,NO,SI,Juntas homocineticas o palieres danados,SINTETICO_IA,L2 juego de casquillo en cremallera sin sonar en marcha.
F10-L08-0134,G45-L2-04,Cremallera de direccion asistida con holgura o fuga,SUSPENSION_CHASIS,L2,Pérdida de nivel de líquido en el reservorio de dirección asistida hidráulica con chillido agudo de la bomba en topes; al frenar en recta no jala a ningún lado.,COTIDIANO,deposito_vacio_chillido_topes,nivel_bajo_reservorio_direccion|chillido_bomba_topes,desvio_frenado,,NO,SI,Llantas desbalanceadas o desalineadas,SINTETICO_IA,L2 depósito hidráulico bajo con chillido de bomba en topes.
F10-L08-0135,G45-L2-05,Cremallera de direccion asistida con holgura o fuga,SUSPENSION_CHASIS,L2,"Hola maestro, cuando paso por adoquines suena un golpeteo que repercute directo en el volante; los bujes de trapecio y rótulas están completamente nuevos.",WHATSAPP,adoquines_repercute_en_volante,golpeteo_repercute_en_volante_adoquines,falla_bujes_rotulas_nuevos,,NO,SI,Amortiguadores reventados o bujes de suspension gastados,SINTETICO_IA,L2 golpeteo en volante con bujes de trapecio nuevos confirma cremallera.
F10-L08-0136,G45-L2-06,Cremallera de direccion asistida con holgura o fuga,SUSPENSION_CHASIS,L2,Terminales axiales de dirección (bieletas interiores de cremallera) con holgura axial de 3 mm; el volante tiene juego libre de 20 grados antes de mover las ruedas.,TALLER,terminales_axiales_juego_20grados,axiales_direccion_holgura_3mm|juego_libre_volante_20_grados,falla_llanta,,NO,SI,Llantas desbalanceadas o desalineadas,SINTETICO_IA,L2 axiales interiores de cremallera con 3 mm de juego libre.
F10-L08-0137,G45-L2-07,Cremallera de direccion asistida con holgura o fuga,SUSPENSION_CHASIS,L2,Dirección asistida eléctrica con DTC C1532 por sobrecorriente en el motorreductor EPS acoplado a la cremallera; se desactiva la asistencia tras 10 minutos de tráfico.,TECNICO,trafico_sobrecorriente_c1532,dtc_c1532|sobrecorriente_motorreductor_eps|corte_asistencia_en_trafico,falla_alternador,C1532,NO,SI,Alternador defectuoso o placa de diodos quemada,SINTETICO_IA,L2 EPS con C1532 por sobrecalentamiento de motorreductor.
F10-L08-0138,G45-L2-08,Cremallera de direccion asistida con holgura o fuga,SUSPENSION_CHASIS,L2,Fuga masiva de aceite por el retén superior del piñón de ataque de la cremallera; el fluido gotea sobre la cruceta de la columna de dirección en la cabina.,TALLER,reten_pinon_ataque_gotea_columna,fuga_aceite_reten_pinon_cremallera|goteo_cruceta_cabina,falla_embrague,,NO,SI,Falla en bombin o bomba hidraulica de embrague,SINTETICO_IA,L2 retén de piñón de cremallera fuga sobre cruceta descarta bombín.
F10-L08-0139,G45-L2-09,Cremallera de direccion asistida con holgura o fuga,SUSPENSION_CHASIS,L2,Al circular en línea recta por autopista se siente un punto duro en el centro de la cremallera que dificulta pequeñas correcciones de carril; no zumba en rodadura.,COTIDIANO,punto_duro_centro_autopista,punto_duro_centro_cremallera|dificulta_correcciones,zumbido_rodadura,,NO,SI,Rodamiento de maza o rodaje de rueda picado (zumbido de rodadura),SINTETICO_IA,L2 punto duro central en cremallera descarta rodamiento de maza.
F10-L08-0140,G45-L2-10,Cremallera de direccion asistida con holgura o fuga,SUSPENSION_CHASIS,L2,Tornillo de ajuste de precarga del empujador de cremallera (yoke) flojo; la barra dentada golpea contra el cuerpo de aluminio al pasar baches pequeños.,TECNICO,yoke_precarga_flojo,empujador_yoke_flojo|barra_cremallera_golpea_cuerpo,falla_amortiguador,,NO,SI,Amortiguadores reventados o bujes de suspension gastados,SINTETICO_IA,L2 yoke de precarga flojo genera golpeteo de barra cremallera.
F10-L08-0141,G45-L2-11,Cremallera de direccion asistida con holgura o fuga,SUSPENSION_CHASIS,L2,"Buenas tardes, al maniobrar en estacionamiento el timón de la dirección hidráulica se pone durísimo hacia el lado izquierdo pero hacia la derecha gira con suavidad; la cremallera tiene sellos internos gastados.",WHATSAPP,asistencia_asimetrica_izquierda_dura,direccion_dura_hacia_la_izquierda_suave_derecha|sellos_internos_gastados,falla_bomba,,NO,NO,,SINTETICO_IA,L2 asistencia hidráulica asimétrica por fuga en anillo de pistón.
F10-L08-0142,G45-L2-12,Cremallera de direccion asistida con holgura o fuga,SUSPENSION_CHASIS,L2,Cremallera electroasistida con deformación en los dientes centrales de la barra tras subir violentamente una vereda; la dirección salta y se traba en 0 grados.,TALLER,dientes_deformados_vereda,dientes_cremallera_deformados|salto_trabamiento_en_centro,falla_homocinetica,,NO,SI,Juntas homocineticas o palieres danados,SINTETICO_IA,L2 dientes centrales deformados traban dirección en vereda.
F10-L08-0143,G45-L2-13,Cremallera de direccion asistida con holgura o fuga,SUSPENSION_CHASIS,L2,Válvula rotativa distribuidora de la cremallera hidráulica comunicada internamente; al girar el timón a ralentí se escucha un silbido continuo y no asiste.,TECNICO,valvula_rotativa_comunicada,valvula_rotativa_comunicada_silbido|perdida_asistencia_ralenti,falla_frenos,,NO,SI,Falla en servofreno (booster) o linea de vacio,SINTETICO_IA,L2 válvula rotativa de cremallera pierde presión por bypass interno.
F10-L08-0144,G45-L2-14,Cremallera de direccion asistida con holgura o fuga,SUSPENSION_CHASIS,L2,Juego axial excesivo entre el piñón sinfín y la cremallera de dirección; en camino de calamina el timón vibra con chasquido metálico en cabina.,COTIDIANO,calamina_chasquido_timon,juego_axial_pinon_cremallera|chasquido_metalico_en_calamina,vibracion_carretera_alta_velocidad,,NO,SI,Llantas desbalanceadas o desalineadas,SINTETICO_IA,L2 holgura piñón-cremallera en calamina descarta desbalanceo.
F10-L08-0145,G45-L2-15,Cremallera de direccion asistida con holgura o fuga,SUSPENSION_CHASIS,L2,Dirección hidráulica pierde todo el fluido Dexron III en menos de dos días; el fuelle derecho gotea continuamente sobre el trapecio de suspensión.,COTIDIANO,fuelle_derecho_gotea_dexron,perdida_fluido_dexron_iii_dos_dias|goteo_fuelle_cremallera,falla_aceite_motor,,NO,SI,Amortiguadores reventados o bujes de suspension gastados,SINTETICO_IA,L2 fuga masiva de Dexron III en fuelle de dirección descarta amortiguador.
F10-L08-0146,G45-L3-01,Cremallera de direccion asistida con holgura o fuga,SUSPENSION_CHASIS,L3,Diagnóstico de cremallera de dirección hidráulica en banco de presión: manómetro colocado en la línea de alta presión acusa caída de presión de trabajo de 105 bar nominales a 32 bar al solicitar tope de dirección hacia la izquierda. Al retirar los guardapolvos laterales de caucho se comprueba que el cilindro receptor interior almacena 350 ml de fluido hidráulico ATF Dexron III debido al desgaste por labio cuarteado del retén radial de teflón-NBR de 28 mm. La barra cremallera de acero rectificado presenta estrías superficiales de 0.15 mm que aceleran la pérdida.,TECNICO,banco_presion_cremallera_caida_32bar,presion_cae_105_a_32bar_giro_izq|fuelle_lleno_350ml_atf|reten_labio_cuarteado_28mm|estrias_0_15mm,falla_frenos,,NO,SI,Fuga hidraulica o aire en el sistema de frenos,SINTETICO_IA,L3 manómetro registra caída de 105 a 32 bar y 350 ml de ATF en fuelle.
F10-L08-0147,G45-L3-02,Cremallera de direccion asistida con holgura o fuga,SUSPENSION_CHASIS,L3,"Evaluación de dirección electroasistida (EPS) en columna/cremallera con escáner automotriz en vehículo Toyota Yaris: código DTC C1511 almacenado activo referente a sensor de torque de dirección (Torque Sensor 1 / Main Sensor). En flujo de datos en vivo con vehículo en línea recta el sensor registra un voltaje de 3.82 V (especificación central 2.50 V +/- 0.15 V) con un desfase de par de torsión calculado de 4.8 Nm hacia la derecha en reposo, induciendo asistencia involuntaria asimétrica y desconexión de seguridad del relé EPS con testigo de volante ámbar.",TECNICO,scanner_datos_en_vivo_c1511_3_82v,dtc_c1511|sensor_torque_3_82v_vs_2_50v|desfase_par_4_8nm_reposo|desconexion_seguridad_eps,falla_angulo_volante,C1511,NO,SI,Llantas desbalanceadas o desalineadas,SINTETICO_IA,L3 escáner acusa C1511 con sensor de torque a 3.82V desfasado 4.8 Nm.
F10-L08-0148,G45-L3-03,Cremallera de direccion asistida con holgura o fuga,SUSPENSION_CHASIS,L3,Medición de holgura radial de barra cremallera con reloj comparador de carátula en fosa: al aplicar fuerza lateral de 200 N en la barra de salida del lado del copiloto se registra un desplazamiento radial de 1.85 mm (especificación máxima 0.20 mm) debido a fractura y desgaste abrasivo del casquillo guía de teflón-bronce. Al circular sobre adoquines a 25 km/h el golpeteo seco genera un nivel sonoro de 82 dBA en la columna de dirección que desaparece al transitar sobre asfalto liso a 100 km/h.,TECNICO,reloj_comparador_holgura_radial_1_85mm,holgura_radial_barra_1_85mm_vs_0_20mm|casquillo_teflon_fracturado|golpeteo_adoquines_82dba|silencio_pista_lisa,falla_bujes_suspension,,NO,SI,Amortiguadores reventados o bujes de suspension gastados,SINTETICO_IA,L3 reloj comparador mide 1.85 mm de holgura radial en casquillo de cremallera.
F10-L08-0149,G45-L3-04,Cremallera de direccion asistida con holgura o fuga,SUSPENSION_CHASIS,L3,"Hola maestro, tengo un Nissan Sentra con dirección electroasistida. Cuando paso por pistas afirmadas o con huequitos suena un traqueteo seco adentro del timón como si la columna estuviera suelta. Las rótulas, bieletas y amortiguadores están nuevos de paquete y bien ajustados. En el taller desarmaron y encontraron que la cremallera de dirección tiene juego interno en el engranaje del piñón sinfín y golpetea en seco.",WHATSAPP,sentra_afirmado_juego_pinon_cremallera,traqueteo_seco_en_timon_afirmado|suspension_nueva_ok|juego_interno_pinon_sinfin_cremallera,falla_suspension_bujes,,NO,SI,Amortiguadores reventados o bujes de suspension gastados,SINTETICO_IA,L3 relato WhatsApp de traqueteo en timón con suspensión nueva confirmando cremallera.
F10-L08-0150,G45-L3-05,Cremallera de direccion asistida con holgura o fuga,SUSPENSION_CHASIS,L3,Verificación de servodirección electrohidráulica (EHPS): electrobomba hidráulica sumergida registra DTC C1521 referente a motor de bomba bloqueado térmicamente tras operar continuo a 135°C; la cremallera de dirección perdió el fluido sintético CHF 11S a través del retén izquierdo inundando el subchasis con 400 ml de lubricante y dejando el timón con 45 N de esfuerzo estático para girar.,TECNICO,ehps_electrobomba_c1521_135c,dtc_c1521|electrobomba_135c_bloqueada|perdida_chf_11s_400ml_subchasis|esfuerzo_estatico_45n,falla_bateria,C1521,NO,SI,Bateria descargada o bornes sulfatados,SINTETICO_IA,L3 EHPS con C1521 y fuga de CHF 11S dejando timón en 45 N.
F10-L08-0151,G45-L3-06,Cremallera de direccion asistida con holgura o fuga,SUSPENSION_CHASIS,L3,Desmontaje de cremallera mecánica de dirección en banco de ajuste: tornillo empujador de precarga (yoke guide) presenta resorte elástico fatigado con pérdida de 4 mm de altura libre (tensión residual nula); el juego entre flancos de dientes engranados entre piñón helicoidal y cremallera alcanza 0.45 mm (límite OEM 0.05 mm) generando crujidos y holgura de 18 grados en el aro del volante.,TALLER,desarme_banco_yoke_resorte_fatigado,resorte_yoke_fatigado_menos_4mm|juego_flancos_dientes_0_45mm|holgura_volante_18_grados,falla_homocinetica,,NO,SI,Juntas homocineticas o palieres danados,SINTETICO_IA,L3 banco constata resorte de yoke fatigado y 0.45 mm de holgura en flancos.
F10-L08-0152,G45-L3-07,Cremallera de direccion asistida con holgura o fuga,SUSPENSION_CHASIS,L3,Medición de concentricidad y juego axial en terminales interiores de dirección (axiales): el axial izquierdo presenta juego axial de 2.4 mm medido con micrómetro palpal en la articulación esférica roscada a la barra cremallera. Al circular en carretera a 90 km/h la rueda izquierda vibra lateralmente provocando flotación direccional continua; no se presentan ruidos de rodadura en curvas.,TECNICO,micrometro_axial_interior_2_4mm,axial_interior_juego_2_4mm|flotacion_direccional_90kmh|sin_ruido_rodadura_curva,falla_rodaje_maza,,NO,SI,Rodamiento de maza o rodaje de rueda picado (zumbido de rodadura),SINTETICO_IA,L3 axial interior con 2.4 mm de juego libre provoca flotación sin zumbido.
F10-L08-0153,G45-L3-08,Cremallera de direccion asistida con holgura o fuga,SUSPENSION_CHASIS,L3,Mi carro ase un golpe seco y feo en el timon cuando paso por piedras sueltas. El mecanico le movio el timon en el taller con el carro apagao y suena un cloc cloc adentro de la cremallera de direccion y taba goteando aseite rojo en el piso de la cochera. Los amortiguadores tan secos y no botan nada.,ERROR_ORTOGRAFICO,piedras_cloc_cloc_gotea_aceite_rojo,golpe_seco_en_timon_piedras|cloc_cloc_en_cremallera_parado|gotea_aseite_rojo|amortiguadores_secos,falla_amortiguadores,,NO,SI,Amortiguadores reventados o bujes de suspension gastados,SINTETICO_IA,L3 cloc cloc en cremallera con fuga de aceite rojo y ortografía informal.
F10-L08-0154,G45-L3-09,Cremallera de direccion asistida con holgura o fuga,SUSPENSION_CHASIS,L3,Ensayo de estanqueidad neumática de carcasa de cremallera en banco: al aplicar 2.0 bar de presión de aire al circuito sellado se constata fuga instantánea a través del retén central del pistón hidráulico comunicando ambas cámaras de doble efecto; en el vehículo esto genera pérdida total de asistencia hidráulica hacia el giro derecho manteniendo asistencia forzada hacia la izquierda.,TECNICO,estanqueidad_neumatica_banco_2bar,fuga_a_2_0bar_reten_piston_central|comunicacion_camaras_doble_efecto|asistencia_nula_hacia_derecha,falla_bomba_direccion,,NO,NO,,SINTETICO_IA,L3 ensayo a 2 bar acusa bypass en pistón de cremallera anulando asistencia derecha.
F10-L08-0155,G45-L3-10,Cremallera de direccion asistida con holgura o fuga,SUSPENSION_CHASIS,L3,Inspección de cremallera asistida eléctrica de cremallera paralela (Belt-Drive EPS): la correa dentada sincrónica de transmisión entre el motor eléctrico y el husillo de bolas recirculantes se encuentra deshilachada con 8 dientes barridos; al solicitar giro rápido de volante se produce patinamiento con chirrido gomoso de 78 dBA y pérdida transitoria de servodirección sin fugas de fluidos.,TALLER,belt_drive_eps_correa_deshilachada,correa_eps_deshilachada_8_dientes_barridos|chirrido_gomoso_patinamiento_78dba|sin_fugas_fluidos,falla_correa_accesorios,,NO,SI,Amortiguadores reventados o bujes de suspension gastados,SINTETICO_IA,L3 EPS belt-drive con correa deshilachada y dientes barridos sin fluidos.
F10-L08-0156,G45-L3-11,Cremallera de direccion asistida con holgura o fuga,SUSPENSION_CHASIS,L3,Deformación por pandeo de la barra cremallera de acero cementado tras impacto lateral en rueda delantera izquierda: flexión permanente de 1.4 mm en los últimos 80 mm de carrera izquierda; al doblar a más de 30 grados de giro el piñón se acuña contra la barra trabando el timón e impidiendo el retorno automático a la posición recta.,TECNICO,barra_cremallera_pandeo_1_4mm,pandeo_barra_cremallera_1_4mm|piñon_se_acuña_a_30_grados|traba_timon_sin_retorno_automatico,falla_rotula_suspension,,NO,SI,Amortiguadores reventados o bujes de suspension gastados,SINTETICO_IA,L3 barra cremallera con pandeo de 1.4 mm traba piñón e impide retorno.
F10-L08-0157,G45-L3-12,Cremallera de direccion asistida con holgura o fuga,SUSPENSION_CHASIS,L3,Medición de temperatura con termómetro infrarrojo en válvula distribuidora rotativa de cremallera hidráulica: tras 15 minutos de funcionamiento continuo alcanza 118°C debido a restricción hidráulica y fricción por teflones de sello quemados (temperatura normal de circuito 70°C); el aceite ATF se encuentra emulsionado y degradado con presencia de finas partículas metálicas de aluminio.,TECNICO,termometria_valvula_rotativa_118c,temperatura_valvula_118c_vs_70c|sellos_teflon_quemados|atf_emulsionado_aluminio,falla_refrigeracion_motor,,NO,SI,Falta o degradacion de aceite de caja de cambios,SINTETICO_IA,L3 válvula rotativa de cremallera alcanza 118°C con teflones quemados.
F10-L08-0158,G45-L3-13,Cremallera de direccion asistida con holgura o fuga,SUSPENSION_CHASIS,L3,"Diagnóstico de cremallera EPS con escáner avanzado: DTC C1512 presente en unidad de control de dirección asistida; la señal de posición absoluta de la barra cremallera registra saltos de señal erráticos de hasta 90 grados en microsegundos debido a contaminación por polvo de grafito en el sensor magneto-resistivo interior, descalibrando el centrado activo de la dirección.",TECNICO,scanner_eps_c1512_sensor_posicion,dtc_c1512|saltos_erraticos_sensor_posicion|polvo_grafito_sensor_magneto_resistivo,falla_sensor_abs,C1512,NO,SI,Falla en sensor de velocidad de rueda ABS,SINTETICO_IA,L3 escáner acusa C1512 por sensor de posición cremallera contaminado.
F10-L08-0159,G45-L3-14,Cremallera de direccion asistida con holgura o fuga,SUSPENSION_CHASIS,L3,Sustitución de fuelles protectores de cremallera tras rotura: el agua salina de pista penetró en el interior de la cremallera oxidando los dientes de la barra de dirección con picaduras de corrosión de 0.8 mm de profundidad; al girar el volante se produce un tacto arenoso y áspero de engrane con resistencia variable cada cuarto de vuelta.,TALLER,corrosion_dientes_barra_cremallera_0_8mm,dientes_cremallera_oxidados_picaduras_0_8mm|tacto_arenoso_aspero|resistencia_variable_cuarto_vuelta,falla_rodaje_maza,,NO,SI,Rodamiento de maza o rodaje de rueda picado (zumbido de rodadura),SINTETICO_IA,L3 dientes de cremallera corroídos con picaduras de 0.8 mm dan tacto arenoso.
F10-L08-0160,G45-L3-15,Cremallera de direccion asistida con holgura o fuga,SUSPENSION_CHASIS,L3,Comprobación dinamométrica de par de retorno de dirección: tras realizar viraje a 40 km/h y soltar el timón el vehículo no retorna a trayectoria recta quedando bloqueado en 15 grados de ángulo de rueda debido a ajuste excesivo del tornillo de empuje yoke que eliminó la holgura de diseño comprimiendo la barra contra el piñón con fricción de 18 Nm.,TECNICO,par_retorno_nulo_yoke_sobreapretado,direccion_no_retorna_bloqueada_15_grados|yoke_sobreapretado_friccion_18nm|barra_apretada_contra_piñon,falla_geometria_alineacion,,NO,SI,Llantas desbalanceadas o desalineadas,SINTETICO_IA,L3 tornillo yoke sobreapretado con 18 Nm de fricción anula retorno de timón.
F10-L08-0161,G46-L1-01,Rodamiento de maza o rodaje de rueda picado (zumbido de rodadura),SUSPENSION_CHASIS,L1,Se escucha un zumbido grave como un avión bimotor que aumenta con la velocidad del carro.,COTIDIANO,velocidad_creciente,zumbido_grave_tipo_avion_bimotor,,,SI,NO,,SINTETICO_IA,L1 zumbido tipo avión que sube con velocidad.
F10-L08-0162,G46-L1-02,Rodamiento de maza o rodaje de rueda picado (zumbido de rodadura),SUSPENSION_CHASIS,L1,"Hola, la rueda delantera zumba fuertísimo cuando viajo en la carretera a partir de 60 km/h.",WHATSAPP,carretera_a_partir_60kmh,rueda_delantera_zumba_desde_60kmh,,,SI,NO,,SINTETICO_IA,L1 zumbido de rueda a partir de 60 km/h.
F10-L08-0163,G46-L1-03,Rodamiento de maza o rodaje de rueda picado (zumbido de rodadura),SUSPENSION_CHASIS,L1,Suena un bramido sordo constante en la llanta derecha cuando voy en línea recta.,COTIDIANO,recta_bramido_sordo,bramido_sordo_constante_llanta_derecha,,,SI,NO,,SINTETICO_IA,L1 bramido constante en rueda derecha.
F10-L08-0164,G46-L1-04,Rodamiento de maza o rodaje de rueda picado (zumbido de rodadura),SUSPENSION_CHASIS,L1,El zumbido cambia de sonido cuando doblo en las curvas de la carretera.,COTIDIANO,curvas_carretera_cambio_tono,zumbido_cambia_de_sonido_en_curvas,,,SI,NO,,SINTETICO_IA,L1 zumbido cambia en curvas.
F10-L08-0165,G46-L1-05,Rodamiento de maza o rodaje de rueda picado (zumbido de rodadura),SUSPENSION_CHASIS,L1,Tengo un ruido de fricción y rugosidad que gira parejo con las ruedas.,TALLER,rugosidad_con_giro_ruedas,ruido_friccion_rugosidad_giro_ruedas,,,SI,NO,,SINTETICO_IA,L1 rugosidad que acompaña giro de ruedas.
F10-L08-0166,G46-L1-06,Rodamiento de maza o rodaje de rueda picado (zumbido de rodadura),SUSPENSION_CHASIS,L1,"Buenas, zumba como turbina en la parte de atrás a velocidad de crucero.",WHATSAPP,velocidad_crucero_trasero,zumba_como_turbina_atras_crucero,,,SI,NO,,SINTETICO_IA,L1 zumbido tipo turbina en eje trasero.
F10-L08-0167,G46-L1-07,Rodamiento de maza o rodaje de rueda picado (zumbido de rodadura),SUSPENSION_CHASIS,L1,El ruido no se apaga aunque ponga el cambio en neutro con el auto rodando.,COTIDIANO,neutro_rodando_ruido_sigue,ruido_no_apaga_en_neutro_rodando,,,SI,NO,,SINTETICO_IA,L1 zumbido persiste en neutro.
F10-L08-0168,G46-L1-08,Rodamiento de maza o rodaje de rueda picado (zumbido de rodadura),SUSPENSION_CHASIS,L1,Ase un sumbido orrible en la rueda que ase temblar el piso a 80.,ERROR_ORTOGRAFICO,velocidad_80_sumbido,sumbido_orrible_rueda_tiembla_piso,,,SI,NO,,SINTETICO_IA,L1 zumbido con ortografía informal.
F10-L08-0169,G46-L1-09,Rodamiento de maza o rodaje de rueda picado (zumbido de rodadura),SUSPENSION_CHASIS,L1,Al tocar la maza de la rueda delantera después de manejar quema caliente.,COTIDIANO,maza_caliente_al_tacto,maza_rueda_quema_caliente,,,SI,NO,,SINTETICO_IA,L1 maza caliente tras manejar.
F10-L08-0170,G46-L1-10,Rodamiento de maza o rodaje de rueda picado (zumbido de rodadura),SUSPENSION_CHASIS,L1,Se siente un ronroneo continuo en la cabina que se hace más agudo al acelerar en autopista.,COTIDIANO,ronroneo_agudo_autopista,ronroneo_continuo_mas_agudo_velocidad,,,SI,NO,,SINTETICO_IA,L1 ronroneo que se agudiza con velocidad.
F10-L08-0171,G46-L2-01,Rodamiento de maza o rodaje de rueda picado (zumbido de rodadura),SUSPENSION_CHASIS,L2,Zumbido sordo continuo en rueda delantera izquierda a partir de 60 km/h; al tomar curvas a la derecha el ruido se intensifica fuertemente por transferencia de peso y al doblar a la izquierda disminuye.,COTIDIANO,curva_derecha_intensifica_izquierda_calma,zumbido_delantero_izquierdo_60kmh|intensifica_al_girar_derecha|disminuye_al_girar_izquierda,falla_diferencial,,NO,SI,Rodajes de caja mecanica o diferencial gastados,SINTETICO_IA,L2 zumbido que aumenta al cargar rueda en curva descarta diferencial.
F10-L08-0172,G46-L2-02,Rodamiento de maza o rodaje de rueda picado (zumbido de rodadura),SUSPENSION_CHASIS,L2,Rodando a 90 km/h en autopista el zumbido de rodadura se mantiene exactamente idéntico al poner punto muerto o pisar el pedal de embrague; no varía con las RPM del motor.,TECNICO,90kmh_neutro_y_embrague_suelto,zumbido_identico_en_neutro_90kmh|no_varia_con_rpm_motor,falla_eje_primario,,NO,SI,Rodajes de transmision manual o eje primario gastados,SINTETICO_IA,L2 zumbido constante en neutro a 90 km/h descarta eje primario.
F10-L08-0173,G46-L2-03,Rodamiento de maza o rodaje de rueda picado (zumbido de rodadura),SUSPENSION_CHASIS,L2,Rueda delantera derecha levantada en el aire: al girarla a mano apoyando los dedos en el resorte del amortiguador se transmite una vibración áspera y rugosa de rodamiento picado.,TALLER,rueda_en_el_aire_giro_manual,giro_manual_rugoso_en_resorte|vibracion_aspera_rodaje_picado,falla_homocinetica,,NO,SI,Juntas homocineticas o palieres danados,SINTETICO_IA,L2 prueba manual en muelle con rueda levantada confirma rodamiento.
F10-L08-0174,G46-L2-04,Rodamiento de maza o rodaje de rueda picado (zumbido de rodadura),SUSPENSION_CHASIS,L2,Bramido ensordecedor de rodadura en la parte trasera derecha entre 80 y 120 km/h; los neumáticos son completamente nuevos y balanceados con desgaste parejo.,COTIDIANO,80_120kmh_trasero_llantas_nuevas,bramido_rodadura_trasero_derecho_80_120kmh,neumaticos_nuevos_balanceados_desgaste_parejo,,NO,SI,Llantas desbalanceadas o desalineadas,SINTETICO_IA,L2 bramido trasero con neumáticos nuevos descarta desgaste de llantas.
F10-L08-0175,G46-L2-05,Rodamiento de maza o rodaje de rueda picado (zumbido de rodadura),SUSPENSION_CHASIS,L2,"Hola maestro, en carretera recta zumba horrible como turbina; al soltar el acelerador rodando en 5ta el zumbido sigue exactamente igual sin cambiar de tono.",WHATSAPP,soltar_acelerador_en_quinta,zumbido_turbina_sigue_igual_al_soltar_gas,cambio_de_tono_retencion,,NO,SI,Rodajes de caja mecanica o diferencial gastados,SINTETICO_IA,L2 zumbido que no cambia al soltar gas descarta diferencial.
F10-L08-0176,G46-L2-06,Rodamiento de maza o rodaje de rueda picado (zumbido de rodadura),SUSPENSION_CHASIS,L2,Rodamiento de maza con juego axial de 1.5 mm apreciable al sacudir la rueda a las 12 y las 6 en el elevador; no hay juego en rótulas ni en terminales de dirección.,TALLER,sacudida_12_y_6_elevador,juego_axial_1_5mm_rueda_12_y_6,juego_rotulas_terminales,,NO,SI,Amortiguadores reventados o bujes de suspension gastados,SINTETICO_IA,L2 juego axial a las 12 y 6 sin juego en rótulas confirma maza.
F10-L08-0177,G46-L2-07,Rodamiento de maza o rodaje de rueda picado (zumbido de rodadura),SUSPENSION_CHASIS,L2,Zumbido que no genera vibraciones oscilatorias en el volante; el timón no tiembla a 100 km/h pero el zumbido acústico no deja hablar en la cabina.,COTIDIANO,100kmh_sin_vibrar_volante,zumbido_acustico_ensordecedor_cabina,vibracion_en_volante_100kmh,,NO,SI,Llantas desbalanceadas o desalineadas,SINTETICO_IA,L2 zumbido ensordecedor sin vibración en volante descarta desbalanceo.
F10-L08-0178,G46-L2-08,Rodamiento de maza o rodaje de rueda picado (zumbido de rodadura),SUSPENSION_CHASIS,L2,Al pisar suavemente el freno a 90 km/h el zumbido de rodadura no cambia de frecuencia ni vibra el pedal; descarta que provenga del disco de freno.,TECNICO,frenada_suave_90kmh,zumbido_no_cambia_al_frenar_suave,pulsaciones_pedal_freno,,NO,SI,Discos de freno alabeados o desgastados,SINTETICO_IA,L2 zumbido sin cambio al frenar descarta disco de freno.
F10-L08-0179,G46-L2-09,Rodamiento de maza o rodaje de rueda picado (zumbido de rodadura),SUSPENSION_CHASIS,L2,Maza de rueda trasera izquierda con pista interior gripada y decolorada por sobretemperatura tras 30 km de autopista; quema la mano al tocar el centro del aro.,TALLER,sobretemperatura_maza_trasera,pista_gripada_decolorada_maza|quema_al_tacto_centro_aro,falla_caliper_trabado,,NO,SI,Caliper de freno trabado o mordaza pegada (piston agarrotado),SINTETICO_IA,L2 maza trasera hirviendo con disco frío descarta caliper trabado.
F10-L08-0180,G46-L2-10,Rodamiento de maza o rodaje de rueda picado (zumbido de rodadura),SUSPENSION_CHASIS,L2,Zumbido que aumenta al virar a la izquierda cargando peso sobre la rueda derecha; en curvas hacia la derecha el ruido desaparece casi por completo.,COTIDIANO,viraje_izquierda_carga_derecha,zumbido_aumenta_curva_izquierda|desaparece_en_curva_derecha,falla_cremallera,,NO,SI,Cremallera de direccion asistida con holgura o fuga,SINTETICO_IA,L2 transferencia de carga lateral clásica confirma rodamiento derecho.
F10-L08-0181,G46-L2-11,Rodamiento de maza o rodaje de rueda picado (zumbido de rodadura),SUSPENSION_CHASIS,L2,"Buenas tardes, el carro hace un ronquido de rodadura desde los 50 km/h y va aumentando de tono hasta los 100; en ralentí detenido no suena absolutamente nada.",WHATSAPP,50_a_100kmh_vs_ralenti,ronquido_rodadura_50_a_100kmh,ruido_en_ralenti_detenido,,NO,SI,Rodajes de transmision manual o eje primario gastados,SINTETICO_IA,L2 ronquido dependiente de velocidad que calla detenido descarta primario.
F10-L08-0182,G46-L2-12,Rodamiento de maza o rodaje de rueda picado (zumbido de rodadura),SUSPENSION_CHASIS,L2,Rodamiento de doble hilera de bolas con sello de caucho roto; la grasa lubricante se secó con presencia de óxido y polvo de asfalto en las pistas.,TECNICO,sello_caucho_roto_grasa_seca,sello_roto_grasa_seca_oxido|pistas_picadas_doble_hilera,falla_homocinetica,,NO,SI,Juntas homocineticas o palieres danados,SINTETICO_IA,L2 rodamiento de doble hilera con sello roto y pistas picadas.
F10-L08-0183,G46-L2-13,Rodamiento de maza o rodaje de rueda picado (zumbido de rodadura),SUSPENSION_CHASIS,L2,Ruido de rodadura sordo que no cambia si acelero a fondo o si quito el pie del gas en 4ta marcha a 80 km/h; en curva amplia a la derecha se duplica.,COTIDIANO,aceleracion_vs_retencion_80kmh,ruido_sordo_constante_acelerando_o_soltando|duplica_curva_derecha,cambio_de_tono_gas,,NO,SI,Rodajes de caja mecanica o diferencial gastados,SINTETICO_IA,L2 ruido insensible a torque de acelerador descarta diferencial.
F10-L08-0184,G46-L2-14,Rodamiento de maza o rodaje de rueda picado (zumbido de rodadura),SUSPENSION_CHASIS,L2,Sensor de velocidad ABS registra código C0035 por deformación y salto de la pista magnética integrada en el sello del rodamiento de maza delantero izquierdo picado.,TECNICO,dtc_c0035_pista_magnetica_rodamiento,dtc_c0035|pista_magnetica_encoder_deformada|rodamiento_picado,falla_modulo_abs,C0035,NO,SI,Falla en sensor de velocidad de rueda ABS,SINTETICO_IA,L2 rodamiento picado con DTC C0035 por daño en encoder magnético.
F10-L08-0185,G46-L2-15,Rodamiento de maza o rodaje de rueda picado (zumbido de rodadura),SUSPENSION_CHASIS,L2,Zumbido como de rodaje seco que comienza suave a 40 km/h y a 90 km/h tapa el sonido de la radio; al levantar la rueda y hacerla girar se siente el áspero.,COTIDIANO,40_a_90kmh_tapa_radio,zumbido_40_a_90kmh_tapa_radio|giro_rueda_levantada_aspero,vibracion_volante,,NO,SI,Llantas desbalanceadas o desalineadas,SINTETICO_IA,L2 zumbido progresivo que tapa la radio sin vibrar timón.
F10-L08-0186,G46-L3-01,Rodamiento de maza o rodaje de rueda picado (zumbido de rodadura),SUSPENSION_CHASIS,L3,Análisis acústico con sonómetro integrador de precisión y FFT: en línea recta sobre asfalto liso a 80 km/h el habitáculo registra 78 dBA con pico de resonancia centrado en 385 Hz; al realizar un suave cambio de carril hacia la derecha (transfiriendo carga dinámica hacia el semieje y rueda delantera izquierda) el nivel sonoro asciende inmediatamente a 87 dBA (+9 dBA); al girar suavemente hacia la izquierda (descargando la rueda izquierda) el nivel sonoro decae drásticamente a 61 dBA. Se engranó neutro a 80 km/h con motor en ralentí manteniéndose el patrón sonoro inalterado descartando transmisión.,TECNICO,analisis_acustico_sonometro_fft_385hz,resonancia_385hz_a_80kmh|sube_a_87dba_giro_derecha|cae_a_61dba_giro_izquierda|patron_identico_en_neutro,falla_diferencial,,NO,SI,Rodajes de caja mecanica o diferencial gastados,SINTETICO_IA,L3 sonometría FFT registra 385 Hz con +9 dBA en curva derecha y calma en neutro.
F10-L08-0187,G46-L3-02,Rodamiento de maza o rodaje de rueda picado (zumbido de rodadura),SUSPENSION_CHASIS,L3,Desmontaje y metrología de conjunto de rodamiento de maza de 3ra generación (buje integrado con sensor ABS magnético): al desmontar el cubo de rueda se constata que la pista de rodadura exterior de acero templado al cromo presenta picaduras por fatiga de contacto (spalling) con cráteres de 0.6 mm de profundidad en el arco superior de carga de 120 grados. Cuatro de las 14 bolas de acero presentan microgripado y faceteado plano. La holgura axial en el comparador de carátula mide 0.32 mm (especificación máxima 0.05 mm).,TECNICO,metrologia_desarme_spalling_0_6mm,spalling_crateres_0_6mm_pista_exterior|4_bolas_con_microgripado|holgura_axial_0_32mm_vs_0_05mm,falla_homocinetica,,NO,SI,Juntas homocineticas o palieres danados,SINTETICO_IA,L3 metrología constata spalling de 0.6 mm y holgura axial de 0.32 mm en maza.
F10-L08-0188,G46-L3-03,Rodamiento de maza o rodaje de rueda picado (zumbido de rodadura),SUSPENSION_CHASIS,L3,"Medición de temperatura superficial con pirómetro infrarrojo de doble láser tras 40 km de recorrido en carretera a 90 km/h: la maza de rueda delantera derecha registra 78°C en el centro del cubo metálico, mientras que la maza izquierda se mantiene en 36°C (delta térmico de +42°C). Los discos de freno de ambos lados se midieron en 44°C descartando mordaza o pastilla pegada; la rotación manual en banco muestra rugosidad estática de 1.8 Nm.",TECNICO,pirometria_delta_termico_mas_42c,maza_derecha_78c_vs_izquierda_36c|delta_termico_42c|discos_freno_frios_44c|rugosidad_1_8nm,falla_caliper_pegado,,NO,SI,Caliper de freno trabado o mordaza pegada (piston agarrotado),SINTETICO_IA,L3 pirómetro registra maza a 78°C con disco frío en 44°C descartando caliper pegado.
F10-L08-0189,G46-L3-04,Rodamiento de maza o rodaje de rueda picado (zumbido de rodadura),SUSPENSION_CHASIS,L3,"Hola maestro, tengo un Hyundai Elantra. En carretera a partir de 70 km/h empieza un zumbido sordo como si fuera un avión que aumenta con la velocidad. Si piso el pedal de embrague a fondo a 90 km/h el ruido sigue exactamente idéntico. En las curvas hacia la izquierda el ruido casi desaparece, pero si doblo hacia la derecha se escucha fuertísimo en la llanta delantera izquierda. En la llantería levantaron la rueda y al girarla a mano se siente áspero.",WHATSAPP,elantra_70kmh_embrague_al_fondo,zumbido_tipo_avion_desde_70kmh|embrague_a_fondo_ruido_sigue|desaparece_curva_izq_sube_der|giro_manual_aspero,falla_eje_primario_caja,,NO,SI,Rodajes de transmision manual o eje primario gastados,SINTETICO_IA,L3 relato WhatsApp de zumbido insensible a embrague que cambia en curvas.
F10-L08-0190,G46-L3-05,Rodamiento de maza o rodaje de rueda picado (zumbido de rodadura),SUSPENSION_CHASIS,L3,Evaluación vibratoria con acelerómetro piezoeléctrico colocado en la maza delantera izquierda: a 100 km/h la señal temporal muestra una aceleración pico de 5.4 m/s2 con componente de frecuencia BPFO (Ball Pass Frequency Outer Race) en 212 Hz correspondiente exactamente a la cinemática del rodamiento según número de bolas y diámetro primitivo. No se observa vibración a 1X de rueda (13.8 Hz) descartando desbalanceo de neumáticos.,TECNICO,acelerometria_bpfo_212hz_vs_13_8hz,frecuencia_bpfo_212hz_aceleracion_5_4ms2|ausencia_frecuencia_1x_13_8hz,desbalanceo_neumaticos,,NO,SI,Llantas desbalanceadas o desalineadas,SINTETICO_IA,L3 acelerometría calcula frecuencia BPFO en 212 Hz descartando 1X de llantas.
F10-L08-0191,G46-L3-06,Rodamiento de maza o rodaje de rueda picado (zumbido de rodadura),SUSPENSION_CHASIS,L3,Comprobación en elevador de 2 columnas de rueda trasera derecha en vehículo AWD: con transmisión desacoplada se acciona el giro de la rueda a 60 km/h mediante rodillo girador eléctrico portátil: estetoscopio de taller colocado en la mangueta trasera detecta zumbido armónico de 86 dBA concentrado en el rodamiento; al apoyar el estetoscopio en la carcasa del diferencial trasero el nivel sonoro se reduce a 48 dBA confirmando daño en maza y no en grupo diferencial.,TALLER,rodillo_girador_60kmh_estetoscopio,rodillo_60kmh_maza_86dba_vs_diferencial_48dba|transmision_desacoplada|estetoscopio_en_mangueta,falla_diferencial_trasero,,NO,SI,Rodajes de caja mecanica o diferencial gastados,SINTETICO_IA,L3 rodillo girador discrimina maza trasera (86 dBA) vs diferencial (48 dBA).
F10-L08-0192,G46-L3-07,Rodamiento de maza o rodaje de rueda picado (zumbido de rodadura),SUSPENSION_CHASIS,L3,Mi carro ase un sumbido como turbina que empiesa a sonar en la carretera pasando los 60 y a 100 ya no se puede conversar adentro. El mecanico levanto el carro en la gata y movio la rueda arriba y abajo y taba con juego y al aserla rodar con la mano vibraba feo el resorte. El timon no tiembla nada de nada.,ERROR_ORTOGRAFICO,sumbido_turbina_60_a_100_resorte,sumbido_turbina_60_a_100|juego_arriba_y_abajo_gata|resorte_vibra_al_rodar_mano,vibracion_timon,,NO,SI,Llantas desbalanceadas o desalineadas,SINTETICO_IA,L3 zumbido con vibración en muelle al girar a mano con ortografía informal.
F10-L08-0193,G46-L3-08,Rodamiento de maza o rodaje de rueda picado (zumbido de rodadura),SUSPENSION_CHASIS,L3,Diagnóstico de rodamiento cónico doble en eje rígido trasero: tuerca de precarga de maza se aflojó perdiendo el par de apriete especificado de 240 Nm (encontrada a 45 Nm con chaveta partida); el rodamiento de rodillos cónicos presenta juego axial de 1.1 mm con rodillos marcados por recalentamiento y grasa carbonizada negra; emite aullido áspero continuo a partir de 45 km/h.,TECNICO,rodamiento_conico_precarga_45nm_vs_240nm,precarga_tuerca_45nm_vs_240nm|juego_axial_1_1mm|rodillos_conicos_recalentados|aullido_desde_45kmh,falla_palier_trasero,,NO,SI,Juntas homocineticas o palieres danados,SINTETICO_IA,L3 tuerca de maza a 45 Nm aflojada con 1.1 mm de juego en rodillos cónicos.
F10-L08-0194,G46-L3-09,Rodamiento de maza o rodaje de rueda picado (zumbido de rodadura),SUSPENSION_CHASIS,L3,Prueba de rugosidad superficial con rugosímetro de taller en pista de rodamiento reemplazado: rugosidad Ra de 2.85 micrómetros en la pista interna (especificación original de rectificado Ra menor a 0.15 um) provocada por ingreso de agua a través del retén de maza en vadeo de río; genera ruido de rodadura constante tipo molienda metálica independientemente del estado del pavimento.,TECNICO,rugosimetro_ra_2_85um_vs_0_15um,rugosidad_ra_2_85um_vs_0_15um|agua_en_reten_vadeo|molienda_metalica_constante,falla_amortiguadores,,NO,SI,Amortiguadores reventados o bujes de suspension gastados,SINTETICO_IA,L3 rugosímetro registra Ra 2.85 um en pista dañada por ingreso de agua.
F10-L08-0195,G46-L3-10,Rodamiento de maza o rodaje de rueda picado (zumbido de rodadura),SUSPENSION_CHASIS,L3,Código de falla ABS DTC C0040 almacenado en memoria del calculador de frenos en rueda delantera derecha: flujo de datos del sensor de velocidad indica lectura oscilante errática a 80 km/h provocada por salto lateral y descentramiento de 0.28 mm en el rodamiento de maza picado que separa intermitentemente el anillo fónico magnético del sensor activo Hall.,TECNICO,dtc_c0040_descentramiento_0_28mm,dtc_c0040|descentramiento_maza_0_28mm|anillo_fonico_se_desalinea|lectura_velocidad_erratica,falla_sensor_abs_puro,C0040,NO,SI,Falla en sensor de velocidad de rueda ABS,SINTETICO_IA,L3 DTC C0040 por holgura de 0.28 mm en maza que desacopla anillo fónico.
F10-L08-0196,G46-L3-11,Rodamiento de maza o rodaje de rueda picado (zumbido de rodadura),SUSPENSION_CHASIS,L3,Inspección de par de resistencia al giro con torquímetro dinamométrico en maza delantera izquierda desmontada de pastillas de freno: par resistente de 4.2 Nm con saltos rugosos cada 45 grados (especificación par continuo menor a 0.6 Nm sin retención); se desmonta el conjunto constatando fractura de la jaula separadora de bolas de poliamida reforzada.,TECNICO,torquimetro_resistencia_giro_4_2nm,par_resistente_4_2nm_vs_0_6nm|saltos_rugosos_cada_45_grados|jaula_poliamida_fracturada,falla_caliper_pegado,,NO,SI,Caliper de freno trabado o mordaza pegada (piston agarrotado),SINTETICO_IA,L3 torquímetro acusa par de 4.2 Nm con saltos por jaula de bolas rota.
F10-L08-0197,G46-L3-12,Rodamiento de maza o rodaje de rueda picado (zumbido de rodadura),SUSPENSION_CHASIS,L3,Vehículo presenta zumbido ensordecedor a 90 km/h que el conductor atribuía a la caja de cambios. Se colocaron 6 micrófonos inalámbricos en bancada de chasis: el canal en la mangueta delantera derecha registró 89 dBA a 90 km/h mientras el canal sobre la carcasa del diferencial registró 52 dBA; al presionar el embrague a 90 km/h en neutro el canal de mangueta mantuvo 89 dBA confirmando rodaje de rueda.,TALLER,microfonos_chasis_mangueta_89dba_vs_caja_52dba,mangueta_89dba_vs_diferencial_52dba|embrague_a_fondo_mantiene_89dba|zumbido_rodadura,falla_caja_cambios,,NO,SI,Rodajes de caja mecanica o diferencial gastados,SINTETICO_IA,L3 micrófonos inalámbricos confirman 89 dBA en mangueta vs 52 dBA en diferencial.
F10-L08-0198,G46-L3-13,Rodamiento de maza o rodaje de rueda picado (zumbido de rodadura),SUSPENSION_CHASIS,L3,Desgaste por corriente galvánica (fluting) en rodamiento de maza de vehículo híbrido/eléctrico: la pista de rodadura presenta estrías transversales paralelas microscópicas espaciadas a 0.5 mm por paso de corriente parásita a tierra; genera un zumbido electromecánico de alta frecuencia de 680 Hz a 100 km/h con rotor en rueda libre.,TECNICO,fluting_estrias_corriente_galvanica_680hz,estrias_fluting_corriente_parásita|zumbido_680hz_a_100kmh|rotor_en_rueda_libre,falla_inversor_electrico,,NO,SI,Fallo en inversor de corriente IGBT o motor electrico (EV),SINTETICO_IA,L3 fluting por corriente parásita genera zumbido a 680 Hz en rodamiento.
F10-L08-0199,G46-L3-14,Rodamiento de maza o rodaje de rueda picado (zumbido de rodadura),SUSPENSION_CHASIS,L3,Medición de alabeo de maza con disco desmontado: la pestaña de apoyo de la maza de rueda presenta un salto axial de 0.16 mm (máximo tolerado 0.03 mm) debido a choque lateral contra sardinel; induce vibración de rodadura y roce rítmico continuo contra el guardapolvo de chapa sin que exista daño en el caliper ni en pastillas.,TALLER,salto_axial_pestana_maza_0_16mm,salto_axial_maza_0_16mm_vs_0_03mm|roce_ritmico_guardapolvo_chapa,falla_pastillas_freno,,NO,SI,Desgaste de pastillas y zapatas de freno,SINTETICO_IA,L3 salto axial de 0.16 mm en pestaña de maza tras choque con sardinel.
F10-L08-0200,G46-L3-15,Rodamiento de maza o rodaje de rueda picado (zumbido de rodadura),SUSPENSION_CHASIS,L3,Análisis con cámara termográfica Fluke tras prueba de carretera a 100 km/h durante 25 minutos: la maza de rueda delantera izquierda registra 86.4°C concentrada en el cuerpo del cojinete con emisividad calibrada en 0.95; la maza derecha registra 41.2°C; los neumáticos registran temperatura uniforme de 42°C en banda de rodadura descartando mala alineación o baja presión.,TECNICO,termografia_fluke_86_4c_vs_41_2c,temperatura_maza_86_4c_vs_41_2c|cuerpo_cojinete_caliente|neumaticos_uniformes_42c,falla_alineacion_neumaticos,,NO,SI,Llantas desbalanceadas o desalineadas,SINTETICO_IA,L3 termografía Fluke confirma maza a 86.4°C con neumáticos uniformes a 42°C.
