id,id_grupo,clase_objetivo,macro_sistema,nivel_informacion,texto_usuario,tipo_lenguaje,condicion_operacion,sintomas_presentes,sintomas_negados,dtc,requiere_pregunta,es_contrastivo,clase_contrastiva,fuente,observaciones
F10-L07-0001,G34-L1-01,Disco de embrague desgastado o patinando,TRANSMISION,L1,Acelero y el motor ruge fuerte pero el carro casi no avanza.,COTIDIANO,aceleracion,motor_ruge_sin_avance,,,SI,NO,,SINTETICO_IA,L1 patinamiento clásico de embrague.
F10-L07-0002,G34-L1-02,Disco de embrague desgastado o patinando,TRANSMISION,L1,"Hola, siento un olor a quemado feo cuando intento subir una cuesta.",WHATSAPP,subida,olor_quemado_en_cuesta,,,SI,NO,,SINTETICO_IA,L1 olor a ferodo en subida.
F10-L07-0003,G34-L1-03,Disco de embrague desgastado o patinando,TRANSMISION,L1,"El pedal de embrague corta muy arriba, casi al soltarlo del todo.",COTIDIANO,salida_parado,corte_embrague_muy_alto,,,SI,NO,,SINTETICO_IA,L1 punto de acople en el extremo superior.
F10-L07-0004,G34-L1-04,Disco de embrague desgastado o patinando,TRANSMISION,L1,En tercera piso a fondo y las revoluciones suben de golpe sin fuerza.,TALLER,marcha_tercera,rpm_suben_sin_fuerza,,,SI,NO,,SINTETICO_IA,L1 pérdida de tracción bajo demanda de par.
F10-L07-0005,G34-L1-05,Disco de embrague desgastado o patinando,TRANSMISION,L1,Pérdida de acoplamiento por fricción entre volante de inercia y plato opresor.,TECNICO,diagnostico,perdida_acoplamiento_friccion,,,SI,NO,,SINTETICO_IA,L1 reporte técnico de deslizamiento.
F10-L07-0006,G34-L1-06,Disco de embrague desgastado o patinando,TRANSMISION,L1,El carro se queda como en neutro si le exijo velocidad en carretera.,COTIDIANO,carretera,sensacion_neutro_al_acelerar,,,SI,NO,,SINTETICO_IA,L1 patinamiento a velocidad crucero.
F10-L07-0007,G34-L1-07,Disco de embrague desgastado o patinando,TRANSMISION,L1,Siento que el embrague resbala cuando llevo pasajeros en el auto.,COTIDIANO,carga_pasajeros,embrague_resbala_con_carga,,,SI,NO,,SINTETICO_IA,L1 patinamiento evidente con carga.
F10-L07-0008,G34-L1-08,Disco de embrague desgastado o patinando,TRANSMISION,L1,Mi carro acelera y la aguja de RPM se dispara pero el carro no corre nada.,ERROR_ORTOGRAFICO,aceleracion,rpm_se_disparan_sin_avance,,,SI,NO,,SINTETICO_IA,L1 desacople con ortografía informal.
F10-L07-0009,G34-L1-09,Disco de embrague desgastado o patinando,TRANSMISION,L1,"Buenas, al salir en primera tiembla y huele a frenos quemados en la cabina.",WHATSAPP,salida_primera,tiembla_al_salir|olor_quemado_cabina,,,SI,NO,,SINTETICO_IA,L1 trepidación y recalentamiento de ferodo.
F10-L07-0010,G34-L1-10,Disco de embrague desgastado o patinando,TRANSMISION,L1,Deslizamiento angular relativo superior al 20% bajo carga motriz plena.,TECNICO,plena_carga,deslizamiento_angular_relativo,,,SI,NO,,SINTETICO_IA,L1 reporte técnico de resbalamiento cinemático.
F10-L07-0011,G34-L2-01,Disco de embrague desgastado o patinando,TRANSMISION,L2,En cuarta velocidad a 60 km/h piso a fondo el acelerador; las RPM suben de 2000 a 4500 al instante pero la velocidad sube muy lentamente sin empuje.,COTIDIANO,aceleracion_cuarta_60kmh,rpm_suben_2000_a_4500|velocidad_no_aumenta,ruido_caja_cambios,,NO,SI,Rodajes de transmision manual o eje primario gastados,SINTETICO_IA,L2 patinamiento evidente en marcha larga descarta rodamientos.
F10-L07-0012,G34-L2-02,Disco de embrague desgastado o patinando,TRANSMISION,L2,Olor penetrante a asbesto o ferodo quemado tras intentar subir una rampa de cochera empinada; el motor aceleró a 3500 rpm y el auto no pudo trepar.,TALLER,rampa_cochera,olor_ferodo_quemado|motor_3500rpm_sin_trepar,falla_bombin_embrague,,NO,SI,Falla en bombin o bomba hidraulica de embrague,SINTETICO_IA,L2 ferodo quemado por patinamiento descarta bombín pegado.
F10-L07-0013,G34-L2-03,Disco de embrague desgastado o patinando,TRANSMISION,L2,El punto de contacto del embrague se desplazó al extremo superior del recorrido; al soltar el pedal apenas 1 cm el vehículo ya está completamente acoplado.,TECNICO,prueba_estatica_recorrido,punto_acople_extremo_superior|recorrido_util_1cm,falla_crapodina,,NO,SI,Desgaste en collarin de empuje o crapodina de embrague,SINTETICO_IA,L2 desgaste de forro desplaza diafragma hacia afuera.
F10-L07-0014,G34-L2-04,Disco de embrague desgastado o patinando,TRANSMISION,L2,"Hola, al meter los cambios entran suaves y sin rascar, pero al soltar el embrague y acelerar en subida el carro se queda amarrado y patina.",WHATSAPP,subida_cambios_suaves,cambios_entran_suaves|patina_en_subida,dificultad_engrane,,NO,SI,Falla en bombin o bomba hidraulica de embrague,SINTETICO_IA,L2 cambios entran suaves descarta falla hidráulica de embrague.
F10-L07-0015,G34-L2-05,Disco de embrague desgastado o patinando,TRANSMISION,L2,Prueba de calado en taller: con freno de mano puesto y en tercera velocidad se suelta el embrague acelerando a 1500 rpm; el motor no se apaga y patina.,TECNICO,prueba_calado_tercera,prueba_calado_motor_no_apaga|patinamiento_estatico,falla_freno_mano,,NO,NO,,SINTETICO_IA,L2 prueba clásica de calado en 3ra confirma disco gastado.
F10-L07-0016,G34-L2-06,Disco de embrague desgastado o patinando,TRANSMISION,L2,Trepidación fuerte de la carrocería al iniciar la marcha en primera velocidad acompañado de olor a disco recalentado; no hay ruidos con el pedal a fondo.,COTIDIANO,arranque_primera,trepidacion_carroceria_salida|olor_disco_caliente,ruido_collarin,,NO,SI,Desgaste en collarin de empuje o crapodina de embrague,SINTETICO_IA,L2 trepidación sin ruido al pisar descarta collarín.
F10-L07-0017,G34-L2-07,Disco de embrague desgastado o patinando,TRANSMISION,L2,Retén de bancada del cigüeñal con fuga de aceite que contaminó la cara de fricción del disco; el embrague patina intermitentemente y vibra al desacoplar.,TALLER,inspeccion_fuga_reten,disco_contaminado_aceite_motor|patina_intermitente,falla_caja_cambios,,NO,SI,Falta o degradacion de aceite de caja de cambios,SINTETICO_IA,L2 contaminación por aceite de motor en disco de fricción.
F10-L07-0018,G34-L2-08,Disco de embrague desgastado o patinando,TRANSMISION,L2,Mi auto en subida acelera a fondo y el motor grita pero la velocidad no pasa de 30 km/h y huele a quemado como frenos.,ERROR_ORTOGRAFICO,subida_fuerte,motor_grita_sin_avance_30kmh|olor_quemado,falla_motor,,NO,NO,,SINTETICO_IA,L2 patinamiento en pendiente con ortografía informal.
F10-L07-0019,G34-L2-09,Disco de embrague desgastado o patinando,TRANSMISION,L2,"Buenas maestro, en plano corre normal pero si lo cargo con 4 personas y maletas en la carretera empieza a patinar en quinta velocidad al acelerar.",WHATSAPP,carretera_plena_carga,patina_en_quinta_con_carga|en_plano_normal,falla_transmision,,NO,NO,,SINTETICO_IA,L2 patinamiento inducido por carga en marcha alta.
F10-L07-0020,G34-L2-10,Disco de embrague desgastado o patinando,TRANSMISION,L2,Espesor del disco de embrague al límite: forro de fricción desgastado hasta las cabezas de los remaches de cobre; produce un leve raspado al acoplar.,TECNICO,desarme_embrague,forro_desgastado_al_remache|raspado_al_acoplar,falla_rodaje_primario,,NO,SI,Rodajes de transmision manual o eje primario gastados,SINTETICO_IA,L2 remaches rozando prensa sin afectación de rodamientos.
F10-L07-0021,G34-L2-11,Disco de embrague desgastado o patinando,TRANSMISION,L2,Patinamiento de embrague tras reprogramación de potencia (Stage 1); el par del motor supera la capacidad de apriete del diafragma de prensa original gastada.,COTIDIANO,aceleracion_post_repro,patinamiento_exceso_par|prensa_original_debilitada,falla_turbo,,NO,NO,,SINTETICO_IA,L2 déficit de par de sujeción en prensa desgastada.
F10-L07-0022,G34-L2-12,Disco de embrague desgastado o patinando,TRANSMISION,L2,Resortes de amortiguación torsional del disco de embrague rotos y con juego excesivo; provocan sacudidas bruscas al soltar el pedal y patinamiento en alta.,TALLER,inspeccion_disco_torsional,resortes_torsionales_rotos_juego|sacudidas_patinamiento,falla_soportes_motor,,NO,NO,,SINTETICO_IA,L2 rotura de muelles amortiguadores del disco.
F10-L07-0023,G34-L2-13,Disco de embrague desgastado o patinando,TRANSMISION,L2,"Al pisar el embrague el pedal se siente suave y desacopla perfecto sin ruidos extraños, pero al acelerar en adelantamiento patina de 80 a 100 km/h.",COTIDIANO,adelantamiento_autopista,desacopla_suave_sin_ruidos|patina_adelantamiento_80_100,ruido_crapodina,,NO,SI,Desgaste en collarin de empuje o crapodina de embrague,SINTETICO_IA,L2 pedal suave y sin ruido descarta crapodina.
F10-L07-0024,G34-L2-14,Disco de embrague desgastado o patinando,TRANSMISION,L2,Diafragma de la prensa de embrague con dedos de empuje desgastados y azulados por fatiga térmica; no ejerce la fuerza de apriete nominal sobre el disco.,TECNICO,inspeccion_plato_opresor,dedos_diafragma_azulados_desgastados|fuerza_apriete_baja,falla_bomba_hidraulica,,NO,SI,Falla en bombin o bomba hidraulica de embrague,SINTETICO_IA,L2 dedos de diafragma fatigados reducen presión de contacto.
F10-L07-0025,G34-L2-15,Disco de embrague desgastado o patinando,TRANSMISION,L2,En autopista a 100 km/h constante el tacómetro marca 4200 rpm cuando normalmente marcaba 2800 rpm en quinta marcha debido a deslizamiento continuo.,TALLER,velocidad_crucero_autopista,4200rpm_vs_2800rpm_a_100kmh|deslizamiento_continuo_quinta,falla_sensor_velocidad,,NO,NO,,SINTETICO_IA,L2 discrepancia de 1400 rpm en crucero por patinamiento.
F10-L07-0026,G34-L3-01,Disco de embrague desgastado o patinando,TRANSMISION,L3,"Toyota Yaris con 135,000 km presenta patinamiento evidente en tercera y cuarta marcha. Al circular a 50 km/h en 4ta marcha y presionar el acelerador al 100%, el régimen del motor trepa inmediatamente de 1800 rpm a 4200 rpm en 1.5 segundos mientras la velocidad vehicular solo incrementa de 50 a 54 km/h, despidiendo fuerte olor a material de fricción en la cabina. El pedal de embrague no tiene juego libre y corta en el 95% del recorrido superior. Se desmontó la transmisión encontrando el disco de embrague con espesor residual de 5.8 mm (mínimo OEM 6.6 mm) y remaches expuestos rayando la pista del volante bimasa.",TALLER,prueba_cuarta_fondo_desarme,rpm_suben_1800_a_4200_en_1_5s|velocidad_sube_solo_4kmh|espesor_5_8mm_bajo_6_6mm|remaches_expuestos,falla_bomba_embrague,,NO,SI,Falla en bombin o bomba hidraulica de embrague,SINTETICO_IA,L3 medición de espesor 5.8 mm bajo cota 6.6 mm y salto de 2400 rpm.
F10-L07-0027,G34-L3-02,Disco de embrague desgastado o patinando,TRANSMISION,L3,"Conductor reporta pérdida de fuerza en pendientes pronunciadas. En prueba de ruta con escáner OBD-II se registraron parámetros de velocidad de motor vs velocidad de sensor de salida de caja: en 3ra marcha a plena carga la relación calculada RPM/km/h se desvía un 38% por encima de la relación de transmisión teórica fija de 42.5 rpm/(km/h). Al realizar la prueba estática de calado con freno de estacionamiento aplicado y engranando 2da marcha soltando el pedal a 2000 rpm, el motor permanece en marcha sin calarse durante más de 6 segundos confirmando deslizamiento total.",TECNICO,analisis_relacion_rpm_velocidad_escaner,desviacion_38_porciento_relacion_rpm_kmh|prueba_calado_no_apaga_6s|deslizamiento_total,falla_sensor_velocidad,,NO,NO,,SINTETICO_IA,L3 telemetría de relación RPM/km/h desfasada 38% y calado estático.
F10-L07-0028,G34-L3-03,Disco de embrague desgastado o patinando,TRANSMISION,L3,Inspección de embrague tras sobrecalentamiento severo: el disco de fricción presenta vitrificación completa con aspecto brillante de espejo y grietas térmicas radiales. La fuerza elástica de apriete del plato de presión cayó de 4800 N nominales a 2100 N debido a templado residual de los resortes cónicos del diafragma. El cojinete de empuje desliza libremente en su guía y no genera ningún ruido al desembragar en vacío.,TECNICO,metrologia_fuerza_prensa_2100n,vitrificacion_espejo_disco|fuerza_plato_2100n_vs_4800n|cojinete_empuje_silencioso,desgaste_collarin,,NO,SI,Desgaste en collarin de empuje o crapodina de embrague,SINTETICO_IA,L3 dinamómetro mide 2100 N en prensa con cojinete silencioso.
F10-L07-0029,G34-L3-04,Disco de embrague desgastado o patinando,TRANSMISION,L3,"Vehículo de reparto urbano presenta olor a quemado y trepidación violenta al arrancar cargado con 800 kg. Se desmontó la caja comprobándose que el retén del eje primario de la transmisión sufrió fuga de aceite de engranajes SAE 75W-90, impregnando el 70% del forro de fricción del disco. El disco patinó hasta quemar el compuesto orgánico formando una costra de carbón pegajosa que destruyó la planitud del volante motor con manchas térmicas de 0.15 mm de alabeo.",TALLER,contaminacion_aceite_valvulina_75w90,fuga_aceite_caja_75w90_empapa_disco|costra_carbon|alabeo_volante_0_15mm,falta_aceite_caja,,NO,SI,Falta o degradacion de aceite de caja de cambios,SINTETICO_IA,L3 fuga de valvulina contamina ferodo con alabeo térmico en volante.
F10-L07-0030,G34-L3-05,Disco de embrague desgastado o patinando,TRANSMISION,L3,"Hola maestro, tengo un Sentra mecánico. Cuando voy en pista a 80 y quiero pasar un camión piso a fondo y el motor suena ¡roooaaar! como si estuviera en neutro, las revoluciones saltan a 5000 y el carro no se mueve rápido. El bombín no gotea nada de líquido y los cambios entran como mantequilla sin sonar.",WHATSAPP,adelantamiento_camion_sentra,rpm_saltan_a_5000_sin_avance|bombin_no_gotea|cambios_entran_suaves,falla_bombin_hidraulico,,NO,SI,Falla en bombin o bomba hidraulica de embrague,SINTETICO_IA,L3 relato WhatsApp de salto de RPM a 5000 con hidráulica sana.
F10-L07-0031,G34-L3-06,Disco de embrague desgastado o patinando,TRANSMISION,L3,Evaluación de desgaste en embrague de fricción seca: medición micrométrica de profundidad de remaches en 12 puntos arrojó valores entre 0.05 mm y 0.18 mm (límite de descarte OEM 0.30 mm). Dos de los remaches de latón del lado de la prensa hicieron contacto abrasivo contra las pistas de acero del plato opresor mecanizando surcos circunferenciales concéntricos de 0.4 mm de profundidad.,TECNICO,metrologia_profundidad_remaches_0_05mm,remaches_a_0_05mm_bajo_0_30mm|surcos_prensa_0_4mm|desgaste_limite,falla_caja_mecanica,,NO,NO,,SINTETICO_IA,L3 remaches a 0.05 mm rozando plato opresor con surcos de 0.4 mm.
F10-L07-0032,G34-L3-07,Disco de embrague desgastado o patinando,TRANSMISION,L3,Camioneta 4x4 presenta patinamiento exclusivo en modo 4H bajo esfuerzo de remolque en pendientes del 15%. Al aplicar torque de 320 Nm a 2200 rpm el conjunto de embrague emite un zumbido agudo de deslizamiento friccional y la velocidad disminuye progresivamente hasta detenerse. El sistema hidráulico tiene purga completa con pedal con carrera libre de 15 mm correcta.,TALLER,remolque_pendiente_15_porciento,patinamiento_a_320nm_remolque|zumbido_deslizamiento|carrera_libre_15mm_ok,falla_transferencia_4x4,,NO,SI,Falla en bombin o bomba hidraulica de embrague,SINTETICO_IA,L3 deslizamiento a 320 Nm de par con hidráulica purgada.
F10-L07-0033,G34-L3-08,Disco de embrague desgastado o patinando,TRANSMISION,L3,Mi carro ase que suben las revoluciones al pisar en subida y bota humo con olor a quemado por abajo de la campana. El mecanico saco la caja y el disco taba en el fierro pelado con los resortes sueltos que casi se salen.,ERROR_ORTOGRAFICO,desarme_campana_embrague,rpm_suben_subida|humo_olor_quemado_campana|disco_en_fierro_pelado,falla_collarin,,NO,SI,Desgaste en collarin de empuje o crapodina de embrague,SINTETICO_IA,L3 disco al fierro pelado con ortografía informal.
F10-L07-0034,G34-L3-09,Disco de embrague desgastado o patinando,TRANSMISION,L3,Análisis termográfico tras prueba de esfuerzo en dinamómetro: la carcasa de la campana de embrague alcanza 185°C en la zona perimetral del volante motor por fricción parasitaria continua sin accionar el pedal. La relación de transmisión calculada por la ECU genera código P0741 en vehículos con gestión electrónica de acoplamiento por patinamiento excesivo en cadena cinemática.,TECNICO,termografia_campana_185c_dtc_p0741,campana_185c_friccion_parasitaria|dtc_p0741|patinamiento_cadena_cinematica,falla_transmision_automatica,P0741,NO,SI,Sobrecalentamiento o solenoides en caja automatica CVT / DSG,SINTETICO_IA,L3 termografía a 185°C y código P0741 por patinamiento severo.
F10-L07-0035,G34-L3-10,Disco de embrague desgastado o patinando,TRANSMISION,L3,"Buenas tardes maestro, tengo un Kia Rio. Cuando acelero fuerte en autopista las revoluciones suben pero el velocímetro no acompaña. El pedal embraga recién arribita en la punta y no se siente duro ni nada. No hay ruidos cuando piso el embrague a fondo en neutro.",WHATSAPP,diagnostico_kia_rio_autopista,rpm_suben_sin_acelerar_velocimetro|corta_en_la_punta|sin_ruido_en_neutro,ruido_crapodina,,NO,SI,Desgaste en collarin de empuje o crapodina de embrague,SINTETICO_IA,L3 corte en la punta y ausencia de ruidos en neutro descarta crapodina.
F10-L07-0036,G34-L3-11,Disco de embrague desgastado o patinando,TRANSMISION,L3,"Pérdida de elasticidad en los flejes tangenciales de tracción que unen la cubierta con el plato de presión de la prensa de embrague: flejes deformados y sobrecalentados provocan contacto oblicuo del plato con pérdida del 45% del área efectiva de contacto del forro, acelerando el desgaste localizado y el resbalamiento.",TECNICO,inspeccion_flejes_tangenciales,flejes_tangenciales_deformados|contacto_oblicuo|perdida_45_area_contacto,falla_plato_opresor,,NO,NO,,SINTETICO_IA,L3 deformación de flejes tangenciales reduce 45% de contacto útil.
F10-L07-0037,G34-L3-12,Disco de embrague desgastado o patinando,TRANSMISION,L3,Prueba de aceleración de 0 a 100 km/h: tiempo registrado de 19.8 segundos (especificación del fabricante 10.5 s) debido a que al cambiar de primera a segunda y de segunda a tercera el embrague demora 2.2 segundos en acoplar firmemente el giro del cigüeñal con el primario de la transmisión.,TALLER,cronometraje_aceleracion_19_8s,aceleracion_0_a_100_19_8s_vs_10_5s|demora_2_2s_en_acoplar_cambio,falla_inyectores,,NO,NO,,SINTETICO_IA,L3 retardo de 2.2 segundos de acople en cambios alarga aceleración.
F10-L07-0038,G34-L3-13,Disco de embrague desgastado o patinando,TRANSMISION,L3,Inspección de volante bimasa (DMF) acoplado a embrague desgastado: juego angular libre de 28 grados (límite de servicio 14 grados) y juego axial de 2.2 mm con fuga de grasa de silicona por choque térmico continuo derivado del patinamiento crónico del disco de embrague.,TECNICO,metrologia_volante_bimasa_28_grados,bimasa_juego_28_grados_vs_14|juego_axial_2_2mm|grasa_fugada_calor,falla_caja_cambios,,NO,SI,Rodajes de transmision manual o eje primario gastados,SINTETICO_IA,L3 juego bimasa excesivo de 28° derivado de sobrecalentamiento crónico.
F10-L07-0039,G34-L3-14,Disco de embrague desgastado o patinando,TRANSMISION,L3,El cliente reclama que para incorporarse a la autopista debe acelerar con mucha precaución porque si pisa a fondo el auto zumba y patina sin ganar velocidad. Al inspeccionar el ferodo se observa carbonización profunda con espesor residual de 0.2 mm por encima de remaches y ranuras de limpieza totalmente colmatadas.,TALLER,incorporacion_autopista_patina,patina_en_incorporacion_fondo|ferodo_carbonizado_0_2mm|ranuras_colmatadas,falla_bomba_gasolina,,NO,NO,,SINTETICO_IA,L3 ranuras de desahogo colmatadas y 0.2 mm de ferodo útil.
F10-L07-0040,G34-L3-15,Disco de embrague desgastado o patinando,TRANSMISION,L3,En banco dinamométrico se aplica rampa de par de 150 Nm a 250 Nm en 4ta marcha a 2500 rpm constantes: a los 195 Nm el disco de embrague cede iniciando resbalamiento con aumento instantáneo de temperatura en la superficie del volante a razón de 12°C por segundo medido con termocupla rápida.,TECNICO,dinamometro_rampa_par_195nm,resbalamiento_inicia_a_195nm|aumento_temperatura_12c_segundo|termocupla,falla_embrague_patina,,NO,NO,,SINTETICO_IA,L3 dinamómetro identifica umbral de deslizamiento exacto a 195 Nm.
F10-L07-0041,G35-L1-01,Falla en bombin o bomba hidraulica de embrague,TRANSMISION,L1,El pedal de embrague se fue hasta el fondo y se quedó pegado al piso.,COTIDIANO,accionamiento,pedal_embrague_al_fondo_pegado,,,SI,NO,,SINTETICO_IA,L1 pedal sin retorno por pérdida de presión.
F10-L07-0042,G35-L1-02,Falla en bombin o bomba hidraulica de embrague,TRANSMISION,L1,"Hola, no entran los cambios con el motor prendido pero apagado entran suaves.",WHATSAPP,parado_motor_encendido,cambios_no_entran_motor_encendido,,,SI,NO,,SINTETICO_IA,L1 imposibilidad de desacoplar embrague.
F10-L07-0043,G35-L1-03,Falla en bombin o bomba hidraulica de embrague,TRANSMISION,L1,Tengo que bombear tres veces el embrague con el pie para meter primera.,COTIDIANO,salida,bombear_embrague_para_meter_cambio,,,SI,NO,,SINTETICO_IA,L1 aire en circuito de embrague.
F10-L07-0044,G35-L1-04,Falla en bombin o bomba hidraulica de embrague,TRANSMISION,L1,Veo un goteo de líquido aceitoso justo arriba de los pedales del chofer.,COTIDIANO,inspeccion_pedalier,goteo_liquido_pedalier,,,SI,NO,,SINTETICO_IA,L1 fuga en bomba principal de embrague.
F10-L07-0045,G35-L1-05,Falla en bombin o bomba hidraulica de embrague,TRANSMISION,L1,Pérdida de presión hidráulica en el circuito de desembrague con aire atrapado.,TECNICO,diagnostico,perdida_presion_circuito_desembrague,,,SI,NO,,SINTETICO_IA,L1 reporte técnico de despresurización.
F10-L07-0046,G35-L1-06,Falla en bombin o bomba hidraulica de embrague,TRANSMISION,L1,El pedal del embrague se siente aguado y no tiene nada de resistencia.,TALLER,accionamiento,pedal_aguado_sin_resistencia,,,SI,NO,,SINTETICO_IA,L1 falta de carga hidráulica.
F10-L07-0047,G35-L1-07,Falla en bombin o bomba hidraulica de embrague,TRANSMISION,L1,Cuesta meter la primera y la retroceso rasca feo como si no pisara a fondo.,COTIDIANO,maniobra,primera_cuesta|reversa_rasca,,,SI,NO,,SINTETICO_IA,L1 embrague arrastra por poco recorrido hidráulico.
F10-L07-0048,G35-L1-08,Falla en bombin o bomba hidraulica de embrague,TRANSMISION,L1,Mi embrague se callo al piso y no regresa solo tengo que levantarlo con la punta del zapato.,ERROR_ORTOGRAFICO,accionamiento,pedal_cae_al_piso_no_regresa|levantar_con_zapato,,,SI,NO,,SINTETICO_IA,L1 pedal muerto con ortografía informal.
F10-L07-0049,G35-L1-09,Falla en bombin o bomba hidraulica de embrague,TRANSMISION,L1,"Buenas, me baja el nivel del líquido de frenos pero las cuatro ruedas están secas.",WHATSAPP,revision_niveles,liquido_frenos_baja|ruedas_secas,,,SI,NO,,SINTETICO_IA,L1 depósito compartido pierde por circuito de embrague.
F10-L07-0050,G35-L1-10,Falla en bombin o bomba hidraulica de embrague,TRANSMISION,L1,Fallo de desplazamiento volumétrico en cilindro maestro o esclavo de embrague.,TECNICO,inspeccion,fallo_desplazamiento_volumetrico,,,SI,NO,,SINTETICO_IA,L1 reporte técnico de accionamiento.
F10-L07-0051,G35-L2-01,Falla en bombin o bomba hidraulica de embrague,TRANSMISION,L2,Pedal de embrague se queda pegado en la alfombra al presionarlo; al levantarlo manualmente con el pie y bombear varias veces recupera presión suficiente para engranar primera marcha.,COTIDIANO,arranque_manana,pedal_pegado_alfombra|recupera_al_bombear,embrague_patinando,,NO,SI,Disco de embrague desgastado o patinando,SINTETICO_IA,L2 necesidad de bombear delata falla hidráulica vs disco patinando.
F10-L07-0052,G35-L2-02,Falla en bombin o bomba hidraulica de embrague,TRANSMISION,L2,Goteo constante de líquido de frenos DOT 4 sobre la alfombrilla del conductor proveniente del vástago de empuje de la bomba maestra de embrague bajo el tablero.,TALLER,inspeccion_habitaculo,goteo_dot4_alfombrilla|fuga_vastago_bomba_maestra,falla_frenos_bomba,,NO,SI,Fuga hidraulica o aire en el sistema de frenos,SINTETICO_IA,L2 fuga en cilindro emisor de embrague dentro de habitáculo.
F10-L07-0053,G35-L2-03,Falla en bombin o bomba hidraulica de embrague,TRANSMISION,L2,Con el motor encendido es imposible engranar la marcha atrás sin que rasquen los piñones; con el motor apagado todas las velocidades entran con perfecta suavidad.,TECNICO,prueba_motor_encendido_vs_apagado,reversa_rasca_motor_encendido|apagado_entran_suaves,falla_sincronizadores,,NO,SI,Falta o degradacion de aceite de caja de cambios,SINTETICO_IA,L2 rascado solo con motor encendido descarta sincronizadores de caja.
F10-L07-0054,G35-L2-04,Falla en bombin o bomba hidraulica de embrague,TRANSMISION,L2,"Hola, el bombín de embrague que va pegado en la caja está todo mojado y bota líquido por el guardapolvo de goma; el pedal perdió la mitad de su recorrido.",WHATSAPP,inspeccion_vano_motor,bombin_esclavo_mojado_gotea|pedal_perdio_recorrido,disco_patina,,NO,SI,Disco de embrague desgastado o patinando,SINTETICO_IA,L2 bombín esclavo con fuga exterior visible.
F10-L07-0055,G35-L2-05,Falla en bombin o bomba hidraulica de embrague,TRANSMISION,L2,Cilindro maestro de embrague con copela interna desgastada; el líquido recircula internamente sin fugas exteriores provocando que el pedal pierda presión progresiva.,TECNICO,prueba_presion_estatica,copela_interna_desgastada|bypass_interno_bomba|sin_fuga_exterior,falla_collarin,,NO,SI,Desgaste en collarin de empuje o crapodina de embrague,SINTETICO_IA,L2 bypass interno en bomba de embrague sin fuga visible.
F10-L07-0056,G35-L2-06,Falla en bombin o bomba hidraulica de embrague,TRANSMISION,L2,Al esperar en el semáforo con el embrague pisado y primera puesta el vehículo empieza a avanzar solo lentamente como si soltara el pedal por pérdida de presión.,COTIDIANO,parada_semaforo_primera,vehiculo_avanza_solo_pedal_a_fondo|perdida_presion_continua,falla_frenos,,NO,NO,,SINTETICO_IA,L2 avance involuntario en semáforo por fuga interna de presión.
F10-L07-0057,G35-L2-07,Falla en bombin o bomba hidraulica de embrague,TRANSMISION,L2,Presencia de aire en la cañería hidráulica de embrague tras cambio de líquido; la carrera muerta del pedal es de 70 mm y el embrague no desacopla totalmente.,TALLER,post_cambio_liquido,aire_caneria_embrague|carrera_muerta_70mm|no_desacopla,desgaste_disco,,NO,SI,Disco de embrague desgastado o patinando,SINTETICO_IA,L2 purga deficiente genera carrera muerta de 70 mm.
F10-L07-0058,G35-L2-08,Falla en bombin o bomba hidraulica de embrague,TRANSMISION,L2,Mi carro no le entran los cambios cuando calienta y el pedal de embrage esta aguado en el piso. Tengo que bombearlo con el pie varias veses.,ERROR_ORTOGRAFICO,motor_caliente,cambios_no_entran_caliente|pedal_aguado_piso|bombear_varias_veces,falla_aceite_caja,,NO,SI,Falta o degradacion de aceite de caja de cambios,SINTETICO_IA,L2 pedal aguado en caliente con ortografía informal.
F10-L07-0059,G35-L2-09,Falla en bombin o bomba hidraulica de embrague,TRANSMISION,L2,"Buenas maestro, cambié el bombín receptor de la caja pero no logro que agarre pedal; no purga por el sangrador y sigue esponjoso sin presión.",WHATSAPP,proceso_purga_bombin,no_agarra_pedal_post_cambio_bombin|sangrador_no_purga,falla_disco_embrague,,NO,NO,,SINTETICO_IA,L2 dificultad de purgado en bombín nuevo.
F10-L07-0060,G35-L2-10,Falla en bombin o bomba hidraulica de embrague,TRANSMISION,L2,Manguera flexible de embrague entre chasis y caja hinchada bajo presión hidráulica; al pisar el pedal la manguera se expande como globo absorbiendo el volumen.,TECNICO,inspeccion_flexible_embrague,flexible_embrague_se_hincha_presion|absorbe_volumen,falla_bomba_embrague,,NO,NO,,SINTETICO_IA,L2 flexible dilatado absorbe desplazamiento de bombín.
F10-L07-0061,G35-L2-11,Falla en bombin o bomba hidraulica de embrague,TRANSMISION,L2,Depósito compartido de líquido de frenos y embrague: el nivel baja hasta el tabique de separación del compartimento de embrague quedando frenos operativos.,COTIDIANO,revision_deposito_compartido,nivel_baja_hasta_tabique_embrague|frenos_operativos,fuga_frenos,,NO,SI,Fuga hidraulica o aire en el sistema de frenos,SINTETICO_IA,L2 tabique de seguridad aísla fuga en embrague protegiendo frenos.
F10-L07-0062,G35-L2-12,Falla en bombin o bomba hidraulica de embrague,TRANSMISION,L2,El vástago de la bomba de embrague se desenganchó del pedal por rotura del clip plástico de retención; pedal queda libre sin accionar el pistón.,TALLER,inspeccion_pedalera,clip_plastico_roto|vastago_desenganchado_pedal,falla_embrague_mecanico,,NO,NO,,SINTETICO_IA,L2 desconexión mecánica en rótula de pedalier.
F10-L07-0063,G35-L2-13,Falla en bombin o bomba hidraulica de embrague,TRANSMISION,L2,Cilindro esclavo concéntrico (crapodina hidráulica CSC) gotea líquido por el drenaje inferior de la campana de caja; embrague patina por líquido y pedal pierde presión.,TECNICO,inspeccion_drenaje_campana,csc_gotea_drenaje_campana|liquido_en_disco|pedal_sin_presion,fuga_aceite_motor,,NO,SI,Disco de embrague desgastado o patinando,SINTETICO_IA,L2 falla de CSC concéntrico con fuga de líquido en campana.
F10-L07-0064,G35-L2-14,Falla en bombin o bomba hidraulica de embrague,TRANSMISION,L2,Resorte de retroceso del pistón de la bomba maestra de embrague quebrado; el émbolo no regresa a su posición inicial bloqueando la entrada de líquido nuevo.,TALLER,desarme_bomba_maestra,resorte_retroceso_quebrado|embolo_no_retorna|bloqueo_puerto_compensacion,falla_disco,,NO,NO,,SINTETICO_IA,L2 resorte interno roto bloquea puerto de compensación.
F10-L07-0065,G35-L2-15,Falla en bombin o bomba hidraulica de embrague,TRANSMISION,L2,Al pisar el embrague el desplazamiento del bombín receptor es de solo 6 mm (especificación 14 a 16 mm); carrera insuficiente para liberar la prensa.,TECNICO,medicion_carrera_bombin,desplazamiento_bombin_6mm_vs_15mm|carrera_insuficiente,disco_desgastado,,NO,SI,Disco de embrague desgastado o patinando,SINTETICO_IA,L2 desplazamiento de 6 mm vs 15 mm impide desembragar.
F10-L07-0066,G35-L3-01,Falla en bombin o bomba hidraulica de embrague,TRANSMISION,L3,"En un Hyundai Accent mecánico el pedal de embrague se va al piso tras permanecer 20 segundos detenido en un semáforo con la primera marcha seleccionada. Se conectó manómetro de presión hidráulica en la línea de purga del bombín esclavo registrando pico inicial de 35 bar al pisar a fondo, pero la presión decae a razón de 2 bar por segundo hasta 4 bar sin fugas externas visibles en cañerías ni racores. Se desmontó el cilindro maestro de embrague bajo el pedalier comprobándose rayaduras en el cuerpo plástico y copela secundaria invertida permitiendo bypass al depósito.",TECNICO,diagnostico_manometro_embrague_35bar,presion_cae_35_a_4bar_en_20s|copela_secundaria_invertida|bypass_cilindro_maestro|sin_fuga_externa,falla_bomba_frenos,,NO,SI,Fuga hidraulica o aire en el sistema de frenos,SINTETICO_IA,L3 manómetro registra caída de 35 a 4 bar por bypass en bomba maestra.
F10-L07-0067,G35-L3-02,Falla en bombin o bomba hidraulica de embrague,TRANSMISION,L3,Vehículo no permite engranar marcha atrás ni primera velocidad con motor a temperatura de régimen de 90°C. Con motor apagado todos los cambios entran con dos dedos sin resistencia. Se midió el recorrido de empuje de la horquilla en el bombín receptor exterior arrojando solo 7.2 mm de avance (especificación mínima de desembrague 13.5 mm). Al retirar el guardapolvo de fuelle del bombín receptor se expulsaron 15 ml de líquido de frenos sucio acumulado tras haberse cuarteado el retén labial del émbolo.,TALLER,medicion_carrera_horquilla_7_2mm,recorrido_horquilla_7_2mm_vs_13_5mm|cambios_duros_motor_encendido|fuga_reten_bombin_15ml,falla_sincronizadores_caja,,NO,SI,Falta o degradacion de aceite de caja de cambios,SINTETICO_IA,L3 avance de horquilla en 7.2 mm vs 13.5 mm confirma falla de bombín.
F10-L07-0068,G35-L3-03,Falla en bombin o bomba hidraulica de embrague,TRANSMISION,L3,"Camioneta Toyota Hilux presenta pedal de embrague completamente esponjoso tras circular por caminos de tierra. Se realizó inspección visual del circuito hidráulico encontrando que el racor de conexión rápida del bombín esclavo perdió el seguro metálico Omega por vibración, permitiendo que la manguera se desplace 2 mm tomando aire del exterior al soltar el pedal sin fugar líquido en reposo. Se purgó el sistema con bomba de vacío manual Mityvac a 15 inHg extrayendo gran cantidad de espuma.",TECNICO,purga_vacio_mityvac_espuma,seguro_omega_suelto_toma_aire|purga_mityvac_15inhg_espuma|pedal_esponjoso,falla_disco_patina,,NO,SI,Disco de embrague desgastado o patinando,SINTETICO_IA,L3 toma de aire por acople rápido suelto purgado con Mityvac a 15 inHg.
F10-L07-0069,G35-L3-04,Falla en bombin o bomba hidraulica de embrague,TRANSMISION,L3,Falla en vehículo con cojinete de desembrague concéntrico integrado (CSC - Concentric Slave Cylinder): goteo continuo de líquido DOT 4 por la ranura inferior de desahogo de la campana de la transmisión (aproximadamente 50 ml por semana). El líquido derramado centrifugó sobre el disco de embrague contaminando el forro de fricción provocando patinamiento a más de 3000 rpm sumado a pedal que se hunde y pérdida total de nivel en el compartimento de embrague del reservorio.,TALLER,fuga_csc_concentric_slave_cylinder,goteo_dot4_campana_50ml|csc_concentric_fuga|disco_contaminado_patina|pedal_se_hunde,fuga_aceite_caja,,NO,SI,Disco de embrague desgastado o patinando,SINTETICO_IA,L3 fuga en crapodina hidráulica CSC empapa disco y despresuriza pedal.
F10-L07-0070,G35-L3-05,Falla en bombin o bomba hidraulica de embrague,TRANSMISION,L3,"Hola maestro, tengo un Nissan Tiida. En las mañanas el pedal de embrague amanece tirado en el suelo y tengo que jalarlo con la mano y bombearlo como 10 veces para que pueda meter primera para salir. En el taller me cambiaron el disco de embrague pensando que era eso pero el carro sigue igualito con el pedal muerto.",WHATSAPP,diagnostico_tiida_manana,pedal_amanece_en_el_suelo|bombear_10_veces_para_primera|disco_nuevo_sigue_igual,disco_desgastado,,NO,SI,Disco de embrague desgastado o patinando,SINTETICO_IA,L3 pedal muerto en mañanas que no corrigió cambio de disco.
F10-L07-0071,G35-L3-06,Falla en bombin o bomba hidraulica de embrague,TRANSMISION,L3,"Evaluación de degradación de manguera flexible de alta presión del sistema hidráulico de embrague: al aplicar 45 bar de fuerza en el pedal la manguera elastomérica experimenta dilatación radial del 35% pasando de 10.5 mm a 14.2 mm de diámetro exterior, absorbiendo 4.8 cm3 de volumen hidráulico. Esto reduce la carrera efectiva del émbolo receptor en 6.5 mm impidiendo el desacople completo de los discos.",TECNICO,dilatacion_flexible_embrague_35_porciento,dilatacion_manguera_10_5_a_14_2mm|absorbe_4_8cm3|carrera_reducida_6_5mm,falla_bomba_maestra,,NO,NO,,SINTETICO_IA,L3 dilatación volumétrica de manguera flexible de embrague en 35%.
F10-L07-0072,G35-L3-07,Falla en bombin o bomba hidraulica de embrague,TRANSMISION,L3,"El cliente reclama que para cambiar de marcha debe meter el pedal contra la lata del piso con violencia. Se midió la altura del pedal encontrando 110 mm sobre piso (especificación 145 mm) debido a que la tuerca de ajuste del vástago de la bomba maestra se aflojó y retrocedió 8 hilos de rosca sobre la horquilla del pedalier, generando 40 mm de juego muerto antes de comenzar a desplazar el émbolo.",TALLER,reglaje_altura_pedalier_vastago,altura_110mm_vs_145mm|tuerca_aflojada_8_hilos|juego_muerto_40mm,falla_disco_embrague,,NO,NO,,SINTETICO_IA,L3 descalibración de 8 hilos en varilla roscada genera 40 mm de holgura.
F10-L07-0073,G35-L3-08,Falla en bombin o bomba hidraulica de embrague,TRANSMISION,L3,Mi carro le quedo el pedal de embrague aguado como chicle y no entran los cambios. Mire abajo de los pedales y la bombita de plastico ta rota y botando liquido aceitoso en los zapatos del conductor.,ERROR_ORTOGRAFICO,rotura_bomba_pedalier,pedal_aguado_chicle|cambios_no_entran|bomba_plastico_rota_bota_liquido,falla_caja_cambios,,NO,SI,Falta o degradacion de aceite de caja de cambios,SINTETICO_IA,L3 rotura de cuerpo plástico de bomba con ortografía informal.
F10-L07-0074,G35-L3-09,Falla en bombin o bomba hidraulica de embrague,TRANSMISION,L3,Prueba de hermeticidad con pinzamiento en línea hidráulica de embrague: se estrangula el flexible intermedio con mordaza protegida y se aplica presión en el pedal. El pedal se clava rígido a los 15 mm confirmando que la bomba maestra y su copela primaria están 100% herméticas; al liberar la mordaza el pedal vuelve a hundirse lentamente al piso confirmando que la fuga interna se localiza en el bombín receptor de la caja.,TECNICO,prueba_pinzamiento_diagnostico_diferencial,pedal_rigido_al_estrangular_flexible|se_hunde_al_liberar|fuga_en_bombin_receptor,falla_bomba_maestra,,NO,NO,,SINTETICO_IA,L3 prueba de pinzamiento aísla fuga en bombín receptor descartando bomba.
F10-L07-0075,G35-L3-10,Falla en bombin o bomba hidraulica de embrague,TRANSMISION,L3,"Buenas tardes, en mi Duster mecánica el pedal de embrague no sube completo, se queda a mitad de camino y tengo que empujarlo con el pie hacia arriba. Me dijeron que el bombín de embrague tiene el resorte vencido y las gomas hinchadas porque le echaron aceite mineral en vez de DOT 4 en un lubricentro.",WHATSAPP,contaminacion_aceite_mineral_dot4,pedal_a_mitad_de_camino|gomas_hinchadas_aceite_mineral|no_retorna_solo,falla_disco_patina,,NO,SI,Disco de embrague desgastado o patinando,SINTETICO_IA,L3 contaminación con aceite mineral degrada sellos EPDM de bombín.
F10-L07-0076,G35-L3-11,Falla en bombin o bomba hidraulica de embrague,TRANSMISION,L3,"Obstrucción del orificio de compensación (breather port) en la bomba maestra de embrague: orificio de 0.6 mm taponado por sedimentos de goma degradada. Al expandirse térmicamente el líquido con el calor del motor el sistema no puede retornar el fluido al depósito, dejando el bombín con 4 bar de precarga constante que empuja la horquilla y hace patinar el embrague en caliente.",TECNICO,inspeccion_puerto_compensacion_0_6mm,orificio_compensacion_0_6mm_taponado|precarga_4bar_caliente|patinamiento_inducido,disco_desgastado,,NO,SI,Disco de embrague desgastado o patinando,SINTETICO_IA,L3 puerto de compensación taponado genera precarga de 4 bar y patinamiento.
F10-L07-0077,G35-L3-12,Falla en bombin o bomba hidraulica de embrague,TRANSMISION,L3,"Falla de desacoplamiento por fisura en el soporte metálico de la bomba maestra de embrague en el cortafuegos (firewall): al pisar el pedal con fuerza el cortafuegos de chapa se flexiona 18 mm hacia adelante en lugar de desplazar el vástago de la bomba, perdiendo el 60% del recorrido efectivo del pistón.",TALLER,flexion_chapa_cortafuegos_18mm,cortafuegos_flexiona_18mm|soporte_chapa_fisurado|perdida_60_recorrido,falla_pedalera,,NO,NO,,SINTETICO_IA,L3 flexión de 18 mm en cortafuegos por fatiga estructural.
F10-L07-0078,G35-L3-13,Falla en bombin o bomba hidraulica de embrague,TRANSMISION,L3,Desmontaje de actuador esclavo concéntrico (CSC): se detecta que el tubo de alimentación hidráulica plástico se rajó en la unión termosellada por vibración torsional de la caja. Se midió pérdida de 120 ml de líquido hidráulico dentro del cárter de embrague; el pedal se fue al suelo instantáneamente sin permitir cambiar de marcha.,TECNICO,tubo_plastico_csc_rajado_termosellado,tubo_csc_rajado_termosellado|perdida_120ml_campana|pedal_al_suelo_instantaneo,fuga_liquido_frenos,,NO,SI,Fuga hidraulica o aire en el sistema de frenos,SINTETICO_IA,L3 rotura de tubo termosellado de CSC concéntrico con pérdida de 120 ml.
F10-L07-0079,G35-L3-14,Falla en bombin o bomba hidraulica de embrague,TRANSMISION,L3,"El cliente reporta que al circular en tráfico denso el pedal de embrague se torna blando y los cambios rascan progresivamente hasta no entrar ninguno. Al enfriarse el vehículo durante 45 minutos el pedal recupera firmeza. Se verificó que la cañería metálica de embrague estaba pegada al tubo colector de escape sin pantalla anticalórica, hirviendo el líquido a más de 160°C.",TALLER,ebullicion_por_cercania_escape,ebullicion_liquido_cercania_escape_160c|pedal_blando_en_trafico|sin_pantalla_termica,falla_aceite_caja,,NO,SI,Falta o degradacion de aceite de caja de cambios,SINTETICO_IA,L3 ebullición de líquido a 160°C por proximidad a colector de escape.
F10-L07-0080,G35-L3-15,Falla en bombin o bomba hidraulica de embrague,TRANSMISION,L3,"Comprobación de presión en cilindro esclavo con banco de prueba hidráulico: al accionar la bomba maestra a velocidad rápida la presión alcanza 42 bar, pero en accionamiento lento (10 segundos) la presión no supera los 6 bar debido a fuga por el labio exterior de la copela primaria que sella únicamente bajo gradientes de presión elevados.",TECNICO,prueba_gradiente_presion_lento_vs_rapido,fuga_en_accionamiento_lento_6bar|accionamiento_rapido_42bar|copela_labio_cedido,falla_bomba_maestra,,NO,NO,,SINTETICO_IA,L3 copela de bomba sella a 42 bar en rápido pero fuga a 6 bar en lento.
F10-L07-0081,G36-L1-01,Falta o degradacion de aceite de caja de cambios,TRANSMISION,L1,Los cambios están durísimos para entrar especialmente en las mañanas frías.,COTIDIANO,manana_fria,cambios_durisimos_en_frio,,,SI,NO,,SINTETICO_IA,L1 dificultad de engrane en frío por lubricante.
F10-L07-0082,G36-L1-02,Falta o degradacion de aceite de caja de cambios,TRANSMISION,L1,"Hola, la caja de cambios zumba como un engranaje seco cuando voy en carretera.",WHATSAPP,carretera,caja_zumba_engranaje_seco,,,SI,NO,,SINTETICO_IA,L1 zumbido de engranes sin lubricación.
F10-L07-0083,G36-L1-03,Falta o degradacion de aceite de caja de cambios,TRANSMISION,L1,Encontré un charco de aceite espeso y con olor fuerte a azufre bajo el motor.,COTIDIANO,estacionamiento,charco_aceite_espeso_olor_azufre,,,SI,NO,,SINTETICO_IA,L1 fuga de valvulina con olor azufrado.
F10-L07-0084,G36-L1-04,Falta o degradacion de aceite de caja de cambios,TRANSMISION,L1,La palanca de cambios raspa y se siente áspera al pasar de primera a segunda.,TALLER,cambio_1_a_2,palanca_raspa_aspero_1_a_2,,,SI,NO,,SINTETICO_IA,L1 fricción áspera entre sincronizadores.
F10-L07-0085,G36-L1-05,Falta o degradacion de aceite de caja de cambios,TRANSMISION,L1,Nivel de lubricante de transmisión manual por debajo del umbral mínimo de seguridad.,TECNICO,inspeccion,nivel_lubricante_bajo_minimo,,,SI,NO,,SINTETICO_IA,L1 reporte técnico de nivel insuficiente.
F10-L07-0086,G36-L1-06,Falta o degradacion de aceite de caja de cambios,TRANSMISION,L1,La caja calienta muchísimo y despide un olor a aceite requemado al parar.,COTIDIANO,post_viaje,caja_calienta_olor_quemado,,,SI,NO,,SINTETICO_IA,L1 sobrecalentamiento de transmisión.
F10-L07-0087,G36-L1-07,Falta o degradacion de aceite de caja de cambios,TRANSMISION,L1,Se escucha un silbido metálico continuo en todas las marchas al acelerar.,COTIDIANO,marcha,silbido_metalico_todas_marchas,,,SI,NO,,SINTETICO_IA,L1 fricción de piñonería general.
F10-L07-0088,G36-L1-08,Falta o degradacion de aceite de caja de cambios,TRANSMISION,L1,Mi caja manual ase un chillido sordo y la segunda raspa feo cuando meto el cambio.,ERROR_ORTOGRAFICO,cambio_marcha,chillido_sordo_caja|segunda_raspa,,,SI,NO,,SINTETICO_IA,L1 rascado y zumbido con ortografía informal.
F10-L07-0089,G36-L1-09,Falta o degradacion de aceite de caja de cambios,TRANSMISION,L1,"Buenas, el mecánico sacó el tapón de la caja y salió solo un chorrito negro con brillo.",WHATSAPP,revision_taller,solo_chorrito_negro_con_brillo,,,SI,NO,,SINTETICO_IA,L1 aceite quemado con limalla en suspensión.
F10-L07-0090,G36-L1-10,Falta o degradacion de aceite de caja de cambios,TRANSMISION,L1,Degradación oxidativa severa de aditivos de extrema presión EP en fluido GL-4.,TECNICO,analisis_fluido,degradacion_aditivos_ep_gl4,,,SI,NO,,SINTETICO_IA,L1 reporte técnico de descomposición de valvulina.
F10-L07-0091,G36-L2-01,Falta o degradacion de aceite de caja de cambios,TRANSMISION,L2,Dificultad severa para engranar primera y segunda marcha con temperatura ambiente de 10°C; tras rodar 20 minutos y calentar la caja los cambios entran con mayor facilidad.,COTIDIANO,temperatura_fria_10c,cambios_duros_frio_10c|suaviza_al_calentar,falla_embrague,,NO,SI,Disco de embrague desgastado o patinando,SINTETICO_IA,L2 viscosidad inadecuada o degradada en frío vs embrague.
F10-L07-0092,G36-L2-02,Falta o degradacion de aceite de caja de cambios,TRANSMISION,L2,Fuga abundante de valvulina por el retén de salida del semieje derecho; la carcasa de la transmisión está empapada y el tapón de nivel acusa 1 litro faltante.,TALLER,inspeccion_elevador,fuga_reten_semieje|1_litro_faltante_valvulina,fuga_aceite_motor,,NO,SI,Rodajes de caja mecanica o diferencial gastados,SINTETICO_IA,L2 fuga por retén con déficit de 1 litro de aceite.
F10-L07-0093,G36-L2-03,Falta o degradacion de aceite de caja de cambios,TRANSMISION,L2,"Zumbido sordo generalizado que se percibe en 1ra, 2da, 3ra, 4ta y 5ta marcha al acelerar; al retirar el tapón de nivel con el dedo no se toca fluido de transmisión.",TECNICO,inspeccion_nivel_tapón,zumbido_todas_marchas|nivel_seco_sin_aceite,rodaje_eje_primario,,NO,SI,Rodajes de transmision manual o eje primario gastados,SINTETICO_IA,L2 nivel seco genera zumbido parejo en todas las marchas.
F10-L07-0094,G36-L2-04,Falta o degradacion de aceite de caja de cambios,TRANSMISION,L2,"Hola maestro, le cambiaron aceite a la caja y le pusieron un 85W-140 grueso de camión en vez de 75W-80 sintético; ahora la palanca está pesadísima y rasca.",WHATSAPP,post_cambio_viscosidad_erronea,palanca_pesada_aceite_grueso_85w140|rasca_cambios,falla_selectora,,NO,NO,,SINTETICO_IA,L2 viscosidad incorrecta 85W-140 traba sincronizadores.
F10-L07-0095,G36-L2-05,Falta o degradacion de aceite de caja de cambios,TRANSMISION,L2,Al drenar el aceite de la caja de cambios salieron apenas 600 ml de lubricante negro fétido (capacidad nominal 2.2 litros); el imán del tapón tenía una masa de limalla.,TECNICO,drenaje_valvulina,drenaje_600ml_vs_2_2l|iman_masa_limalla|aceite_fetido,falla_caja_interna,,NO,SI,Rodajes de transmision manual o eje primario gastados,SINTETICO_IA,L2 drenaje de solo 600 ml con limalla imantada.
F10-L07-0096,G36-L2-06,Falta o degradacion de aceite de caja de cambios,TRANSMISION,L2,Rascado intermitente al pasar de 3ra a 2da marcha al reducir en bajadas; los frenos están bien y el pedal de embrague desembraga con recorrido completo normal.,COTIDIANO,reduccion_3_a_2,rascado_reduccion_3_a_2|desembrague_completo_ok,falla_bombin_embrague,,NO,SI,Falla en bombin o bomba hidraulica de embrague,SINTETICO_IA,L2 desgaste de lubricante afecta sincronizador de 2da.
F10-L07-0097,G36-L2-07,Falta o degradacion de aceite de caja de cambios,TRANSMISION,L2,Sobrecalentamiento de la carcasa de la caja de cambios alcanzando 110°C tras 40 km de marcha; el respiradero superior de la transmisión expulsa espuma aceitosa.,TALLER,marcha_40km_calor,carcasa_caja_110c|respiradero_bota_espuma,falla_motor_calor,,NO,NO,,SINTETICO_IA,L2 formación de espuma y temperatura de 110°C por aceite degradado.
F10-L07-0098,G36-L2-08,Falta o degradacion de aceite de caja de cambios,TRANSMISION,L2,Mi caja manual ase un zumbido feo en pista y bota gotas de aceite color miel espesas con olor fuerte a azufre debajo del chofer.,ERROR_ORTOGRAFICO,goteo_estacionamiento,zumbido_caja|gotea_aceite_miel_azufre,fuga_aceite_motor,,NO,NO,,SINTETICO_IA,L2 fuga de valvulina azufrada con ortografía informal.
F10-L07-0099,G36-L2-09,Falta o degradacion de aceite de caja de cambios,TRANSMISION,L2,"Buenas, el auto tiene 160,000 km y nunca se le cambió el aceite de transmisión manual; ahora la tercera no entra a menos que haga doble embrague.",WHATSAPP,160000km_sin_cambio,160000km_sin_cambio_valvulina|tercera_requiere_doble_embrague,falla_embrague,,NO,SI,Disco de embrague desgastado o patinando,SINTETICO_IA,"L2 lubricante agotado tras 160,000 km exige doble embrague."
F10-L07-0100,G36-L2-10,Falta o degradacion de aceite de caja de cambios,TRANSMISION,L2,Aceite de caja contaminado con agua tras vadear un arroyo; el lubricante tiene aspecto de emulsión lechosa café con leche y perdió capacidad lubricante.,TECNICO,inspeccion_emulsion_agua,emulsion_lechosa_agua_valvulina|perdida_capacidad_lubricante,falla_embrague_humedo,,NO,NO,,SINTETICO_IA,L2 emulsión de agua y aceite por respiradero.
F10-L07-0101,G36-L2-11,Falta o degradacion de aceite de caja de cambios,TRANSMISION,L2,Ruido áspero de engranajes en neutro que disminuye ligeramente al tomar temperatura; nivel medido a 35 mm por debajo del borde de llenado.,COTIDIANO,ralenti_neutro,ruido_aspero_engranajes_neutro|nivel_bajo_35mm,rodaje_primario,,NO,SI,Rodajes de transmision manual o eje primario gastados,SINTETICO_IA,L2 nivel a -35 mm causa rumorosidad de piñones.
F10-L07-0102,G36-L2-12,Falta o degradacion de aceite de caja de cambios,TRANSMISION,L2,Incompatibilidad química por usar aceite API GL-5 en caja manual que exige GL-4; los aditivos de azufre-fósforo atacaron y corroyeron los anillos de bronce sincronizadores.,TECNICO,analisis_quimico_gl5_vs_gl4,aditivos_gl5_atacan_bronce_sincronizadores|particulas_amarillas,falla_disco,,NO,SI,Disco de embrague desgastado o patinando,SINTETICO_IA,L2 corrosión química de sincronizadores de bronce por GL-5.
F10-L07-0103,G36-L2-13,Falta o degradacion de aceite de caja de cambios,TRANSMISION,L2,Palanca de cambios se traba ocasionalmente en 5ta marcha al rodar en carretera; el varillaje exterior desliza suave pero la horquilla interna sufre roce seco.,TALLER,prueba_carretera_quinta,quinta_se_traba_carretera|varillaje_suave_ok|roce_seco_horquilla,falla_varillaje,,NO,NO,,SINTETICO_IA,L2 engrane atascado por lubricación deficiente en 5ta.
F10-L07-0104,G36-L2-14,Falta o degradacion de aceite de caja de cambios,TRANSMISION,L2,Vibración y rumorosidad de caja que desaparece por completo al rellenar 1.4 litros de fluido 75W-85 nuevo por el tapón de servicio.,COTIDIANO,post_rellenado_aceite,rumorosidad_desaparece_tras_1_4l_aceite,falla_diferencial_mecanico,,NO,SI,Rodajes de caja mecanica o diferencial gastados,SINTETICO_IA,L2 cese inmediato de rumorosidad tras reponer 1.4 L.
F10-L07-0105,G36-L2-15,Falta o degradacion de aceite de caja de cambios,TRANSMISION,L2,"Inspección de tapón magnético de caja manual revela filamentos de bronce y viruta fina de acero adherida tras 80,000 km con lubricante de fábrica degradado.",TECNICO,inspeccion_tapon_magnetico,filamentos_bronce_viruta_acero_tapon|aceite_degradado_80000km,falla_rodaje_caja,,NO,SI,Rodajes de transmision manual o eje primario gastados,SINTETICO_IA,L2 detritos metálicos de desgaste por aceite envejecido.
F10-L07-0106,G36-L3-01,Falta o degradacion de aceite de caja de cambios,TRANSMISION,L3,"En un Volkswagen Gol con 115,000 km la transmisión manual presenta dificultad progresiva para insertar la segunda y tercera marcha con chasquido de rascado metálico. Se procedió a retirar el tapón de drenaje magnético de la caja: salieron solo 450 ml de lubricante espeso y ennegrecido (capacidad nominal 2.0 litros de SAE 75W-90). El análisis del residuo en el imán evidenció 8 gramos de pasta metálica con esquirlas de bronce provenientes de los anillos sincronizadores y partículas ferrosas. Se constató fuga continua a través del retén del selector de marchas superior que goteaba sobre el túnel de escape.",TECNICO,drenaje_metrologia_450ml_limalla,drenaje_450ml_vs_2_0l|8g_pasta_metalica_bronce|esquirlas_sincronizadores|fuga_reten_selector,falla_rodajes_diferencial,,NO,SI,Rodajes de caja mecanica o diferencial gastados,SINTETICO_IA,L3 drenaje de solo 450 ml con 8g de limalla y fuga en selector.
F10-L07-0107,G36-L3-02,Falta o degradacion de aceite de caja de cambios,TRANSMISION,L3,Conductor reporta zumbido agudo en la transmisión en todas las velocidades que aumenta en proporción directa a las RPM y a la velocidad del auto. Se midió la temperatura de la carcasa de la caja con termómetro infrarrojo alcanzando 118°C tras 30 minutos de autopista a 100 km/h (temperatura normal de régimen 65°C a 75°C). Al introducir sonda por el orificio de llenado el nivel de aceite se encuentra 42 mm por debajo de la cota inferior debido a pérdida inadvertida por el fuelle del palier izquierdo rajado.,TALLER,medicion_termica_carcasa_118c,temperatura_caja_118c_vs_70c|nivel_42mm_bajo_cota|fuelle_palier_rajado|zumbido_todas_marchas,falla_rodamiento_rueda,,NO,SI,Rodajes de caja mecanica o diferencial gastados,SINTETICO_IA,L3 temperatura anormal de 118°C y nivel a -42 mm por fuelle roto.
F10-L07-0108,G36-L3-03,Falta o degradacion de aceite de caja de cambios,TRANSMISION,L3,"Análisis de laboratorio de muestra de aceite de transmisión manual SAE 75W-80 GL-4: viscosidad cinemática a 100°C degradada a 4.8 cSt (especificación de aceite nuevo 9.2 cSt) y número de acidez total (TAN) elevado a 4.2 mg KOH/g (límite de descarte 2.0) tras 180,000 km de uso severo urbano sin recambio. La pérdida del paquete de aditivos modificadores de fricción impide el frenado sincronizado de los piñones provocando rascado permanente al reducir a segunda marcha.",TECNICO,analisis_laboratorio_viscosidad_4_8cst,viscosidad_4_8cst_vs_9_2cst|tan_4_2mg_koh|perdida_aditivos_friccion|rascado_segunda,falla_embrague,,NO,SI,Disco de embrague desgastado o patinando,SINTETICO_IA,L3 análisis físico-químico: viscosidad caída a 4.8 cSt y TAN en 4.2.
F10-L07-0109,G36-L3-04,Falta o degradacion de aceite de caja de cambios,TRANSMISION,L3,Transmisión manual de camioneta Toyota Hilux presenta dureza extrema en la palanca de cambios en arranques a primera hora de la mañana a 8°C. El taller previo aplicó erróneamente lubricante de engranajes para diferencial hipoide SAE 85W-140 con aditivos GL-5 en lugar de la valvulina 75W-90 GL-4 especificada. La alta viscosidad en frío y el exceso de aditivos de azufre activo generaron un coeficiente de rozamiento dinámico inadecuado en los conos de sincronización provocando bloqueo hidrodinámico de los anillos.,TALLER,incompatibilidad_viscosidad_85w140_gl5,lubricante_erroneo_85w140_gl5|bloqueo_hidrodinamico_anillos|dureza_extrema_8c,falla_varillaje_cambios,,NO,NO,,SINTETICO_IA,L3 viscosidad errónea 85W-140 GL-5 genera bloqueo hidrodinámico.
F10-L07-0110,G36-L3-05,Falta o degradacion de aceite de caja de cambios,TRANSMISION,L3,"Hola maestro, tengo un Hyundai i10. En carretera la caja zumba como si tuviera un avión adentro en cuarta y quinta. Le revisaron el tapón de la caja y no tenía casi nada de aceite, le echaron litro y medio y el zumbido bajó bastante pero quedó un silbido bajito porque anduvo seca varios días.",WHATSAPP,diagnostico_i10_caja_seca,zumba_como_avion_4ta_5ta|caja_seca_recibe_1_5l|silbido_remanente_desgaste,rodajes_diferencial,,NO,SI,Rodajes de caja mecanica o diferencial gastados,SINTETICO_IA,L3 relato WhatsApp de caja seca que requirió 1.5 litros.
F10-L07-0111,G36-L3-06,Falta o degradacion de aceite de caja de cambios,TRANSMISION,L3,"Desmontaje e inspección de caja manual de 5 velocidades tras operar con 300 ml de aceite durante 5,000 km: los engranajes de la 5ta marcha montados en el extremo exterior de la carcasa sufrieron decoloración térmica azul (sobrecalentamiento a más de 300°C) y desgaste adhesivo con microsoldadura en los flancos de los dientes por ser el piñón más alto del tren que deja de recibir salpicadura al descender el nivel.",TECNICO,inspeccion_desgaste_adhesivo_quinta,decoloracion_azul_pinon_quinta|300c_microsoldadura_flancos|falta_salpicadura_300ml,falla_rodaje_primario,,NO,SI,Rodajes de transmision manual o eje primario gastados,SINTETICO_IA,L3 piñón de 5ta descolorido a 300°C por descebe de salpicadura.
F10-L07-0112,G36-L3-07,Falta o degradacion de aceite de caja de cambios,TRANSMISION,L3,Vehículo 4x4 presenta emulsión lechosa en la caja de cambios tras cruzar una poza profunda en época de lluvias. El respiradero superior de la transmisión tenía la válvula de retención plástica quebrada permitiendo el ingreso de aproximadamente 400 ml de agua lodosa. El lubricante emulsionó totalmente perdiendo película hidrodinámica elastohidrodinámica provocando rumorosidad en todos los apoyos de engranaje.,TALLER,ingreso_agua_valvula_respiradero_rota,respiradero_quebrado_ingreso_agua_400ml|emulsion_lechosa|perdida_pelicula_lubricante,falla_transferencia,,NO,NO,,SINTETICO_IA,L3 400 ml de agua ingresados por respiradero roto destruyen película.
F10-L07-0113,G36-L3-08,Falta o degradacion de aceite de caja de cambios,TRANSMISION,L3,Mi carro zumbaba la caja feo en carretera y botaba valvulina por el reten de la flecha izquierda. Al vaciar la caja salio solo un pocillo chiquito de aceite negro quemado lleno de brillantina dorada de los sincronizadores.,ERROR_ORTOGRAFICO,vaciado_aceite_brillantina,zumbaba_caja_carretera|fuga_reten_flecha|pocillo_chiquito_aceite_quemado|brillantina_dorada,falla_flecha,,NO,NO,,SINTETICO_IA,L3 brillantina dorada y aceite quemado con ortografía informal.
F10-L07-0114,G36-L3-09,Falta o degradacion de aceite de caja de cambios,TRANSMISION,L3,"Medición de espesor de película de aceite y ensayo espectrométrico de metales de desgaste (ICP): hierro (Fe) en 480 ppm (normal menor a 80 ppm) y cobre (Cu) en 190 ppm (normal menor a 30 ppm) en caja de cambios mecánica con 95,000 km sin servicio. La degradación oxidativa del lubricante duplicó la fricción en interfaz cono-anillo generando retardo de 0.8 s en sincronización.",TECNICO,espectrometria_icp_fe_480ppm,espectrometria_icp_fe_480ppm_cu_190ppm|retardo_0_8s_sincronizacion,falla_rodajes_caja,,NO,SI,Rodajes de caja mecanica o diferencial gastados,SINTETICO_IA,L3 espectrometría ICP acusa Fe a 480 ppm y Cu a 190 ppm.
F10-L07-0115,G36-L3-10,Falta o degradacion de aceite de caja de cambios,TRANSMISION,L3,"Buenas tardes, en mi Kia Cerato la palanca de cambios se puso áspera y chillan los engranajes al meter reversa. En el taller me sacaron el tapón de nivel y estaba 3 dedos más abajo de lo normal porque perdía por el retén del selector. Le completaron el aceite sintético 75W-85 y los cambios volvieron a entrar suaves.",WHATSAPP,diagnostico_kia_cerato_nivel,palanca_aspera|reversa_chilla|nivel_3_dedos_bajo|suaviza_tras_completar,falla_bombin_embrague,,NO,SI,Falla en bombin o bomba hidraulica de embrague,SINTETICO_IA,L3 recuperación inmediata de suavidad al completar nivel a cota.
F10-L07-0116,G36-L3-11,Falta o degradacion de aceite de caja de cambios,TRANSMISION,L3,Desgaste corrosivo severo en casquillos de agujas del piñón loco de marcha atrás por acidificación del lubricante: el pH del aceite usado cayó a 4.1 ácido debido a condensación interna y calor extremo. Los rodillos de agujas presentan picaduras por corrosión química perdiendo concentricidad y provocando zumbido específico en marcha atrás.,TECNICO,acidificacion_lubricante_ph_4_1,ph_acido_4_1_valvulina|corrosion_quimica_casquillo_agujas|zumbido_reversa,falla_rodaje_primario,,NO,SI,Rodajes de transmision manual o eje primario gastados,SINTETICO_IA,L3 acidificación a pH 4.1 causa corrosión química en agujas.
F10-L07-0117,G36-L3-12,Falta o degradacion de aceite de caja de cambios,TRANSMISION,L3,Fuga masiva de fluido de transmisión manual a través de fisura en la carcasa inferior provocada por impacto contra resalto de calzada. El conductor continuó la marcha durante 12 km hasta que la tercera velocidad se trabó mecánicamente por gripado térmico del casquillo separador sobre el eje secundario desprovisto de lubricación.,TALLER,impacto_carcasa_gripado_12km,fisura_carcasa_impacto|perdida_total_aceite|gripado_tercera_a_los_12km,falla_embrague,,NO,NO,,SINTETICO_IA,L3 impacto fisura cárter con gripado de 3ra tras 12 km en seco.
F10-L07-0118,G36-L3-13,Falta o degradacion de aceite de caja de cambios,TRANSMISION,L3,Análisis térmico de caja manual compacta: la temperatura del aceite alcanza 125°C en ciclo continuo de tráfico severo debido a pérdida de propiedades antiespumantes del lubricante mineral básico. La espuma formada reduce la transferencia térmica hacia las aletas de la carcasa provocando dilatación desigual de horquillas de cambio.,TECNICO,analisis_perdida_antiespumante_125c,aceite_alcanza_125c_trafico|perdida_antiespumante|espuma_reduce_refrigeracion,falla_radiador_motor,,NO,NO,,SINTETICO_IA,L3 pérdida de antiespumante eleva temperatura a 125°C.
F10-L07-0119,G36-L3-14,Falta o degradacion de aceite de caja de cambios,TRANSMISION,L3,El cliente manifiesta que al realizar viajes largos de más de 100 km la palanca se vuelve cada vez más dura y rasca en todas las marchas pero al día siguiente en frío funciona casi normal. Se verificó que el lubricante tenía 14 años de antigüedad con pérdida total de viscosidad cinemática por corte mecánico de polímeros (Shear Stability Loss).,TALLER,perdida_estabilidad_cizallamiento,cambios_duros_post_100km|suaves_en_frio|cizallamiento_polimeros_14anos,falla_sincronizadores,,NO,SI,Disco de embrague desgastado o patinando,SINTETICO_IA,L3 degradación por cizallamiento tras 14 años sin reemplazo.
F10-L07-0120,G36-L3-15,Falta o degradacion de aceite de caja de cambios,TRANSMISION,L3,Inspección de aceite drenado con tamiz de 50 micras: retención de partículas metálicas de aleación de aluminio y bronce de 0.8 mm de tamaño. La falta de 1.1 litros de aceite en caja de 1.8 L impidió la lubricación por barboteo en los conos de fricción provocando desgaste acelerado de las estrías de acople de los manguitos desplazables.,TECNICO,tamizado_50_micras_manguitos,tamiz_50um_particulas_0_8mm|falta_1_1l_de_1_8l|desgaste_manguitos_desplazables,falla_rodaje_caja,,NO,SI,Rodajes de transmision manual o eje primario gastados,SINTETICO_IA,L3 tamizado retiene partículas de 0.8 mm por falta de 1.1 L de aceite.
F10-L07-0121,G37-L1-01,Rodajes de caja mecanica o diferencial gastados,TRANSMISION,L1,La transmisión zumba como una turbina cada vez que acelero en pista.,COTIDIANO,aceleracion_pista,zumbido_turbina_al_acelerar,,,SI,NO,,SINTETICO_IA,L1 zumbido de transmisión bajo carga.
F10-L07-0122,G37-L1-02,Rodajes de caja mecanica o diferencial gastados,TRANSMISION,L1,"Hola, siento un aullido sordo debajo del centro del carro que cambia al soltar el gas.",WHATSAPP,retencion,aullido_centro_cambia_al_soltar_gas,,,SI,NO,,SINTETICO_IA,L1 aullido de piñón y corona de diferencial.
F10-L07-0123,G37-L1-03,Rodajes de caja mecanica o diferencial gastados,TRANSMISION,L1,Se escucha un ronroneo metálico constante que aumenta con la velocidad del carro.,COTIDIANO,rodadura_velocidad,ronroneo_aumenta_con_velocidad,,,SI,NO,,SINTETICO_IA,L1 zumbido proporcional a velocidad vehicular.
F10-L07-0124,G37-L1-04,Rodajes de caja mecanica o diferencial gastados,TRANSMISION,L1,Al desacelerar en quinta suena un quejido áspero en la parte de abajo de la caja.,TALLER,desaceleracion_quinta,quejido_aspero_desaceleracion,,,SI,NO,,SINTETICO_IA,L1 ruido en retención en diferencial.
F10-L07-0125,G37-L1-05,Rodajes de caja mecanica o diferencial gastados,TRANSMISION,L1,Desgaste por fatiga superficial (pitting) en pistas cónicas de rodamientos de diferencial.,TECNICO,diagnostico,desgaste_pitting_rodamientos_diferencial,,,SI,NO,,SINTETICO_IA,L1 reporte técnico de pitting en diferencial.
F10-L07-0126,G37-L1-06,Rodajes de caja mecanica o diferencial gastados,TRANSMISION,L1,Siento un golpeteo y zumbido metálico al doblar cerrado en una esquina.,COTIDIANO,curva_cerrada,zumbido_golpeteo_al_doblar,,,SI,NO,,SINTETICO_IA,L1 ruido en planetarios y satélites.
F10-L07-0127,G37-L1-07,Rodajes de caja mecanica o diferencial gastados,TRANSMISION,L1,El auto zumba fuerte a 80 km/h tanto en línea recta como al doblar.,COTIDIANO,velocidad_80kmh,zumbido_fuerte_80kmh_recta_y_curva,,,SI,NO,,SINTETICO_IA,L1 ruido invariable con dirección descarta rueda.
F10-L07-0128,G37-L1-08,Rodajes de caja mecanica o diferencial gastados,TRANSMISION,L1,Mi carro ase un aullido feo en la carretera como si fuera un avion despegando.,ERROR_ORTOGRAFICO,carretera,aullido_feo_carretera_como_avion,,,SI,NO,,SINTETICO_IA,L1 aullido con ortografía informal.
F10-L07-0129,G37-L1-09,Rodajes de caja mecanica o diferencial gastados,TRANSMISION,L1,"Buenas, levantaron el carro en el aire y al girar las llantas la caja suena hueca.",WHATSAPP,inspeccion_elevador,ruedas_girando_caja_suena_hueca,,,SI,NO,,SINTETICO_IA,L1 prueba en elevador delata ruido en núcleo de diferencial.
F10-L07-0130,G37-L1-10,Rodajes de caja mecanica o diferencial gastados,TRANSMISION,L1,Holgura axial y angular fuera de tolerancia en conjunto piñón de ataque y corona.,TECNICO,inspeccion,holgura_axial_pinon_corona,,,SI,NO,,SINTETICO_IA,L1 reporte técnico de juego en grupo cónico.
F10-L07-0131,G37-L2-01,Rodajes de caja mecanica o diferencial gastados,TRANSMISION,L2,Aullido agudo en la transmisión entre 70 y 90 km/h al pisar el acelerador; al soltar el pedal y rodar en neutro a 80 km/h el aullido desaparece por completo.,COTIDIANO,aceleracion_vs_neutro_80kmh,aullido_al_acelerar_70_90|desaparece_en_neutro,rodamiento_rueda_zumbido,,NO,SI,Rodamiento de maza o rodaje de rueda picado (zumbido de rodadura),SINTETICO_IA,L2 ruido exclusivo bajo carga descarta rodaje de rueda.
F10-L07-0132,G37-L2-02,Rodajes de caja mecanica o diferencial gastados,TRANSMISION,L2,Zumbido constante en el diferencial delantero que no cambia de tono al girar en curvas pronunciadas a izquierda o derecha; rodamientos de maza de rueda sin holgura.,TALLER,curvas_izquierda_derecha,zumbido_no_cambia_en_curvas|rodamientos_maza_ok,falla_rodamiento_maza,,NO,SI,Rodamiento de maza o rodaje de rueda picado (zumbido de rodadura),SINTETICO_IA,L2 ruido invariable al apoyar peso en curva descarta maza.
F10-L07-0133,G37-L2-03,Rodajes de caja mecanica o diferencial gastados,TRANSMISION,L2,Holgura excesiva en la salida de los semiejes de la transmisión; los rodamientos de apoyo de la caja diferencial tienen 1.8 mm de juego radial apreciable.,TECNICO,inspeccion_salida_semiejes,holgura_salida_semiejes|juego_radial_1_8mm_diferencial,falla_palieres,,NO,SI,Juntas homocineticas o palieres danados,SINTETICO_IA,L2 juego radial en apoyo de caja diferencial vs palieres.
F10-L07-0134,G37-L2-04,Rodajes de caja mecanica o diferencial gastados,TRANSMISION,L2,"Hola, mi camioneta zumba al acelerar en autopista pero en reversa o parado con embrague pisado no suena nada; el aceite de caja está al nivel máximo correcto.",WHATSAPP,autopista_aceleracion,zumba_al_acelerar_autopista|aceite_a_nivel_maximo,falta_aceite_caja,,NO,SI,Falta o degradacion de aceite de caja de cambios,SINTETICO_IA,L2 nivel de aceite perfecto descarta falta de lubricación.
F10-L07-0135,G37-L2-05,Rodajes de caja mecanica o diferencial gastados,TRANSMISION,L2,Ruido áspero de rozamiento en rodamientos cónicos del piñón de ataque; el zumbido cambia drásticamente de tonalidad entre tracción y retención de motor.,TECNICO,prueba_traccion_retencion,zumbido_cambia_traccion_a_retencion|rodamientos_pinon_ataque,falla_eje_primario,,NO,SI,Rodajes de transmision manual o eje primario gastados,SINTETICO_IA,L2 cambio de tono tracción vs retención delata piñón de ataque.
F10-L07-0136,G37-L2-06,Rodajes de caja mecanica o diferencial gastados,TRANSMISION,L2,"Al elevar el vehículo y acelerar las ruedas motrices en el aire a 60 km/h, con estetoscopio se localiza el zumbido directamente sobre la carcasa del diferencial.",TALLER,estetoscopio_carcasa_diferencial,estetoscopio_zumbido_carcasa_diferencial|ruedas_aire,falla_rodamientos_rueda,,NO,SI,Rodamiento de maza o rodaje de rueda picado (zumbido de rodadura),SINTETICO_IA,L2 localización con estetoscopio en núcleo de diferencial.
F10-L07-0137,G37-L2-07,Rodajes de caja mecanica o diferencial gastados,TRANSMISION,L2,Crujido metálico y chasquido al realizar giros cerrados a baja velocidad en pavimento; arandelas de fricción de los engranajes satélites y planetarios desgastadas.,COTIDIANO,giro_cerrado_baja_velocidad,crujido_giros_cerrados|arandelas_satelites_desgastadas,falla_homocinetica,,NO,SI,Juntas homocineticas o palieres danados,SINTETICO_IA,L2 chasquido en planetarios de diferencial vs homocinética.
F10-L07-0138,G37-L2-08,Rodajes de caja mecanica o diferencial gastados,TRANSMISION,L2,Mi carro ase un silbido grave en carretera que empiesa a los 60 y no se quita a ninguna velocidad. Si meto neutro sigue zumbando igualito.,ERROR_ORTOGRAFICO,carretera_neutro,silbido_grave_desde_60kmh|sigue_zumbando_en_neutro,falla_embrague,,NO,SI,Rodajes de transmision manual o eje primario gastados,SINTETICO_IA,L2 zumbido que continúa en neutro descarta eje primario con ortografía informal.
F10-L07-0139,G37-L2-09,Rodajes de caja mecanica o diferencial gastados,TRANSMISION,L2,"Buenas maestro, en el taller me dijeron que los rodamientos laterales de la corona de la caja están picados; el aceite salió limpio pero con polvillo de hierro.",WHATSAPP,diagnostico_taller_corona,rodamientos_corona_picados|aceite_con_polvillo_hierro,falla_aceite_caja,,NO,SI,Falta o degradacion de aceite de caja de cambios,SINTETICO_IA,L2 pistas picadas con aceite limpio descarta lubricación.
F10-L07-0140,G37-L2-10,Rodajes de caja mecanica o diferencial gastados,TRANSMISION,L2,Desalineación del contacto de dientes entre piñón de ataque y corona hipoide; patrón de contacto desplazado hacia la punta del diente generando aullido de carga.,TECNICO,prueba_azul_prusia_contacto,patron_contacto_desplazado_punta|aullido_carga_pinon_corona,falla_caja_cambios,,NO,NO,,SINTETICO_IA,L2 azul de Prusia revela desajuste de huella en corona.
F10-L07-0141,G37-L2-11,Rodajes de caja mecanica o diferencial gastados,TRANSMISION,L2,Zumbido en diferencial trasero de vehículo con tracción integral AWD que aparece a partir de 90 km/h; los rodamientos de apoyo de la corona tienen precarga nula.,COTIDIANO,autopista_90kmh_awd,zumbido_diferencial_trasero_90kmh|precarga_nula_corona,falla_cardan,,NO,NO,,SINTETICO_IA,L2 pérdida de precarga en diferencial trasero AWD.
F10-L07-0142,G37-L2-12,Rodajes de caja mecanica o diferencial gastados,TRANSMISION,L2,Juego angular excesivo en la brida de entrada del diferencial de más de 15 grados; produce un golpe metálico 'clac' seco al pasar de acelerar a frenar.,TALLER,inversion_carga_acelerar_frenar,juego_angular_brida_15_grados|golpe_clac_inversion_carga,falla_cruceta_cardan,,NO,NO,,SINTETICO_IA,L2 holgura angular de 15° genera clac al invertir par.
F10-L07-0143,G37-L2-13,Rodajes de caja mecanica o diferencial gastados,TRANSMISION,L2,Aullido agudo en retención de motor (al soltar el acelerador en bajada con marcha engranada); el rodamiento frontal del piñón de ataque presenta holgura axial.,TECNICO,retencion_bajada_marcha,aullido_en_retencion|holgura_axial_rodamiento_pinon,falla_caja_engranajes,,NO,NO,,SINTETICO_IA,L2 aullido específico en desaceleración por juego en piñón.
F10-L07-0144,G37-L2-14,Rodajes de caja mecanica o diferencial gastados,TRANSMISION,L2,Vibración de alta frecuencia en el piso del habitáculo que inicia a 70 km/h y se intensifica a 110 km/h; rodamientos cónicos del carrier del diferencial con picaduras.,COTIDIANO,velocidad_70_a_110kmh,vibracion_piso_70_a_110kmh|rodamientos_carrier_picados,llantas_desbalanceadas,,NO,SI,Llantas desbalanceadas o desalineadas,SINTETICO_IA,L2 vibración por pitting en carrier descarta balanceo de ruedas.
F10-L07-0145,G37-L2-15,Rodajes de caja mecanica o diferencial gastados,TRANSMISION,L2,Prueba de precarga de rodamientos de diferencial con torquímetro dinamométrico: par de giro de apenas 0.2 Nm (especificación con rodamientos sanos 1.5 a 2.5 Nm).,TECNICO,metrologia_par_giro_dinamometro,par_giro_0_2nm_vs_2_0nm|perdida_precarga_rodamientos,falla_aceite,,NO,NO,,SINTETICO_IA,L2 par de giro residual en 0.2 Nm acusa desgaste de pistas.
F10-L07-0146,G37-L3-01,Rodajes de caja mecanica o diferencial gastados,TRANSMISION,L3,"En un Toyota Corolla con caja mecánica de 5 velocidades se presenta un zumbido continuo que inicia a los 50 km/h y se vuelve ensordecedor a 90 km/h. Con el auto en el elevador y las ruedas motrices rodando a 80 km/h se utilizó estetoscopio electrónico de chasis: el canal del rodamiento de maza izquierda marca 28 dB, el de maza derecha marca 30 dB, pero el sensor montado directamente sobre el apoyo del rodamiento cónico de la corona del diferencial registra 84 dB con picos armónicos. Se desmontó el diferencial encontrándose la pista exterior del rodamiento lateral izquierdo con descascarillado severo (spalling) de 15 mm de extensión.",TECNICO,estetoscopio_chasis_84db_vs_30db,estetoscopio_84db_diferencial_vs_30db_ruedas|spalling_15mm_pista_exterior|zumbido_90kmh,rodamiento_rueda,,NO,SI,Rodamiento de maza o rodaje de rueda picado (zumbido de rodadura),SINTETICO_IA,L3 estetoscopio registra 84 dB en diferencial vs 30 dB en ruedas descartando maza.
F10-L07-0147,G37-L3-02,Rodajes de caja mecanica o diferencial gastados,TRANSMISION,L3,"Camioneta Nissan Frontier presenta aullido de alta frecuencia en transmisión bajo carga de aceleración entre 60 y 100 km/h en 4ta y 5ta marcha. Al soltar inmediatamente el pedal del acelerador a 90 km/h el aullido desaparece al 100% de forma instantánea. Se montó reloj comparador en la brida del piñón de ataque registrándose juego axial de 0.38 mm (especificación máxima 0.03 mm) debido al colapso del casquillo deformable de precarga, provocando que el piñón se desplace longitudinalmente al recibir par del motor.",TALLER,reloj_comparador_brida_pinon_0_38mm,aullido_al_acelerar_desaparece_al_soltar|juego_axial_0_38mm_pinon|casquillo_deformable_colapsado,rodajes_eje_primario,,NO,SI,Rodajes de transmision manual o eje primario gastados,SINTETICO_IA,L3 juego axial de 0.38 mm en piñón de ataque y silencio al soltar acelerador.
F10-L07-0148,G37-L3-03,Rodajes de caja mecanica o diferencial gastados,TRANSMISION,L3,"Inspección de grupo cónico de diferencial trasero: se aplicó compuesto marcador azul de Prusia sobre 6 dientes de la corona para evaluar el patrón de contacto bajo carga. La huella de contacto se encuentra completamente concentrada en el talón superior del flanco de tracción (contacto incorrecto tipo 'Heel') debido a que los rodamientos de apoyo de la caja de satélites se desgastaron 0.25 mm hacia la derecha, alejando la corona del piñón e incrementando el backlash a 0.42 mm (tolerancia 0.12 a 0.18 mm).",TECNICO,metrologia_backlash_0_42mm_huella_heel,backlash_0_42mm_vs_0_15mm|huella_heel_azul_prusia|desgaste_rodamientos_0_25mm,falla_cardan,,NO,NO,,SINTETICO_IA,L3 backlash de 0.42 mm y huella Heel por desgaste de rodamientos.
F10-L07-0149,G37-L3-04,Rodajes de caja mecanica o diferencial gastados,TRANSMISION,L3,Conductor reclama que al doblar en 'U' o girar en esquinas cerradas a baja velocidad se escucha un crujido metálico violento 'trac-trac-trac' y el auto tiende a frenarse. En la inspección se descartaron juntas homocinéticas exteriores e interiores comprobándose que el perno pasador de satélites del diferencial tiene una holgura radial de 1.4 mm con rozamiento directo contra la caja portacorona por desintegración total de las arandelas de empuje de bronce fosforado.,TALLER,desarme_satelites_planetarios_holgura,crujido_al_doblar_u|perno_satelites_holgura_1_4mm|arandelas_bronce_desintegradas,juntas_homocineticas,,NO,SI,Juntas homocineticas o palieres danados,SINTETICO_IA,L3 perno de satélites con 1.4 mm de juego por arandelas desintegradas vs homocinética.
F10-L07-0150,G37-L3-05,Rodajes de caja mecanica o diferencial gastados,TRANSMISION,L3,"Hola maestro, tengo un Kia Rio mecánico. En pista zumba feo como si fuera rodaje de llanta. En la llantería cambiaron las dos mazas delanteras pero el ruido sigue idéntico. En el taller levantaron el carro en el puente, lo aceleraron a 70 km/h y con una varilla metálica en la oreja escucharon que el zumbido sale del centro donde entran los dos palieres a la caja.",WHATSAPP,diagnostico_kia_rio_elevador,zumbido_persiste_post_cambio_mazas|varilla_localiza_ruido_centro_palieres,rodamiento_rueda,,NO,SI,Rodamiento de maza o rodaje de rueda picado (zumbido de rodadura),SINTETICO_IA,L3 relato WhatsApp de zumbido central tras descartar mazas de rueda nuevas.
F10-L07-0151,G37-L3-06,Rodajes de caja mecanica o diferencial gastados,TRANSMISION,L3,Análisis vibratorio FFT de acelerómetro montado en la campana de transmisión: se identifica pico espectral de 18.5 mm/s a frecuencia de 182 Hz coincidente de forma exacta con la frecuencia cinemática de paso de rodillos (BPFO - Ball Pass Frequency Outer Ring) de los rodamientos de apoyo de la corona a 80 km/h. Se constatan picaduras superficiales generalizadas por fatiga de contacto en la pista exterior del rodamiento cónico.,TECNICO,analisis_fft_bpfo_182hz,pico_fft_182hz_bpfo_rodamientos|vibracion_18_5mms|pitting_pista_exterior,falla_eje_primario,,NO,SI,Rodajes de transmision manual o eje primario gastados,SINTETICO_IA,L3 análisis FFT identifica frecuencia BPFO de 182 Hz en rodamiento de diferencial.
F10-L07-0152,G37-L3-07,Rodajes de caja mecanica o diferencial gastados,TRANSMISION,L3,Vehículo 4WD presenta quejido agudo en desaceleración de 100 a 60 km/h con marcha engranada. Al pisar el pedal de embrague a 80 km/h el quejido cambia a un zumbido sordo pero NO desaparece (sigue girando con las ruedas). Al desmontar el conjunto del diferencial se comprobó que el rodamiento cónico de cabeza del piñón de ataque perdió el tratamiento térmico de cementación por circular con bajo nivel de lubricante.,TALLER,prueba_embrague_pisado_a_80kmh,quejido_persiste_con_embrague_pisado|gira_con_ruedas|perdida_cementacion_pinon,rodajes_eje_primario,,NO,SI,Rodajes de transmision manual o eje primario gastados,SINTETICO_IA,L3 quejido persiste con embrague pisado confirmando diferencial vs primario.
F10-L07-0153,G37-L3-08,Rodajes de caja mecanica o diferencial gastados,TRANSMISION,L3,Mi camioneta zumbaba como turbina en pista y en la curva a la derecha zumbaba igualito que a la izquierda. En el taller desarmaron la caja y los rodajes conicos donde se apoya la corona tenian las bolitas y las pistas todas comidas con huequitos negros de desgaste.,ERROR_ORTOGRAFICO,desarme_rodamientos_conicos,zumba_igual_curva_derecha_izquierda|rodajes_conicos_huequitos_negros_pitting,rodajes_rueda,,NO,SI,Rodamiento de maza o rodaje de rueda picado (zumbido de rodadura),SINTETICO_IA,L3 zumbido simétrico en curvas con pistas picadas con ortografía informal.
F10-L07-0154,G37-L3-09,Rodajes de caja mecanica o diferencial gastados,TRANSMISION,L3,Medición de par de fricción de giro del conjunto piñón-corona con dinamómetro de aguja: resistencia de giro de 0.15 Nm (especificación 1.8 a 2.4 Nm) confirmando holgura total de rodamientos de precarga. La corona presenta oscilación lateral de 0.12 mm en el plano de giro por deformación de la brida portacorona tras fatiga de material.,TECNICO,par_friccion_0_15nm_salto_0_12mm,par_friccion_0_15nm_vs_2_0nm|oscilacion_lateral_corona_0_12mm,falla_aceite_caja,,NO,SI,Falta o degradacion de aceite de caja de cambios,SINTETICO_IA,L3 precarga caída a 0.15 Nm y oscilación de corona de 0.12 mm.
F10-L07-0155,G37-L3-10,Rodajes de caja mecanica o diferencial gastados,TRANSMISION,L3,"Buenas tardes, tengo una Duster 4x4. Al andar en autopista zumba fuerte abajo entre los dos asientos delanteros. Para descartar rodamientos de rueda moví el timón en zigzag a 70 km/h y el ruido no varió ni un poquito, sigue constante con la velocidad del carro.",WHATSAPP,prueba_zigzag_70kmh_duster,zumbido_central_entre_asientos|prueba_zigzag_sin_cambio|ruido_constante_velocidad,rodamiento_maza,,NO,SI,Rodamiento de maza o rodaje de rueda picado (zumbido de rodadura),SINTETICO_IA,L3 prueba de zigzag sin variación acústica descarta rodamientos de rueda.
F10-L07-0156,G37-L3-11,Rodajes de caja mecanica o diferencial gastados,TRANSMISION,L3,"Desgaste asimétrico en rodamientos cónicos de diferencial delantero en vehículo de tracción delantera: el rodamiento del lado izquierdo tiene desprendimiento de material en la pista interna debido a mayor carga de par motor por semieje corto, provocando desalineación del eje planetario de 0.18 mm.",TECNICO,desgaste_asimetrico_lado_semieje_corto,desprendimiento_pista_interna_lado_corto|desalineacion_planetario_0_18mm,falla_homocinetica,,NO,SI,Juntas homocineticas o palieres danados,SINTETICO_IA,L3 desprendimiento en pista interna por sobrecarga en semieje corto.
F10-L07-0157,G37-L3-12,Rodajes de caja mecanica o diferencial gastados,TRANSMISION,L3,Ruido de golpeteo cíclico a baja velocidad al avanzar en primera marcha sin acelerar: se constató que la corona del diferencial tiene un diente partido por fatiga tras impacto previo. El fragmento de acero de 12 mm quedó alojado en el fondo magnético del cárter sin bloquear el giro pero dañando el piñón de ataque.,TALLER,diente_corona_partido_fatiga,golpeteo_ciclico_primera_baja_velocidad|diente_corona_partido_12mm|danos_pinon,falla_caja_sincronizadores,,NO,NO,,SINTETICO_IA,L3 diente partido en corona de diferencial genera golpe cíclico.
F10-L07-0158,G37-L3-13,Rodajes de caja mecanica o diferencial gastados,TRANSMISION,L3,"Análisis con tacómetro digital y estroboscopio: la frecuencia fundamental del zumbido en cabina es exactamente igual a 4.1 veces la velocidad angular de las ruedas delanteras, coincidiendo de forma matemática con la relación final del grupo reductor de diferencial (relación 4.10:1) y descartando rodamientos de rueda (1x velocidad de giro).",TECNICO,analisis_frecuencia_relacion_final_4_1,frecuencia_zumbido_4_1x_ruedas|coincide_grupo_reductor_4_10_1|descarta_rueda_1x,rodamiento_rueda,,NO,SI,Rodamiento de maza o rodaje de rueda picado (zumbido de rodadura),SINTETICO_IA,L3 frecuencia fundamental de 4.1x descarta matemáticamente rodamiento de rueda.
F10-L07-0159,G37-L3-14,Rodajes de caja mecanica o diferencial gastados,TRANSMISION,L3,Zumbido que aumenta al acelerar y se apaga en retención en diferencial autoblocante tipo Torsen: las arandelas de empuje de los piñones helicoidales satélites presentan desgaste de 0.35 mm generando holgura axial que descentra el engrane helicoidal bajo transmisión de par positivo.,TALLER,diferencial_torsen_holgura_0_35mm,diferencial_torsen_zumba_en_aceleracion|arandelas_desgaste_0_35mm|descentrado_par,falla_transferencia,,NO,NO,,SINTETICO_IA,L3 diferencial Torsen con holgura de 0.35 mm en engranes satélites.
F10-L07-0160,G37-L3-15,Rodajes de caja mecanica o diferencial gastados,TRANSMISION,L3,Evaluación de vibración y rumorosidad en banco dinamométrico: a 90 km/h la fuerza acústica en la zona de diferencial alcanza 78 dBA con aceite de fábrica en nivel correcto. Al desmontar los rodamientos de salida se aprecia coloración azulada por sobrecalentamiento y microfisuras en la jaula de retención de rodillos.,TECNICO,dinamometro_78dba_jaula_fisurada,nivel_ruido_78dba_vs_55dba|jaula_rodillos_fisurada|aceite_a_nivel_ok,falta_aceite_caja,,NO,SI,Falta o degradacion de aceite de caja de cambios,SINTETICO_IA,L3 78 dBA con aceite a nivel por fatiga estructural en jaula de rodillos.
F10-L07-0161,G38-L1-01,Sobrecalentamiento o solenoides en caja automatica CVT / DSG,TRANSMISION,L1,Aparece un mensaje en la pantalla de temperatura de transmisión alta.,COTIDIANO,trafico_denso,mensaje_temperatura_transmision_alta,,,SI,NO,,SINTETICO_IA,L1 aviso térmico en transmisión automática.
F10-L07-0162,G38-L1-02,Sobrecalentamiento o solenoides en caja automatica CVT / DSG,TRANSMISION,L1,"Hola, la caja automática da tirones muy secos al pasar los cambios.",WHATSAPP,marcha_urbana,tirones_secos_cambios_automaticos,,,SI,NO,,SINTETICO_IA,L1 tirones en cambios.
F10-L07-0163,G38-L1-03,Sobrecalentamiento o solenoides en caja automatica CVT / DSG,TRANSMISION,L1,El carro se queda sin fuerza en subida y las revoluciones oscilan solas.,COTIDIANO,subida,falta_fuerza_subida|rpm_oscilan,,,SI,NO,,SINTETICO_IA,L1 oscilación de relación de transmisión.
F10-L07-0164,G38-L1-04,Sobrecalentamiento o solenoides en caja automatica CVT / DSG,TRANSMISION,L1,Se prendió la llave inglesa amarilla y la caja no pasa de segunda marcha.,TALLER,marcha,llave_amarilla|caja_trabada_segunda,,,SI,NO,,SINTETICO_IA,L1 modo protección limp-mode.
F10-L07-0165,G38-L1-05,Sobrecalentamiento o solenoides en caja automatica CVT / DSG,TRANSMISION,L1,Fallo de presión hidráulica por mal funcionamiento de electroválvula proporcional.,TECNICO,diagnostico,fallo_presion_electrovalvula,,,SI,NO,,SINTETICO_IA,L1 reporte técnico de solenoide.
F10-L07-0166,G38-L1-06,Sobrecalentamiento o solenoides en caja automatica CVT / DSG,TRANSMISION,L1,Al acelerar fuerte la caja resbala como si no enganchara bien la marcha.,COTIDIANO,aceleracion_fuerte,caja_resbala_sin_enganchar,,,SI,NO,,SINTETICO_IA,L1 deslizamiento en CVT/DSG.
F10-L07-0167,G38-L1-07,Sobrecalentamiento o solenoides en caja automatica CVT / DSG,TRANSMISION,L1,La reversa entra con un golpe fuerte y a veces no quiere entrar.,COTIDIANO,maniobra_reversa,reversa_golpe_fuerte,,,SI,NO,,SINTETICO_IA,L1 acople violento de reversa.
F10-L07-0168,G38-L1-08,Sobrecalentamiento o solenoides en caja automatica CVT / DSG,TRANSMISION,L1,Mi caja automatica patea feo en frio y parpadea la letra D en el tablero.,ERROR_ORTOGRAFICO,arranque_frio,caja_patea_en_frio|letra_d_parpadea,,,SI,NO,,SINTETICO_IA,L1 parpadeo de D con ortografía informal.
F10-L07-0169,G38-L1-09,Sobrecalentamiento o solenoides en caja automatica CVT / DSG,TRANSMISION,L1,"Buenas, en tráfico lento sale olor a quemado y el carro empieza a vibrar.",WHATSAPP,trafico_lento,olor_quemado_trafico|vibracion_arranque,,,SI,NO,,SINTETICO_IA,L1 sobrecalentamiento de embragues en tráfico.
F10-L07-0170,G38-L1-10,Sobrecalentamiento o solenoides en caja automatica CVT / DSG,TRANSMISION,L1,Pérdida de presión en mecatrónica de transmisión de doble embrague.,TECNICO,inspeccion,perdida_presion_mecatronica,,,SI,NO,,SINTETICO_IA,L1 reporte técnico de módulo mecatrónico.
F10-L07-0171,G38-L2-01,Sobrecalentamiento o solenoides en caja automatica CVT / DSG,TRANSMISION,L2,En transmisión CVT de Nissan Sentra salta aviso de sobrecalentamiento de fluido tras 30 minutos de subida en carretera; el auto se limita a 50 km/h en modo seguro.,COTIDIANO,subida_prolongada_cvt,aviso_sobrecalentamiento_cvt|modo_seguro_50kmh,falla_motor_calor,,NO,SI,Falta o degradacion de aceite de caja de cambios,SINTETICO_IA,L2 sobrecalentamiento térmico característico en CVT.
F10-L07-0172,G38-L2-02,Sobrecalentamiento o solenoides en caja automatica CVT / DSG,TRANSMISION,L2,Caja DSG de 7 velocidades DQ200 con DTC P17BF; la bomba hidráulica de la mecatrónica trabaja de forma continua por fisura en el soporte del acumulador de presión.,TECNICO,diagnostico_mecatronica_dq200,dtc_p17bf|bomba_mecatronica_continua|fisura_soporte_acumulador,falla_caja_robotizada,P17BF,NO,SI,Falla en caja robotizada Dualogic / I-Motion / Easytronic (Fiat / VW),SINTETICO_IA,L2 código P17BF en DSG DQ200 vs caja robotizada mono-embrague.
F10-L07-0173,G38-L2-03,Sobrecalentamiento o solenoides en caja automatica CVT / DSG,TRANSMISION,L2,Tirones y patinamiento en aceleración en caja CVT con DTC P0746 referente a solenoide de control de presión de línea atascado en posición baja.,TALLER,aceleracion_cvt,dtc_p0746|solenoide_presion_linea_atascado|tirones_patinamiento,falla_cuerpo_aceleracion,P0746,NO,SI,Cuerpo de aceleracion o valvula IAC sucia,SINTETICO_IA,L2 código P0746 por solenoide de presión de poleas en CVT.
F10-L07-0174,G38-L2-04,Sobrecalentamiento o solenoides en caja automatica CVT / DSG,TRANSMISION,L2,"Hola, en mi auto con caja DSG las marchas pares (2da, 4ta y 6ta) no entran; solo funcionan las impares 1ra, 3ra y 5ta tras encenderse el testigo de caja.",WHATSAPP,perdida_marchas_pares,marchas_pares_inoperativas|solo_impares_1_3_5|testigo_caja,falla_sincronizadores,,NO,SI,Falla en caja robotizada Dualogic / I-Motion / Easytronic (Fiat / VW),SINTETICO_IA,L2 desconexión de submódulo de marchas pares en DSG.
F10-L07-0175,G38-L2-05,Sobrecalentamiento o solenoides en caja automatica CVT / DSG,TRANSMISION,L2,En transmisión automática de doble embrague mojado (DQ250) la temperatura del aceite alcanza 135°C en embotellamiento con mensaje de advertencia de embragues calientes.,TECNICO,telemetria_temperatura_135c,aceite_alcanza_135c_dq250|aviso_embragues_calientes|trafico,falla_radiador,,NO,NO,,SINTETICO_IA,L2 sobrecalentamiento en embrague multidisco húmedo.
F10-L07-0176,G38-L2-06,Sobrecalentamiento o solenoides en caja automatica CVT / DSG,TRANSMISION,L2,DTC P0841 en caja CVT referente a rango del sensor de presión de fluido de la polea secundaria; las RPM oscilan entre 2000 y 3500 rpm sin aceleración lineal.,TALLER,lectura_dtc_p0841,dtc_p0841|sensor_presion_polea_secundaria|rpm_oscilan_2000_3500,falla_sensor_ckp,P0841,NO,SI,Falla en sensor de posicion de cigueñal (CKP) o arbol de levas (CMP),SINTETICO_IA,L2 código P0841 por presión errática en polea CVT.
F10-L07-0177,G38-L2-07,Sobrecalentamiento o solenoides en caja automatica CVT / DSG,TRANSMISION,L2,Golpe metálico seco al pasar de Neutro a Drive en transmisión DSG; el solenoide de embrague K1 tiene acumulación de viruta metálica en su malla de entrada.,TECNICO,inspeccion_solenoide_k1,golpe_n_a_d|solenoide_k1_viruta_malla,falla_soporte_caja,,NO,SI,Disco de embrague desgastado o patinando,SINTETICO_IA,L2 electroválvula K1 obstruida genera acople violento.
F10-L07-0178,G38-L2-08,Sobrecalentamiento o solenoides en caja automatica CVT / DSG,TRANSMISION,L2,Mi carro con caja CVT ace un zumbido como licuadora al acelerar y se jalonea feo cuando pasa los 60 km por hora con codigo P0746.,ERROR_ORTOGRAFICO,aceleracion_60kmh,zumbido_licuadora_cvt|jaloneo_60kmh|dtc_p0746,falla_motor,P0746,NO,NO,,SINTETICO_IA,L2 zumbido y jaloneo en CVT con ortografía informal.
F10-L07-0179,G38-L2-09,Sobrecalentamiento o solenoides en caja automatica CVT / DSG,TRANSMISION,L2,"Buenas maestro, en mi Vento DSG parpadea la llave en el tablero y no agarra reversa; me dicen que la bomba de la mecatrónica perdió presión de aceite.",WHATSAPP,falla_reversa_dsg,llave_parpadea_dsg|reversa_no_entra|bomba_mecatronica_sin_presion,falla_bomba_embrague,,NO,SI,Falla en bombin o bomba hidraulica de embrague,SINTETICO_IA,L2 mecatrónica DSG sin presión inactiva reversa.
F10-L07-0180,G38-L2-10,Sobrecalentamiento o solenoides en caja automatica CVT / DSG,TRANSMISION,L2,"Degradación térmica severa de fluido CVT NS-3 con más de 120,000 km sin servicio; el contador de deterioro de aceite de la TCM supera las 210,000 unidades.",TECNICO,contador_deterioro_tcm,contador_deterioro_210000_unidades|fluido_ns3_degradado|patinamiento,falta_aceite_caja,,NO,SI,Falta o degradacion de aceite de caja de cambios,SINTETICO_IA,L2 contador de degradación de aceite CVT excedido.
F10-L07-0181,G38-L2-11,Sobrecalentamiento o solenoides en caja automatica CVT / DSG,TRANSMISION,L2,DTC P189C por restricción de funcionamiento debido a aumento insuficiente de presión en acumulador hidráulico de caja automática de doble embrague.,TECNICO,diagnostico_p189c,dtc_p189c|presion_acumulador_insuficiente|perdida_traccion,falla_bomba_gasolina,P189C,NO,NO,,SINTETICO_IA,L2 código P189C por despresurización de mecatrónica.
F10-L07-0182,G38-L2-12,Sobrecalentamiento o solenoides en caja automatica CVT / DSG,TRANSMISION,L2,En semáforos la transmisión CVT patina de 0 a 20 km/h demorando 4 segundos en acoplar el variador; la presión primaria marca solo 0.3 MPa (especificación 0.7 MPa).,TALLER,salida_parado_0_a_20kmh,demora_4s_acople_cvt|presion_primaria_0_3mpa_baja,disco_desgastado,,NO,SI,Disco de embrague desgastado o patinando,SINTETICO_IA,L2 presión primaria baja a 0.3 MPa en variador CVT.
F10-L07-0183,G38-L2-13,Sobrecalentamiento o solenoides en caja automatica CVT / DSG,TRANSMISION,L2,Pérdida súbita de tracción a velocidad de crucero con DTC P0962 referente a circuito bajo del solenoide de control de presión de embrague de avance.,TECNICO,diagnostico_p0962,dtc_p0962|solenoide_presion_embrague_avance_bajo|perdida_traccion,falla_inyeccion,P0962,NO,NO,,SINTETICO_IA,L2 código P0962 de solenoide de embrague de avance.
F10-L07-0184,G38-L2-14,Sobrecalentamiento o solenoides en caja automatica CVT / DSG,TRANSMISION,L2,Vibración severa en carrocería al salir en primera en caja DSG en caliente; los discos del embrague doble seco tienen desgaste irregular por recalentamiento.,COTIDIANO,salida_en_caliente,vibracion_carroceria_primera_caliente|embrague_seco_degradado,falla_soportes_motor,,NO,SI,Disco de embrague desgastado o patinando,SINTETICO_IA,L2 alabeo térmico en paquete de doble embrague seco.
F10-L07-0185,G38-L2-15,Sobrecalentamiento o solenoides en caja automatica CVT / DSG,TRANSMISION,L2,Caja automática CVT queda bloqueada en relación de transmisión alta fija tras sobrecalentamiento de poleas; al enfriarse durante 1 hora recupera modulación.,TALLER,bloqueo_relacion_alta_cvt,bloqueo_relacion_alta_fija|recupera_al_enfriar_1hora,falla_motor,,NO,NO,,SINTETICO_IA,L2 histéresis térmica en paso de poleas variables.
F10-L07-0186,G38-L3-01,Sobrecalentamiento o solenoides en caja automatica CVT / DSG,TRANSMISION,L3,"Volkswagen Golf 1.4 TSI con transmisión DSG DQ200 de 7 velocidades presenta pérdida repentina de tracción y mensaje en cuadro 'Error: caja de cambios'. Con escáner ODIS se lee DTC P17BF (Hydraulic Pump Play Protection) y P189C (Function Restriction due to Insufficient Pressure). En línea de datos en vivo la presión hidráulica de la mecatrónica cae de 60 bar a 35 bar en menos de 2 segundos tras apagarse la electrobomba, arrancando la bomba cíclicamente cada 4 segundos. Se desmontó la mecatrónica constatándose fisura circunferencial en la brida roscada de aluminio donde se acopla el acumulador de presión de nitrógeno.",TECNICO,diagnostico_odis_p17bf_mecatronica,dtc_p17bf_p189c|presion_cae_60_a_35bar_en_2s|bomba_activa_cada_4s|fisura_brida_acumulador,falla_caja_robotizada,P17BF,NO,SI,Falla en caja robotizada Dualogic / I-Motion / Easytronic (Fiat / VW),SINTETICO_IA,L3 ODIS confirma P17BF y caída de presión por fisura de carcasa mecatrónica DSG.
F10-L07-0187,G38-L3-02,Sobrecalentamiento o solenoides en caja automatica CVT / DSG,TRANSMISION,L3,Nissan X-Trail 2.5 con transmisión CVT Jatco JF011E ingresa en modo de protección tras circular en pendiente de montaña. Al escanear el módulo TCM se registra DTC P0746 (Pressure Control Solenoid 'A' Performance) y P0841 (Transmission Fluid Pressure Sensor/Switch 'A' Circuit). Con manómetro de 50 bar conectado en el puerto de prueba de la polea secundaria se observa presión inestable oscilando entre 12 y 28 bar (consigna estable 38 bar). Al desmontar el cárter inferior se constata la válvula de control de flujo de la bomba de alta presión atascada con marcas de cizallamiento y rayaduras en las caras de las poleas cónicas.,TALLER,manometro_50bar_puerto_secundario_cvt,dtc_p0746_p0841|presion_oscila_12_a_28bar_vs_38bar|valvula_bomba_atascada|rayaduras_poleas,falla_bomba_aceite_motor,P0746,NO,SI,Falta o degradacion de aceite de caja de cambios,SINTETICO_IA,L3 manómetro de 50 bar revela presión oscilante y válvula trabada en CVT.
F10-L07-0188,G38-L3-03,Sobrecalentamiento o solenoides en caja automatica CVT / DSG,TRANSMISION,L3,Audi A3 con transmisión S-Tronic / DSG de 6 marchas en baño de aceite (DQ250): el vehículo tironea violentamente en reducciones de 3ra a 2da marcha y salta aviso de sobretemperatura de embrague a los 142°C. El escáner registra DTC P0730 (Incorrect Gear Ratio) y P2714 (Pressure Control Solenoid 'D' Performance). Se analizó el aceite pentosín DSG saliendo con coloración marrón oscura y fuerte olor a quemado; la electroválvula proporcional N216 encargada del embrague K2 presenta resistencia de 14.8 ohms (especificación 4.5 a 6.0 ohms) por degradación del devanado por calor.,TECNICO,resistencia_solenoide_n216_14_8ohm,dtc_p0730_p2714|solenoide_n216_14_8ohm_vs_5ohm|aceite_quemado_142c|tirones_3_a_2,falla_embrague_mecanico,P0730,NO,SI,Disco de embrague desgastado o patinando,SINTETICO_IA,L3 resistencia de solenoide N216 en 14.8 ohms por sobrecalentamiento térmico.
F10-L07-0189,G38-L3-04,Sobrecalentamiento o solenoides en caja automatica CVT / DSG,TRANSMISION,L3,"En vehículo con transmisión CVT tras 140,000 km sin reemplazo de fluido se manifiesta deslizamiento severo bajo aceleración en carretera: el motor se revoluciona a 4500 rpm pero el vehículo acelera de 80 a 90 km/h en 9 segundos con código P0846. La lectura del sensor de temperatura de aceite acusa 128°C continuos; al desarmar la transmisión se evidencia que la correa metálica articulada (Pushbelt) sufrió desgaste abrasivo en los bloques de guiado de acero maraging dejando estrías de 0.2 mm en la polea motriz.",TECNICO,inspeccion_pushbelt_acero_maraging,dtc_p0846|temperatura_fluido_128c|desgaste_pushbelt_estrias_0_2mm|deslizamiento_4500rpm,falla_motor_potencia,P0846,NO,NO,,SINTETICO_IA,L3 desgaste abrasivo en correa Pushbelt y temperatura de 128°C con P0846.
F10-L07-0190,G38-L3-05,Sobrecalentamiento o solenoides en caja automatica CVT / DSG,TRANSMISION,L3,"Hola maestro, tengo un Jetta con caja DSG. Cuando manejo en el tráfico de Lima más de media hora el carro empieza a cabecear feo al salir en primera y sale un cartel en el tablero que dice que la caja está caliente y que frene. Si lo dejo enfriar 20 minutos el carro vuelve a andar normal hasta que vuelve a agarrar tráfico.",WHATSAPP,trafico_lima_sobrecalentamiento_dsg,cabeceo_primera_en_trafico|cartel_caja_caliente|normaliza_al_enfriar_20min,falla_soportes_motor,,NO,SI,Falla en caja robotizada Dualogic / I-Motion / Easytronic (Fiat / VW),SINTETICO_IA,L3 sobrecalentamiento de embragues en tráfico urbano en caja DSG.
F10-L07-0191,G38-L3-06,Sobrecalentamiento o solenoides en caja automatica CVT / DSG,TRANSMISION,L3,Evaluación de tiempo de respuesta de electroválvulas en cuerpo de válvulas de CVT: el solenoide PWM de modulación de polea primaria acusa retardo de histéresis hidráulica de 480 milisegundos (especificación máxima 120 ms) con DTC P0962. La corriente de comando medida con pinza amperimétrica muestra rizado parásito de 250 mA debido a cortocircuito parcial entre espiras del actuador magnético provocado por alta temperatura sostenida.,TECNICO,analisis_retardo_histeresis_480ms,dtc_p0962|retardo_histeresis_480ms_vs_120ms|corriente_rizado_250ma_solenoide,falla_computadora_tcm,P0962,NO,NO,,SINTETICO_IA,L3 retardo de histéresis de 480 ms en solenoide primario con DTC P0962.
F10-L07-0192,G38-L3-07,Sobrecalentamiento o solenoides en caja automatica CVT / DSG,TRANSMISION,L3,Caja automática DSG DQ200 presenta bloqueo total del cambio tras detenerse en pendiente: la mecatrónica no logra desacoplar el embrague K1 quedando el motor calado al frenar a cero. En escáner se registra DTC P176F (Clutch 1 Clutched Unintentionally); la horquilla de accionamiento del embrague 1 presenta el pistón hidráulico interno agarrotado por deformación de su junta de teflón tras pico térmico de 150°C.,TALLER,diagnostico_p176f_k1_calado,dtc_p176f|embrague_k1_no_desacopla_cala_motor|piston_horquilla_agarrotado,falla_disco_embrague,P176F,NO,SI,Disco de embrague desgastado o patinando,SINTETICO_IA,L3 código P176F por pistón de horquilla K1 atascado tras pico térmico.
F10-L07-0193,G38-L3-08,Sobrecalentamiento o solenoides en caja automatica CVT / DSG,TRANSMISION,L3,Mi carro Nissan Sentra con caja CVT se calento en la subida a Ticlio y en la pantalla salio aviso de caja caliente. El carro no pasaba de 40 por hora y la aguja de las revoluciones saltaba como loca con codigo P0746.,ERROR_ORTOGRAFICO,subida_ticlio_cvt,aviso_caja_caliente|no_pasa_40kmh|rpm_saltaban|dtc_p0746,falla_motor,P0746,NO,NO,,SINTETICO_IA,L3 sobrecalentamiento en altura con código P0746 con ortografía informal.
F10-L07-0194,G38-L3-09,Sobrecalentamiento o solenoides en caja automatica CVT / DSG,TRANSMISION,L3,Prueba en banco de flujo hidráulico de cuerpo de válvulas de transmisión automática CVT: a 80°C de temperatura de ensayo la fuga de presión interna en el canal de descarga de la polea motriz supera los 1.8 litros por minuto (tolerancia máxima 0.4 L/min) debido a desgaste por fricción del émbolo de aluminio anodizado sobre el cuerpo de aleación.,TECNICO,banco_flujo_hidraulico_fuga_1_8lmin,fuga_canal_polea_1_8lmin_vs_0_4|desgaste_embolo_anodizado|perdida_presion,falla_bomba_aceite,,NO,SI,Falta o degradacion de aceite de caja de cambios,SINTETICO_IA,L3 fuga volumétrica de 1.8 L/min en cuerpo de válvulas CVT.
F10-L07-0195,G38-L3-10,Sobrecalentamiento o solenoides en caja automatica CVT / DSG,TRANSMISION,L3,"Buenas tardes, en mi Seat León DSG parpadea la letra D en el tablero y no pasa de 2da marcha. En el taller me diagnosticaron la mecatrónica y me mostraron que el motorcito eléctrico que bombea el aceite hidráulico se quemó por trabajar sin parar porque el acumulador no retenía la presión.",WHATSAPP,diagnostico_seat_leon_dsg,d_parpadea_no_pasa_segunda|motor_electrico_mecatronica_quemado|acumulador_sin_presion,falla_caja_robotizada,,NO,SI,Falla en caja robotizada Dualogic / I-Motion / Easytronic (Fiat / VW),SINTETICO_IA,L3 motor de mecatrónica quemado por ciclado continuo en DSG.
F10-L07-0196,G38-L3-11,Sobrecalentamiento o solenoides en caja automatica CVT / DSG,TRANSMISION,L3,"Desgaste del sensor de carrera del embrague G617 en transmisión DSG de 7 marchas: el sensor Hall acusa desplazamiento estático de 18.5 mm con embrague totalmente cerrado (especificación 12.0 mm) debido a desgaste de los forros de fricción orgánicos del paquete de embrague seco K1, provocando patinamiento a plena aceleración en 3ra y 5ta velocidad.",TECNICO,analisis_sensor_carrera_g617_18_5mm,sensor_g617_18_5mm_vs_12mm|forros_k1_desgastados|patinamiento_3ra_5ta,falla_embrague_convencional,,NO,SI,Disco de embrague desgastado o patinando,SINTETICO_IA,L3 cota de sensor G617 en 18.5 mm acusa desgaste de embrague K1.
F10-L07-0197,G38-L3-12,Sobrecalentamiento o solenoides en caja automatica CVT / DSG,TRANSMISION,L3,Termometría de radiador auxiliar de aceite de transmisión CVT: delta de temperatura entre entrada y salida de apenas 2°C (temperatura de entrada 112°C y salida 110°C) comprobándose obstrucción parcial del serpentín por lodo metálico de desgaste que impide disipar el calor generado por el variador en régimen de carretera.,TALLER,termometria_radiador_auxiliar_delta_2c,delta_temperatura_radiador_2c|obstruccion_serpentin_lodo|aceite_cvt_a_112c,falla_radiador_motor,,NO,NO,,SINTETICO_IA,L3 serpentín obstruido genera delta térmico nulo de 2°C y recalentamiento.
F10-L07-0198,G38-L3-13,Sobrecalentamiento o solenoides en caja automatica CVT / DSG,TRANSMISION,L3,DTC P0776 (Pressure Control Solenoid 'B' Performance/Stuck Off) en transmisión automática variable: la electroválvula proporcional no modula la contrapresión de la polea secundaria provocando deslizamiento brusco de la cadena de eslabones basculantes que genera limalla visible en el imán de cárter.,TECNICO,diagnostico_dtc_p0776_solenoide_b,dtc_p0776|solenoide_b_stuck_off|deslizamiento_cadena_variador|limalla_carter,falla_caja_cambios,P0776,NO,NO,,SINTETICO_IA,L3 código P0776 por solenoide secundario trabado con generación de limalla.
F10-L07-0199,G38-L3-14,Sobrecalentamiento o solenoides en caja automatica CVT / DSG,TRANSMISION,L3,Incompatibilidad de adaptación de embragues tras sustitución de mecatrónica en caja DSG: el procedimiento de ajuste básico canal 060 con herramienta VCDS aborta repetidamente en el paso 255 por falta de presión hidráulica mínima (requiere 45 bar continuos y la bomba entrega 32 bar por desgaste interno de engranajes).,TALLER,ajuste_basico_canal_060_aborta,ajuste_basico_vcds_aborta_paso_255|presion_32bar_insuficiente_vs_45bar,falla_programacion,,NO,NO,,SINTETICO_IA,L3 ajuste básico VCDS aborta por déficit de presión hidráulica a 32 bar.
F10-L07-0200,G38-L3-15,Sobrecalentamiento o solenoides en caja automatica CVT / DSG,TRANSMISION,L3,Registro de parámetros de transmisión CVT bajo prueba de dinamómetro: con acelerador al 80% las poleas del variador presentan un tiempo de transición de relación corta a relación larga de 3.8 segundos (especificación menor a 1.2 s) acompañado de pico térmico en el líquido de 115°C debido a fugas en los retenes de teflón del pistón de la polea motriz.,TECNICO,dinamometro_transicion_variador_3_8s,transicion_variador_3_8s_vs_1_2s|pico_termico_115c|fuga_retenes_teflon_polea,falla_motor,,NO,NO,,SINTETICO_IA,L3 retardo de 3.8s en transición de poleas por fuga en sellos de teflón.
F10-L07-0201,G39-L1-01,Falla en caja robotizada Dualogic / I-Motion / Easytronic (Fiat / VW),TRANSMISION,L1,La caja robotizada se salta a neutro sola cuando me detengo en el semáforo.,COTIDIANO,parada_semaforo,salto_a_neutro_involuntario,,,SI,NO,,SINTETICO_IA,L1 caída espontánea a Neutral en robotizada.
F10-L07-0202,G39-L1-02,Falla en caja robotizada Dualogic / I-Motion / Easytronic (Fiat / VW),TRANSMISION,L1,"Hola, sale un aviso de 'Hacer controlar cambio' y el carro no quiere arrancar.",WHATSAPP,contacto,aviso_controlar_cambio|no_arranca,,,SI,NO,,SINTETICO_IA,L1 mensaje típico de falla en robotizada Fiat.
F10-L07-0203,G39-L1-03,Falla en caja robotizada Dualogic / I-Motion / Easytronic (Fiat / VW),TRANSMISION,L1,Al abrir la puerta del conductor no se escucha el zumbido de la bomba de la caja.,COTIDIANO,apertura_puerta,sin_zumbido_bomba_apertura_puerta,,,SI,NO,,SINTETICO_IA,L1 ausencia de precarga electrohidráulica.
F10-L07-0204,G39-L1-04,Falla en caja robotizada Dualogic / I-Motion / Easytronic (Fiat / VW),TRANSMISION,L1,El auto da tirones bruscos y cabecea feo como si fuera un chofer novato.,COTIDIANO,salida_primera,tirones_bruscos_cabeceo_robotizada,,,SI,NO,,SINTETICO_IA,L1 descalibración de embrague robotizado.
F10-L07-0205,G39-L1-05,Falla en caja robotizada Dualogic / I-Motion / Easytronic (Fiat / VW),TRANSMISION,L1,Pérdida de presión en el acumulador electrohidráulico del grupo robotizado.,TECNICO,diagnostico,perdida_presion_acumulador_robotizado,,,SI,NO,,SINTETICO_IA,L1 reporte técnico de robotizada.
F10-L07-0206,G39-L1-06,Falla en caja robotizada Dualogic / I-Motion / Easytronic (Fiat / VW),TRANSMISION,L1,No entran los cambios y en el tablero parpadea la letra N sin responder.,TALLER,marcha,no_entran_cambios|parpadea_letra_n,,,SI,NO,,SINTETICO_IA,L1 bloqueo en Neutro.
F10-L07-0207,G39-L1-07,Falla en caja robotizada Dualogic / I-Motion / Easytronic (Fiat / VW),TRANSMISION,L1,Gotea un líquido verde clarito por debajo del robot de la caja de cambios.,COTIDIANO,estacionamiento,goteo_liquido_verde_robot,,,SI,NO,,SINTETICO_IA,L1 fuga de fluido Tutela CS Speed.
F10-L07-0208,G39-L1-08,Falla en caja robotizada Dualogic / I-Motion / Easytronic (Fiat / VW),TRANSMISION,L1,Mi carro robotisado no ase los cambios y pita una alarma fea en el tablero.,ERROR_ORTOGRAFICO,marcha,no_hace_cambios|alarma_pitido_tablero,,,SI,NO,,SINTETICO_IA,L1 fallo de cambio con ortografía informal.
F10-L07-0209,G39-L1-09,Falla en caja robotizada Dualogic / I-Motion / Easytronic (Fiat / VW),TRANSMISION,L1,"Buenas, en frío funciona pero al calentar se traba y no entra la marcha atrás.",WHATSAPP,caliente,en_frio_ok|caliente_no_entra_reversa,,,SI,NO,,SINTETICO_IA,L1 falla térmica en actuador robotizado.
F10-L07-0210,G39-L1-10,Falla en caja robotizada Dualogic / I-Motion / Easytronic (Fiat / VW),TRANSMISION,L1,Fallo de correlación de potenciómetro de selección o inserción de marchas.,TECNICO,inspeccion,fallo_correlacion_potenciometro_seleccion,,,SI,NO,,SINTETICO_IA,L1 reporte técnico de sensor de posición.
F10-L07-0211,G39-L2-01,Falla en caja robotizada Dualogic / I-Motion / Easytronic (Fiat / VW),TRANSMISION,L2,En un Fiat Palio con caja Dualogic el cambio cae a Neutral de golpe al detenerse en esquinas; la electrobomba hidráulica del robot no arranca al abrir la puerta del chofer.,COTIDIANO,detencion_esquinas,salto_a_neutro_dualogic|electrobomba_no_arranca_puerta,falla_caja_automatica,,NO,SI,Sobrecalentamiento o solenoides en caja automatica CVT / DSG,SINTETICO_IA,L2 caída a Neutral por electrobomba inactiva en Dualogic.
F10-L07-0212,G39-L2-02,Falla en caja robotizada Dualogic / I-Motion / Easytronic (Fiat / VW),TRANSMISION,L2,Volkswagen Gol I-Motion con DTC P0840 referente a sensor de presión hidráulica del grupo robotizado; la presión se desploma de 45 bar a 22 bar en un solo cambio.,TECNICO,diagnostico_i_motion,dtc_p0840|presion_desploma_45_a_22bar|grupo_robotizado_imotion,falla_dsg,P0840,NO,SI,Sobrecalentamiento o solenoides en caja automatica CVT / DSG,SINTETICO_IA,L2 despresurización de acumulador en VW I-Motion vs DSG.
F10-L07-0213,G39-L2-03,Falla en caja robotizada Dualogic / I-Motion / Easytronic (Fiat / VW),TRANSMISION,L2,Fuga visible de aceite hidráulico verde específico (Tutela CS Speed) por el retén del pistón de acople del embrague del robot Dualogic; nivel en reservorio vacío.,TALLER,inspeccion_robot_dualogic,fuga_tutela_cs_speed|reten_piston_embrague_robot|deposito_vacio,fuga_aceite_caja,,NO,SI,Falta o degradacion de aceite de caja de cambios,SINTETICO_IA,L2 fuga de fluido hidráulico específico del robot vs valvulina.
F10-L07-0214,G39-L2-04,Falla en caja robotizada Dualogic / I-Motion / Easytronic (Fiat / VW),TRANSMISION,L2,"Hola maestro, tengo un Fiat Punto Dualogic. Al acelerar en primera da un zapateo terrible y salta aviso 'Hacer controlar cambio'; me dijeron que el robot está descalibrado.",WHATSAPP,salida_primera_dualogic,zapateo_salida_primera|aviso_hacer_controlar_cambio|descalibrado,disco_patina,,NO,SI,Disco de embrague desgastado o patinando,SINTETICO_IA,L2 descalibración de embrague en Dualogic vs disco patinando.
F10-L07-0215,G39-L2-05,Falla en caja robotizada Dualogic / I-Motion / Easytronic (Fiat / VW),TRANSMISION,L2,Acumulador de presión esférico del sistema robotizado desinflado (membrana de nitrógeno rota); la bomba eléctrica arranca cada vez que se realiza un cambio de marcha.,TECNICO,prueba_ciclado_electrobomba,acumulador_esferico_desinflado|bomba_arranca_cada_cambio,falla_bomba_embrague,,NO,SI,Falla en bombin o bomba hidraulica de embrague,SINTETICO_IA,L2 membrana de nitrógeno rota cicla bomba en cada cambio.
F10-L07-0216,G39-L2-06,Falla en caja robotizada Dualogic / I-Motion / Easytronic (Fiat / VW),TRANSMISION,L2,En Chevrolet Corsa Easytronic el motor no arranca y en el tablero parpadea una letra 'F'; el actuador electromecánico de embrague tiene los carbones gastados.,TALLER,diagnostico_easytronic_letra_f,letra_f_parpadea_easytronic|motor_no_arranca|carbones_actuador_gastados,falla_motor_arranque,,NO,NO,,SINTETICO_IA,L2 fallo 'F' clásico en Easytronic por carbones de actuador.
F10-L07-0217,G39-L2-07,Falla en caja robotizada Dualogic / I-Motion / Easytronic (Fiat / VW),TRANSMISION,L2,DTC P0914 referente a circuito de posición del cambio de marchas en caja robotizada; el potenciómetro de selección de pasillo tiene pistas de carbón gastadas.,TECNICO,diagnostico_p0914,dtc_p0914|potenciometro_seleccion_pistas_gastadas|bloqueo_robot,falla_selectora_mecanica,P0914,NO,NO,,SINTETICO_IA,L2 código P0914 de sensor de posición de robot.
F10-L07-0218,G39-L2-08,Falla en caja robotizada Dualogic / I-Motion / Easytronic (Fiat / VW),TRANSMISION,L2,Mi carro Fiat con caja robotisada pitó una chicharra en marcha y se quedo en neutro sin poder meter cambios en medio de la pista.,ERROR_ORTOGRAFICO,bloqueo_en_marcha,chicharra_alarma|quedo_en_neutro_sin_cambios|caja_robotizada,falla_caja_automatica,,NO,SI,Sobrecalentamiento o solenoides en caja automatica CVT / DSG,SINTETICO_IA,L2 alarma y caída a Neutro con ortografía informal.
F10-L07-0219,G39-L2-09,Falla en caja robotizada Dualogic / I-Motion / Easytronic (Fiat / VW),TRANSMISION,L2,"Buenas, el carro arranca bien en frío pero cuando calienta el motor en tráfico la caja I-Motion no engrana la reversa ni la primera velocidad.",WHATSAPP,temperatura_trafico_imotion,imotion_falla_en_caliente|no_engrana_reversa_ni_primera,falla_embrague,,NO,SI,Disco de embrague desgastado o patinando,SINTETICO_IA,L2 falla térmica en actuador robotizado I-Motion.
F10-L07-0220,G39-L2-10,Falla en caja robotizada Dualogic / I-Motion / Easytronic (Fiat / VW),TRANSMISION,L2,Relé de potencia de la electrobomba de la caja robotizada con contactos quemados; la bomba no recibe corriente de 12V y el sistema no levanta presión.,TALLER,inspeccion_rele_electrobomba,rele_electrobomba_quemado|sin_12v_bomba|sin_presion_robot,falla_fusible,,NO,NO,,SINTETICO_IA,L2 relé quemado anula accionamiento de bomba.
F10-L07-0221,G39-L2-11,Falla en caja robotizada Dualogic / I-Motion / Easytronic (Fiat / VW),TRANSMISION,L2,DTC P1818 en sistema Dualogic por falla de control de embrague; el vástago del cilindro de empuje no alcanza la posición de reposo calibrada.,TECNICO,diagnostico_dtc_p1818,dtc_p1818|vastago_cilindro_no_alcanza_reposo|falla_control_embrague,desgaste_embrague,P1818,NO,SI,Disco de embrague desgastado o patinando,SINTETICO_IA,L2 código P1818 por desalineación de vástago de embrague.
F10-L07-0222,G39-L2-12,Falla en caja robotizada Dualogic / I-Motion / Easytronic (Fiat / VW),TRANSMISION,L2,Contaminación del fluido hidráulico del robot con agua por condensación; el líquido está turbio y las electroválvulas proporcionales se traban mecánicamente.,TALLER,fluido_tutela_contaminado,fluido_robot_turbio_agua|electrovalvulas_trabadas,falta_aceite_caja,,NO,SI,Falta o degradacion de aceite de caja de cambios,SINTETICO_IA,L2 fluido del robot contaminado traba electroválvulas.
F10-L07-0223,G39-L2-13,Falla en caja robotizada Dualogic / I-Motion / Easytronic (Fiat / VW),TRANSMISION,L2,Al desacelerar para doblar en una esquina la transmisión robotizada mete rebaje violento de 3ra a 1ra directamente saltándose la segunda marcha.,COTIDIANO,rebaje_brusco_esquina,rebaje_violento_3ra_a_1ra|se_salta_segunda_marcha,falla_caja_sincronizadores,,NO,NO,,SINTETICO_IA,L2 error de lógica de salto de pasillo en robot.
F10-L07-0224,G39-L2-14,Falla en caja robotizada Dualogic / I-Motion / Easytronic (Fiat / VW),TRANSMISION,L2,Procedimiento de calibración de fin de línea aborta repetidamente por temperatura de embrague calculada superior a 110°C en escáner multimarca.,TECNICO,calibracion_fin_de_linea_aborta,calibracion_aborta_embrague_110c|sobrecalentamiento_robot,falla_embrague,,NO,SI,Disco de embrague desgastado o patinando,SINTETICO_IA,L2 calibración de robot abortada por cálculo térmico.
F10-L07-0225,G39-L2-15,Falla en caja robotizada Dualogic / I-Motion / Easytronic (Fiat / VW),TRANSMISION,L2,Palanca selectora electrónica en consola central no envía señal de cambio manual +/-; la placa de contactos resistivos tiene pistas sucias con sulfato.,TALLER,inspeccion_palanca_consola,palanca_consola_no_envia_senal|contactos_sulfatados,falla_palanca_varillas,,NO,NO,,SINTETICO_IA,L2 placa de palanca selectora sulfatada.
F10-L07-0226,G39-L3-01,Falla en caja robotizada Dualogic / I-Motion / Easytronic (Fiat / VW),TRANSMISION,L3,"En un Fiat Grand Siena 1.6 con transmisión robotizada Dualogic Plus se activa alarma sonora continua con mensaje en pantalla 'Hacer controlar cambio' al quedar en ralentí en semáforos, pasando la caja espontáneamente a Neutral (N). Con escáner se lee DTC P0845 (Transmission Fluid Pressure Sensor) y P1773 (Hydraulic Circuit Pressure Low). En línea de datos la presión hidráulica decae de 48 bar a 28 bar en apenas 6 segundos sin realizar cambios; al abrir la puerta del chofer la electrobomba arranca durante 18 segundos con sonido forzado. Se comprobó que el acumulador esférico de nitrógeno (pulmón de presión) perdió la precarga de 30 bar y tiene fuga por el diafragma.",TECNICO,diagnostico_dualogic_pulmon_desinflado,dtc_p0845_p1773|presion_cae_48_a_28bar_en_6s|pulmon_nitrogeno_sin_precarga|salto_a_neutro,falla_caja_automatica,P0845,NO,SI,Sobrecalentamiento o solenoides en caja automatica CVT / DSG,SINTETICO_IA,L3 código P0845 y P1773 por pulmón de presión desinflado en Dualogic.
F10-L07-0227,G39-L3-02,Falla en caja robotizada Dualogic / I-Motion / Easytronic (Fiat / VW),TRANSMISION,L3,Volkswagen Fox 1.6 con caja robotizada I-Motion presenta trepidación violenta y tirones incontrolables al arrancar en primera velocidad tras 20 minutos de marcha. Con el escáner se evaluó el índice de degradación de embrague arrojando valor de 9200 unidades (límite de adaptación 6000 unidades) y la posición del vástago de embrague acusa oscilaciones de +/- 3.5 mm durante la fase de modulación. Se ejecutó el ajuste básico de adaptación del punto de contacto (Kiss Point) con software VCDS pero el procedimiento arroja 'Error 07' debido a que el retén del actuador de embrague rezuma fluido hidráulico contaminando el forro del disco.,TALLER,ajuste_basico_kiss_point_vcds_error07,degradacion_embrague_9200_unidades|ajuste_kiss_point_error07|actuador_rezuma_fluido,falla_disco_patina,,NO,SI,Disco de embrague desgastado o patinando,SINTETICO_IA,L3 ajuste básico Kiss Point falla por contaminación de actuador en I-Motion.
F10-L07-0228,G39-L3-03,Falla en caja robotizada Dualogic / I-Motion / Easytronic (Fiat / VW),TRANSMISION,L3,"Falla de encendido en Chevrolet Meriva con caja robotizada Easytronic: en el cuadro de instrumentos destella la letra 'F' y el motor de arranque no gira. Con escáner se diagnostica DTC P1607 (Clutch Actuator Position Control Error). Al desmontar el actuador electrohidráulico integrado en la caja se constató que los carbones del motor eléctrico de accionamiento del vástago de embrague se desgastaron por completo quedando en 3 mm, bloqueando el émbolo en posición intermedia y dejando la ECU de transmisión en estado de bloqueo por seguridad.",TECNICO,diagnostico_easytronic_p1607_carbones,dtc_p1607_letra_f_easytronic|carbones_motor_embrague_3mm|bloqueo_arranque,falla_motor_arranque,P1607,NO,NO,,SINTETICO_IA,L3 código P1607 y letra F por carbones gastados en actuador Easytronic.
F10-L07-0229,G39-L3-04,Falla en caja robotizada Dualogic / I-Motion / Easytronic (Fiat / VW),TRANSMISION,L3,En un Fiat Palio Dualogic el vehículo arranca bien en frío pero al alcanzar 85°C el sistema se rehúsa a insertar la marcha atrás y la 5ta velocidad emitiendo 3 pitidos de alarma. Con escáner multimarca se lee DTC P0914 (Gear Shift Position Circuit); la medición de voltaje en el potenciómetro de selección de pasillo registra salto abrupto de 1.2V a 4.9V al llegar a la posición del pasillo de reversa debido a desgaste de la pista resistiva por vibración térmica del cuerpo del robot.,TECNICO,analisis_potenciometro_seleccion_p0914,dtc_p0914|potenciometro_pasillo_salto_1_2_a_4_9v|no_entra_reversa_ni_quinta_85c,falla_caja_sincronizadores,P0914,NO,SI,Falta o degradacion de aceite de caja de cambios,SINTETICO_IA,L3 código P0914 por salto de voltaje en potenciómetro a 85°C.
F10-L07-0230,G39-L3-05,Falla en caja robotizada Dualogic / I-Motion / Easytronic (Fiat / VW),TRANSMISION,L3,"Hola maestro, tengo un Fiat Linea Dualogic. En el tráfico cuando me paro en una luz roja el carro se pone solo en neutro y empieza a pitar el tablero con aviso de 'Hacer controlar cambio'. Para que vuelva a andar tengo que apagar el carro, abrir y cerrar la puerta del chofer para que suene el motorcito de la caja y recién me deja poner primera.",WHATSAPP,diagnostico_linea_dualogic_semaforo,salto_a_neutro_en_roja|aviso_controlar_cambio|apagar_abrir_puerta_reactiva,falla_caja_automatica,,NO,SI,Sobrecalentamiento o solenoides en caja automatica CVT / DSG,SINTETICO_IA,L3 relato WhatsApp de ciclo de puerta para reactivar bomba Dualogic.
F10-L07-0231,G39-L3-06,Falla en caja robotizada Dualogic / I-Motion / Easytronic (Fiat / VW),TRANSMISION,L3,"Inspección de grupo electrohidráulico Dualogic: el depósito de aceite específico Tutela CS Speed de 0.7 litros se encuentra con nivel en cero; el fluido se derramó en su totalidad a través del retén del sensor de posición de inserción hacia el interior de la campana de la caja, provocando que la electrobomba trabaje en vacío a más de 8000 rpm hasta quemar el bobinado con DTC P0942 (Hydraulic Pressure Unit).",TALLER,desarme_robot_tutela_cero_p0942,dtc_p0942|nivel_tutela_cero|electrobomba_quemada_en_vacio|fuga_reten_posicion,falta_aceite_caja,P0942,NO,SI,Falta o degradacion de aceite de caja de cambios,SINTETICO_IA,L3 código P0942 por bomba quemada en seco tras fuga de Tutela CS Speed.
F10-L07-0232,G39-L3-07,Falla en caja robotizada Dualogic / I-Motion / Easytronic (Fiat / VW),TRANSMISION,L3,DTC P1773 en Volkswagen Voyage I-Motion; la electrobomba hidráulica del grupo de cambio tarda 32 segundos en presurizar el acumulador desde 35 bar hasta 50 bar (especificación OEM menor a 8 segundos). Al desarmar la bomba de engranajes acoplada al motor eléctrico se verificó desgaste por cavitación en los piñones internos de bombeo provocado por uso de líquido de frenos común en lugar de aceite sintético hidráulico ISO VG 32.,TECNICO,tiempo_presurizacion_32s_vs_8s,dtc_p1773|presurizacion_tarda_32s_vs_8s|desgaste_cavitacion_pinones_bomba,falla_liquido_frenos,P1773,NO,SI,Falla en bombin o bomba hidraulica de embrague,SINTETICO_IA,L3 presurización demora 32s vs 8s por cavitación con fluido incorrecto.
F10-L07-0233,G39-L3-08,Falla en caja robotizada Dualogic / I-Motion / Easytronic (Fiat / VW),TRANSMISION,L3,Mi carro Fiat Palio robotisado ase un sonido de pito agudo cuando boy a doblar y se queda en neutro botando un liquido verde claro aceitoso por debajo del parachoque del lado de la caja con codigo P0845.,ERROR_ORTOGRAFICO,fuga_liquido_verde_p0845,pito_agudo|queda_en_neutro|gotea_liquido_verde_claro|dtc_p0845,fuga_refrigerante,P0845,NO,SI,Falta o degradacion de aceite de caja de cambios,SINTETICO_IA,L3 código P0845 con goteo verde Tutela con ortografía informal.
F10-L07-0234,G39-L3-09,Falla en caja robotizada Dualogic / I-Motion / Easytronic (Fiat / VW),TRANSMISION,L3,"Falla en la electroválvula proporcional de modulación de embrague EV0 en caja Dualogic: la válvula presenta resistencia eléctrica de 2.8 ohms correcta pero al aplicarse modulación PWM de 800 mA el vástago se traba mecánicamente por acumulación de barniz ferroso, impidiendo la apertura suave y provocando que el auto se cale violentamente al detenerse.",TECNICO,inspeccion_electrovalvula_ev0_dualogic,electrovalvula_ev0_trabada_barniz|auto_se_cala_al_frenar|resistencia_2_8ohm_ok,falla_embrague_mecanico,,NO,SI,Disco de embrague desgastado o patinando,SINTETICO_IA,L3 electroválvula EV0 trabada mecánicamente cala el motor al detenerse.
F10-L07-0235,G39-L3-10,Falla en caja robotizada Dualogic / I-Motion / Easytronic (Fiat / VW),TRANSMISION,L3,"Buenas tardes, en mi VW Fox I-Motion los cambios pasan a los golpes como si soltara el embrague de golpe. Lo escanearon y salieron códigos P0840 y P0914. Me dijeron que el robot perdió el aprendizaje de las marchas y que el sensor de presión de la caja está marcando cualquier cosa por falso contacto en la ficha.",WHATSAPP,diagnostico_fox_imotion_golpes,cambios_a_los_golpes|dtc_p0840_p0914|perdida_aprendizaje_marchas|falso_contacto_ficha,falla_caja_sincronizadores,P0840,NO,SI,Falta o degradacion de aceite de caja de cambios,SINTETICO_IA,L3 códigos P0840 y P0914 por pérdida de aprendizaje en I-Motion.
F10-L07-0236,G39-L3-11,Falla en caja robotizada Dualogic / I-Motion / Easytronic (Fiat / VW),TRANSMISION,L3,"Análisis con osciloscopio automotriz de la señal del sensor de posición del actuador de embrague: la señal analógica entrega saltos de ruido de 1.5 Vpp superpuestos a la rampa de desplazamiento debido a rotura del blindaje del cableado en el paso de rueda delantero izquierdo, provocando tirones espasmódicos del motor paso a paso.",TECNICO,oscilograma_ruido_1_5vpp_posicion,ruido_1_5vpp_senal_posicion_embrague|blindaje_roto_paso_rueda|tirones_espamodicos,falla_sensor_ckp,,NO,NO,,SINTETICO_IA,L3 ruido electromagnético de 1.5 Vpp desestabiliza actuador de embrague.
F10-L07-0237,G39-L3-12,Falla en caja robotizada Dualogic / I-Motion / Easytronic (Fiat / VW),TRANSMISION,L3,"El cliente reclama que el vehículo no permite seleccionar ninguna marcha permaneciendo el indicador de tablero en 'N' parpadeante. Se comprobó que el interruptor de freno de doble circuito montado en la pedalera tiene el contacto secundario abierto (línea de datos del robot no recibe confirmación de freno pisado), bloqueando la orden de inserción de 1ra por enclavamiento de seguridad.",TALLER,diagnostico_interruptor_freno_doble_circuito,n_parpadea_bloqueada|interruptor_freno_contacto_abierto|sin_confirmacion_pedal,falla_interruptor_stop,,NO,NO,,SINTETICO_IA,L3 interlock de seguridad: interruptor de pedalier bloquea robot en N.
F10-L07-0238,G39-L3-13,Falla en caja robotizada Dualogic / I-Motion / Easytronic (Fiat / VW),TRANSMISION,L3,Medición de consumo eléctrico de la electrobomba de grupo robotizado: al activar con escáner el motor consume 28 amperios en arranque y se mantiene en 22 amperios sostenidos (especificación 10 a 14 A) debido a desgaste de cojinetes del inducido eléctrico que provocan sobrecalentamiento del fusible de 30A y disparo térmico.,TECNICO,amperaje_electrobomba_22a_vs_12a,consumo_bomba_22a_vs_12a|cojinetes_inducido_gastados|sobrecalentamiento_fusible_30a,falla_alternador,,NO,NO,,SINTETICO_IA,L3 consumo excesivo de 22 A en bomba del robot por cojinetes dañados.
F10-L07-0239,G39-L3-14,Falla en caja robotizada Dualogic / I-Motion / Easytronic (Fiat / VW),TRANSMISION,L3,"Desgaste del pasador mecánico de acoplamiento entre el pistón hidráulico del robot y la horquilla de desembrague de la caja manual: holgura de 4.2 mm en el perno esférico genera un juego muerto que la TCM interpreta como desgaste excesivo del disco, limitando la salida y activando mensaje de advertencia en tablero.",TALLER,holgura_perno_esferico_4_2mm,holgura_perno_esferico_4_2mm|juego_muerto_horquilla|tcm_limita_salida,falla_collarin,,NO,SI,Desgaste en collarin de empuje o crapodina de embrague,SINTETICO_IA,L3 juego de 4.2 mm en perno esférico del robot descalibra lectura.
F10-L07-0240,G39-L3-15,Falla en caja robotizada Dualogic / I-Motion / Easytronic (Fiat / VW),TRANSMISION,L3,"Prueba de hermeticidad con nitrógeno a 50 bar en bloque hidráulico robotizado: caída de presión de 15 bar en 3 minutos a través de la válvula antirretorno interna de la bomba de alta presión, obligando a ciclar la bomba eléctrica cada 12 segundos y agotando la batería auxiliar de 12V.",TECNICO,prueba_estanqueidad_nitrogeno_50bar,caida_15bar_en_3min_valvula_antirretorno|bomba_cicla_cada_12s|agota_bateria,falla_bateria,,NO,NO,,SINTETICO_IA,L3 caída de 15 bar en 3 min por válvula antirretorno cicla bomba a 12s.
F10-L07-0241,G40-L1-01,Desgaste en collarin de empuje o crapodina de embrague,TRANSMISION,L1,Suena un chillido metálico fuerte cada vez que piso el pedal del embrague.,COTIDIANO,pedal_pisado,chillido_al_pisar_embrague,,,SI,NO,,SINTETICO_IA,L1 ruido exclusivo al pisar embrague.
F10-L07-0242,G40-L1-02,Desgaste en collarin de empuje o crapodina de embrague,TRANSMISION,L1,"Hola, al pisar el embrague siento como un grillo o raspado en el pie.",WHATSAPP,desembrague,grillo_raspado_al_pisar_embrague,,,SI,NO,,SINTETICO_IA,L1 vibración y grillo al pisar pedal.
F10-L07-0243,G40-L1-03,Desgaste en collarin de empuje o crapodina de embrague,TRANSMISION,L1,"Con el pedal suelto no suena nada, pero apoyo el pie en el embrague y chilla.",COTIDIANO,apoyo_pie_embrague,chilla_al_apoyar_pie_embrague,,,SI,NO,,SINTETICO_IA,L1 ruido al hacer contacto con diafragma.
F10-L07-0244,G40-L1-04,Desgaste en collarin de empuje o crapodina de embrague,TRANSMISION,L1,Se escucha un zumbido agudo en la campana que se quita al soltar el embrague.,TALLER,ralenti,zumbido_campana_desaparece_al_soltar,,,SI,NO,,SINTETICO_IA,L1 collarín bajo carga acusa ruido.
F10-L07-0245,G40-L1-05,Desgaste en collarin de empuje o crapodina de embrague,TRANSMISION,L1,Desgaste abrasivo y pérdida de grasa en rodamiento de desembrague axial.,TECNICO,diagnostico,desgaste_rodamiento_desembrague_axial,,,SI,NO,,SINTETICO_IA,L1 reporte técnico de cojinete de empuje.
F10-L07-0246,G40-L1-06,Desgaste en collarin de empuje o crapodina de embrague,TRANSMISION,L1,Siento una vibración pulsante en la planta del pie al apretar el embrague.,COTIDIANO,accionamiento,vibracion_pulsante_pie_al_apretar,,,SI,NO,,SINTETICO_IA,L1 pulsación transmitida por pista picada.
F10-L07-0247,G40-L1-07,Desgaste en collarin de empuje o crapodina de embrague,TRANSMISION,L1,El collarín de embrague chilla durísimo cuando meto primera para salir.,TALLER,primera_marcha,collarin_chilla_al_meter_primera,,,SI,NO,,SINTETICO_IA,L1 chillido en maniobra de salida.
F10-L07-0248,G40-L1-08,Desgaste en collarin de empuje o crapodina de embrague,TRANSMISION,L1,Mi carro ase un rechinido como cama vieja cuando aprieto el pedal del cloch.,ERROR_ORTOGRAFICO,accionamiento,rechinido_cama_vieja_al_apretar_cloch,,,SI,NO,,SINTETICO_IA,L1 rechinido al pisar con ortografía informal.
F10-L07-0249,G40-L1-09,Desgaste en collarin de empuje o crapodina de embrague,TRANSMISION,L1,"Buenas, gotea líquido por la campana de caja y chilla feo al desembragar.",WHATSAPP,desembrague,gotea_campana|chilla_al_desembragar,,,SI,NO,,SINTETICO_IA,L1 crapodina hidráulica CSC rota.
F10-L07-0250,G40-L1-10,Desgaste en collarin de empuje o crapodina de embrague,TRANSMISION,L1,Gripado de rodamiento axial de contacto angular por fatiga superficial de bolas.,TECNICO,inspeccion,gripado_rodamiento_axial_bolas,,,SI,NO,,SINTETICO_IA,L1 reporte técnico de crapodina gripada.
F10-L07-0251,G40-L2-01,Desgaste en collarin de empuje o crapodina de embrague,TRANSMISION,L2,Chillido agudo de rodamiento seco que aparece exactamente al presionar el pedal de embrague a fondo; al soltar el pedal en punto muerto el motor queda en silencio absoluto.,COTIDIANO,embrague_a_fondo_vs_suelto,chillido_al_pisar_embrague|silencio_al_soltar,rodaje_eje_primario,,NO,SI,Rodajes de transmision manual o eje primario gastados,SINTETICO_IA,L2 ruido al pisar y silencio al soltar descarta eje primario.
F10-L07-0252,G40-L2-02,Desgaste en collarin de empuje o crapodina de embrague,TRANSMISION,L2,Vibración áspera en el pie al pisar el embrague en ralentí; el cojinete de empuje mecánico tiene las bolas picadas y la pista de rodadura sin lubricación.,TALLER,ralenti_pedal_pisado,vibracion_aspera_en_el_pie|cojinete_empuje_sin_lubricacion,falla_plato_opresor,,NO,SI,Disco de embrague desgastado o patinando,SINTETICO_IA,L2 aspereza en pedal por rodamiento de empuje seco.
F10-L07-0253,G40-L2-03,Desgaste en collarin de empuje o crapodina de embrague,TRANSMISION,L2,Crapodina hidráulica (CSC) emite zumbido chirriante al desacoplar marchas y rezuma líquido DOT 4 por el orificio de ventilación inferior de la campana de embrague.,TECNICO,inspeccion_csc_fuga,csc_zumbido_al_desacoplar|goteo_dot4_campana,fuga_aceite_caja,,NO,SI,Falla en bombin o bomba hidraulica de embrague,SINTETICO_IA,L2 crapodina hidráulica con ruido y fuga de fluido.
F10-L07-0254,G40-L2-04,Desgaste en collarin de empuje o crapodina de embrague,TRANSMISION,L2,"Hola maestro, con el carro parado en neutro no suena nada, pero apenas piso el embrague para meter cambio empieza un chiiii metálico que ensordece.",WHATSAPP,neutro_vs_pedal_pisado,silencio_en_neutro|chiii_metalico_al_pisar,rodajes_caja,,NO,SI,Rodajes de transmision manual o eje primario gastados,SINTETICO_IA,L2 silencio en neutro y chillido al pisar descarta caja.
F10-L07-0255,G40-L2-05,Desgaste en collarin de empuje o crapodina de embrague,TRANSMISION,L2,"El collarín de empuje se quedó pegado y girando torcido, desgastando y cortando las puntas de los dedos del diafragma de la prensa de embrague.",TECNICO,desarme_embrague_dedos,collarin_torcido|dedos_diafragma_cortados_friccion,falla_prensa_embrague,,NO,SI,Disco de embrague desgastado o patinando,SINTETICO_IA,L2 collarín atascado corta dedos del diafragma.
F10-L07-0256,G40-L2-06,Desgaste en collarin de empuje o crapodina de embrague,TRANSMISION,L2,Chirrido estridente que aumenta su volumen conforme se pisa con mayor fuerza el pedal de embrague; no hay patinamiento del disco ni pérdida de tracción.,COTIDIANO,accionamiento_progresivo,chirrido_aumenta_con_fuerza_pedal|sin_patinamiento_disco,disco_desgastado,,NO,SI,Disco de embrague desgastado o patinando,SINTETICO_IA,L2 chillido proporcional a carga sin patinamiento de disco.
F10-L07-0257,G40-L2-07,Desgaste en collarin de empuje o crapodina de embrague,TRANSMISION,L2,Guía tubular del collarín de empuje rayada y con óxido; el cojinete se traba al deslizar provocando pedal duro y chirrido de fricción seca.,TALLER,inspeccion_guia_tubular,guia_tubular_rayada_oxido|cojinete_se_traba|pedal_duro,falla_bomba_embrague,,NO,SI,Falla en bombin o bomba hidraulica de embrague,SINTETICO_IA,L2 guía tubular rayada traba deslizamiento del collarín.
F10-L07-0258,G40-L2-08,Desgaste en collarin de empuje o crapodina de embrague,TRANSMISION,L2,Mi auto ase un grillo que chilla durisimo solo cuando meto el pie al cloch; si saco el pie se apaga el grillo al tiro.,ERROR_ORTOGRAFICO,accionamiento_pie,grillo_solo_al_meter_pie_cloch|apaga_al_sacar_pie,rodaje_primario,,NO,SI,Rodajes de transmision manual o eje primario gastados,SINTETICO_IA,L2 grillo exclusivo al pisar con ortografía informal.
F10-L07-0259,G40-L2-09,Desgaste en collarin de empuje o crapodina de embrague,TRANSMISION,L2,"Buenas, el mecánico me dijo que la crapodina se recalentó porque anduve con el pie apoyado en el pedal del embrague en el tráfico de la ciudad.",WHATSAPP,habito_pie_apoyado,crapodina_recalentada_pie_apoyado|ruido_al_pisar,desgaste_pastillas,,NO,NO,,SINTETICO_IA,L2 crapodina dañada por mal hábito de pie apoyado.
F10-L07-0260,G40-L2-10,Desgaste en collarin de empuje o crapodina de embrague,TRANSMISION,L2,Rodamiento de desembrague con juego axial de 2.5 mm y jaula porta-bolas partida; al desmontar caen las bolas de acero sueltas dentro de la campana.,TECNICO,desarme_campana_bolas_sueltas,juego_axial_2_5mm_collarin|jaula_partida_bolas_sueltas,falla_caja_interna,,NO,SI,Rodajes de transmision manual o eje primario gastados,SINTETICO_IA,L2 jaula de bolas partida en collarín de empuje.
F10-L07-0261,G40-L2-11,Desgaste en collarin de empuje o crapodina de embrague,TRANSMISION,L2,"Silbido agudo constante al pisar el embrague en semáforos; el disco de embrague y la prensa tienen solo 10,000 km pero no cambiaron el collarín viejo.",COTIDIANO,semaforo_pedal_a_fondo,silbido_al_pisar_semaforo|embrague_nuevo_collarin_viejo,embrague_patina,,NO,SI,Disco de embrague desgastado o patinando,SINTETICO_IA,L2 collarín no reemplazado en kit previo emite silbido.
F10-L07-0262,G40-L2-12,Desgaste en collarin de empuje o crapodina de embrague,TRANSMISION,L2,Horquilla de embrague con desgaste por rozamiento en los apoyos del collarín; el cojinete apoya cruzado provocando zumbido y dureza de pedal.,TALLER,inspeccion_horquilla_apoyos,horquilla_desgastada_apoyos|collarin_apoya_cruzado|zumbido,falla_bombin,,NO,SI,Falla en bombin o bomba hidraulica de embrague,SINTETICO_IA,L2 horquilla desgastada cruza collarín.
F10-L07-0263,G40-L2-13,Desgaste en collarin de empuje o crapodina de embrague,TRANSMISION,L2,Al pisar el pedal a medio recorrido suena un zumbido áspero que se agudiza al llegar al fondo; los cambios entran perfectamente sin rascar.,COTIDIANO,medio_recorrido_pedal,zumbido_medio_recorrido_agudo_al_fondo|cambios_entran_bien,falla_caja_cambios,,NO,SI,Falta o degradacion de aceite de caja de cambios,SINTETICO_IA,L2 ruido progresivo con cambios suaves descarta sincronizadores.
F10-L07-0264,G40-L2-14,Desgaste en collarin de empuje o crapodina de embrague,TRANSMISION,L2,Crapodina de empuje con pista de contacto cónica azulada por sobrecalentamiento por encima de 250°C; la grasa interna se carbonizó totalmente.,TECNICO,inspeccion_termica_crapodina,pista_conica_azulada_250c|grasa_carbonizada_crapodina,falla_disco_friccion,,NO,SI,Disco de embrague desgastado o patinando,SINTETICO_IA,L2 grasa carbonizada a 250°C en crapodina.
F10-L07-0265,G40-L2-15,Desgaste en collarin de empuje o crapodina de embrague,TRANSMISION,L2,Pulsación y traqueteo rítmico en el pedal de embrague al presionarlo; el rodamiento de empuje perdió tres bolas de un lado generando desequilibrio.,TALLER,prueba_tactil_pedalier,pulsacion_ritmica_al_pisar|perdida_tres_bolas_collarin,falla_volante_bimasa,,NO,NO,,SINTETICO_IA,L2 pérdida de bolas genera pulsación en pedal.
F10-L07-0266,G40-L3-01,Desgaste en collarin de empuje o crapodina de embrague,TRANSMISION,L3,Toyota Hilux 1GD con transmisión manual de 6 marchas ingresa por ruido estridente en la zona de la campana. En ralentí con vehículo detenido en punto muerto y pedal de embrague suelto el motor opera en silencio a 48 dBA. En el instante exacto en que el conductor apoya el pie en el pedal con 50 N de carga el nivel sonoro se dispara a 82 dBA con un chillido metálico agudo de 3.4 kHz característico de rodamiento seco; al pisar el pedal a fondo el ruido se intensifica y transmite vibración de alta frecuencia a la suela del zapato. Al soltar nuevamente el pedal a neutro el ruido desaparece de inmediato descartando rodamientos de la caja de cambios.,TECNICO,sonometria_diferencial_pedal_suelto_vs_pisado,silencio_48dba_pedal_suelto|chillido_82dba_al_pisar|frecuencia_3_4khz|vibracion_suela,rodajes_eje_primario,,NO,SI,Rodajes de transmision manual o eje primario gastados,SINTETICO_IA,L3 sonometría diferencial: 48 dBA suelto vs 82 dBA pisado confirma collarín vs primario.
F10-L07-0267,G40-L3-02,Desgaste en collarin de empuje o crapodina de embrague,TRANSMISION,L3,"Vehículo presenta fallo de desacoplamiento tras chirrido intenso de dos semanas de evolución. Al desmontar la caja se constató que el cojinete de empuje de embrague se gripó totalmente por desintegración de la jaula de retención de poliamida; al no girar libremente el collarín friccionó de forma continua contra las lengüetas del diafragma de la prensa hasta desgastarlas y cortar 4 dedos de acero, dejando el pedal con carrera muerta y trabando la marcha atrás.",TALLER,desarme_campana_dedos_cortados,cojinete_gripado_jaula_poliamida|friccion_continua_corta_4_dedos_prensa|reversa_trabada,disco_desgastado,,NO,SI,Disco de embrague desgastado o patinando,SINTETICO_IA,L3 collarín gripado corta 4 dedos del diafragma de prensa.
F10-L07-0268,G40-L3-03,Desgaste en collarin de empuje o crapodina de embrague,TRANSMISION,L3,"Inspección de actuador concéntrico de desembrague hidráulico (CSC) en Ford Focus: goteo de fluido DOT 4 por la junta inferior de la campana con pérdida de nivel en el reservorio. Además de la fuga hidráulica, el rodamiento de contacto angular integrado en la cabeza del CSC presenta juego axial de 1.8 mm y juego radial de 1.2 mm; al girar la pista con la mano se aprecian asperezas rugosas y retención mecánica por falta de grasa.",TECNICO,metrologia_csc_holgura_y_fuga,csc_gotea_dot4|juego_axial_1_8mm_radial_1_2mm|aspereza_manual_rodamiento,falla_bomba_maestra,,NO,SI,Falla en bombin o bomba hidraulica de embrague,SINTETICO_IA,L3 crapodina CSC con fuga de fluido y holgura axial de 1.8 mm.
F10-L07-0269,G40-L3-04,Desgaste en collarin de empuje o crapodina de embrague,TRANSMISION,L3,"Conductor refiere sonido de amoladora metálica exclusivamente al pisar el pedal de embrague para realizar cambios de marcha en carretera. En prueba con estetoscopio de taller se comprobó que la campana de caja amplifica el sonido en la zona frontal donde apoya la horquilla sobre el collarín. Se desmontó el conjunto verificándose que la guía tubular deslizante de acero sobre la cual corre el collarín carecía de grasa de bisulfuro de molibdeno, sufriendo rozamiento seco con microsoldaduras que rayaron la guía con surcos de 0.5 mm.",TALLER,inspeccion_guia_deslizante_bisulfuro,ruido_amoladora_al_pisar|guia_tubular_sin_grasa_moly|surcos_0_5mm|microsoldaduras,falla_disco_patina,,NO,SI,Disco de embrague desgastado o patinando,SINTETICO_IA,L3 guía tubular con surcos de 0.5 mm por falta de grasa de molibdeno.
F10-L07-0270,G40-L3-05,Desgaste en collarin de empuje o crapodina de embrague,TRANSMISION,L3,"Hola maestro, tengo un Suzuki Swift. Cuando el auto está en neutro sin tocar nada el motor suena parejito y silencioso, pero apenas piso el pedal del embrague para meter primera suena un silbido horrible como si un rodaje estuviera triturándose. Si saco el pie del pedal el ruido se corta en seco.",WHATSAPP,diagnostico_swift_neutro_vs_pisado,silencioso_en_neutro|silbido_horrible_al_pisar|se_corta_en_seco_al_soltar,rodaje_primario,,NO,SI,Rodajes de transmision manual o eje primario gastados,SINTETICO_IA,L3 relato WhatsApp de silbido al pisar que corta al soltar descartando caja.
F10-L07-0271,G40-L3-06,Desgaste en collarin de empuje o crapodina de embrague,TRANSMISION,L3,"Análisis con cámara termográfica infrarroja tras 15 minutos de maniobras de estacionamiento continuo con embrague acoplado y desacoplado: el cojinete de empuje registra 165°C de temperatura concentrada en el anillo interior de contacto (temperatura ambiente de campana 55°C). La grasa sintética de litio de alta temperatura se licuó y fugó por el retén de caucho NBR, dejando las 14 bolas de acero trabajando en seco.",TECNICO,termografia_cojinete_165c,termografia_cojinete_165c_vs_55c|grasa_litio_licuada_fugada|14_bolas_en_seco,falla_disco_embrague,,NO,SI,Disco de embrague desgastado o patinando,SINTETICO_IA,L3 termografía registra 165°C en collarín con pérdida total de grasa.
F10-L07-0272,G40-L3-07,Desgaste en collarin de empuje o crapodina de embrague,TRANSMISION,L3,Evaluación vibratoria de pedalier de embrague con acelerómetro piezoeléctrico: en reposo se registra aceleración RMS de 0.2 m/s2; al pisar el pedal a fondo la aceleración se multiplica a 4.8 m/s2 a frecuencia de 125 Hz correspondiente al paso de bolas del collarín de desembrague picado. El disco de embrague tiene 7.5 mm de espesor y el volante bimasa no presenta juego angular anómalo.,TECNICO,analisis_acelerometro_pedalier_4_8ms2,aceleracion_pedal_4_8ms2_vs_0_2ms2|frecuencia_125hz_paso_bolas|disco_7_5mm_ok,falla_bimasa,,NO,NO,,SINTETICO_IA,L3 acelerómetro registra pico de 4.8 m/s2 a 125 Hz en pedal al desembragar.
F10-L07-0273,G40-L3-08,Desgaste en collarin de empuje o crapodina de embrague,TRANSMISION,L3,Mi carro ase un chillido estridente como pito de tren cuando meto el pie al embrague para pasar de cambio en la pista. Si suelto el pedal el carro anda calladito sin ningun ruido. El mecanico le bajo la caja y la crapodina taba agarrada y las bolitas no giraban con la mano.,ERROR_ORTOGRAFICO,desarme_crapodina_agarrada,chillido_pito_tren_al_pisar|calladito_al_soltar|crapodina_agarrada_no_gira,falla_caja_cambios,,NO,SI,Rodajes de transmision manual o eje primario gastados,SINTETICO_IA,L3 crapodina agarrada con silencio al soltar con ortografía informal.
F10-L07-0274,G40-L3-09,Desgaste en collarin de empuje o crapodina de embrague,TRANSMISION,L3,"Falla de concentricidad en el montaje del collarín de empuje tras sustitución de embrague: la horquilla de mando fue instalada con deformación plástica de 3.5 mm en el brazo derecho, provocando empuje asimétrico del cojinete sobre el diafragma de la prensa. Esto genera desgaste oblicuo de la pista de rozamiento con salto lateral de 0.35 mm y ruido vibratorio oscilante al presionar el pedal.",TALLER,montaje_asimetrico_horquilla_deformada,horquilla_deformada_3_5mm|empuje_asimetrico_collarin|salto_0_35mm_ruido,falla_prensa,,NO,NO,,SINTETICO_IA,L3 horquilla torcida deforma empuje de collarín con salto de 0.35 mm.
F10-L07-0275,G40-L3-10,Desgaste en collarin de empuje o crapodina de embrague,TRANSMISION,L3,"Buenas tardes, en mi Renault Duster se siente una vibración áspera en el pedal cada vez que piso el embrague para cambiar de marcha y suena un grillo agudo. El disco no patina nada en subida y los cambios entran suaves, solo es ese chillido desagradable que se prende únicamente mientras mantengo el pedal pisado.",WHATSAPP,diagnostico_duster_pedal_pisado,vibracion_aspera_pedal_al_pisar|grillo_agudo_mientras_pisa|disco_no_patina,disco_patina,,NO,SI,Disco de embrague desgastado o patinando,SINTETICO_IA,L3 grillo exclusivo bajo presión sin patinamiento de disco.
F10-L07-0276,G40-L3-11,Desgaste en collarin de empuje o crapodina de embrague,TRANSMISION,L3,Desmontaje de conjunto de embrague de vehículo utilitario: el collarín de desembrague presenta holgura angular de 8 grados y marcas de fricción circular por contacto descentrado sobre los dedos de la prensa. La pista interior de acero templado tiene decoloración violeta por temperatura y el labio del guardapolvo de caucho está calcinado.,TECNICO,metrologia_collarin_holgura_8_grados,holgura_angular_8_grados|decoloracion_violeta_collarin|guardapolvo_calcinado,falla_eje_primario,,NO,SI,Rodajes de transmision manual o eje primario gastados,SINTETICO_IA,L3 holgura de 8° y pista violeta calcinada en collarín.
F10-L07-0277,G40-L3-12,Desgaste en collarin de empuje o crapodina de embrague,TRANSMISION,L3,Ensayo en banco de pruebas acústico: al aplicar 350 N de carga axial sobre el collarín girando a 2500 rpm el nivel de presión sonora alcanza 88 dBA con espectro armónico centrado en 4.2 kHz; al retirar la carga axial a 0 N girando a las mismas revoluciones el nivel sonoro decae instantáneamente a 42 dBA (ruido de fondo normal).,TECNICO,banco_acustico_carga_350n_vs_0n,ruido_88dba_a_350n_carga|decae_a_42dba_sin_carga|armonicos_4_2khz,falla_rodaje_caja,,NO,SI,Rodajes de transmision manual o eje primario gastados,SINTETICO_IA,L3 banco acústico confirma 88 dBA con 350 N de carga vs 42 dBA sin carga.
F10-L07-0278,G40-L3-13,Desgaste en collarin de empuje o crapodina de embrague,TRANSMISION,L3,El cliente reclama que el embrague suena como si raspara metal con metal únicamente al estacionar o meter reversa con el pedal a fondo. Se inspeccionó el cojinete comprobándose que el sello metálico de protección se soltó de su encastre y quedó rozando contra la carcasa del volante de inercia al avanzar el actuador hidráulico.,TALLER,sello_metalico_suelto_roza_volante,sello_collarin_suelto_roza_volante|raspado_pedal_a_fondo|estacionamiento,falla_disco_friccion,,NO,SI,Disco de embrague desgastado o patinando,SINTETICO_IA,L3 sello metálico de collarín rozando contra volante al pisar a fondo.
F10-L07-0279,G40-L3-14,Desgaste en collarin de empuje o crapodina de embrague,TRANSMISION,L3,"Rotura catastrófica de collarín de desembrague: tras 300 km de advertencia acústica desatendida el cojinete se trabó en seco soldándose a la pista del diafragma, provocando que los dedos de la prensa se cortaran en bloque y el pedal se fuera hasta el fondo sin retorno ni posibilidad de desacople.",TALLER,rotura_catastrofica_collarin_soldado,collarin_soldado_a_diafragma|dedos_prensa_cortados_en_bloque|pedal_al_fondo,falla_bombin_embrague,,NO,SI,Falla en bombin o bomba hidraulica de embrague,SINTETICO_IA,L3 gripado total de collarín destruye diafragma y vacía pedal.
F10-L07-0280,G40-L3-15,Desgaste en collarin de empuje o crapodina de embrague,TRANSMISION,L3,Medición de concentricidad y rugosidad en pista de empuje de crapodina: rugosidad Ra de 3.8 micrómetros (especificación Ra menor a 0.4 um) por arrastre y microgripado repetido; la rotación manual del rodamiento presenta saltos duros cada 30 grados provocando trepidación en el pedalier de desembrague.,TECNICO,metrologia_rugosidad_ra_3_8um,rugosidad_ra_3_8um_vs_0_4um|saltos_duros_cada_30_grados|trepidacion_pedal,falla_disco_embrague,,NO,SI,Disco de embrague desgastado o patinando,SINTETICO_IA,L3 rugosidad Ra de 3.8 um y saltos mecánicos en rotación de crapodina.
F10-L07-0281,G41-L1-01,Rodajes de transmision manual o eje primario gastados,TRANSMISION,L1,La caja zumba feo en neutro y el ruido se apaga cuando piso el embrague.,COTIDIANO,ralenti_neutro,zumba_en_neutro_apaga_al_pisar_embrague,,,SI,NO,,SINTETICO_IA,L1 patrón canónico de rodamiento de eje primario.
F10-L07-0282,G41-L1-02,Rodajes de transmision manual o eje primario gastados,TRANSMISION,L1,"Hola, con el carro parado suena como una licuadora que se calla al apretar el embrague.",WHATSAPP,ralenti_parado,sonido_licuadora_se_calla_al_embragar,,,SI,NO,,SINTETICO_IA,L1 ruido en neutro que desaparece al desembragar.
F10-L07-0283,G41-L1-03,Rodajes de transmision manual o eje primario gastados,TRANSMISION,L1,Se escucha un ronquido sordo en la transmisión con el pedal de embrague suelto.,COTIDIANO,pedal_suelto_neutro,ronquido_sordo_pedal_suelto,,,SI,NO,,SINTETICO_IA,L1 rugido constante en vacío.
F10-L07-0284,G41-L1-04,Rodajes de transmision manual o eje primario gastados,TRANSMISION,L1,Al pisar el embrague hasta el fondo el motor queda serenito sin ningún ruido.,TALLER,desembrague_completo,silencio_al_pisar_embrague_a_fondo,,,SI,NO,,SINTETICO_IA,L1 cese de ruido al detener eje primario.
F10-L07-0285,G41-L1-05,Rodajes de transmision manual o eje primario gastados,TRANSMISION,L1,Desgaste y picadura en pistas de rodamiento delantero del eje primario de entrada.,TECNICO,diagnostico,desgaste_rodamiento_eje_primario,,,SI,NO,,SINTETICO_IA,L1 reporte técnico de rodaje de directa.
F10-L07-0286,G41-L1-06,Rodajes de transmision manual o eje primario gastados,TRANSMISION,L1,Suena como un engranaje seco en neutro que se quita apenas piso el cloch.,COTIDIANO,ralenti,engranaje_seco_neutro_quita_al_pisar_cloch,,,SI,NO,,SINTETICO_IA,L1 ruido de primario en ralentí.
F10-L07-0287,G41-L1-07,Rodajes de transmision manual o eje primario gastados,TRANSMISION,L1,En primera y segunda marcha zumba al compás de las revoluciones del motor.,TALLER,marchas_cortas,zumbido_con_rpm_primera_segunda,,,SI,NO,,SINTETICO_IA,L1 zumbido proporcional a RPM en marchas bajas.
F10-L07-0288,G41-L1-08,Rodajes de transmision manual o eje primario gastados,TRANSMISION,L1,Mi caja ase un cascabeleo en neutro que cuando piso el embrague se le pasa todito.,ERROR_ORTOGRAFICO,neutro,cascabeleo_neutro_se_pasa_al_pisar,,,SI,NO,,SINTETICO_IA,L1 cascabeleo en neutro con ortografía informal.
F10-L07-0289,G41-L1-09,Rodajes de transmision manual o eje primario gastados,TRANSMISION,L1,"Buenas, al soltar el embrague en neutro empieza a sonar un traqueteo en la caja.",WHATSAPP,suelta_embrague_neutro,traqueteo_al_soltar_embrague_neutro,,,SI,NO,,SINTETICO_IA,L1 traqueteo al girar eje de entrada.
F10-L07-0290,G41-L1-10,Rodajes de transmision manual o eje primario gastados,TRANSMISION,L1,Holgura radial excesiva en apoyo de rodamiento de bolas del árbol primario.,TECNICO,inspeccion,holgura_radial_arbol_primario,,,SI,NO,,SINTETICO_IA,L1 reporte técnico de juego radial en directa.
F10-L07-0291,G41-L2-01,Rodajes de transmision manual o eje primario gastados,TRANSMISION,L2,Con el vehículo detenido en ralentí y la palanca en neutro se escucha un zumbido sordo en la transmisión; al pisar el pedal de embrague hasta el fondo el zumbido desaparece por completo tras 1 segundo.,COTIDIANO,parado_neutro_vs_embrague_pisado,zumbido_en_neutro|desaparece_al_pisar_embrague,falla_collarin,,NO,SI,Desgaste en collarin de empuje o crapodina de embrague,SINTETICO_IA,L2 zumbido en neutro que desaparece al pisar descarta collarín.
F10-L07-0292,G41-L2-02,Rodajes de transmision manual o eje primario gastados,TRANSMISION,L2,Ruido de rodamiento picado en la caja de cambios que varía con las RPM del motor al acelerar en punto muerto con el embrague acoplado; al desembragar se hace el silencio.,TALLER,aceleracion_neutro_embragado,ruido_varia_con_rpm_en_neutro|silencio_al_desembragar,rodajes_diferencial,,NO,SI,Rodajes de caja mecanica o diferencial gastados,SINTETICO_IA,L2 ruido con auto detenido descarta diferencial.
F10-L07-0293,G41-L2-03,Rodajes de transmision manual o eje primario gastados,TRANSMISION,L2,El rodamiento delantero del eje primario tiene juego radial de 0.8 mm; provoca desalineación del disco de embrague y dificultad ocasional para engranar primera.,TECNICO,inspeccion_juego_primario,juego_radial_0_8mm_primario|desalineacion_disco,falla_disco_patina,,NO,SI,Disco de embrague desgastado o patinando,SINTETICO_IA,L2 juego radial en primario desalinea embrague.
F10-L07-0294,G41-L2-04,Rodajes de transmision manual o eje primario gastados,TRANSMISION,L2,"Hola, en carretera zumba en 1ra, 2da, 3ra y 5ta pero en 4ta marcha (directa) el ruido baja muchísimo casi a nada; me dijeron que es el eje primario de la caja.",WHATSAPP,comparativa_marchas_cuarta_directa,zumba_1_2_3_5|silencio_en_cuarta_directa,rodajes_diferencial,,NO,SI,Rodajes de caja mecanica o diferencial gastados,SINTETICO_IA,L2 silenciamiento en 4ta directa confirma eje primario vs diferencial.
F10-L07-0295,G41-L2-05,Rodajes de transmision manual o eje primario gastados,TRANSMISION,L2,Al drenar el aceite de la transmisión se encuentra limalla plateada fina en el imán; el rodamiento posterior del árbol primario presenta picaduras en la pista exterior.,TECNICO,drenaje_valvulina_pitting_primario,limalla_plateada_iman|pitting_pista_exterior_primario,falta_aceite_caja,,NO,SI,Falta o degradacion de aceite de caja de cambios,SINTETICO_IA,L2 limalla de rodamiento con lubricante a nivel.
F10-L07-0296,G41-L2-06,Rodajes de transmision manual o eje primario gastados,TRANSMISION,L2,Ronroneo continuo en la parte delantera que se escucha al estar estacionado esperando pasajeros; al apoyar el pie y hundir el embrague se corta instantáneamente.,COTIDIANO,estacionado_pasajeros_ralenti,ronroneo_estacionado_ralenti|corta_al_hundir_embrague,ruido_motor_bielas,,NO,NO,,SINTETICO_IA,L2 ronroneo en reposo que corta al desembragar descarta motor.
F10-L07-0297,G41-L2-07,Rodajes de transmision manual o eje primario gastados,TRANSMISION,L2,Rodamiento central del eje intermediario de la transmisión manual con jaula de bolas rota; produce cascabeleo metálico al soltar el embrague en neutro.,TALLER,inspeccion_desarme_caja,jaula_bolas_rota_intermediario|cascabeleo_embrague_suelto,falla_collarin,,NO,SI,Desgaste en collarin de empuje o crapodina de embrague,SINTETICO_IA,L2 cascabeleo con pedal suelto descarta collarín.
F10-L07-0298,G41-L2-08,Rodajes de transmision manual o eje primario gastados,TRANSMISION,L2,Mi carro ase un zumbido en neutro como si algo raspase adentro de la caja y cuando meto el cloch a fondo se le kita todo el ruido.,ERROR_ORTOGRAFICO,neutro_vs_cloch,zumbido_en_neutro|se_quita_al_meter_cloch,falla_crapodina,,NO,SI,Desgaste en collarin de empuje o crapodina de embrague,SINTETICO_IA,L2 zumbido en neutro que quita al meter cloch con ortografía informal.
F10-L07-0299,G41-L2-09,Rodajes de transmision manual o eje primario gastados,TRANSMISION,L2,"Buenas maestro, en el semáforo suena un cloc-cloc suave en la caja que desaparece apenas piso el embrague para meter primera; el disco no patina para nada.",WHATSAPP,semaforo_ralenti,cloc_cloc_suave_caja|desaparece_al_pisar_embrague|no_patina,disco_desgastado,,NO,SI,Disco de embrague desgastado o patinando,SINTETICO_IA,L2 golpeteo en neutro sin patinamiento de disco.
F10-L07-0300,G41-L2-10,Rodajes de transmision manual o eje primario gastados,TRANSMISION,L2,Holgura axial del eje primario de 0.65 mm medida con comparador; provoca que el retén frontal del eje gotee aceite hacia la campana de embrague.,TECNICO,medicion_holgura_axial_primario,holgura_axial_0_65mm_primario|fuga_reten_frontal,falla_bomba_embrague,,NO,SI,Falla en bombin o bomba hidraulica de embrague,SINTETICO_IA,L2 juego axial de primario daña retén frontal de caja.
F10-L07-0301,G41-L2-11,Rodajes de transmision manual o eje primario gastados,TRANSMISION,L2,Al rodar en neutro a 60 km/h por inercia el zumbido desaparece si el motor está en ralentí y el pedal de embrague pisado; descarta rodamiento de maza de rueda.,COTIDIANO,rodada_inercia_60kmh,desaparece_al_pisar_embrague_a_60kmh,rodamiento_rueda,,NO,SI,Rodamiento de maza o rodaje de rueda picado (zumbido de rodadura),SINTETICO_IA,L2 silencio a 60 km/h al pisar embrague descarta maza de rueda.
F10-L07-0302,G41-L2-12,Rodajes de transmision manual o eje primario gastados,TRANSMISION,L2,Casquillo de agujas de apoyo de la punta del eje primario en el cigüeñal (rodaje de guía piloto) engranado en seco; produce chirrido agudo al desacoplar.,TECNICO,inspeccion_rodaje_piloto,rodaje_piloto_ciguenal_seco|chirrido_al_desacoplar,falla_collarin,,NO,SI,Desgaste en collarin de empuje o crapodina de embrague,SINTETICO_IA,L2 rodamiento piloto de cigüeñal vs collarín de empuje.
F10-L07-0303,G41-L2-13,Rodajes de transmision manual o eje primario gastados,TRANSMISION,L2,"Zumbido que aumenta al acelerar en 1ra, 2da y 3ra marcha y se apaga en neutro pisando el embrague; el nivel de aceite de la caja de cambios está al máximo.",TALLER,aceleracion_marchas_bajas,zumbido_1_2_3_aumenta_con_rpm|apaga_al_pisar|aceite_al_maximo,falta_aceite_caja,,NO,SI,Falta o degradacion de aceite de caja de cambios,SINTETICO_IA,L2 zumbido dependiente de RPM con aceite lleno.
F10-L07-0304,G41-L2-14,Rodajes de transmision manual o eje primario gastados,TRANSMISION,L2,Pistas de rodadura del rodamiento de entrada con picado severo por contaminación con agua vieja; zumbido de frecuencia constante en neutro.,TECNICO,desarme_rodamiento_entrada,picado_severo_pistas_agua|zumbido_frecuencia_constante_neutro,falla_diferencial,,NO,SI,Rodajes de caja mecanica o diferencial gastados,SINTETICO_IA,L2 picado en pista de entrada con zumbido en neutro vs diferencial.
F10-L07-0305,G41-L2-15,Rodajes de transmision manual o eje primario gastados,TRANSMISION,L2,Ruido de rozamiento metálico que inicia suave al arrancar el motor y se incrementa al acelerar en vacío; pisando el embrague a fondo se silencia por completo.,COTIDIANO,aceleracion_vacio_estacionado,ruido_rozamiento_acelerar_vacio|silencio_al_pisar_fondo,falla_motor_bielas,,NO,NO,,SINTETICO_IA,"L2 prueba en vacío: acelerar en neutro zumba, desembragar silencia."
F10-L07-0306,G41-L3-01,Rodajes de transmision manual o eje primario gastados,TRANSMISION,L3,"En un Toyota Yaris con transmisión manual de 5 velocidades se manifiesta un ruido áspero de rodadura en neutro con el motor encendido a 750 rpm de ralentí. Al aplicar el pedal de embrague hasta el fondo, tras 1.2 segundos el eje primario se detiene por inercia y el ruido desaparece al 100% dejando el motor en silencio total. Al soltar nuevamente el pedal en neutro el ruido reaparece de inmediato. Con estetoscopio colocado en la carcasa frontal de la caja junto a la campana se miden 76 dB en neutro que caen a 44 dB al desembragar. Se desmontó la caja encontrándose el rodamiento de bolas del eje primario (referencia 6205) con la pista de rodadura picada con desprendimiento de material de 3 mm.",TECNICO,estetoscopio_76db_neutro_vs_44db_pisado,76db_en_neutro_cae_a_44db_al_pisar_embrague|eje_primario_se_detiene_silencio|rodamiento_6205_picado,falla_collarin_empuje,,NO,SI,Desgaste en collarin de empuje o crapodina de embrague,SINTETICO_IA,L3 estetoscopio: 76 dB en neutro cae a 44 dB al pisar confirmando eje primario vs collarín.
F10-L07-0307,G41-L3-02,Rodajes de transmision manual o eje primario gastados,TRANSMISION,L3,"Conductor reporta zumbido en la transmisión que acompaña a las revoluciones del motor en 1ra, 2da, 3ra y 5ta marcha, pero que disminuye drásticamente en 4ta velocidad (marcha directa 1:1 donde el tren secundario no transmite par). Con el auto detenido y la palanca en neutro, el zumbido se escucha claramente con el embrague suelto y desaparece al pisar el pedal. Se midió el juego radial del eje primario con reloj comparador registrándose 0.62 mm de holgura (tolerancia máxima 0.05 mm) por fatiga de bolas en el rodamiento frontal.",TALLER,prueba_cuarta_directa_vs_otras,zumbido_1_2_3_5_cae_en_cuarta_directa|juego_radial_primario_0_62mm|silencio_al_pisar_en_neutro,rodajes_diferencial,,NO,SI,Rodajes de caja mecanica o diferencial gastados,SINTETICO_IA,L3 silenciamiento en 4ta directa y juego de 0.62 mm en primario descarta diferencial.
F10-L07-0308,G41-L3-03,Rodajes de transmision manual o eje primario gastados,TRANSMISION,L3,Análisis con analizador de vibraciones FFT en ralentí con vehículo estacionado: con embrague acoplado en neutro se registra pico dominante de 38 mm/s a frecuencia de 12.5 Hz (coincidente exactamente con 1x velocidad de rotación del motor a 750 rpm) y armónicos en 112 Hz (frecuencia cinemática BPFI de pista interior del rodamiento de directa). Al pisar el pedal de embrague ambos picos colapsan instantáneamente a nivel de ruido base de 1.8 mm/s. El collarín de empuje fue inspeccionado encontrándose nuevo y sin holguras.,TECNICO,analisis_fft_bpfi_112hz_primario,pico_fft_112hz_bpfi_primario|colapsa_al_pisar_embrague|collarin_nuevo_ok,desgaste_collarin,,NO,SI,Desgaste en collarin de empuje o crapodina de embrague,SINTETICO_IA,L3 análisis FFT confirma frecuencia BPFI de 112 Hz del rodamiento primario.
F10-L07-0309,G41-L3-04,Rodajes de transmision manual o eje primario gastados,TRANSMISION,L3,Vehículo presenta rumorosidad áspera al rodar que muchos atribuyeron a rodamientos de maza de rueda. En prueba de carretera a 80 km/h se colocó la palanca en neutro y se pisó el pedal de embrague manteniendo el auto rodando por inercia: el ruido desapareció al 100% a pesar de que las ruedas giraban a 80 km/h (descartando de forma absoluta rodamientos de rueda y diferencial). Al soltar el embrague con el motor en marcha a 80 km/h el zumbido regresó de inmediato confirmando avería en el tren de engranajes del primario.,TALLER,prueba_inercia_80kmh_descarta_ruedas,silencio_a_80kmh_inercia_pedal_pisado|ruido_vuelve_al_soltar|descarta_ruedas_diferencial,rodamiento_rueda,,NO,SI,Rodamiento de maza o rodaje de rueda picado (zumbido de rodadura),SINTETICO_IA,L3 prueba de inercia a 80 km/h con embrague pisado descarta ruedas y diferencial.
F10-L07-0310,G41-L3-05,Rodajes de transmision manual o eje primario gastados,TRANSMISION,L3,"Hola maestro, tengo un Nissan Tiida mecánico. Cuando estoy parado en el semáforo con el carro en neutro suena un traqueteo feo como si tuviera piedritas adentro de la caja. Apenas piso el embrague para meter primera el ruido desaparece por completo como por arte de magia. El embrague no patina y corta bien.",WHATSAPP,diagnostico_tiida_traqueteo_neutro,traqueteo_neutro_como_piedritas|desaparece_al_pisar_embrague|no_patina,disco_desgastado,,NO,SI,Disco de embrague desgastado o patinando,SINTETICO_IA,L3 relato WhatsApp de traqueteo en neutro que desaparece al pisar embrague.
F10-L07-0311,G41-L3-06,Rodajes de transmision manual o eje primario gastados,TRANSMISION,L3,"Desmontaje de transmisión manual de 5 velocidades: el rodamiento de bolas blindado de entrada del eje primario tiene la pista exterior suelta girando sobre el propio alojamiento de aluminio de la carcasa, habiendo desgastado el asiento en 0.45 mm. El retén frontal de aceite sufrió deformación por la excentricidad del eje permitiendo que 300 ml de valvulina fugaran hacia la campana sin llegar a empapar el disco.",TECNICO,inspeccion_alojamiento_carcasa_desgastado_0_45mm,pista_exterior_gira_en_carcasa|alojamiento_desgastado_0_45mm|excentricidad_eje_primario,falta_aceite_caja,,NO,SI,Falta o degradacion de aceite de caja de cambios,SINTETICO_IA,L3 pista exterior gira en carcasa desgastando alojamiento 0.45 mm.
F10-L07-0312,G41-L3-07,Rodajes de transmision manual o eje primario gastados,TRANSMISION,L3,"Inspección de rodamiento guía piloto de agujas montado en el extremo posterior del cigüeñal: los rodillos de agujas se destruyeron por falta de lubricación quedando el muñón del primario apoyando metal con metal. A diferencia del rodamiento de caja que suena en neutro con pedal suelto, este rodaje piloto emite un chillido agudo exclusivamente cuando se pisa el embrague a fondo con marcha puesta y motor girando.",TALLER,diagnostico_rodamiento_piloto_ciguenal,rodamiento_piloto_agujas_destruido|chillido_al_desembragar_con_marcha|primario_sano,collarin_embrague,,NO,SI,Desgaste en collarin de empuje o crapodina de embrague,SINTETICO_IA,L3 rodamiento piloto de agujas destruido en cigüeñal vs rodaje de primario.
F10-L07-0313,G41-L3-08,Rodajes de transmision manual o eje primario gastados,TRANSMISION,L3,Mi carro ase una tembladera y zumbido en neutro cuando esta prendido parado en la vereda. Si le piso el pedal del cloch se caya todito y no suena nada. El mecanico le desarmo la caja y el rodaje grande de la directa taba con las bolas comidas y sueltas.,ERROR_ORTOGRAFICO,desarme_rodaje_directa,zumbido_en_neutro_parado|se_calla_al_pisar_cloch|rodaje_directa_bolas_comidas,crapodina,,NO,SI,Desgaste en collarin de empuje o crapodina de embrague,SINTETICO_IA,L3 rodaje de directa con bolas comidas con ortografía informal.
F10-L07-0314,G41-L3-09,Rodajes de transmision manual o eje primario gastados,TRANSMISION,L3,Comprobación con estetoscopio de taller en 4 puntos de la transmisión con motor en marcha a 800 rpm: punto 1 (carcasa de diferencial) registra 35 dB; punto 2 (tapa trasera de 5ta) registra 38 dB; punto 3 (campana frontal junto a retén de directa) registra 79 dB; al accionar el pedal de embrague el punto 3 cae inmediatamente a 34 dB confirmando origen en rodamiento delantero de primario.,TECNICO,estetoscopio_4_puntos_79db_vs_35db,punto_campana_79db_cae_a_34db|diferencial_35db_silencioso|rodamiento_directa_danado,rodajes_diferencial,,NO,SI,Rodajes de caja mecanica o diferencial gastados,SINTETICO_IA,L3 estetoscopio en 4 puntos aísla ruido en directa (79 dB) y descarta diferencial.
F10-L07-0315,G41-L3-10,Rodajes de transmision manual o eje primario gastados,TRANSMISION,L3,"Buenas tardes maestro, tengo un Gol 1.6. Cuando el carro está prendido en neutro suena un siseo constante shhh-shhh en el motor que parece de faja. Le sacamos las fajas de accesorios y seguía sonando igualito; pero al pisar el embrague el siseo se apaga al segundo exacto. Los cambios entran perfectos y no rascan.",WHATSAPP,diagnostico_gol_siseo_neutro,siseo_constante_neutro|persiste_sin_fajas_accesorios|apaga_al_pisar_embrague,falla_faja_distribucion,,NO,SI,Desgaste en collarin de empuje o crapodina de embrague,SINTETICO_IA,L3 siseo en neutro descartado de accesorios que apaga al pisar embrague.
F10-L07-0316,G41-L3-11,Rodajes de transmision manual o eje primario gastados,TRANSMISION,L3,Desgaste por fatiga de contacto con desprendimiento laminar en pista interior de rodamiento de contacto angular del eje secundario/primario: holgura axial resultante de 0.55 mm provoca que al acelerar en 2da y 3ra marcha los engranajes helicoidales sufran empuje axial descentrado provocando zumbido de engrane proporcional al torque.,TECNICO,desprendimiento_laminar_holgura_0_55mm,desprendimiento_laminar_pista|holgura_0_55mm|zumbido_engrane_segunda_tercera,falta_aceite_caja,,NO,SI,Falta o degradacion de aceite de caja de cambios,SINTETICO_IA,L3 holgura axial de 0.55 mm por desprendimiento laminar en pista interior.
F10-L07-0317,G41-L3-12,Rodajes de transmision manual o eje primario gastados,TRANSMISION,L3,Prueba de calado acústico en taller: con vehículo detenido y motor a 2000 rpm en neutro el nivel sonoro en habitáculo es de 68 dBA con pedal suelto; al desembragar cae a 52 dBA. Al realizar la prueba en marcha rodando a 50 km/h en neutro el ruido se mantiene al embragar y se extingue al desembragar demostrando que el ruido depende del giro del primario y no de las ruedas.,TALLER,prueba_calado_acustico_neutro_rodando,68dba_suelto_vs_52dba_desembragado|mismo_patron_rodando_a_50kmh|descarta_ruedas,rodamiento_rueda,,NO,SI,Rodamiento de maza o rodaje de rueda picado (zumbido de rodadura),SINTETICO_IA,L3 calado acústico a 50 km/h demuestra dependencia exclusiva del eje primario.
F10-L07-0318,G41-L3-13,Rodajes de transmision manual o eje primario gastados,TRANSMISION,L3,Rotura de la jaula remachada de retención de bolas en rodamiento de árbol primario: dos bolas contiguas entraron en contacto directo provocando rozamiento severo con microfisuras superficiales y viruta de acero de 1.5 mm adherida al imán de drenaje. El pedal de embrague no transmite pulsaciones y desacopla con suavidad.,TECNICO,jaula_remachada_rota_viruta_1_5mm,jaula_remachada_rota|bolas_en_contacto_directo|viruta_1_5mm_iman|pedal_suave_ok,falla_crapodina,,NO,SI,Desgaste en collarin de empuje o crapodina de embrague,SINTETICO_IA,L3 jaula remachada de bolas rota con pedal suave descarta collarín.
F10-L07-0319,G41-L3-14,Rodajes de transmision manual o eje primario gastados,TRANSMISION,L3,El cliente reclama que el auto suena feo al detenerse en los peajes pero al poner primera y salir el ruido disminuye. Se inspeccionó el primario comprobándose juego radial de 0.40 mm que produce vibración armónica en el tren fijo de engranajes en ralentí (Gear Rattle) que se silencia por completo al desacoplar el embrague.,TALLER,gear_rattle_ralenti_peaje,gear_rattle_ralenti_peaje|juego_radial_0_40mm|silencio_al_desacoplar,desgaste_embrague,,NO,SI,Disco de embrague desgastado o patinando,SINTETICO_IA,L3 gear rattle en ralentí silenciado al desacoplar embrague.
F10-L07-0320,G41-L3-15,Rodajes de transmision manual o eje primario gastados,TRANSMISION,L3,Medición metrológica de rugosidad en pista exterior de rodamiento de directa: rugosidad superficial Ra de 2.9 micrómetros (especificación OEM Ra menor a 0.2 um) con microcráteres de cavitación mecánica provocados por partículas abrasivas suspendidas en lubricante degradado.,TECNICO,metrologia_rugosidad_ra_2_9um_primario,rugosidad_ra_2_9um_vs_0_2um|microcrateres_cavitacion|zumbido_neutro,falta_aceite_caja,,NO,SI,Falta o degradacion de aceite de caja de cambios,SINTETICO_IA,L3 rugosidad Ra de 2.9 um por microcráteres en pista de directa.
