id,id_grupo,clase_objetivo,macro_sistema,nivel_informacion,texto_usuario,tipo_lenguaje,condicion_operacion,sintomas_presentes,sintomas_negados,dtc,requiere_pregunta,es_contrastivo,clase_contrastiva,fuente,observaciones
F10-L06-0001,G27-L1-01,Desgaste de pastillas y zapatas de freno,FRENOS,L1,Suena un chillido agudo cada vez que piso el pedal del freno.,COTIDIANO,frenado_suave,chillido_agudo_frenar,,,SI,NO,,SINTETICO_IA,L1 chillido típico de lámina avisadora.
F10-L06-0002,G27-L1-02,Desgaste de pastillas y zapatas de freno,FRENOS,L1,"Hola, siento como un raspado de fierro con fierro cuando me detengo.",WHATSAPP,detencion,raspado_fierro_con_fierro,,,SI,NO,,SINTETICO_IA,L1 pastilla gastada al soporte metálico.
F10-L06-0003,G27-L1-03,Desgaste de pastillas y zapatas de freno,FRENOS,L1,El freno de mano sube casi hasta el tope y no aguanta el carro en bajada.,COTIDIANO,estacionamiento,freno_mano_muy_largo,,,SI,NO,,SINTETICO_IA,L1 zapatas traseras con excesiva holgura.
F10-L06-0004,G27-L1-04,Desgaste de pastillas y zapatas de freno,FRENOS,L1,Aparece mucho polvo negro oscuro pegado en los aros delanteros.,COTIDIANO,inspeccion_visual,polvo_negro_aros,,,SI,NO,,SINTETICO_IA,L1 desprendimiento de material de fricción.
F10-L06-0005,G27-L1-05,Desgaste de pastillas y zapatas de freno,FRENOS,L1,Testigo de desgaste de forros de freno encendido en el panel de instrumentos.,TECNICO,contacto,testigo_desgaste_forros,,,SI,NO,,SINTETICO_IA,L1 sensor de desgaste activado.
F10-L06-0006,G27-L1-06,Desgaste de pastillas y zapatas de freno,FRENOS,L1,El carro frena largo y siento que tengo que hundir más el pie para que pare.,TALLER,frenada,frenado_largo|pedal_recorrido_mayor,,,SI,NO,,SINTETICO_IA,L1 pérdida de mordida y mayor carrera.
F10-L06-0007,G27-L1-07,Desgaste de pastillas y zapatas de freno,FRENOS,L1,Se escucha un chirrido constante en la rueda que se apaga un poquito al frenar.,COTIDIANO,rodadura,chirrido_constante_rueda,,,SI,NO,,SINTETICO_IA,L1 testigo acústico rozando disco.
F10-L06-0008,G27-L1-08,Desgaste de pastillas y zapatas de freno,FRENOS,L1,Mi auto ase un chillido horrible al frenar y bota polvo negro en los aros.,ERROR_ORTOGRAFICO,frenado,chillido_horrible|polvo_negro,,,SI,NO,,SINTETICO_IA,L1 chillido con ortografía informal.
F10-L06-0009,G27-L1-09,Desgaste de pastillas y zapatas de freno,FRENOS,L1,"Buenas tardes, al retroceder y frenar suena un golpe seco en las ruedas de atrás.",WHATSAPP,retroceso_frenado,golpe_seco_atras_retroceso,,,SI,NO,,SINTETICO_IA,L1 zapatas descalibradas en tambor.
F10-L06-0010,G27-L1-10,Desgaste de pastillas y zapatas de freno,FRENOS,L1,Reducción perceptible del coeficiente de fricción estático y dinámico en eje delantero.,TECNICO,frenado_rutina,reduccion_coeficiente_friccion,,,SI,NO,,SINTETICO_IA,L1 reporte técnico de pérdida de coeficiente mu.
F10-L06-0011,G27-L2-01,Desgaste de pastillas y zapatas de freno,FRENOS,L2,Chillido metálico agudo en la rueda delantera izquierda al frenar suave; el sonido cesa al pisar a fondo y el volante no vibra en absoluto.,COTIDIANO,frenado_suave,chillido_metalico_suave,vibracion_volante,,NO,SI,Discos de freno alabeados o desgastados,SINTETICO_IA,L2 chivato acústico descarta alabeo de discos.
F10-L06-0012,G27-L2-02,Desgaste de pastillas y zapatas de freno,FRENOS,L2,Ruido de roce abrasivo metal contra metal al frenar fuerte en bajadas; a través del aro se observa la pastilla exterior con menos de 1.5 mm de forro.,TALLER,frenado_fuerte_bajada,roce_abrasivo_metal|espesor_menor_1_5mm,falla_liquido_frenos,,NO,SI,Caliper de freno trabado o mordaza pegada (piston agarrotado),SINTETICO_IA,L2 pastilla al soporte sin afectación de líquido.
F10-L06-0013,G27-L2-03,Desgaste de pastillas y zapatas de freno,FRENOS,L2,Freno de mano mecánico requiere 11 clics para frenar y las ruedas traseras de tambor chirrían al frenar en caliente; zapatas desgastadas al remache.,TECNICO,freno_mano_y_servicio,freno_mano_11_clics|chirrido_tambor_caliente|zapatas_al_remache,falla_cable_freno,,NO,NO,,SINTETICO_IA,L2 desgaste en zapatas traseras por exceso de recorrido.
F10-L06-0014,G27-L2-04,Desgaste de pastillas y zapatas de freno,FRENOS,L2,"Hola maestro, cuando freno suena como lija gruesa raspando latón en las ruedas de adelante; el pedal no se hunde y tiene buen tacto firme.",WHATSAPP,frenado_urbano,sonido_lija_gruesa_raspado|pedal_firme,pedal_esponjoso,,NO,SI,Fuga hidraulica o aire en el sistema de frenos,SINTETICO_IA,L2 fricción agotada con pedal firme descarta aire.
F10-L06-0015,G27-L2-05,Desgaste de pastillas y zapatas de freno,FRENOS,L2,Aviso en tablero de desgaste de frenos en BMW Serie 3; el sensor de contacto del caliper delantero rozó contra el disco cerrando el circuito a masa.,TECNICO,contacto_encendido,aviso_desgaste_frenos|sensor_contacto_cerrado,falla_modulo_abs,,NO,NO,,SINTETICO_IA,L2 sensor de desgaste electrónico OEM.
F10-L06-0016,G27-L2-06,Desgaste de pastillas y zapatas de freno,FRENOS,L2,Al pisar el freno a 60 km/h se escucha rechinido agudo continuo; al soltar el freno el ruido desaparece y la trayectoria del vehículo se mantiene derecha.,COTIDIANO,frenado_60kmh,rechinido_continuo_frenar,desviacion_direccion,,NO,SI,Caliper de freno trabado o mordaza pegada (piston agarrotado),SINTETICO_IA,L2 rechinido sin desvío descarta mordaza trabada.
F10-L06-0017,G27-L2-07,Desgaste de pastillas y zapatas de freno,FRENOS,L2,Pastillas traseras cristalizadas tras bajar pendiente prolongada; al frenar emiten silbido sordo y la distancia de frenado aumentó notablemente.,TALLER,post_pendiente,pastillas_cristalizadas|silbido_sordo|mayor_distancia_frenado,falla_servofreno,,NO,SI,Falla en servofreno (booster) o linea de vacio,SINTETICO_IA,L2 cristalización térmica de ferodo.
F10-L06-0018,G27-L2-08,Desgaste de pastillas y zapatas de freno,FRENOS,L2,Mi camioneta ase un chillido insoportable en las 4 ruedas al frenar y las llantas de adelante tan llenas de tizne negro.,ERROR_ORTOGRAFICO,frenado,chillido_4_ruedas|tizne_negro_aros,falla_abs,,NO,NO,,SINTETICO_IA,L2 chillido y hollín con ortografía informal.
F10-L06-0019,G27-L2-09,Desgaste de pastillas y zapatas de freno,FRENOS,L2,"Buenas, me cambiaron líquido de frenos pero sigue sonando un chillido seco al parar en semáforos. Las pastillas tienen ya 45,000 kilómetros sin cambio.",WHATSAPP,detencion_semaforo,chillido_seco_parar|pastillas_45000km,aire_circuito,,NO,SI,Fuga hidraulica o aire en el sistema de frenos,SINTETICO_IA,"L2 45,000 km sin cambio de pastillas descarta hidráulica."
F10-L06-0020,G27-L2-10,Desgaste de pastillas y zapatas de freno,FRENOS,L2,Inspección de zapatas en freno de tambor: espesor de material de fricción en 1.0 mm (límite de servicio 1.5 mm) con surcos concéntricos en el forro.,TECNICO,inspeccion_tambor,espesor_zapata_1_0mm|surcos_forro,fuga_bombin,,NO,SI,Fuga hidraulica o aire en el sistema de frenos,SINTETICO_IA,L2 medición de zapata a 1.0 mm sin fuga de bombín.
F10-L06-0021,G27-L2-11,Desgaste de pastillas y zapatas de freno,FRENOS,L2,Chirrido estridente al frenar a muy baja velocidad antes de detenerse por completo; el nivel de líquido de frenos en el depósito bajó por compensación de desgaste.,COTIDIANO,baja_velocidad,chirrido_estridente_baja_velocidad|nivel_liquido_bajo_desgaste,fuga_liquido,,NO,SI,Fuga hidraulica o aire en el sistema de frenos,SINTETICO_IA,L2 descenso normal de nivel por desgaste de pastillas.
F10-L06-0022,G27-L2-12,Desgaste de pastillas y zapatas de freno,FRENOS,L2,El freno emite chasquido metálico al aplicar marcha atrás tras frenar hacia adelante; holgura excesiva de las pastillas en las guías del portacaliper.,TALLER,cambio_sentido_frenado,chasquido_metalico_marcha_atras|holgura_pastillas_guias,falla_rotulas,,NO,NO,,SINTETICO_IA,L2 holgura en clips de pastilla por desgaste.
F10-L06-0023,G27-L2-13,Desgaste de pastillas y zapatas de freno,FRENOS,L2,Inspección visual muestra pastillas delanteras al 10% de vida útil rozando la lengüeta metálica elástica de advertencia sobre la pista del disco.,TECNICO,inspeccion_elevador,pastillas_10_porciento|lengueta_rozando_pista,desgaste_irregular,,NO,NO,,SINTETICO_IA,L2 lengüeta acústica rozando al 10% de vida.
F10-L06-0024,G27-L2-14,Desgaste de pastillas y zapatas de freno,FRENOS,L2,Ruido de raspón seco en el eje trasero al frenar fuerte cargado; el tambor presenta polvo acumulado y zapatas con desgaste disparejo superior e inferior.,COTIDIANO,frenado_carga,raspon_seco_trasero|zapatas_desgaste_disparejo,falla_cojinetes,,NO,NO,,SINTETICO_IA,L2 desgaste asimétrico de zapatas por autoajuste trabado.
F10-L06-0025,G27-L2-15,Desgaste de pastillas y zapatas de freno,FRENOS,L2,Sonido chirriante metálico agudo en rueda delantera derecha; no hay pulsación en el pedal de freno y los calipers deslizan libremente en sus pasadores.,TALLER,prueba_ruta,sonido_chirriante_rueda_derecha,pulsacion_pedal|caliper_agarrotado,,NO,SI,Discos de freno alabeados o desgastados,SINTETICO_IA,L2 chirrido sin pulsación descarta alabeo.
F10-L06-0026,G27-L3-01,Desgaste de pastillas y zapatas de freno,FRENOS,L3,"Vehículo ingresa por chirrido estridente al frenar a velocidades urbanas. Se desmontan ruedas delanteras constatándose que las pastillas exteriores tienen 2.0 mm y las interiores 1.2 mm (límite OEM 3.0 mm). La chapa de aviso acústico está en contacto permanente con el borde exterior del disco de freno provocando el chillido, mientras que el disco mantiene espesor nominal de 24.2 mm sin rebaba excesiva.",TALLER,desarme_eje_delantero,chirrido_estridente_urbano|pastillas_1_2mm|chapa_aviso_contacto|disco_nominal_24_2mm,falla_discos_alabeados,,NO,SI,Discos de freno alabeados o desgastados,SINTETICO_IA,L3 medición con micrómetro de pastillas a 1.2 mm y disco nominal OK.
F10-L06-0027,G27-L3-02,Desgaste de pastillas y zapatas de freno,FRENOS,L3,"Conductor reporta ruido áspero de amoladora al frenar en bajadas pronunciadas. En la inspección se verificó que la pastilla interior de la rueda delantera izquierda consumió el 100% del compuesto de fricción, trabajando el plato metálico de respaldo directamente contra el rotor. El líquido de frenos está en nivel correcto y el pedal mantiene presión hidráulica constante sin hundimiento.",TECNICO,inspeccion_desgaste_total,ruido_amoladora_bajada|soporte_metalico_contra_rotor|liquido_ok_pedal_firme,falla_bomba_frenos,,NO,SI,Fuga hidraulica o aire en el sistema de frenos,SINTETICO_IA,L3 plato de respaldo metálico rozando disco con hidráulica firme.
F10-L06-0028,G27-L3-03,Desgaste de pastillas y zapatas de freno,FRENOS,L3,"Medición de espesor de forros en frenos traseros de tambor: zapatas primarias en 1.1 mm y secundarias en 0.8 mm (mínimo de seguridad 1.6 mm), con remaches rozando el tambor y produciendo surcos de 0.4 mm. El cilindro de rueda bombín no presenta fuga de líquido y el mecanismo autoajustador de trinquete llegó al final de su recorrido dentado.",TECNICO,metrologia_tambor_trasero,zapatas_0_8mm_remaches_rozando|surcos_tambor_0_4mm|bombin_seco|autoajustador_tope,fuga_bombin_frenos,,NO,SI,Fuga hidraulica o aire en el sistema de frenos,SINTETICO_IA,L3 zapatas a 0.8 mm rozando remache con bombines secos.
F10-L06-0029,G27-L3-04,Desgaste de pastillas y zapatas de freno,FRENOS,L3,Testigo luminoso ámbar de desgaste de pastillas encendido fijo en Audi A4. La lectura con escáner no arroja fallas en módulo ABS pero el sensor resistivo del lado izquierdo se cortó al hacer masa con el disco tras llegar al 15% de espesor residual (2.2 mm). Los pernos guía flotantes se encuentran perfectamente lubricados con grasa de silicona.,TECNICO,diagnostico_sensor_desgaste_oem,testigo_desgaste_ambar|sensor_cortado_2_2mm|pernos_guia_ok,falla_sensor_abs,,NO,SI,Falla en sensor de velocidad de rueda ABS,SINTETICO_IA,L3 sensor resistivo cortado descarta falla en sensores ABS.
F10-L06-0030,G27-L3-05,Desgaste de pastillas y zapatas de freno,FRENOS,L3,"Hola maestro, en mi Yaris suena un silbido bien feo al frenar despacio en el tráfico. Le revisaron el espesor de las pastillas y tienen menos de 2 milímetros, casi en el fierro. Al frenar no tiembla el timón para nada y el pedal no se va al fondo, solo es el chillido feo.",WHATSAPP,frenado_trafico_yaris,silbido_feo_frenar_despacio|pastillas_menos_2mm|timon_no_tiembla|pedal_firme,discos_alabeados,,NO,SI,Discos de freno alabeados o desgastados,SINTETICO_IA,L3 relato WhatsApp de pastillas a 2 mm sin vibración de timón.
F10-L06-0031,G27-L3-06,Desgaste de pastillas y zapatas de freno,FRENOS,L3,Prueba en frenómetro de rodillos arroja fuerza de frenado deficiente en eje trasero con desequilibrio del 8% aceptable pero eficacia total en 42% (mínimo legal 50%). Al desmontar tambores traseros se evidencia cristalización severa del material de fricción de zapatas con textura vidriosa y polvo negro apelmazado por sobrecalentamiento.,TECNICO,frenometro_rodillos_42_porciento,eficacia_42_porciento_baja|cristalizacion_vidriosa_zapatas|polvo_apelmazado,falla_repartidor_frenado,,NO,NO,,SINTETICO_IA,L3 frenómetro con 42% de eficacia por zapatas cristalizadas.
F10-L06-0032,G27-L3-07,Desgaste de pastillas y zapatas de freno,FRENOS,L3,Al descender de la sierra se percibe pérdida progresiva de mordida de freno (fade térmico) con olor penetrante a material de fricción carbonizado. Al enfriarse el vehículo a temperatura ambiente el pedal recupera firmeza pero las pastillas emiten un chillido constante debido a la alteración química de la resina fenólica del compuesto cerámico.,TALLER,post_descenso_sierra,perdida_mordida_fade|olor_ferodo_carbonizado|chillido_post_enfriamiento,falla_liquido_ebullicion,,NO,SI,Fuga hidraulica o aire en el sistema de frenos,SINTETICO_IA,L3 fade térmico con daño de resina fenólica en pastillas.
F10-L06-0033,G27-L3-08,Desgaste de pastillas y zapatas de freno,FRENOS,L3,Mi carro ase un rechinido como fierro viejo cuando piso el freno despacito. El mecanico le midio las pastillas delanteras y le quedan 1.5 milimetros de espesor. El disco esta planito y no tiembla nada al frenar en autopista.,ERROR_ORTOGRAFICO,frenado_despacio,rechinido_fierro_viejo|pastillas_1_5mm|disco_plano_sin_temblor,discos_alabeados,,NO,SI,Discos de freno alabeados o desgastados,SINTETICO_IA,L3 pastillas a 1.5 mm con disco plano sin temblor con ortografía informal.
F10-L06-0034,G27-L3-09,Desgaste de pastillas y zapatas de freno,FRENOS,L3,"Inspección de zapatas de freno de estacionamiento integradas en campana interior de disco ventilado (Drum-in-Hat): forro desgastado a 0.5 mm en el extremo inferior, provocando que la leva expansora gire a 85 grados sin lograr retención en pendiente del 18%. El cable de acero mantiene tensión y recorrido nominal.",TECNICO,inspeccion_drum_in_hat,forro_0_5mm_drum_in_hat|leva_85_grados_sin_retencion|cable_tension_ok,falla_cable_freno_mano,,NO,NO,,SINTETICO_IA,L3 desgaste de zapatas drum-in-hat con cable OK.
F10-L06-0035,G27-L3-10,Desgaste de pastillas y zapatas de freno,FRENOS,L3,"Buenas tardes, cuando freno suave en mi Corolla suena un silbido chillón en la rueda derecha. El mecánico sacó la rueda y me mostró que la chapita de fierro que avisa el desgaste ya estaba pegada al disco raspando la orilla, pero el disco todavía tiene buen grosor.",WHATSAPP,inspeccion_taller_corolla,silbido_chillon_frenar_suave|chapita_aviso_rozando_disco|disco_buen_grosor,caliper_pegado,,NO,SI,Caliper de freno trabado o mordaza pegada (piston agarrotado),SINTETICO_IA,L3 chapa indicadora rozando disco en buen estado.
F10-L06-0036,G27-L3-11,Desgaste de pastillas y zapatas de freno,FRENOS,L3,"Inspección micrométrica en 4 puntos de pastillas delanteras: espesores de 2.1 mm, 2.0 mm, 1.9 mm y 2.1 mm demostrando desgaste homogéneo perfecto. El testigo acústico de acero inoxidable genera contacto a los 2.0 mm con la cara periférica del disco generando frecuencia de resonancia de 2.8 kHz en frenado a 30 km/h.",TECNICO,analisis_acustico_frecuencia,espesor_homogeneo_2_0mm|resonancia_2_8khz|contacto_testigo_acero,desgaste_irregular,,NO,NO,,SINTETICO_IA,L3 desgaste parejo a 2.0 mm con resonancia acústica de aviso.
F10-L06-0037,G27-L3-12,Desgaste de pastillas y zapatas de freno,FRENOS,L3,Frenado esponjoso inicial con necesidad de mayor recorrido de pedal en vehículo con frenos traseros de tambor. Se verificó que la distancia entre zapata y tambor excede los 1.8 mm (especificación 0.4 a 0.6 mm) debido a desgaste del forro a 1.2 mm y trinquete regulador trabado por suciedad de polvillo seco.,TALLER,ajuste_tambores_traseros,distancia_zapata_tambor_1_8mm|forro_1_2mm|trinquete_trabado_polvillo,aire_circuito_frenos,,NO,SI,Fuga hidraulica o aire en el sistema de frenos,SINTETICO_IA,L3 holgura de 1.8 mm por desgaste y trinquete sucio simula pedal largo.
F10-L06-0038,G27-L3-13,Desgaste de pastillas y zapatas de freno,FRENOS,L3,"Desgaste acelerado de pastillas semi-metálicas a los 12,000 km por uso en servicio urbano severo. El material residual mide 2.5 mm y presenta fisuras superficiales por choque térmico pero los calipers no presentan agarrotamiento y retraen libremente al aplicar 10 Nm de fuerza con el compresor de pistones.",TECNICO,inspeccion_retraccion_caliper,pastillas_2_5mm_12000km|fisuras_termicas|caliper_retrae_libremente_10nm,falla_caliper_pegado,,NO,SI,Caliper de freno trabado o mordaza pegada (piston agarrotado),SINTETICO_IA,L3 pistón retrae con 10 Nm descartando cáliper agarrotado.
F10-L06-0039,G27-L3-14,Desgaste de pastillas y zapatas de freno,FRENOS,L3,"El cliente reclama que al frenar fuerte se escucha raspado áspero y huele a quemado adelante. Se constató que la pastilla interior derecha perdió completamente la lámina de forro por desprendimiento del adhesivo de vulcanizado, quedando el metal desnudo rayando el disco con surcos de 0.8 mm de profundidad.",TALLER,desprendimiento_forro_vulcanizado,desprendimiento_forro_adhesivo|metal_desnudo_surcos_0_8mm|raspado_aspero,falla_caliper,,NO,NO,,SINTETICO_IA,L3 desprendimiento de lámina de forro vulcanizada.
F10-L06-0040,G27-L3-15,Desgaste de pastillas y zapatas de freno,FRENOS,L3,"Evaluación de pastillas cerámicas tras 35,000 km: espesor en 2.8 mm cercano a la ranura de desahogo de gases (ranura casi borrada). El disco no presenta alabeo lateral medido con reloj comparador (salto en 0.02 mm) pero el coeficiente de frenada cayó 25% exigiendo mayor presión sobre el pedal.",TECNICO,inspeccion_ranura_desahogo,ranura_desahogo_borrada_2_8mm|salto_disco_0_02mm_ok|coeficiente_frenada_bajo,discos_alabeados,,NO,SI,Discos de freno alabeados o desgastados,SINTETICO_IA,L3 ranura borrada y salto lateral 0.02 mm descarta alabeo.
F10-L06-0041,G28-L1-01,Discos de freno alabeados o desgastados,FRENOS,L1,El volante me vibra bastante fuerte únicamente cuando piso el pedal del freno a velocidad.,COTIDIANO,frenado_velocidad,vibracion_volante_al_frenar,,,SI,NO,,SINTETICO_IA,L1 vibración de timón exclusiva al frenar.
F10-L06-0042,G28-L1-02,Discos de freno alabeados o desgastados,FRENOS,L1,"Hola, siento como un zapateo o pulsaciones en el pedal del freno al frenar en bajada.",WHATSAPP,bajada,pulsacion_pedal_freno,,,SI,NO,,SINTETICO_IA,L1 zapateo de pedal al frenar.
F10-L06-0043,G28-L1-03,Discos de freno alabeados o desgastados,FRENOS,L1,Al pasar la mano por el disco de freno se siente una ceja o borde muy levantado.,COTIDIANO,inspeccion_tactil,ceja_borde_disco_pronunciado,,,SI,NO,,SINTETICO_IA,L1 rebaba pronunciada por desgaste de disco.
F10-L06-0044,G28-L1-04,Discos de freno alabeados o desgastados,FRENOS,L1,El carro tiembla entero al frenar fuerte de 100 a 60 km/h en la carretera.,TALLER,frenada_carretera,temblor_general_frenar_100kmh,,,SI,NO,,SINTETICO_IA,L1 vibración de carrocería en desaceleración.
F10-L06-0045,G28-L1-05,Discos de freno alabeados o desgastados,FRENOS,L1,Variación cíclica del par de frenado y pulsación hidráulica en línea delantera.,TECNICO,desaceleracion,variacion_par_frenado|pulsacion_hidraulica,,,SI,NO,,SINTETICO_IA,L1 reporte técnico de DTV.
F10-L06-0046,G28-L1-06,Discos de freno alabeados o desgastados,FRENOS,L1,Siento que el freno frena a tirones como si agarrara y soltara rápidamente.,COTIDIANO,frenado_intermedio,frenado_a_tirones_intermitente,,,SI,NO,,SINTETICO_IA,L1 frenado ondulante.
F10-L06-0047,G28-L1-07,Discos de freno alabeados o desgastados,FRENOS,L1,Los discos de freno se ven con manchas azules y violetas por todos lados.,COTIDIANO,inspeccion_visual,manchas_azules_violetas_disco,,,SI,NO,,SINTETICO_IA,L1 manchas térmicas de cementita en disco.
F10-L06-0048,G28-L1-08,Discos de freno alabeados o desgastados,FRENOS,L1,Mi timon vibra feo cuando freno en pista rapida pero si no freno anda lisito.,ERROR_ORTOGRAFICO,frenado_autopista,timon_vibra_al_frenar|lisito_sin_freno,,,SI,NO,,SINTETICO_IA,L1 vibración exclusiva con ortografía informal.
F10-L06-0049,G28-L1-09,Discos de freno alabeados o desgastados,FRENOS,L1,"Buenas, cambié pastillas nuevas y ahora el pedal patea hacia arriba al frenar.",WHATSAPP,post_cambio_pastillas,pedal_patea_post_pastillas_nuevas,,,SI,NO,,SINTETICO_IA,L1 pulsación evidenciada tras pastillas planas.
F10-L06-0050,G28-L1-10,Discos de freno alabeados o desgastados,FRENOS,L1,Desviación lateral de superficie de fricción del rotor fuera de especificación de taller.,TECNICO,inspeccion,desviacion_lateral_rotor_fuera_rango,,,SI,NO,,SINTETICO_IA,L1 reporte técnico de runout excesivo.
F10-L06-0051,G28-L2-01,Discos de freno alabeados o desgastados,FRENOS,L2,Vibración severa en el volante al frenar entre 80 y 110 km/h; al soltar el freno el auto rueda suavemente a 100 km/h sin vibración alguna en la dirección.,COTIDIANO,frenado_80_110kmh,vibracion_volante_al_frenar|suave_sin_frenar,llantas_desbalanceadas,,NO,SI,Llantas desbalanceadas o desalineadas,SINTETICO_IA,L2 vibración exclusiva al frenar descarta balanceo de ruedas.
F10-L06-0052,G28-L2-02,Discos de freno alabeados o desgastados,FRENOS,L2,El pedal de freno late con pulsaciones rítmicas al detenerse en bajadas; los discos delanteros presentan rebaba perimetral de 2 mm y surcos profundos.,TALLER,frenada_bajada,pulsaciones_ritmicas_pedal|rebaba_disco_2mm|surcos,falla_pastillas_freno,,NO,SI,Desgaste de pastillas y zapatas de freno,SINTETICO_IA,L2 pulsación y rebaba severa en discos.
F10-L06-0053,G28-L2-03,Discos de freno alabeados o desgastados,FRENOS,L2,Alabeo en disco ventilado delantero tras pasar por charco de agua con frenos calientes; el reloj palpador acusa deformación térmica visible al girar la maza.,TECNICO,choque_termico_charco,deformacion_termica_charco|alabeo_girar_maza,falla_rodamiento,,NO,NO,,SINTETICO_IA,L2 choque térmico por enfriamiento brusco.
F10-L06-0054,G28-L2-04,Discos de freno alabeados o desgastados,FRENOS,L2,"Hola, cuando voy a 90 km/h y toco apenas el freno el timón tironea de lado a lado; si acelero a 120 km/h sin pisar freno el timón está quietecito.",WHATSAPP,frenado_90kmh,timon_tironea_al_tocar_freno|quieto_a_120kmh_sin_freno,desalineacion_ruedas,,NO,SI,Llantas desbalanceadas o desalineadas,SINTETICO_IA,L2 volante tiembla solo con freno descarta alineación.
F10-L06-0055,G28-L2-05,Discos de freno alabeados o desgastados,FRENOS,L2,Medición de espesor de disco con micrómetro exterior marca 19.4 mm; el grabado mínimo del fabricante (Min TH) especifica 20.0 mm de descarte.,TECNICO,metrologia_disco_micrometro,espesor_19_4mm_bajo_min_th_20mm,falla_caliper,,NO,NO,,SINTETICO_IA,L2 disco por debajo del espesor mínimo de seguridad.
F10-L06-0056,G28-L2-06,Discos de freno alabeados o desgastados,FRENOS,L2,Frenada ondulante a baja velocidad antes de llegar a cero; el auto frena por impulsos cíclicos sincronizados con el giro de la rueda delantera derecha.,COTIDIANO,detencion_cero,frenada_ondulante_impulsos_ciclicos,falla_sensor_abs,,NO,SI,Falla en sensor de velocidad de rueda ABS,SINTETICO_IA,L2 variación de espesor de disco genera frenada a tirones.
F10-L06-0057,G28-L2-07,Discos de freno alabeados o desgastados,FRENOS,L2,Discos de freno con puntos duros de cementita azulada por sobrecalentamiento; la pastilla no muerde uniforme provocando trepidación en el pedal.,TALLER,frenada_severa,puntos_cemento_azulada|trepidacion_pedal,pastillas_vidriadas,,NO,SI,Desgaste de pastillas y zapatas de freno,SINTETICO_IA,L2 manchas de cementita en pista de fricción.
F10-L06-0058,G28-L2-08,Discos de freno alabeados o desgastados,FRENOS,L2,Mi carro tironea el pedal del freno como si pataleara al frenar de 80 a 40 km/h en la panamericana. Si no piso el freno rueda sedita sin vibradera.,ERROR_ORTOGRAFICO,frenada_panamericana,pedal_patalea_frenar_80_40|rueda_sedita_sin_freno,llantas_desbalanceadas,,NO,SI,Llantas desbalanceadas o desalineadas,SINTETICO_IA,L2 pataleo en pedal exclusivo con freno con ortografía informal.
F10-L06-0059,G28-L2-09,Discos de freno alabeados o desgastados,FRENOS,L2,"Buenas maestro, le cambiaron las pastillas a mi auto y ahora vibra el volante al frenar. En el taller me dicen que los discos están pandeados y debieron rectificarlos.",WHATSAPP,post_cambio_sin_rectificar,vibra_volante_frenar|discos_pandeados_sin_rectificar,pastillas_defectuosas,,NO,SI,Desgaste de pastillas y zapatas de freno,SINTETICO_IA,L2 pastilla plana sobre disco alabeado delata vibración.
F10-L06-0060,G28-L2-10,Discos de freno alabeados o desgastados,FRENOS,L2,Reloj comparador colocado en la maza delantera izquierda registra alabeo lateral de 0.12 mm (tolerancia máxima OEM 0.05 mm); maza de rueda sin descentramiento.,TECNICO,medicion_reloj_comparador,alabeo_0_12mm_tolerancia_0_05mm|maza_sin_salto,falla_maza_rodaje,,NO,NO,,SINTETICO_IA,L2 alabeo de 0.12 mm en disco con maza correcta.
F10-L06-0061,G28-L2-11,Discos de freno alabeados o desgastados,FRENOS,L2,Fuerte zumbido y vibración en toda la carrocería en desaceleraciones bruscas desde 120 km/h; los discos presentan fisuras radiales diminutas en la pista.,COTIDIANO,desaceleracion_120kmh,zumbido_vibracion_carroceria|fisuras_radiales_disco,falla_amortiguadores,,NO,NO,,SINTETICO_IA,L2 fisuras por fatiga térmica en disco gastado.
F10-L06-0062,G28-L2-12,Discos de freno alabeados o desgastados,FRENOS,L2,Vibración al frenar no atribuible a tren delantero; bujes de trapecio y rótulas sin holgura pero la pista del disco tiene variación de espesor de 0.03 mm.,TALLER,inspeccion_suspension_frenos,bujes_rotulas_ok|variacion_espesor_disco_0_03mm,holgura_suspension,,NO,NO,,SINTETICO_IA,L2 DTV de 0.03 mm con suspensión impecable.
F10-L06-0063,G28-L2-13,Discos de freno alabeados o desgastados,FRENOS,L2,El pedal de freno tiembla bajo el pie en frenadas moderadas pero el testigo ABS permanece apagado y no hay códigos de sensor de rueda en memoria.,COTIDIANO,frenada_moderada,pedal_tiembla_frenada_moderada|testigo_abs_apagado,falla_sistema_abs,,NO,SI,Falla en sensor de velocidad de rueda ABS,SINTETICO_IA,L2 temblor mecánico de disco vs falso disparo ABS.
F10-L06-0064,G28-L2-14,Discos de freno alabeados o desgastados,FRENOS,L2,Inspección de disco ventilado: aletas interiores de ventilación corroídas y partidas por óxido provocando deformación térmica asimétrica bajo carga.,TECNICO,inspeccion_aletas_ventiladas,aletas_ventilacion_partidas_oxido|deformacion_termica,falla_pastillas,,NO,NO,,SINTETICO_IA,L2 rotura de aletas de ventilación internas.
F10-L06-0065,G28-L2-15,Discos de freno alabeados o desgastados,FRENOS,L2,Pulsación rítmica en el pedal que incrementa su frecuencia proporcionalmente a la velocidad del vehículo al frenar; calipers flotantes deslizan sin traba.,TALLER,prueba_proporcional_velocidad,pulsacion_proporcional_velocidad|caliper_desliza_bien,caliper_agarrotado,,NO,SI,Caliper de freno trabado o mordaza pegada (piston agarrotado),SINTETICO_IA,L2 frecuencia proporcional al giro descarta mordaza trabada.
F10-L06-0066,G28-L3-01,Discos de freno alabeados o desgastados,FRENOS,L3,"Toyota Hilux ingresa por vibración violenta en el volante y pedal al descender cuestas a 80 km/h aplicando frenos. Se montó reloj comparador con base magnética en la mangueta: el disco delantero derecho acusa un salto lateral (runout) de 0.14 mm (límite OEM 0.04 mm), mientras que el descentramiento de la brida de la maza es de apenas 0.01 mm normal. El espesor del disco es de 26.8 mm (mínimo 26.0 mm), procediéndose a rectificado sobre maza.",TECNICO,metrologia_reloj_comparador_mangueta,runout_0_14mm_disco|descentramiento_maza_0_01mm_ok|vibracion_80kmh_bajada,llantas_desbalanceadas,,NO,SI,Llantas desbalanceadas o desalineadas,SINTETICO_IA,L3 runout de 0.14 mm con maza en 0.01 mm descarta llantas.
F10-L06-0067,G28-L3-02,Discos de freno alabeados o desgastados,FRENOS,L3,"Vehículo presenta sacudidas cíclicas en el pedal de freno en frenadas suaves de 50 a 0 km/h sin que el volante vibre. Se midió la variación de espesor del disco (DTV - Disc Thickness Variation) con micrómetro digital en 8 puntos equidistantes de la pista, registrándose espesor máximo de 22.045 mm y mínimo de 22.015 mm (delta de 0.030 mm, superando el límite de 0.012 mm). Las pastillas son nuevas y los bujes de horquilla no tienen juego.",TECNICO,medicion_dtv_8_puntos,dtv_0_030mm_excesivo|espesor_variable_8puntos|sacudida_pedal_50_a_0,holgura_bujes_horquilla,,NO,NO,,SINTETICO_IA,L3 DTV de 0.030 mm en 8 puntos con micrómetro digital.
F10-L06-0068,G28-L3-03,Discos de freno alabeados o desgastados,FRENOS,L3,Conductor refiere que al frenar a más de 100 km/h el volante tiembla tanto que parece salirse. Se descartó desbalanceo rodando el auto a 120 km/h con acelerador constante donde la dirección no presenta ninguna vibración. Al aplicar apenas 15 bar de presión de frenado el timón entra en resonancia; los discos delanteros muestran zonas alternadas de pulido espejo y áreas oscuras de cementita provocadas por torque disparejo en pernos de rueda.,TALLER,descarte_balanceo_120kmh_crucero,crucero_120kmh_sin_vibracion|resonancia_15bar_frenado|manchas_cementita_torque,llantas_desbalanceadas,,NO,SI,Llantas desbalanceadas o desalineadas,SINTETICO_IA,L3 crucero a 120 km/h perfecto descarta balanceo; tiembla solo a 15 bar.
F10-L06-0069,G28-L3-04,Discos de freno alabeados o desgastados,FRENOS,L3,Medición metrológica en disco de freno macizo trasero: espesor residual de 8.2 mm en la zona de pista (límite del fabricante estampado en el lomo MIN TH 9.0 mm) con labio exterior perimetral cortante de 1.8 mm de altura. El disco presenta una microfisura radial pasante de 12 mm de longitud desde el borde periférico hacia el centro originada por fatiga térmica.,TECNICO,inspeccion_micrometro_fisura,espesor_8_2mm_bajo_min_9_0mm|rebaba_1_8mm|microfisura_radial_12mm,falla_pastillas_freno,,NO,SI,Desgaste de pastillas y zapatas de freno,SINTETICO_IA,L3 espesor 8.2 mm por debajo de Min TH 9.0 mm con fisura radial.
F10-L06-0070,G28-L3-05,Discos de freno alabeados o desgastados,FRENOS,L3,"Hola maestro, tengo un Sentra 2019. Cuando manejo en pista lisa a 100 va suave como seda, pero piso el freno y el pedal zapatea feo y el timón vibra de lado a lado. En la llantería balancearon las 4 ruedas y alinearon pero sigue exactamente igual; me dicen que los discos se torcieron porque lavé el carro saliendo de la carretera.",WHATSAPP,post_lavado_caliente_sentra,suave_a_100_sin_freno|zapateo_pedal_frenar|balanceo_alineacion_descartado,llantas_desbalanceadas,,NO,SI,Llantas desbalanceadas o desalineadas,SINTETICO_IA,L3 choque térmico en lavado post-carretera tras descartar balanceo.
F10-L06-0071,G28-L3-06,Discos de freno alabeados o desgastados,FRENOS,L3,Evaluación de vibración de frenado con acelerómetro triaxial montado en la pinza de freno: pico de aceleración de 3.2 G en eje longitudinal a frecuencia de 18 Hz (coincidente con 1x velocidad de giro de rueda a 80 km/h). Al desmontar el disco se encontró óxido acumulado de 0.08 mm entre la cara interior de la campana del disco y la superficie de apoyo de la maza de rueda.,TECNICO,analisis_acelerometro_oxido_maza,aceleracion_3_2g_a_18hz|oxido_0_08mm_cara_maza|pico_frecuencia_rueda,falla_rodamiento_rueda,,NO,NO,,SINTETICO_IA,L3 óxido entre disco y maza de 0.08 mm genera runout inducido.
F10-L06-0072,G28-L3-07,Discos de freno alabeados o desgastados,FRENOS,L3,Discos delanteros ventilados ranurados y perforados presentan decoloración térmica azul en 360 grados y combado de 0.16 mm en periferia tras sesión de pista. Las pastillas de competición tienen 7 mm pero el disco perdió planitud dimensional; al aplicar frenos suaves a 60 km/h la presión hidráulica oscila entre 12 y 22 bar rítmicamente en el manómetro de prueba.,TALLER,oscilacion_presion_hidraulica_manometro,alabeo_0_16mm_periferia|presion_oscila_12_a_22bar|manchas_azules,falla_bomba_frenos,,NO,SI,Fuga hidraulica o aire en el sistema de frenos,SINTETICO_IA,L3 oscilación manométrica de 12 a 22 bar por alabeo de 0.16 mm.
F10-L06-0073,G28-L3-08,Discos de freno alabeados o desgastados,FRENOS,L3,Mi camioneta tiembla horrible el volante cuando freno de golpe en la bajada de San Bartolo. En linea recta corre a 110 sin soltar el timon y no tiembla nada de nada. El mecanico puso un reloj con aguja en el disco y la aguja bailaba casi 15 lineas de milimetro.,ERROR_ORTOGRAFICO,bajada_san_bartolo,tiembla_al_frenar_bajada|110_recto_sin_temblor|reloj_aguja_baila_15_lineas,llantas_desbalanceadas,,NO,SI,Llantas desbalanceadas o desalineadas,SINTETICO_IA,L3 reloj palpador confirma alabeo tras descartar tren delantero.
F10-L06-0074,G28-L3-09,Discos de freno alabeados o desgastados,FRENOS,L3,"Alabeo térmico en disco ventilado izquierdo por torque desigual en tuercas de rueda: tuercas ajustadas entre 75 Nm y 160 Nm con pistola neumática sin torquímetro (especificación 110 Nm uniforme). Tras 1,500 km la brida del disco adoptó deformación elástica permanente de 0.11 mm provocando pulsación en pedal.",TECNICO,torque_desigual_pernos,torque_desigual_75_a_160nm|deformacion_permanente_0_11mm|pulsacion,falla_maza,,NO,NO,,SINTETICO_IA,L3 deformación por apriete disparejo con pistola neumática.
F10-L06-0075,G28-L3-10,Discos de freno alabeados o desgastados,FRENOS,L3,"Buenas tardes, tengo una Tucson 2017. Al frenar en autopista el pedal me patea el pie como si el ABS entrara pero el foco del ABS no prende en el tablero. En el taller escanearon y no hay códigos de sensor de rueda; midieron los discos con micrómetro y están ovalados con desgaste desparejo en la cara interna.",WHATSAPP,diagnostico_escaner_abs_ok,pedal_patea_pie|foco_abs_apagado_sin_dtc|discos_ovalados_micrometro,falla_sistema_abs,,NO,SI,Falla en sensor de velocidad de rueda ABS,SINTETICO_IA,L3 zapateo mecánico en pedal con escáner ABS en 0 DTC.
F10-L06-0076,G28-L3-11,Discos de freno alabeados o desgastados,FRENOS,L3,Prueba de frenado a 100 km/h: desaceleración longitudinal inestable oscilando entre 0.45 G y 0.65 G sin modular el pedal. La inspección termográfica con cámara infrarroja revela bandas térmicas circunferenciales a 420°C alternadas con bandas frías a 210°C en la pista del rotor debido a contacto discontinuo de la pastilla sobre el disco deformado.,TECNICO,termografia_infrarroja_rotores,desaceleracion_oscilante_0_45_0_65g|bandas_termicas_420c_210c,falla_servofreno,,NO,SI,Falla en servofreno (booster) o linea de vacio,SINTETICO_IA,L3 termografía revela gradiente térmico de 210°C por contacto discontinuo.
F10-L06-0077,G28-L3-12,Discos de freno alabeados o desgastados,FRENOS,L3,"Rectificado de discos en torno paralelo: se constata espesor inicial de 21.2 mm; para eliminar el alabeo de 0.13 mm y los surcos se requiere maquinar 1.4 mm en total, lo cual dejaría el disco en 19.8 mm por debajo de la cota mínima de 20.4 mm. Se dictamina descarte y sustitución obligatoria por límite de desgaste estructural alcanzado.",TALLER,proceso_rectificado_torno,salto_0_13mm_requiere_1_4mm|quedaria_19_8mm_bajo_min_20_4|descarte,falla_pastillas,,NO,NO,,SINTETICO_IA,L3 descarte técnico por cota mínima excedida en rectificado.
F10-L06-0078,G28-L3-13,Discos de freno alabeados o desgastados,FRENOS,L3,"Vibración de alta frecuencia en el pedal de freno al frenar suavemente en pendientes: la medición con rugosímetro arroja rugosidad Ra de 4.8 micrómetros (especificación OEM Ra 0.8 a 1.5 um) debido a mecanizado previo defectuoso con avance de herramienta excesivo, provocando efecto de rosca sobre el forro de la pastilla.",TECNICO,metrologia_rugosimetro,rugosidad_ra_4_8um_excesiva|efecto_rosca_forro|vibracion_alta_frecuencia,falla_pastillas_freno,,NO,SI,Desgaste de pastillas y zapatas de freno,SINTETICO_IA,L3 rugosidad Ra de 4.8 um por mecanizado defectuoso.
F10-L06-0079,G28-L3-14,Discos de freno alabeados o desgastados,FRENOS,L3,El cliente reclama que después de cambiar rótulas y terminales el auto sigue vibrando al frenar fuerte. Se montó comparador en el disco izquierdo registrándose 0.10 mm de alabeo en disco y 0.005 mm en maza; al rotar el disco 180 grados sobre la maza el alabeo se mantiene en 0.10 mm confirmando deformación intrínseca del rotor y no de montaje.,TALLER,prueba_rotacion_180_grados,alabeo_0_10mm_persiste_rotacion_180|maza_0_005mm_ok,falla_suspension_rotulas,,NO,SI,Llantas desbalanceadas o desalineadas,SINTETICO_IA,L3 prueba de rotación a 180° confirma alabeo del disco y no de maza.
F10-L06-0080,G28-L3-15,Discos de freno alabeados o desgastados,FRENOS,L3,Rotor de freno ventilado de 320 mm presenta alabeo lateral de 0.09 mm y variación de grosor periférico de 0.022 mm. En dinamómetro de chasis la fuerza de frenado presenta ondulación senoidal de 450 N a 70 km/h con presión hidráulica constante de 25 bar en la línea principal de freno.,TECNICO,dinamometro_chasis_fuerza_frenado,ondulacion_senoidal_450n|salto_0_09mm_dtv_0_022mm|presion_25bar_constante,falla_bomba_frenos,,NO,SI,Fuga hidraulica o aire en el sistema de frenos,SINTETICO_IA,L3 fuerza de frenado ondulante senoidal de 450 N en dinamómetro.
F10-L06-0081,G29-L1-01,Falla en servofreno (booster) o linea de vacio,FRENOS,L1,El pedal de freno se puso durísimo como una piedra y tengo que pararme con fuerza.,COTIDIANO,frenado,pedal_duro_como_piedra,,,SI,NO,,SINTETICO_IA,L1 pedal duro por falta de asistencia.
F10-L06-0082,G29-L1-02,Falla en servofreno (booster) o linea de vacio,FRENOS,L1,"Hola, cada vez que piso el pedal del freno suena como un soplido de aire adentro.",WHATSAPP,ralenti,soplido_aire_al_pisar_freno,,,SI,NO,,SINTETICO_IA,L1 silbido de diafragma de booster.
F10-L06-0083,G29-L1-03,Falla en servofreno (booster) o linea de vacio,FRENOS,L1,Al pisar el freno en ralentí el motor empieza a temblar y se quiere apagar.,COTIDIANO,ralenti_frenado,motor_tiembla_al_pisar_freno,,,SI,NO,,SINTETICO_IA,L1 fuga de vacío que descalibra ralentí.
F10-L06-0084,G29-L1-04,Falla en servofreno (booster) o linea de vacio,FRENOS,L1,El carro frena muy poco y el pedal casi no baja nada al apretarlo.,TALLER,frenado,frena_poco|pedal_no_baja,,,SI,NO,,SINTETICO_IA,L1 falta de amplificación de fuerza.
F10-L06-0085,G29-L1-05,Falla en servofreno (booster) o linea de vacio,FRENOS,L1,Pérdida de presión de vacío en el acumulador neumático del servofreno.,TECNICO,diagnostico,perdida_vacio_servofreno,,,SI,NO,,SINTETICO_IA,L1 reporte técnico de depresión insuficiente.
F10-L06-0086,G29-L1-06,Falla en servofreno (booster) o linea de vacio,FRENOS,L1,Siento que el pedal está tieso desde la mañana y no cede nada al dar arranque.,COTIDIANO,arranque_manana,pedal_tieso_no_cede_al_arranque,,,SI,NO,,SINTETICO_IA,L1 falla en prueba de retención de vacío.
F10-L06-0087,G29-L1-07,Falla en servofreno (booster) o linea de vacio,FRENOS,L1,Se escucha un silbido continuo debajo del tablero en la zona de los pedales.,COTIDIANO,marcha,silbido_continuo_zona_pedales,,,SI,NO,,SINTETICO_IA,L1 fuga en retén o fuelle del émbolo de entrada.
F10-L06-0088,G29-L1-08,Falla en servofreno (booster) o linea de vacio,FRENOS,L1,El freno se puso como un palo de duro y el carro no se detiene rapido.,ERROR_ORTOGRAFICO,detencion,freno_como_palo_duro|no_detiene_rapido,,,SI,NO,,SINTETICO_IA,L1 pedal duro con ortografía informal.
F10-L06-0089,G29-L1-09,Falla en servofreno (booster) o linea de vacio,FRENOS,L1,"Buenas, pisando el freno se acelera el motor a 1500 revoluciones solo.",WHATSAPP,ralenti,motor_se_acelera_al_pisar_freno,,,SI,NO,,SINTETICO_IA,L1 entrada masiva de aire no medido.
F10-L06-0090,G29-L1-10,Falla en servofreno (booster) o linea de vacio,FRENOS,L1,Ausencia de amplificación neumática de fuerza en el actuador tándem de frenos.,TECNICO,inspeccion,ausencia_amplificacion_neumatica,,,SI,NO,,SINTETICO_IA,L1 reporte técnico de vacío.
F10-L06-0091,G29-L2-01,Falla en servofreno (booster) o linea de vacio,FRENOS,L2,Pedal de freno extremadamente rígido que exige esfuerzo físico excesivo; al apagar el motor y bombear no se siente ninguna diferencia de dureza.,COTIDIANO,frenado_urbano,pedal_rigido_esfuerzo_excesivo|sin_cambio_al_bombear,pedal_esponjoso,,NO,SI,Fuga hidraulica o aire en el sistema de frenos,SINTETICO_IA,L2 pedal duro constante vs pedal esponjoso.
F10-L06-0092,G29-L2-02,Falla en servofreno (booster) o linea de vacio,FRENOS,L2,Silbido fuerte de fuga de aire en la cabina al pisar el pedal de freno en ralentí; el motor se desestabiliza con DTC P0171 por entrada de aire pirata.,TALLER,ralenti_frenado,silbido_cabina_al_pisar|motor_inestable_dtc_p0171,falla_sensor_oxigeno,P0171,NO,SI,Falla en sensor de oxigeno o mezcla rica,SINTETICO_IA,L2 diafragma perforado ingresa aire falso con P0171.
F10-L06-0093,G29-L2-03,Falla en servofreno (booster) o linea de vacio,FRENOS,L2,"La manguera de vacío del booster al múltiple de admisión está cuarteada y colapsada por aplastamiento térmico, anulando el vacío hacia el servofreno.",TECNICO,inspeccion_vano_motor,manguera_vacio_cuarteada_colapsada|sin_vacio_booster,falla_bomba_vacio,,NO,NO,,SINTETICO_IA,L2 colapso físico de manguera de succión.
F10-L06-0094,G29-L2-04,Falla en servofreno (booster) o linea de vacio,FRENOS,L2,"Hola, mi carro frena bien una sola vez, pero si tengo que frenar dos veces seguidas el pedal se pone como roca y ya no frena nada.",WHATSAPP,frenadas_sucesivas,pedal_roca_segunda_frenada|no_retiene_vacio,falla_pastillas,,NO,SI,Desgaste de pastillas y zapatas de freno,SINTETICO_IA,L2 incapacidad de mantener vacío en frenadas seguidas.
F10-L06-0095,G29-L2-05,Falla en servofreno (booster) o linea de vacio,FRENOS,L2,Válvula check antirretorno del servofreno atascada en posición cerrada; no permite generar depresión en la cámara de vacío del servofreno.,TECNICO,prueba_valvula_check,valvula_check_atascada_cerrada|sin_depresion_camara,falla_cilindro_maestro,,NO,NO,,SINTETICO_IA,L2 válvula antirretorno bloqueada.
F10-L06-0096,G29-L2-06,Falla en servofreno (booster) o linea de vacio,FRENOS,L2,Al pisar el freno a fondo el pedal se mantiene arriba durísimo; el nivel de líquido en el depósito está al máximo y no hay fugas en las ruedas.,COTIDIANO,frenado_emergencia,pedal_arriba_durisimo|nivel_liquido_maximo_sin_fugas,fuga_liquido,,NO,SI,Fuga hidraulica o aire en el sistema de frenos,SINTETICO_IA,L2 pedal duro con nivel OK descarta fuga.
F10-L06-0097,G29-L2-07,Falla en servofreno (booster) o linea de vacio,FRENOS,L2,Motor diésel 2.5 con bomba de vacío en el alternador; la paleta interna se rompió entregando solo 5 inHg de vacío en lugar de los 20 inHg requeridos.,TALLER,medicion_bomba_vacio,bomba_vacio_5inhg_baja|paleta_rota,falla_alternador,,NO,NO,,SINTETICO_IA,L2 déficit de vacío por depresor mecánico.
F10-L06-0098,G29-L2-08,Falla en servofreno (booster) o linea de vacio,FRENOS,L2,Mi auto ase pssss cada ves que piso el freno y el pedal se puso como piedra para frenar en los semaforos.,ERROR_ORTOGRAFICO,detencion_semaforo,sonido_pssss_freno|pedal_como_piedra,pedal_esponjoso,,NO,SI,Fuga hidraulica o aire en el sistema de frenos,SINTETICO_IA,L2 silbido pssss con pedal rígido con ortografía informal.
F10-L06-0099,G29-L2-09,Falla en servofreno (booster) o linea de vacio,FRENOS,L2,"Buenas maestro, en frío el pedal tiene buena asistencia pero al calentar el motor se endurece totalmente y el motor ratea al frenar.",WHATSAPP,motor_caliente,pedal_endurece_en_caliente|motor_ratea_al_frenar,falla_bobinas,,NO,SI,Falla en bujias o bobinas de encendido (misfire),SINTETICO_IA,L2 fuga térmica en servofreno altera mezcla en caliente.
F10-L06-0100,G29-L2-10,Falla en servofreno (booster) o linea de vacio,FRENOS,L2,Prueba de hermeticidad de servofreno: la depresión cae de 18 inHg a 0 inHg en menos de 5 segundos tras cortar el contacto del motor.,TECNICO,prueba_vacuometro,depresion_cae_18_a_0inhg_5seg|fuga_interna_booster,falla_valvula_purgado,,NO,NO,,SINTETICO_IA,L2 caída abrupta de vacío en prueba de retención.
F10-L06-0101,G29-L2-11,Falla en servofreno (booster) o linea de vacio,FRENOS,L2,DTC C1246 referente a presión baja del sensor del servofreno en vehículo con start-stop; el motor no se apaga en paradas por falta de asistencia de vacío.,TECNICO,diagnostico_start_stop,dtc_c1246|presion_baja_sensor_booster|start_stop_inhabilitado,falla_bateria,C1246,NO,NO,,SINTETICO_IA,L2 código C1246 por baja presión de servofreno.
F10-L06-0102,G29-L2-12,Falla en servofreno (booster) o linea de vacio,FRENOS,L2,El pedal de freno no baja al dar arranque con el pie apoyado; prueba estándar de servofreno fallida confirmando nula amplificación por vacío.,TALLER,prueba_arranque_pie_apoyado,pedal_no_baja_al_arrancar|falla_prueba_servofreno,falla_bomba_frenos,,NO,SI,Fuga hidraulica o aire en el sistema de frenos,SINTETICO_IA,L2 prueba clásica de encendido con pie en pedal fallida.
F10-L06-0103,G29-L2-13,Falla en servofreno (booster) o linea de vacio,FRENOS,L2,Fuelle protector del émbolo de mando roto permitiendo ingreso de polvo y desgaste prematuro del retén de estanqueidad de la válvula de aire atmosférico.,TECNICO,inspeccion_fuelle_embolo,fuelle_roto_polvo|desgaste_reten_valvula_atmosferica,falla_cilindro_maestro,,NO,NO,,SINTETICO_IA,L2 degradación de sello atmosférico en pedal.
F10-L06-0104,G29-L2-14,Falla en servofreno (booster) o linea de vacio,FRENOS,L2,Al pisar el freno en bajada pronunciada el vehículo casi no desacelera requiriendo activar el freno de mano; las pastillas y discos están nuevos.,COTIDIANO,frenado_emergencia_bajada,no_desacelera_pedal_duro|pastillas_discos_nuevos,falla_pastillas,,NO,SI,Desgaste de pastillas y zapatas de freno,SINTETICO_IA,L2 componentes de fricción nuevos pero pedal tieso.
F10-L06-0105,G29-L2-15,Falla en servofreno (booster) o linea de vacio,FRENOS,L2,Presencia de aceite de motor dentro de la cámara de vacío del servofreno proveniente de la manguera de respiradero del depresor de vacío.,TALLER,desarme_booster,aceite_motor_camara_booster|diafragma_degradado_aceite,fuga_liquido_frenos,,NO,SI,Fuga hidraulica o aire en el sistema de frenos,SINTETICO_IA,L2 diafragma degradado por absorción de aceite de motor.
F10-L06-0106,G29-L3-01,Falla en servofreno (booster) o linea de vacio,FRENOS,L3,"En un Toyota Yaris el cliente reclama que el pedal de freno se puso durísimo y el motor ratea cada vez que frena en los cruces. Se conectó vacuómetro con conector en 'T' entre el múltiple y el booster: el múltiple genera 19 inHg estables en ralentí, pero al pisar el pedal de freno el vacío colapsa instantáneamente a 4 inHg mientras se escucha un silbido continuo por debajo del pedalier. El escáner registra STFT en +25% y DTC P0171 provocado por la entrada masiva de aire no medido a través del diafragma roto del servofreno.",TECNICO,diagnostico_vacuometro_en_t,vacio_colapsa_19_a_4inhg_frenar|silbido_pedalier|stft_mas_25_dtc_p0171|diafragma_roto,falla_sensor_maf,P0171,NO,SI,Falla en sensor de oxigeno o mezcla rica,SINTETICO_IA,L3 vacuómetro en T acusa caída a 4 inHg y P0171 por diafragma roto.
F10-L06-0107,G29-L3-02,Falla en servofreno (booster) o linea de vacio,FRENOS,L3,Camioneta Nissan Navara 2.5 Diésel ingresa con pedal de frenos rígido como un bloque de cemento. Se midió la depresión generada por la bomba de vacío mecánica adosada al alternador con vacuómetro directo marcando solo 4 inHg (especificación OEM 21 a 24 inHg). Al desarmar la bomba de vacío se constató que la paleta rotativa de grafito se partió en tres pedazos bloqueando el canal de lubricación. Tras reemplazar la bomba de vacío el sistema recuperó 22 inHg y el pedal retornó a su suavidad original.,TALLER,medicion_depresor_navara,depresion_4inhg_baja_vs_22inhg|paleta_grafito_rota|bomba_vacio_alternador,falla_servofreno_vacio,,NO,NO,,SINTETICO_IA,L3 rotura de paleta de grafito en depresor con 4 inHg vs 22 inHg.
F10-L06-0108,G29-L3-03,Falla en servofreno (booster) o linea de vacio,FRENOS,L3,Prueba secuencial de retención de vacío en servofreno: 1) Con motor en marcha se alcanza régimen térmico normal; 2) Se apaga el motor y se espera 15 minutos; 3) Al aplicar el pedal por primera vez se encuentra completamente rígido sin ningún recorrido de asistencia residual. Se desmontó la válvula antirretorno plástica de la manguera y al soplar por ambos lados el aire pasa libremente en ambos sentidos debido a rotura del asiento cónico interno de goma.,TECNICO,prueba_retencion_15min_valvula_check,sin_asistencia_residual_15min|valvula_check_pasa_aire_ambos_lados|asiento_roto,falla_cilindro_maestro,,NO,NO,,SINTETICO_IA,L3 válvula antirretorno no retiene vacío tras 15 minutos.
F10-L06-0109,G29-L3-04,Falla en servofreno (booster) o linea de vacio,FRENOS,L3,Vehículo con motor turbo 1.4 TSI presenta pedal de freno duro exclusivamente durante aceleraciones y subidas prolongadas. El sistema utiliza una bomba de vacío eléctrica auxiliar para compensar la falta de vacío del motor en fase de sobrealimentación positiva. Con el escáner se registró código P0556 referente a rango del sensor de vacío del booster; la bomba eléctrica auxiliar no arranca debido a que el relé de accionamiento en caja de fusibles tiene los contactos quemados.,TECNICO,diagnostico_bomba_electrica_tsi,dtc_p0556|bomba_electrica_no_arranca|rele_contactos_quemados|presion_turbo_positiva,falla_turbo_valvula,P0556,NO,NO,,SINTETICO_IA,L3 P0556 y relé quemado en bomba de vacío eléctrica para motor turbo.
F10-L06-0110,G29-L3-05,Falla en servofreno (booster) o linea de vacio,FRENOS,L3,"Hola maestro, tengo un Kia Rio. Cuando freno en una esquina suena un zumbido de aire chhhh por los pedales y el motor empieza a temblar feo como si se fuera a apagar. El mecánico le desconectó la manguera del booster y le tapó la entrada al motor con un corcho y el motor emparejó perfecto en ralentí.",WHATSAPP,prueba_desconexion_booster,silbido_chhhh_pedales|motor_tiembla_frenar|tapar_manguera_empareja_motor,falla_cuerpo_mariposa,,NO,SI,Cuerpo de aceleracion o valvula IAC sucia,SINTETICO_IA,L3 aislamiento de manguera de booster estabiliza motor descartando IAC.
F10-L06-0111,G29-L3-06,Falla en servofreno (booster) o linea de vacio,FRENOS,L3,"Pérdida súbita de asistencia de frenado a velocidad crucero. Al inspeccionar la línea de vacío se encontró que la manguera rígida de poliamida rozó contra el soporte de la batería hasta perforarse con un orificio de 5 mm. El cilindro maestro no presenta fugas de líquido hidráulico, las pastillas tienen 8 mm de espesor y el circuito hidráulico se encuentra completamente purgado sin burbujas.",TALLER,inspeccion_linea_poliamida_perforada,manguera_poliamida_perforada_5mm|liquido_ok_pastillas_8mm|sin_burbujas_purga,fuga_hidraulica_frenos,,NO,SI,Fuga hidraulica o aire en el sistema de frenos,SINTETICO_IA,L3 orificio de 5 mm en línea de vacío con hidráulica 100% sana.
F10-L06-0112,G29-L3-07,Falla en servofreno (booster) o linea de vacio,FRENOS,L3,DTC C1246 y C1256 en vehículo con servofreno activo y sensor de presión de vacío integrado en el booster. La lectura en línea de datos acusa presión atmosférica permanente de 101 kPa en la cámara del servofreno aún con motor a 3000 rpm. La inspección física reveló que el diafragma de goma elastomérica se despegó perimetralmente de la carcasa metálica engrapada.,TECNICO,linea_datos_presion_101kpa,dtc_c1246_c1256|presion_101kpa_sin_depresion|diafragma_despegado_carcasa,falla_modulo_abs,C1246,NO,SI,Falla en sensor de velocidad de rueda ABS,SINTETICO_IA,L3 código C1246 con presión de 101 kPa por diafragma despegado.
F10-L06-0113,G29-L3-08,Falla en servofreno (booster) o linea de vacio,FRENOS,L3,Mi carro ase un soplido horrible por los pedales cuando piso el freno y se pone duro como fierro solido. El mecanico le puso la pistola de bacio y la aguja no sube nada de nada porque la bolsa de adentro del tambor negro esta rota.,ERROR_ORTOGRAFICO,prueba_pistola_vacio,soplido_pedales|duro_fierro_solido|pistola_vacio_no_retiene|bolsa_rota,falla_liquido_frenos,,NO,SI,Fuga hidraulica o aire en el sistema de frenos,SINTETICO_IA,L3 pistola Mityvac no genera vacío por diafragma roto con ortografía informal.
F10-L06-0114,G29-L3-09,Falla en servofreno (booster) o linea de vacio,FRENOS,L3,"Inspección de servofreno de doble diafragma en vehículo pesado: al aplicar fuerza de 40 kg sobre el pedal la presión hidráulica generada en la salida del cilindro maestro alcanza apenas 35 bar (especificación con asistencia normal 95 a 110 bar). El vacío de alimentación desde el múltiple mide 22 inHg correcto, diagnosticándose rotura del sello interno del émbolo de reacción.",TECNICO,banco_pruebas_presion_hidraulica,fuerza_40kg_genera_solo_35bar_vs_100bar|vacio_22inhg_ok|sello_embolo_roto,falla_bomba_principal,,NO,SI,Fuga hidraulica o aire en el sistema de frenos,SINTETICO_IA,L3 presión de salida 35 bar vs 100 bar con vacío OK descarta bomba.
F10-L06-0115,G29-L3-10,Falla en servofreno (booster) o linea de vacio,FRENOS,L3,"Buenas, en mi camioneta Ford el freno se puso duro y no frena casi nada. En el taller revisaron y la bomba de vacío mecánica que va pegada al motor se amarró y partió la faja chica que la mueve. Las 4 ruedas tienen pastillas con media vida y no hay fuga de líquido.",WHATSAPP,bomba_vacio_amarrada_faja_rota,freno_duro_no_frena|bomba_vacio_amarrada|faja_rota|pastillas_media_vida_sin_fuga,desgaste_pastillas,,NO,SI,Desgaste de pastillas y zapatas de freno,SINTETICO_IA,L3 gripado de depresor mecánico con faja rota descartando pastillas.
F10-L06-0116,G29-L3-11,Falla en servofreno (booster) o linea de vacio,FRENOS,L3,Evaluación de tiempo de respuesta de asistencia neumática: tras soltar el pedal de freno el tiempo de restablecimiento de vacío en la cámara posterior tarda 4.8 segundos (especificación menor a 0.5 s) debido a colapso parcial de la válvula de aireación atmosférica con filtro de fieltro colmatado de lodo seco bajo el pedalier.,TECNICO,tiempo_restablecimiento_vacio,tiempo_4_8s_vs_0_5s|filtro_fieltro_colmatado_lodo|valvula_aireacion_lenta,falla_caliper_pegado,,NO,SI,Caliper de freno trabado o mordaza pegada (piston agarrotado),SINTETICO_IA,L3 filtro de fieltro sucio demora restablecimiento de vacío a 4.8s.
F10-L06-0117,G29-L3-12,Falla en servofreno (booster) o linea de vacio,FRENOS,L3,DTC P0555 en vehículo con motor EcoBoost; el sensor de presión del servofreno registra voltaje fijo de 0.2V indicando circuito abierto en línea de 5V de referencia. Al corregir el cableado el sensor mide 28 kPa absolutos confirmando que la asistencia mecánica de vacío está operativa y el pedal responde suavemente.,TECNICO,diagnostico_linea_5v_p0555,dtc_p0555|voltaje_0_2v_referencia_abierta|presion_28kpa_operativa,falla_booster_mecanico,P0555,NO,NO,,SINTETICO_IA,L3 código P0555 por circuito eléctrico del sensor con vacío OK.
F10-L06-0118,G29-L3-13,Falla en servofreno (booster) o linea de vacio,FRENOS,L3,El cliente ingresa manifestando que para frenar el vehículo debe apoyarse contra el respaldo del asiento con toda su fuerza. Se midió carrera de pedal encontrando solo 25 mm de desplazamiento rígido sin rebote elástico. Al desmontar el booster se descubrió corrosión severa en el resorte de retorno interior y oxidación en las paredes del cilindro por ingreso de agua de lluvia por el torpedo.,TALLER,desarme_booster_oxido_torpedo,fuerza_extrema_apoyo_respaldo|carrera_25mm_rigida|resorte_oxidado_agua_torpedo,falla_bomba_frenos,,NO,SI,Fuga hidraulica o aire en el sistema de frenos,SINTETICO_IA,L3 corrosión interna por ingreso de agua de torpedo.
F10-L06-0119,G29-L3-14,Falla en servofreno (booster) o linea de vacio,FRENOS,L3,"Frenos endurecidos en motor diésel Common Rail tras cambio de alternador. Se verificó que el tubo de retorno de aceite de la bomba de vacío mecánica quedó estrangulado por mala posición, provocando contrapresión de lubricación que trabó las paletas rotativas del depresor impidiendo generar más de 2 inHg de vacío.",TECNICO,tubo_retorno_estrangulado_depresor,tubo_retorno_aceite_estrangulado|contrapresion_traba_paletas|vacio_2inhg,falla_alternador,,NO,NO,,SINTETICO_IA,L3 estrangulamiento de retorno de aceite anula depresor a 2 inHg.
F10-L06-0120,G29-L3-15,Falla en servofreno (booster) o linea de vacio,FRENOS,L3,Prueba de esfuerzo en pedal dinamométrico: para alcanzar desaceleración de 0.6 G se requieren 680 N de fuerza sobre el pedal (especificación con servofreno operativo 180 a 220 N). La línea de vacío registra 0 inHg debido a que el eyector venturi montado en la admisión se taponó con residuos carbonosos del sistema PCV.,TALLER,pedal_dinamometrico_680n_fuerza,fuerza_680n_vs_200n|desaceleracion_0_6g|eyector_venturi_taponado_pcv,desgaste_pastillas,,NO,SI,Desgaste de pastillas y zapatas de freno,SINTETICO_IA,L3 pedal dinamométrico requiere 680 N por eyector venturi taponado.
F10-L06-0121,G30-L1-01,Fuga hidraulica o aire en el sistema de frenos,FRENOS,L1,El pedal del freno se siente esponjoso y se va hasta el fondo.,COTIDIANO,frenado,pedal_esponjoso_se_hunde,,,SI,NO,,SINTETICO_IA,L1 pedal esponjoso con recorrido al piso.
F10-L06-0122,G30-L1-02,Fuga hidraulica o aire en el sistema de frenos,FRENOS,L1,"Hola, prendió la luz roja de freno en el tablero y encontré un charquito aceitoso.",WHATSAPP,estacionamiento,luz_freno_roja|charco_aceitoso,,,SI,NO,,SINTETICO_IA,L1 testigo de líquido y goteo visible.
F10-L06-0123,G30-L1-03,Fuga hidraulica o aire en el sistema de frenos,FRENOS,L1,Tengo que bombear dos o tres veces el pedal para que recién agarre freno.,COTIDIANO,frenado_urbano,bombear_pedal_para_frenar,,,SI,NO,,SINTETICO_IA,L1 necesidad de bombear delata aire.
F10-L06-0124,G30-L1-04,Fuga hidraulica o aire en el sistema de frenos,FRENOS,L1,Estando parado en el semáforo el pedal se va bajando despacito contra el piso.,TALLER,parada_semaforo,pedal_hundiendose_lentamente,,,SI,NO,,SINTETICO_IA,L1 bypass interno en cilindro maestro.
F10-L06-0125,G30-L1-05,Fuga hidraulica o aire en el sistema de frenos,FRENOS,L1,Pérdida de presión hidráulica estática y carrera muerta excesiva del actuador.,TECNICO,diagnostico,perdida_presion_hidraulica|carrera_muerta,,,SI,NO,,SINTETICO_IA,L1 reporte técnico de despresurización.
F10-L06-0126,G30-L1-06,Fuga hidraulica o aire en el sistema de frenos,FRENOS,L1,El depósito del líquido de frenos se vació por completo de un día para otro.,COTIDIANO,revision_niveles,deposito_liquido_vacio,,,SI,NO,,SINTETICO_IA,L1 pérdida total de fluido hidráulico.
F10-L06-0127,G30-L1-07,Fuga hidraulica o aire en el sistema de frenos,FRENOS,L1,Se siente un tacto gomoso elástico en el pie y frena muy abajo casi al suelo.,COTIDIANO,frenado_rutina,tacto_gomoso_elastico|frena_muy_abajo,,,SI,NO,,SINTETICO_IA,L1 compresibilidad por aire en cañerías.
F10-L06-0128,G30-L1-08,Fuga hidraulica o aire en el sistema de frenos,FRENOS,L1,Mi pedal de freno se ba al piso y tengo que bombiar para que frene algo.,ERROR_ORTOGRAFICO,frenado,pedal_al_piso|bombear_para_frenar,,,SI,NO,,SINTETICO_IA,L1 pedal al piso con ortografía informal.
F10-L06-0129,G30-L1-09,Fuga hidraulica o aire en el sistema de frenos,FRENOS,L1,"Buenas, cambiaron pastillas y desde ahí el pedal quedó aguado sin fuerza.",WHATSAPP,post_cambio_pastillas,pedal_aguado_post_servicio,,,SI,NO,,SINTETICO_IA,L1 purga incompleta tras mantenimiento.
F10-L06-0130,G30-L1-10,Fuga hidraulica o aire en el sistema de frenos,FRENOS,L1,Compresibilidad volumétrica de fluido hidráulico por presencia de burbujas de gas.,TECNICO,inspeccion,compresibilidad_fluido|burbujas_gas,,,SI,NO,,SINTETICO_IA,L1 reporte técnico de aire en circuito.
F10-L06-0131,G30-L2-01,Fuga hidraulica o aire en el sistema de frenos,FRENOS,L2,Pedal de freno esponjoso que se hunde hasta la alfombra al mantenerlo pisado en semáforo; al bombear 3 veces recupera altura firme por unos segundos.,COTIDIANO,parada_prolongada,pedal_hunde_alfombra|recupera_al_bombear,pedal_duro_booster,,NO,SI,Falla en servofreno (booster) o linea de vacio,SINTETICO_IA,L2 recuperación por bombeo confirma aire o fuga interna vs booster.
F10-L06-0132,G30-L2-02,Fuga hidraulica o aire en el sistema de frenos,FRENOS,L2,Mancha aceitosa de líquido de frenos DOT 4 en la cara interna del neumático trasero derecho; el guardapolvo del bombín de rueda está rezumando fluido.,TALLER,inspeccion_elevador,mancha_liquido_dot4_neumatico|bombin_rezumando,fuga_grasa_rodamiento,,NO,SI,Caliper de freno trabado o mordaza pegada (piston agarrotado),SINTETICO_IA,L2 bombín con fuga visible en freno de tambor.
F10-L06-0133,G30-L2-03,Fuga hidraulica o aire en el sistema de frenos,FRENOS,L2,El nivel de líquido en el reservorio cae por debajo del mínimo cada semana; la manguera flexible de freno delantera izquierda tiene una hernia que se infla.,TECNICO,inspeccion_flexibles,nivel_bajo_semanal|hernia_manguera_flexible,desgaste_pastillas,,NO,SI,Desgaste de pastillas y zapatas de freno,SINTETICO_IA,L2 manguera flexible deformada dilata volumen.
F10-L06-0134,G30-L2-04,Fuga hidraulica o aire en el sistema de frenos,FRENOS,L2,"Hola maestro, ayer le purgaron los frenos a mi carro pero el pedal sigue gomoso y frena muy abajo; no hay fuga en ninguna rueda y el nivel no baja.",WHATSAPP,post_purga_incompleta,pedal_gomoso_post_purga|frena_abajo|sin_fuga_nivel_ok,falla_pastillas,,NO,SI,Falla en servofreno (booster) o linea de vacio,SINTETICO_IA,L2 aire atrapado en módulo de válvulas o cañería.
F10-L06-0135,G30-L2-05,Fuga hidraulica o aire en el sistema de frenos,FRENOS,L2,Cilindro maestro de frenos con copela primaria dañada; el líquido recircula internamente entre cámaras provocando que el pedal se desplace lentamente al fondo.,TECNICO,prueba_estatica_bomba,copela_primaria_danada|bypass_interno_liquido|pedal_al_fondo,falla_servofreno,,NO,SI,Falla en servofreno (booster) o linea de vacio,SINTETICO_IA,L2 bypass interno sin fuga externa visible.
F10-L06-0136,G30-L2-06,Fuga hidraulica o aire en el sistema de frenos,FRENOS,L2,En frenada de emergencia el pedal se fue hasta el tope con encendido del testigo rojo de advertencia de frenos; se localizó tubo metálico de freno picado por óxido.,COTIDIANO,frenada_emergencia,pedal_al_tope|testigo_rojo_frenos|tubo_metalico_picado,falla_abs,,NO,NO,,SINTETICO_IA,L2 rotura de cañería rígida por corrosión.
F10-L06-0137,G30-L2-07,Fuga hidraulica o aire en el sistema de frenos,FRENOS,L2,"Al mantener presionado el pedal con 20 kg de fuerza constante con el motor encendido, el pedal cede 60 mm en 10 segundos confirmando pérdida de estanqueidad.",TALLER,prueba_fuerza_constante,pedal_cede_60mm_10seg|perdida_estanqueidad,pastillas_desgastadas,,NO,SI,Desgaste de pastillas y zapatas de freno,SINTETICO_IA,L2 prueba metrológica de carrera de pedal.
F10-L06-0138,G30-L2-08,Fuga hidraulica o aire en el sistema de frenos,FRENOS,L2,Mi carro casi no frena y el pedal se ba al suelo blandito. En la llanta de atras gotea liquido transparente con olor dulzon penetrante.,ERROR_ORTOGRAFICO,goteo_rueda_trasera,pedal_al_suelo_blandito|gotea_liquido_dulzon,falla_booster,,NO,SI,Falla en servofreno (booster) o linea de vacio,SINTETICO_IA,L2 fuga de fluido con ortografía informal.
F10-L06-0139,G30-L2-09,Fuga hidraulica o aire en el sistema de frenos,FRENOS,L2,"Buenas, cambié los calipers traseros y no usaron escáner para purgar el módulo ABS; el pedal quedó completamente esponjoso y sin mordida inicial.",WHATSAPP,purga_sin_escaner_abs,pedal_esponjoso_falta_purga_abs|sin_mordida,falla_sensor_abs,,NO,SI,Falla en sensor de velocidad de rueda ABS,SINTETICO_IA,L2 aire atrapado en acumulador secundario de ABS.
F10-L06-0140,G30-L2-10,Fuga hidraulica o aire en el sistema de frenos,FRENOS,L2,Arandela de cobre de unión banjo en la pinza delantera con fuga por falta de apriete; rezuma burbujas diminutas al presionar el pedal con fuerza.,TECNICO,inspeccion_union_banjo,arandela_cobre_rezuma|burbujas_al_pisar_freno,caliper_trabado,,NO,SI,Caliper de freno trabado o mordaza pegada (piston agarrotado),SINTETICO_IA,L2 fuga por unión banjo con entrada de aire.
F10-L06-0141,G30-L2-11,Fuga hidraulica o aire en el sistema de frenos,FRENOS,L2,Testigo luminoso de freno de mano y nivel bajo de fluido encendido intermitente en aceleraciones y curvas; nivel de líquido al ras del sensor de flotador.,COTIDIANO,curvas_y_aceleracion,testigo_freno_parpadea_curvas|nivel_ras_flotador,freno_mano_activado,,NO,NO,,SINTETICO_IA,L2 sensor de nivel bajo activado en curvas.
F10-L06-0142,G30-L2-12,Fuga hidraulica o aire en el sistema de frenos,FRENOS,L2,Tornillo de purga (sangrador) de la mordaza trasera derecha barrido en su rosca; permite entrada de aire por depresión al soltar el pedal de freno.,TALLER,inspeccion_sangrador,sangrador_rosca_barrida|entrada_aire_depresion,falla_pastillas,,NO,NO,,SINTETICO_IA,L2 sangrador defectuoso ingresa aire al retornar pedal.
F10-L06-0143,G30-L2-13,Fuga hidraulica o aire en el sistema de frenos,FRENOS,L2,Pérdida de presión en circuito diagonal secundario en prueba de doble circuito; el pedal baja 70% de su carrera antes de lograr frenada de emergencia.,TECNICO,prueba_circuito_diagonal,circuito_diagonal_sin_presion|pedal_baja_70_porciento,falla_servofreno,,NO,SI,Falla en servofreno (booster) o linea de vacio,SINTETICO_IA,L2 falla de un circuito hidráulico tándem.
F10-L06-0144,G30-L2-14,Fuga hidraulica o aire en el sistema de frenos,FRENOS,L2,Líquido de frenos con contenido de humedad superior al 4% medido con tester óptico; vapor lock en descenso de montaña provocó pedal al piso repentino.,COTIDIANO,descenso_montana,vapor_lock_pedal_al_piso|humedad_liquido_mayor_4_porciento,desgaste_pastillas,,NO,SI,Desgaste de pastillas y zapatas de freno,SINTETICO_IA,L2 ebullición de líquido degradado con vapor lock.
F10-L06-0145,G30-L2-15,Fuga hidraulica o aire en el sistema de frenos,FRENOS,L2,Retén del pistón de la mordaza delantera cuarteado; gotea líquido directamente sobre la pastilla de freno dejándola empapada e inoperativa.,TALLER,desarme_pinza_delantera,reten_piston_cuarteado_goteo|pastilla_empapada_liquido,caliper_pegado,,NO,SI,Caliper de freno trabado o mordaza pegada (piston agarrotado),SINTETICO_IA,L2 fuga por sello de émbolo con contaminación de ferodo.
F10-L06-0146,G30-L3-01,Fuga hidraulica o aire en el sistema de frenos,FRENOS,L3,Vehículo ingresa con pedal de frenos esponjoso que desciende progresivamente hasta el tope al mantener 15 bar de presión estática en detención. Se conectaron manómetros en las 4 ruedas comprobándose que al pisar el pedal la presión sube a 40 bar pero cae lentamente a 8 bar sin que exista ninguna gota de líquido de frenos exterior. Al desmontar el cilindro maestro tándem se constató que la copela primaria de caucho EPDM presenta fisuras longitudinales permitiendo bypass de fluido hacia el reservorio.,TECNICO,diagnostico_manometros_4_ruedas,presion_cae_40_a_8bar_sin_fuga_exterior|copela_epdm_fisurada|bypass_cilindro_maestro,falla_servofreno_booster,,NO,SI,Falla en servofreno (booster) o linea de vacio,SINTETICO_IA,L3 manómetros revelan caída de 40 a 8 bar por bypass interno en bomba.
F10-L06-0147,G30-L3-02,Fuga hidraulica o aire en el sistema de frenos,FRENOS,L3,Conductor reporta pérdida súbita de frenado al salir de la autopista con pedal al piso y encendido del testigo de falla en el tablero. Al elevar el auto se encontró el latiguillo flexible delantero derecho reventado longitudinalmente con malla textil expuesta y deshilachada. El depósito de líquido quedó completamente seco en la cámara primaria mientras que la cámara secundaria del tándem mantuvo 15 mm de líquido residual de seguridad.,TALLER,inspeccion_latiguillo_reventado,latiguillo_reventado_longitudinal|deposito_primario_seco|pedal_al_piso,falla_caliper,,NO,NO,,SINTETICO_IA,L3 rotura de flexible de goma por fatiga de material.
F10-L06-0148,G30-L3-03,Fuga hidraulica o aire en el sistema de frenos,FRENOS,L3,Camioneta presenta pedal gomoso tras reemplazo de módulo hidráulico ABS. Se realizó purga manual convencional bombeando 5 veces por rueda sin obtener mejora en la firmeza. Se procedió a conectar escáner automotriz activando la función de purga automatizada de válvulas solenoides y bomba de recirculación del ABS durante 60 segundos por ciclo; expulsó gran cantidad de microburbujas atrapadas en los acumuladores de baja presión recuperando pedal rígido a los 25 mm.,TECNICO,purga_automatizada_escaner_abs,purga_automatizada_abs_microburbujas|acumuladores_baja_presion|pedal_rigido_25mm,falla_sensor_abs,,NO,SI,Falla en sensor de velocidad de rueda ABS,SINTETICO_IA,L3 purga automatizada con escáner desaloja aire de válvulas ABS.
F10-L06-0149,G30-L3-04,Fuga hidraulica o aire en el sistema de frenos,FRENOS,L3,"Inspección de freno de tambor trasero en vehículo de carga ligera: el bombín hidráulico de rueda izquierda tiene los guardapolvos inflados de líquido y gotea hacia la parte inferior del plato portafrenos. El líquido de frenos empapó completamente las zapatas de fricción reduciendo la fuerza de frenado de esa rueda a solo 180 N (rueda derecha frena a 1250 N), generando un desequilibrio en frenómetro del 85% inaceptable.",TALLER,frenometro_desequilibrio_85_porciento,bombin_rezuma_zapatas_empapadas|desequilibrio_frenometro_85|fuerza_180n_vs_1250n,falla_desgaste_zapatas,,NO,SI,Desgaste de pastillas y zapatas de freno,SINTETICO_IA,L3 desequilibrio del 85% en frenómetro por contaminación con fluido.
F10-L06-0150,G30-L3-05,Fuga hidraulica o aire en el sistema de frenos,FRENOS,L3,"Hola maestro, tengo un Honda Civic. El pedal se me fue hasta abajo de golpe y se prendió el testigo del freno de mano. Encontraron que la cañería de fierro que va por debajo del chasis rozó con el protector de escape hasta que se abrió un huequito chiquito y por ahí salía un chorro a presión cada vez que pisaba el freno.",WHATSAPP,cañeria_metalica_rozada_chasis,pedal_abajo_de_golpe|testigo_freno_prendido|cañeria_fierro_perforada_chorro,falla_caliper,,NO,NO,,SINTETICO_IA,L3 cañería de acero perforada por fricción contra protector.
F10-L06-0151,G30-L3-06,Fuga hidraulica o aire en el sistema de frenos,FRENOS,L3,"Prueba de estanqueidad estática a 100 bar con manómetro en toma de cilindro maestro: tras aislar los 4 calipers con pinzas especiales de manguera, la aguja del manómetro desciende a razón de 4 bar por minuto con motor apagado. Al desmontar el cilindro maestro se encontró ralladura longitudinal profunda de 0.05 mm en el cilindro interno de aluminio mecanizado causada por viruta metálica proveniente de fábrica.",TECNICO,prueba_manometro_100bar_aislamiento,caida_4bar_minuto_aislado|ralladura_cilindro_maestro_0_05mm|fuga_interna,falla_servofreno,,NO,SI,Falla en servofreno (booster) o linea de vacio,SINTETICO_IA,L3 aislamiento con pinzas demuestra fuga interna en cilindro maestro.
F10-L06-0152,G30-L3-07,Fuga hidraulica o aire en el sistema de frenos,FRENOS,L3,Fenómeno de 'vapor lock' severo en descenso de puerto de montaña: el pedal de frenos se fue a la tabla sin resistencia mecánica. Se extrajo muestra del líquido de frenos registrando punto de ebullición húmedo de 128°C con refractómetro digital (norma DOT 4 exige mínimo 155°C) debido a 5.2% de contaminación por agua absorbida por higroscopía tras 4 años sin reemplazo de fluido.,TECNICO,analisis_refractometro_ebullicion_128c,vapor_lock_pedal_a_tabla|ebullicion_128c_bajo_155c|5_2_porciento_agua_dot4,desgaste_pastillas,,NO,SI,Desgaste de pastillas y zapatas de freno,SINTETICO_IA,L3 vapor lock por 5.2% de agua en DOT 4 con ebullición a 128°C.
F10-L06-0153,G30-L3-08,Fuga hidraulica o aire en el sistema de frenos,FRENOS,L3,Mi carro se quedo sin frenos y el pedal se batió hasta el piso. El mecanico saco la llanta delantera y la manguera flexible de jebe tenia un huevo soplado que revento y boto todo el liquido de frenos en la pista.,ERROR_ORTOGRAFICO,manguera_reventada,pedal_al_piso_sin_freno|manguera_jebe_huevo_soplado_revento,falla_pastillas,,NO,NO,,SINTETICO_IA,L3 hernia en flexible de goma con ortografía informal.
F10-L06-0154,G30-L3-09,Fuga hidraulica o aire en el sistema de frenos,FRENOS,L3,Evaluación de carrera muerta de pedal en banco de rodillos: se registra carrera libre de 45 mm antes de comenzar el aumento de presión en el circuito hidráulico (especificación máxima 15 mm). Al purgar con máquina presurizadora a 1.5 bar se extraen 3 bolsas de aire de aproximadamente 4 ml cada una desde la pinza trasera izquierda.,TALLER,purga_presurizadora_1_5bar,carrera_muerta_45mm_vs_15mm|extraccion_3_bolsas_aire_4ml|purga_1_5bar,desgaste_pastillas,,NO,SI,Desgaste de pastillas y zapatas de freno,SINTETICO_IA,L3 extracción de bolsas de aire de 4 ml con equipo presurizador.
F10-L06-0155,G30-L3-10,Fuga hidraulica o aire en el sistema de frenos,FRENOS,L3,"Buenas tardes, en mi camioneta Hilux el pedal de freno se siente blando y esponjoso; si bombeo dos veces frena arriba perfecto pero a los 10 segundos vuelve a caerse. En el taller revisaron y el bombín de la rueda trasera derecha tiene el sello roto y estaba llenando la campana de aceite de frenos.",WHATSAPP,diagnostico_hilux_bombin,pedal_blando_esponjoso|bombeo_dos_veces_frena|bombin_sello_roto_campana,caliper_trabado,,NO,SI,Caliper de freno trabado o mordaza pegada (piston agarrotado),SINTETICO_IA,L3 fuga en bombín trasero con recuperación momentánea al bombear.
F10-L06-0156,G30-L3-11,Fuga hidraulica o aire en el sistema de frenos,FRENOS,L3,"Falla de estanqueidad en válvula moduladora de presión de ABS: la electroválvula de descarga de la rueda trasera izquierda quedó parcialmente atascada en posición abierta por acumulación de sedimento gelatinoso de líquido de frenos degradado, permitiendo que la presión hidráulica escape hacia el acumulador de retorno durante el frenado normal.",TECNICO,analisis_electrovalvula_abs_abierta,valvula_descarga_abs_abierta_sedimento|presion_escapa_acumulador,falla_sensor_abs,,NO,SI,Falla en sensor de velocidad de rueda ABS,SINTETICO_IA,L3 sedimento atasca electroválvula de descarga en módulo ABS.
F10-L06-0157,G30-L3-12,Fuga hidraulica o aire en el sistema de frenos,FRENOS,L3,Conector roscado de tubo rígido en la entrada de la pinza delantera izquierda falseado por sobretorque previo; al aplicar 60 bar de presión con el pedal el líquido sale pulverizado en forma de niebla fina provocando caída instantánea de presión en el circuito primario.,TALLER,prueba_presion_niebla_fuga,sobretorque_rosca_falseada|niebla_pulverizada_liquido_60bar|caida_presion,caliper_pegado,,NO,SI,Caliper de freno trabado o mordaza pegada (piston agarrotado),SINTETICO_IA,L3 pulverización a 60 bar por rosca barrida en cáliper.
F10-L06-0158,G30-L3-13,Fuga hidraulica o aire en el sistema de frenos,FRENOS,L3,"Medición de rigidez volumétrica de mangueras flexibles de freno con manómetro de precisión: dilatación volumétrica de 0.45 cm3 a 100 bar (especificación OEM menor a 0.15 cm3) en mangueras envejecidas tras 120,000 km, absorbiendo el recorrido del pedal sin generar fuerza de frenado efectiva.",TECNICO,dilatacion_volumetrica_mangueras,dilatacion_0_45cm3_vs_0_15cm3|absorcion_recorrido_pedal|mangueras_envejecidas,falla_servofreno,,NO,SI,Falla en servofreno (booster) o linea de vacio,SINTETICO_IA,L3 dilatación volumétrica excesiva de mangueras simula pedal esponjoso.
F10-L06-0159,G30-L3-14,Fuga hidraulica o aire en el sistema de frenos,FRENOS,L3,"El cliente ingresa indicando que el testigo del freno se encendió y el pedal se hunde al pisar. Se constató pérdida de líquido a través del sensor de presión diferencial del distribuidor de frenos (válvula dosificadora), el cual presenta fuga por el conector eléctrico plástico despegado.",TALLER,fuga_valvula_dosificadora,perdida_sensor_presion_diferencial|conector_despegado|pedal_hunde,falla_interruptor_freno,,NO,NO,,SINTETICO_IA,L3 fuga por cuerpo de válvula dosificadora de presión.
F10-L06-0160,G30-L3-15,Fuga hidraulica o aire en el sistema de frenos,FRENOS,L3,Doble falla de circuito hidráulico: pérdida total del circuito delantero por corte de flexible con respuesta exclusiva del circuito trasero al 30% de capacidad; pedal desciende hasta el interruptor de stop con encendido del indicador de avería de frenos en cuadro de instrumentos.,TECNICO,analisis_doble_circuito_remanente,corte_flexible_delantero|remanente_trasero_30_porciento|pedal_hasta_tope,falla_bomba_vacio,,NO,SI,Falla en servofreno (booster) o linea de vacio,SINTETICO_IA,L3 aislamiento de falla de circuito delantero con remanente trasero.
F10-L06-0161,G31-L1-01,Falla en sensor de velocidad de rueda ABS,FRENOS,L1,Se prendió la luz amarilla del ABS en el tablero y no se apaga.,COTIDIANO,contacto,testigo_abs_encendido,,,SI,NO,,SINTETICO_IA,L1 testigo ABS encendido.
F10-L06-0162,G31-L1-02,Falla en sensor de velocidad de rueda ABS,FRENOS,L1,"Hola, cuando freno despacito antes de parar el pedal empieza a temblar como loco.",WHATSAPP,baja_velocidad,pedal_tiembla_baja_velocidad,,,SI,NO,,SINTETICO_IA,L1 falso disparo de ABS en seco.
F10-L06-0163,G31-L1-03,Falla en sensor de velocidad de rueda ABS,FRENOS,L1,Aparecen prendidos juntos el foco del ABS y el carrito derrapando.,COTIDIANO,marcha,testigo_abs_y_control_traccion,,,SI,NO,,SINTETICO_IA,L1 ABS y control de tracción inhabilitados.
F10-L06-0164,G31-L1-04,Falla en sensor de velocidad de rueda ABS,FRENOS,L1,El velocímetro a veces se cae a cero mientras voy andando en la pista.,COTIDIANO,velocidad_crucero,velocimetro_cae_a_cero,,,SI,NO,,SINTETICO_IA,L1 señal de rueda perdida afecta odómetro.
F10-L06-0165,G31-L1-05,Falla en sensor de velocidad de rueda ABS,FRENOS,L1,Código de falla de sensor de velocidad de rueda activo en módulo de frenos.,TECNICO,diagnostico,falla_sensor_velocidad_rueda,,,SI,NO,,SINTETICO_IA,L1 reporte técnico de sensor WSS.
F10-L06-0166,G31-L1-06,Falla en sensor de velocidad de rueda ABS,FRENOS,L1,Siento un zapateo en el freno al doblar despacio en las esquinas.,TALLER,giro_baja_velocidad,zapateo_freno_al_doblar,,,SI,NO,,SINTETICO_IA,L1 cable con falso contacto en giro.
F10-L06-0167,G31-L1-07,Falla en sensor de velocidad de rueda ABS,FRENOS,L1,Se desactivó el control de estabilidad y el asistente de arranque en pendiente.,COTIDIANO,arranque,control_estabilidad_desactivado,,,SI,NO,,SINTETICO_IA,L1 funciones ESP dependientes de WSS inoperativas.
F10-L06-0168,G31-L1-08,Falla en sensor de velocidad de rueda ABS,FRENOS,L1,Prendio el foco del ABS y el pedal patea feo al frenar en el semaforo.,ERROR_ORTOGRAFICO,detencion,foco_abs_prendido|pedal_patea,,,SI,NO,,SINTETICO_IA,L1 foco ABS y pataleo con ortografía informal.
F10-L06-0169,G31-L1-09,Falla en sensor de velocidad de rueda ABS,FRENOS,L1,"Buenas, cambiaron el rodamiento de rueda y al salir del taller se prendió el ABS.",WHATSAPP,post_cambio_rodamiento,abs_prendido_post_rodamiento,,,SI,NO,,SINTETICO_IA,L1 rodaje colocado al revés sin pista magnética.
F10-L06-0170,G31-L1-10,Falla en sensor de velocidad de rueda ABS,FRENOS,L1,Pérdida de señal de frecuencia alterna en captador magnético de rueda delantera.,TECNICO,inspeccion,perdida_senal_captador_magnetico,,,SI,NO,,SINTETICO_IA,L1 reporte técnico de pérdida de pulso inductivo.
F10-L06-0171,G31-L2-01,Falla en sensor de velocidad de rueda ABS,FRENOS,L2,Luz de ABS encendida fija con DTC C0035 en escáner; al frenar a más de 40 km/h los frenos funcionan con normalidad pero sin antibloqueo en piso húmedo.,COTIDIANO,frenado_mojado,testigo_abs_dtc_c0035|freno_convencional_ok,falla_hidraulica_frenos,C0035,NO,SI,Fuga hidraulica o aire en el sistema de frenos,SINTETICO_IA,L2 DTC C0035 sensor delantero izquierdo con hidráulica sana.
F10-L06-0172,G31-L2-02,Falla en sensor de velocidad de rueda ABS,FRENOS,L2,Activación intempestiva del sistema ABS justo antes de detenerse a menos de 15 km/h en asfalto seco; la punta del sensor de rueda está saturada de limalla de hierro.,TALLER,frenado_15kmh_seco,activacion_abs_baja_velocidad|punta_sensor_limalla_hierro,falla_discos_freno,,NO,SI,Discos de freno alabeados o desgastados,SINTETICO_IA,L2 limalla en captador inductivo distorsiona señal a baja velocidad.
F10-L06-0173,G31-L2-03,Falla en sensor de velocidad de rueda ABS,FRENOS,L2,DTC C0040 referente a circuito del sensor de velocidad delantero derecho; el cableado del sensor se peló por roce contra la llanta en virajes cerrados.,TECNICO,inspeccion_cableado,dtc_c0040|cable_sensor_pelado_roce_llanta,falla_pastillas,C0040,NO,NO,,SINTETICO_IA,L2 código C0040 por daño mecánico en cableado.
F10-L06-0174,G31-L2-04,Falla en sensor de velocidad de rueda ABS,FRENOS,L2,"Hola, me cambiaron la bocina de rueda trasera y se prendió el ABS; el mecánico puso el rodaje con la banda magnética hacia afuera y el sensor no lee nada.",WHATSAPP,post_cambio_bocina_rueda,abs_prendido_banda_magnetica_al_reves,falla_sensor_abs_quemado,,NO,NO,,SINTETICO_IA,L2 rodamiento con pista de ferrita montado invertido.
F10-L06-0175,G31-L2-05,Falla en sensor de velocidad de rueda ABS,FRENOS,L2,Lectura de escáner en línea de datos en vivo: la rueda trasera izquierda marca 0 km/h constantes mientras las otras tres ruedas marcan 60 km/h coherentes.,TECNICO,linea_datos_velocidad_rueda,rueda_trasera_0kmh_vs_60kmh_otras|dtc_c0045,falla_tablero,C0045,NO,SI,Discos de freno alabeados o desgastados,SINTETICO_IA,L2 rueda a 0 km/h en escáner con DTC C0045.
F10-L06-0176,G31-L2-06,Falla en sensor de velocidad de rueda ABS,FRENOS,L2,"El pedal de freno vibra con un zumbido eléctrico en frenadas suaves; los discos y pastillas son nuevos y no tienen alabeo, pero la luz del ABS parpadea.",COTIDIANO,frenada_suave,pedal_vibra_zumbido_electrico|luz_abs_parpadea,discos_alabeados,,NO,SI,Discos de freno alabeados o desgastados,SINTETICO_IA,L2 trepidación eléctrica ABS vs vibración mecánica de disco.
F10-L06-0177,G31-L2-07,Falla en sensor de velocidad de rueda ABS,FRENOS,L2,Aro reluctor dentado de la junta homocinética fisurado y con dos dientes doblados por impacto de piedra; provoca señal errática de velocidad de rueda.,TALLER,inspeccion_homocinetica,aro_dentado_fisurado_impacto|dientes_doblados,falla_semieje,,NO,NO,,SINTETICO_IA,L2 aro fónico roto altera frecuencia de pulsos.
F10-L06-0178,G31-L2-08,Falla en sensor de velocidad de rueda ABS,FRENOS,L2,Mi camioneta prendio la luz del ABS y el control de traccion derrapando. Al escanear salio codigo C0050 del sensor de rueda trasera derecha.,ERROR_ORTOGRAFICO,lectura_escaner,luz_abs_control_traccion|dtc_c0050_sensor_trasero,falla_4x4,C0050,NO,NO,,SINTETICO_IA,L2 código C0050 con ortografía informal.
F10-L06-0179,G31-L2-09,Falla en sensor de velocidad de rueda ABS,FRENOS,L2,"Buenas maestro, en lluvia al frenar suave el carro patalea el pedal y sale aviso de revisar sistema de frenos; los discos están lisitos sin desgaste.",WHATSAPP,frenado_lluvia,pataleo_pedal_lluvia|aviso_revisar_frenos|discos_lisos,falla_pastillas,,NO,SI,Discos de freno alabeados o desgastados,SINTETICO_IA,L2 falso disparo ABS en piso húmedo con discos lisos.
F10-L06-0180,G31-L2-10,Falla en sensor de velocidad de rueda ABS,FRENOS,L2,Sensor de velocidad tipo Hall con resistencia interna abierta infinita medida con multímetro en sus pines; tensión de alimentación de 12V desde el módulo ABS correcta.,TECNICO,medicion_resistencia_multimetro,resistencia_infinita_sensor|alimentacion_12v_ok,falla_modulo_abs,,NO,NO,,SINTETICO_IA,L2 sensor de rueda abierto con alimentación de 12V presente.
F10-L06-0181,G31-L2-11,Falla en sensor de velocidad de rueda ABS,FRENOS,L2,El testigo ABS enciende únicamente al girar la dirección a la izquierda a tope; el ramal de cable del sensor se tensa en exceso y abre el circuito.,COTIDIANO,giro_direccion_tope,testigo_abs_enciende_al_girar_izquierda|cable_tenso,falla_caja_direccion,,NO,NO,,SINTETICO_IA,L2 falla posicional por cable corto en suspensión.
F10-L06-0182,G31-L2-12,Falla en sensor de velocidad de rueda ABS,FRENOS,L2,Entrehierro (gap) entre el sensor de rueda y la corona dentada en 2.4 mm excesivo (tolerancia 0.5 a 1.2 mm) por corrosión que levantó el asiento del sensor.,TALLER,medicion_entrehierro_galgas,entrehierro_2_4mm_excesivo|asiento_levantado_oxido,falla_caliper,,NO,NO,,SINTETICO_IA,L2 entrehierro de 2.4 mm atenúa amplitud de señal.
F10-L06-0183,G31-L2-13,Falla en sensor de velocidad de rueda ABS,FRENOS,L2,El control de crucero adaptativo se desconecta solo y acusa código de incoherencia de velocidad de rueda en el eje delantero; pastillas y líquido en buen estado.,COTIDIANO,crucero_autopista,control_crucero_desconecta|incoherencia_velocidad_rueda,falla_pastillas_liquido,,NO,SI,Desgaste de pastillas y zapatas de freno,SINTETICO_IA,L2 control crucero afectado por lectura falsa de WSS.
F10-L06-0184,G31-L2-14,Falla en sensor de velocidad de rueda ABS,FRENOS,L2,Conector de 2 pines del sensor ABS delantero izquierdo sulfatado por ingreso de agua; resistencia de contacto de 450 ohms distorsiona la forma de onda.,TECNICO,inspeccion_conector_sulfatado,conector_2_pines_sulfatado_agua|resistencia_contacto_450ohm,falla_fusible,,NO,NO,,SINTETICO_IA,L2 sulfatación en conector genera caída de tensión.
F10-L06-0185,G31-L2-15,Falla en sensor de velocidad de rueda ABS,FRENOS,L2,El velocímetro digital oscila de forma errática entre 40 y 90 km/h al circular en autopista constante; la rueda fónica trasera tiene acumulación de barro y gravilla.,COTIDIANO,autopista_constante,velocimetro_oscila_erratico|rueda_fonica_barro_gravilla,falla_velocimetro,,NO,NO,,SINTETICO_IA,L2 barro en rueda fónica descalibra señal al cuadro.
F10-L06-0186,G31-L3-01,Falla en sensor de velocidad de rueda ABS,FRENOS,L3,En un Ford Focus con testigo ABS y ESP encendidos se registra DTC C0035 (Left Front Wheel Speed Sensor Circuit). Se conectó osciloscopio automotriz en los pines 1 y 2 del sensor captando señal en prueba de rodaje a 30 km/h: la onda cuadrada de corriente del sensor activo tipo magnetoresistivo entrega solo 4 mA en nivel bajo y 8 mA en nivel alto (especificación OEM 7 mA bajo y 14 mA alto). Al desmontar el sensor se constató fisura en la carcasa plástica con ingreso de agua y sales que degradaron el circuito integrado de detección.,TECNICO,osciloscopio_sensor_activo_4_a_8ma,dtc_c0035|onda_cuadrada_corriente_4_a_8ma_baja|sensor_activo_fisurado,falla_modulo_bcm,C0035,NO,NO,,SINTETICO_IA,L3 oscilograma de sensor activo de 4 a 8 mA vs 7 a 14 mA nominal.
F10-L06-0187,G31-L3-02,Falla en sensor de velocidad de rueda ABS,FRENOS,L3,"Vehículo presenta activación indeseada del pedal de freno con trepidación violenta a menos de 10 km/h en pavimento seco, deteniéndose 4 metros más largo de lo normal. En el escáner se graficaron las 4 ruedas en simultáneo: a 8 km/h la señal de la rueda delantera derecha colapsa a 0 km/h prematuramente mientras las otras 3 mantienen lectura decreciente lineal correcta. Se inspeccionó el sensor inductivo comprobándose acumulación de 3 mm de polvo ferroso magnético en la punta que amortigua la inducción a baja velocidad.",TALLER,grafica_4_ruedas_escaner_8kmh,trepidacion_frenado_10kmh|rueda_derecha_cae_a_0kmh|polvo_ferroso_sensor,discos_freno_alabeados,,NO,SI,Discos de freno alabeados o desgastados,SINTETICO_IA,L3 gráfica de 4 ruedas delata caída prematura a 0 km/h por polvo ferroso.
F10-L06-0188,G31-L3-03,Falla en sensor de velocidad de rueda ABS,FRENOS,L3,"Chevrolet Cruze ingresa tras reemplazo de rodamiento delantero con DTC C0040 y C0035. Con tarjeta detectora de polaridad magnética se verificó el rodamiento nuevo de rueda, constatándose que el taller instaló un rodamiento genérico sin encoder magnético integrado (60 polos magnéticos ausentes en el sello). Al cambiar por el rodaje con pista codificada original el módulo ABS reconoció la señal instantáneamente borrando el código permanente.",TECNICO,prueba_tarjeta_detectora_polos,dtc_c0040|rodamiento_sin_encoder_magnetico|60_polos_ausentes,falla_modulo_abs,C0040,NO,NO,,SINTETICO_IA,L3 tarjeta reveladora confirma ausencia de encoder de 60 polos en rodamiento.
F10-L06-0189,G31-L3-04,Falla en sensor de velocidad de rueda ABS,FRENOS,L3,"Conductor reporta que al frenar a alta velocidad el timón no vibra pero el pedal zapatea erráticamente con la luz de frenos destellando. Se midió el alabeo de discos arrojando 0.02 mm perfecto. Al inspeccionar el semieje delantero se descubrió que el aro reluctor fónico de 48 dientes tiene una fisura por fatiga que ensanchó el espacio entre dos dientes a 4.2 mm (paso normal 2.1 mm), generando un pulso faltante periódico que la ECU interpreta como bloqueo ficticio de rueda.",TALLER,inspeccion_aro_fonico_fisurado,aro_reluctor_fisurado_paso_4_2mm|pulso_faltante_bloqueo_falso|disco_0_02mm_ok,discos_alabeados,,NO,SI,Discos de freno alabeados o desgastados,SINTETICO_IA,L3 fisura en aro fónico de 48 dientes simula bloqueo ficticio de rueda.
F10-L06-0190,G31-L3-05,Falla en sensor de velocidad de rueda ABS,FRENOS,L3,"Hola maestro, tengo un Sentra. En las mañanas arranco y todo bien, pero apenas paso los 50 km/h se prende el testigo del ABS y el de derrape. El mecánico le metió escáner y sale sensor de rueda trasera izquierda C0045; le midió la señal con una pantallita y la onda se corta cada vez que agarro un bache porque el cable estaba quebrado por dentro.",WHATSAPP,diagnostico_sentra_bache,abs_derrape_a_50kmh|dtc_c0045_sensor_trasero|onda_se_corta_en_bache|cable_quebrado,falla_amortiguadores,C0045,NO,NO,,SINTETICO_IA,L3 código C0045 por cable con quiebre interno intermitente en baches.
F10-L06-0191,G31-L3-06,Falla en sensor de velocidad de rueda ABS,FRENOS,L3,Análisis con osciloscopio digital automotriz de sensor inductivo pasivo de rueda delantera: a 40 km/h la señal senoidal entrega 1.8 Vpp (especificación 1.5 a 2.5 Vpp) pero presenta una modulación de amplitud sinusoidal de 0.6 Vpp a 3.2 Vpp por cada vuelta completa de la rueda. La medición de concentricidad del aro fónico montado en la homocinética reveló descentramiento radial de 0.85 mm por golpe en el palier.,TECNICO,osciloscopio_modulacion_amplitud_radial,amplitud_oscila_0_6_a_3_2vpp|descentramiento_radial_0_85mm_aro_fonico,falla_homocinetica,,NO,NO,,SINTETICO_IA,L3 modulación de amplitud de 0.6 a 3.2 Vpp por descentramiento de 0.85 mm.
F10-L06-0192,G31-L3-07,Falla en sensor de velocidad de rueda ABS,FRENOS,L3,DTC C0050 y C0226 en camioneta 4x4; el sensor de velocidad de rueda trasera derecha presenta voltaje de polarización de 11.8V desde el calculador ABS pero no genera conmutación de corriente al girar la rueda a mano. Se midió el entrehierro con galgas de bronce encontrando 3.1 mm debido a que el soporte de fijación en el puente rígido se deformó por impacto contra una roca en camino de trocha.,TALLER,medicion_entrehierro_3_1mm_trocha,dtc_c0050_c0226|entrehierro_3_1mm_vs_1_0mm|soporte_deformado_roca,falla_diferencial,C0050,NO,NO,,SINTETICO_IA,L3 soporte deformado genera entrehierro de 3.1 mm con DTC C0050.
F10-L06-0193,G31-L3-08,Falla en sensor de velocidad de rueda ABS,FRENOS,L3,Mi carro prendio el foco del ABS y el velocimetro se volvio loco subiendo y bajando. Le pusieron el escaner y salio codigo C0035 de rueda delantera. El mecanico saco el sensor y la punta estaba rajada y llena de oxido que no dejaba pasar la corriente.,ERROR_ORTOGRAFICO,escaner_c0035_velocimetro,foco_abs_prendido|velocimetro_loco|dtc_c0035|punta_rajada_oxido,falla_velocimetro,C0035,NO,NO,,SINTETICO_IA,L3 DTC C0035 con punta dañada con ortografía informal.
F10-L06-0194,G31-L3-09,Falla en sensor de velocidad de rueda ABS,FRENOS,L3,Interferencias electromagnéticas por inducción en la línea del sensor de rueda ABS: el cable blindado de señal perdió la malla de conexión a masa en el conector del pasamuros. En aceleración fuerte las descargas de alta tensión del sistema de encendido generan picos parásitos de 4V en la señal de rueda disparando falsamente el control de tracción TCS.,TECNICO,analisis_ruido_electromagnetico_tcs,picos_parasitos_4v_encendido|malla_blindaje_abierta|tcs_disparo_falso,falla_bujias_encendido,,NO,SI,Falla en bujias o bobinas de encendido (misfire),SINTETICO_IA,L3 picos parásitos de 4V por blindaje roto activan falso control de tracción.
F10-L06-0195,G31-L3-10,Falla en sensor de velocidad de rueda ABS,FRENOS,L3,"Buenas tardes, en el concesionario me diagnosticaron código C0040. Me dijeron que el módulo ABS está perfecto y que el problema es el sensor de la rueda derecha delantera que se quemó por recalentamiento de frenos cuando bajé la cordillera. Las pastillas se habían cristalizado por exceso de calor.",WHATSAPP,diagnostico_concesionario_calor,dtc_c0040_sensor_quemado_calor|modulo_abs_ok|pastillas_cristalizadas,desgaste_pastillas,C0040,NO,SI,Desgaste de pastillas y zapatas de freno,SINTETICO_IA,L3 sensor dañado térmicamente por recalentamiento de pastillas.
F10-L06-0196,G31-L3-11,Falla en sensor de velocidad de rueda ABS,FRENOS,L3,"Prueba de coherencia dinámica de velocidad de ruedas a 80 km/h: ruedas delanteras marcan 80.2 km/h y 80.5 km/h, pero la rueda trasera derecha registra saltos instantáneos de 80 a 35 km/h cada 12 segundos. Se desmontó el cubo de rueda detectándose que la pista magnética de neodimio se desprendió parcialmente en un arco de 40 grados del sello elastomérico.",TECNICO,analisis_coherencia_pista_neodimio,saltos_80_a_35kmh|desprendimiento_neodimio_40_grados|rueda_trasera,falla_diferencial,,NO,NO,,SINTETICO_IA,L3 desprendimiento de pista de neodimio genera caída de 80 a 35 km/h.
F10-L06-0197,G31-L3-12,Falla en sensor de velocidad de rueda ABS,FRENOS,L3,"DTC C0045 y C1201 con inhabilitación de ABS y reparto electrónico EBD; la tensión de alimentación de 12V al sensor trasero izquierdo se cae a 3.2V bajo carga por corrosión sulfatada en el pin 14 del conector intermedio de chasis bajo el asiento trasero, impidiendo la polarización del elemento Hall.",TECNICO,caida_tension_pin14_conector_chasis,dtc_c0045_c1201|alimentacion_cae_12_a_3_2v|sulfatacion_pin14,falla_cableado_general,C0045,NO,NO,,SINTETICO_IA,L3 caída de tensión a 3.2V por corrosión en conector de chasis con C0045.
F10-L06-0198,G31-L3-13,Falla en sensor de velocidad de rueda ABS,FRENOS,L3,Comportamiento anómalo en frenado sobre calzada seca: al frenar de 20 a 0 km/h el pedal patea y la distancia de parada se alarga 3 metros con sonido de carraca de la bomba ABS. Los discos no presentan alabeo (0.015 mm) y las pastillas tienen 9 mm; el sensor delantero izquierdo acusa pérdida de dientes por óxido exfoliado en la corona homocinética.,TALLER,prueba_frenado_seco_alargado,parada_alargada_3m|carraca_bomba_abs|discos_ok_0_015mm|corona_oxido_exfoliado,discos_alabeados,,NO,SI,Discos de freno alabeados o desgastados,SINTETICO_IA,L3 parada alargada 3m por carraca de ABS provocada por corona oxidada.
F10-L06-0199,G31-L3-14,Falla en sensor de velocidad de rueda ABS,FRENOS,L3,Incompatibilidad de señal de velocidad tras instalar neumático de diferente perfil en el eje trasero: neumático derecho 205/55R16 y neumático izquierdo 205/60R16 (diferencia de diámetro de 3.2%). El módulo ABS detecta diferencia continua de velocidad superior al umbral del 3% encendiendo el testigo por código de correlación de rueda.,TECNICO,diferencia_diametro_neumatico_3_2,neumaticos_diferente_perfil_3_2_porciento|diferencia_velocidad_umbral_3|codigo_correlacion,llantas_desbalanceadas,,NO,SI,Llantas desbalanceadas o desalineadas,SINTETICO_IA,L3 diferencia de rodadura del 3.2% simula falla de sensor de rueda.
F10-L06-0200,G31-L3-15,Falla en sensor de velocidad de rueda ABS,FRENOS,L3,Señal en rampa de sensor magneto-resistivo bidireccional (con detección de sentido de giro): el flanco de subida tarda 12 microsegundos en alcanzar nivel alto (especificación menor a 2 us) debido a degradación de capacitancia parásita en el cable de señal apantallado que se dobló en ángulo recto en el trapecio inferior.,TECNICO,analisis_flanco_subida_12us,flanco_subida_12us_lento|capacitancia_parasita_cable|degradacion_apantallado,falla_sensor_rueda,,NO,NO,,SINTETICO_IA,L3 degradación de flanco a 12 microsegundos por pinzamiento de cable.
F10-L06-0201,G32-L1-01,Falla en sistema de frenado regenerativo (EV / Hibridos),FRENOS,L1,En mi auto híbrido el indicador de carga ya no regenera energía al levantar el pie.,COTIDIANO,desaceleracion,sin_regeneracion_energia,,,SI,NO,,SINTETICO_IA,L1 pérdida de recarga regenerativa.
F10-L06-0202,G32-L1-02,Falla en sistema de frenado regenerativo (EV / Hibridos),FRENOS,L1,"Hola, apareció un aviso en la pantalla de frenado regenerativo deshabilitado.",WHATSAPP,marcha,aviso_frenado_regenerativo_deshabilitado,,,SI,NO,,SINTETICO_IA,L1 mensaje en cuadro de instrumentos.
F10-L06-0203,G32-L1-03,Falla en sistema de frenado regenerativo (EV / Hibridos),FRENOS,L1,El carro eléctrico se siente suelto al frenar y no desacelera con la fuerza de antes.,COTIDIANO,frenado_urbano,carro_suelto_no_desacelera,,,SI,NO,,SINTETICO_IA,L1 ausencia de frenado de un solo pedal.
F10-L06-0204,G32-L1-04,Falla en sistema de frenado regenerativo (EV / Hibridos),FRENOS,L1,Se siente un tirón tosco y feo justo cuando pasa del freno eléctrico al de disco.,TALLER,transicion_frenado,tiron_tosco_transicion_freno,,,SI,NO,,SINTETICO_IA,L1 fallo en mezcla blending de frenado.
F10-L06-0205,G32-L1-05,Falla en sistema de frenado regenerativo (EV / Hibridos),FRENOS,L1,Código de falla en la unidad de control de freno electrohidráulico del sistema híbrido.,TECNICO,diagnostico,falla_freno_electrohidraulico_hibrido,,,SI,NO,,SINTETICO_IA,L1 reporte técnico de ECB.
F10-L06-0206,G32-L1-06,Falla en sistema de frenado regenerativo (EV / Hibridos),FRENOS,L1,La bomba eléctrica de los frenos suena zumbando cada 5 segundos sin parar.,COTIDIANO,contacto,bomba_frenos_zumba_cada_5seg,,,SI,NO,,SINTETICO_IA,L1 acumulador perdiendo presión en híbrido.
F10-L06-0207,G32-L1-07,Falla en sistema de frenado regenerativo (EV / Hibridos),FRENOS,L1,Aparece un triángulo rojo con alarma de avería en el sistema de frenos híbrido.,COTIDIANO,encendido,triangulo_rojo_frenos_hibrido,,,SI,NO,,SINTETICO_IA,L1 aviso de alerta maestra híbrida.
F10-L06-0208,G32-L1-08,Falla en sistema de frenado regenerativo (EV / Hibridos),FRENOS,L1,Mi carro hibrido no frena con el motor y el pedal ase un click estraño.,ERROR_ORTOGRAFICO,desaceleracion,no_frena_con_motor|click_extranno_pedal,,,SI,NO,,SINTETICO_IA,L1 frenado regenerativo con ortografía informal.
F10-L06-0209,G32-L1-09,Falla en sistema de frenado regenerativo (EV / Hibridos),FRENOS,L1,"Buenas, el pedal de mi auto eléctrico se siente artificial y como desconectado.",WHATSAPP,frenado,pedal_freno_artificial_desconectado,,,SI,NO,,SINTETICO_IA,L1 simulador de carrera de pedal defectuoso.
F10-L06-0210,G32-L1-10,Falla en sistema de frenado regenerativo (EV / Hibridos),FRENOS,L1,Fallo de comunicación entre el inversor de tracción y el módulo de gestión de frenada regenerativa.,TECNICO,inspeccion,fallo_comunicacion_inversor_frenos,,,SI,NO,,SINTETICO_IA,L1 reporte técnico de bus CAN híbrido.
F10-L06-0211,G32-L2-01,Falla en sistema de frenado regenerativo (EV / Hibridos),FRENOS,L2,En un Toyota Prius con batería al 50% de carga no hay recuperación de energía en desaceleración; la barra de CHG no sube y salta el aviso 'Check Brake System'.,COTIDIANO,desaceleracion_50_soc,sin_recuperacion_energia_50soc|aviso_check_brake_system,bateria_100_soc,,NO,SI,Degradacion o falla en paquete de bateria de alto voltaje (EV / Hibridos),SINTETICO_IA,L2 falla con batería al 50% descarta limitación por batería llena.
F10-L06-0212,G32-L2-02,Falla en sistema de frenado regenerativo (EV / Hibridos),FRENOS,L2,DTC C1391 referente a pérdida anormal de presión en el acumulador del actuador de frenos de un Lexus híbrido; la bomba eléctrica trabaja continuamente cada 8 segundos.,TECNICO,diagnostico_actuador_frenos,dtc_c1391|perdida_presion_acumulador|bomba_activa_cada_8seg,falla_sensor_abs,C1391,NO,SI,Falla en sensor de velocidad de rueda ABS,SINTETICO_IA,L2 código C1391 por fuga interna en actuador electrohidráulico.
F10-L06-0213,G32-L2-03,Falla en sistema de frenado regenerativo (EV / Hibridos),FRENOS,L2,Transición brusca con golpe seco en el pedal al frenar suave de 30 a 10 km/h; el sistema no logra sincronizar el freno de regeneración con las pastillas hidráulicas.,TALLER,transicion_30_a_10kmh,golpe_seco_pedal_transicion|falla_sincronizacion_blending,discos_alabeados,,NO,SI,Discos de freno alabeados o desgastados,SINTETICO_IA,L2 fallo de blending entre frenado eléctrico y mecánico.
F10-L06-0214,G32-L2-04,Falla en sistema de frenado regenerativo (EV / Hibridos),FRENOS,L2,"Hola, en mi auto eléctrico Nissan Leaf el modo e-Pedal dejó de retener el carro; al soltar el acelerador se va libre como si estuviera en neutro.",WHATSAPP,conduccion_epedal,epedal_dejo_de_retener|rueda_libre_en_neutro,falla_pastillas_freno,,NO,NO,,SINTETICO_IA,L2 modo One-Pedal inoperativo por fallo en regeneración.
F10-L06-0215,G32-L2-05,Falla en sistema de frenado regenerativo (EV / Hibridos),FRENOS,L2,DTC C1203 en módulo de control de frenado por falla de comunicación CAN con la ECU del inversor híbrido; el vehículo solo frena mediante el circuito hidráulico de emergencia.,TECNICO,red_can_inversor,dtc_c1203|sin_comunicacion_can_inversor|frenado_hidraulico_emergencia,falla_bomba_frenos,C1203,NO,NO,,SINTETICO_IA,L2 código C1203 de enlace entre freno y control de potencia.
F10-L06-0216,G32-L2-06,Falla en sistema de frenado regenerativo (EV / Hibridos),FRENOS,L2,Sensor de carrera del pedal de freno (Stroke Sensor) descalibrado con voltaje fuera de rango de 0.8V a 3.8V; el calculador no determina la demanda del conductor.,TECNICO,calibracion_stroke_sensor,stroke_sensor_voltaje_fuera_rango|demanda_desconocida,falla_interruptor_freno,,NO,NO,,SINTETICO_IA,L2 sensor de carrera de pedal descalibrado.
F10-L06-0217,G32-L2-07,Falla en sistema de frenado regenerativo (EV / Hibridos),FRENOS,L2,Al frenar en bajada en un híbrido el motor térmico se enciende a altas revoluciones sin acelerar; el sistema intenta frenar por compresión porque la regeneración eléctrica falló.,COTIDIANO,bajada_hibrido,motor_termico_ruge_sin_acelerar|sin_frenado_electrico,falla_transmision_cvt,,NO,NO,,SINTETICO_IA,L2 motor ruge frenando por motor ante fallo regenerativo.
F10-L06-0218,G32-L2-08,Falla en sistema de frenado regenerativo (EV / Hibridos),FRENOS,L2,Mi carro hibrido no recarga nada la bateria al frenar y sale codigo C1256 en la computadora. El pedal se siente mas duro que antes.,ERROR_ORTOGRAFICO,lectura_escaner,no_recarga_bateria_frenar|dtc_c1256|pedal_duro,falla_servofreno,C1256,NO,SI,Falla en servofreno (booster) o linea de vacio,SINTETICO_IA,L2 código C1256 con baja presión en acumulador con ortografía informal.
F10-L06-0219,G32-L2-09,Falla en sistema de frenado regenerativo (EV / Hibridos),FRENOS,L2,"Buenas maestro, en mi Prius se prendieron las luces de ABS, VSC y freno juntas; me dicen que el actuador de freno de regeneración no retiene presión.",WHATSAPP,cuadro_luces_prius,luces_abs_vsc_freno_juntas|actuador_freno_sin_presion,falla_sensor_abs,,NO,SI,Falla en sensor de velocidad de rueda ABS,SINTETICO_IA,L2 terna de testigos en Prius por actuador de freno averiado.
F10-L06-0220,G32-L2-10,Falla en sistema de frenado regenerativo (EV / Hibridos),FRENOS,L2,Válvula solenoide lineal de corte de presión regenerativa atascada con limalla; no permite el paso de líquido hacia el simulador de carrera del pedal.,TALLER,desarme_bloque_hidraulico,valvula_lineal_corte_atascada|simulador_carrera_bloqueado,caliper_trabado,,NO,SI,Caliper de freno trabado o mordaza pegada (piston agarrotado),SINTETICO_IA,L2 electroválvula lineal de mezcla de frenada bloqueada.
F10-L06-0221,G32-L2-11,Falla en sistema de frenado regenerativo (EV / Hibridos),FRENOS,L2,El freno regenerativo se desactiva bruscamente al tocar un desnivel en el pavimento; no hay códigos de sensor de rueda y la batería de tracción está al 60%.,COTIDIANO,bache_desnivel,regenerativo_desactiva_bache|sin_dtc_sensor_rueda|bateria_60_soc,falla_sensor_velocidad,,NO,SI,Falla en sensor de velocidad de rueda ABS,SINTETICO_IA,L2 desconexión intempestiva de regeneración en desniveles.
F10-L06-0222,G32-L2-12,Falla en sistema de frenado regenerativo (EV / Hibridos),FRENOS,L2,DTC C1345 referente a falta de aprendizaje del desplazamiento de la válvula lineal del actuador de freno tras cambio de pastillas en vehículo híbrido.,TECNICO,aprendizaje_lineal_c1345,dtc_c1345|falta_aprendizaje_valvula_lineal_freno,falla_pastillas_nuevas,C1345,NO,SI,Desgaste de pastillas y zapatas de freno,SINTETICO_IA,L2 código C1345 de calibración de válvula lineal.
F10-L06-0223,G32-L2-13,Falla en sistema de frenado regenerativo (EV / Hibridos),FRENOS,L2,"Consumo excesivo de pastillas de freno en vehículo eléctrico (duraron solo 15,000 km); la frenada regenerativa nunca entra y frena exclusivamente por fricción.",TALLER,inspeccion_desgaste_ev,pastillas_agotadas_15000km_ev|sin_regeneracion_electrica,caliper_pegado,,NO,SI,Desgaste de pastillas y zapatas de freno,SINTETICO_IA,L2 pastillas consumidas prematuramente por inoperancia regenerativa.
F10-L06-0224,G32-L2-14,Falla en sistema de frenado regenerativo (EV / Hibridos),FRENOS,L2,Mensaje en pantalla central 'Potencia de frenado reducida' en híbrido enchufable; la bomba de precarga eléctrica no alcanza los 15 MPa de consigna.,COTIDIANO,arranque_hibrido,mensaje_potencia_frenado_reducida|bomba_no_alcanza_15mpa,falla_liquido_frenos,,NO,SI,Fuga hidraulica o aire en el sistema de frenos,SINTETICO_IA,L2 presión de acumulador por debajo de 15 MPa.
F10-L06-0225,G32-L2-15,Falla en sistema de frenado regenerativo (EV / Hibridos),FRENOS,L2,DTC C1241 por voltaje bajo de alimentación en la ECU de frenado asistido de control electrónico (ECB); la regeneración queda deshabilitada por seguridad.,TECNICO,tension_bateria_auxiliar_12v,dtc_c1241|voltaje_bajo_ecu_ecb|regeneracion_inhabilitada,falla_bateria_alta_tension,C1241,NO,NO,,SINTETICO_IA,L2 código C1241 por alimentación auxiliar deficiente.
F10-L06-0226,G32-L3-01,Falla en sistema de frenado regenerativo (EV / Hibridos),FRENOS,L3,"En un Toyota Prius 2018 con 145,000 km se encienden simultáneamente los testigos de ABS, VSC y el símbolo de exclamación de frenos acompañado de DTC C1391 (Abnormal Leak of Accumulator Pressure). Con la herramienta de diagnóstico Techstream se monitorea la presión del acumulador hidráulico: la bomba de presurización arranca cada 6 segundos durante 2.5 segundos para elevar la presión de 12.2 MPa a 15.5 MPa, cayendo inmediatamente sin pisar el pedal. Las pinzas de freno mecánicas no presentan fugas y las pastillas tienen 6 mm; el fallo se debe a fuga interna en la electroválvula de retención del Brake Actuator.",TECNICO,diagnostico_techstream_c1391,dtc_c1391|presion_cae_15_5_a_12_2mpa_cada_6seg|fuga_interna_brake_actuator,fuga_hidraulica_frenos,C1391,NO,SI,Fuga hidraulica o aire en el sistema de frenos,SINTETICO_IA,L3 Techstream confirma ciclo de bomba cada 6s y DTC C1391 en actuador híbrido.
F10-L06-0227,G32-L3-02,Falla en sistema de frenado regenerativo (EV / Hibridos),FRENOS,L3,Vehículo eléctrico Kia Niro EV presenta pérdida completa del frenado regenerativo regenerando 0 kW tanto en modo e-Pedal como al aplicar el pedal de freno. La batería de alto voltaje se encuentra al 55% de SoC y temperatura de 24°C nominales (descartando limitación por batería llena o frío extremo). En escáner se registra código C1203 por fallo de coherencia en el sensor de carrera del pedal (Stroke Sensor): el potenciómetro 1 marca 1.15V mientras el canal 2 marca 3.82V en reposo (discrepancia de correlación superior al 15% de tolerancia).,TECNICO,analisis_stroke_sensor_doble_canal,dtc_c1203|0kw_regeneracion_55_soc|discrepancia_stroke_sensor_canales|temperatura_24c_ok,degradacion_bateria_alta_tension,C1203,NO,SI,Degradacion o falla en paquete de bateria de alto voltaje (EV / Hibridos),SINTETICO_IA,L3 correlación de doble canal fallida en stroke sensor con 55% SoC.
F10-L06-0228,G32-L3-03,Falla en sistema de frenado regenerativo (EV / Hibridos),FRENOS,L3,El cliente reclama que su auto híbrido tironea violentamente al frenar entre 25 y 15 km/h como si el freno se trabara por un instante. Se realizó registro de datos en tiempo real: en el momento exacto de la transición de frenado regenerativo a freno de fricción hidráulica la presión en las pinzas delanteras salta de 0 a 38 bar en 40 milisegundos debido a calibración defectuosa de la válvula lineal de presurización SLA tras cambio de líquido de frenos sin el procedimiento de purga y aprendizaje de cero lineal.,TALLER,registro_transicion_blending_38bar,salto_presion_0_a_38bar_en_40ms|tiron_frenado_25_a_15kmh|falta_aprendizaje_cero_lineal,discos_alabeados,,NO,SI,Discos de freno alabeados o desgastados,SINTETICO_IA,L3 salto brusco de 38 bar en 40 ms por falta de aprendizaje de válvula lineal.
F10-L06-0229,G32-L3-04,Falla en sistema de frenado regenerativo (EV / Hibridos),FRENOS,L3,"DTC C1345 (Linear Solenoid Valve Offset Learning Incomplete) y C1256 (Accumulator Low Pressure) en Lexus CT200h tras intentar sustituir pastillas de freno en taller multimarca sin poner el sistema en modo mantenimiento 'Pad Replacement'. El motor de la bomba presurizadora fue desconectado mientras el acumulador estaba bajo presión, perdiendo la memorización de los offsets de las válvulas lineales de control de frenada regenerativa.",TECNICO,diagnostico_offset_learning_c1345,dtc_c1345_c1256|modo_pad_replacement_no_usado|perdida_offsets_lineales,desgaste_pastillas,C1345,NO,SI,Desgaste de pastillas y zapatas de freno,SINTETICO_IA,L3 código C1345 y C1256 por omisión de modo de servicio en híbrido.
F10-L06-0230,G32-L3-05,Falla en sistema de frenado regenerativo (EV / Hibridos),FRENOS,L3,"Hola maestro, tengo un Corolla Hybrid. Cuando freno en bajadas la aguja de carga CHG no se mueve nada y el pedal se puso duro y esponjoso al final. En el escáner me dicen que salió código C1391 y que la bomba que carga la presión de los frenos suena zumbando a cada rato en el motor aunque no toque el freno.",WHATSAPP,diagnostico_corolla_hybrid,aguja_chg_no_mueve|dtc_c1391|bomba_zumba_continuo_sin_tocar_freno,falla_servofreno,C1391,NO,SI,Falla en servofreno (booster) o linea de vacio,SINTETICO_IA,L3 relato WhatsApp de bomba zumbando y código C1391 en Corolla Hybrid.
F10-L06-0231,G32-L3-06,Falla en sistema de frenado regenerativo (EV / Hibridos),FRENOS,L3,Frenada regenerativa intermitente en Tesla Model 3 durante desaceleraciones de autopista: el inversor de tracción del eje trasero aborta la regeneración enviando trama CAN de desconexión. La lectura de temperatura de los módulos IGBT del inversor marca 98°C excesiva (consigna máxima 75°C) debido a que la bomba eléctrica de refrigeración del circuito de baja temperatura de electrónica de potencia tiene el impulsor partido.,TECNICO,telemetria_inversor_temperatura_98c,temperatura_inversor_98c_aborto_regen|bomba_refrigeracion_rota|desconexion_can,falla_motor_electrico,,NO,NO,,SINTETICO_IA,L3 sobrecalentamiento de inversor a 98°C aborta regeneración.
F10-L06-0232,G32-L3-07,Falla en sistema de frenado regenerativo (EV / Hibridos),FRENOS,L3,"Inspección de actuador de freno de control electrónico (ECB) en banco de pruebas: el sensor de presión de la cámara del acumulador acusa 14.8 MPa correcto, pero la válvula electromagnética de simulación de carrera de pedal no abre al aplicar 200 N de fuerza sobre el pedal, provocando que el pedal se sienta como un bloque sólido sin retroalimentación sensorial ergonómica.",TALLER,prueba_banco_simulador_carrera,valvula_simulador_carrera_no_abre|pedal_bloque_solido_200n|acumulador_14_8mpa_ok,falla_servofreno_vacio,,NO,SI,Falla en servofreno (booster) o linea de vacio,SINTETICO_IA,L3 simulador de carrera bloqueado simula pedal rígido con presión correcta.
F10-L06-0233,G32-L3-08,Falla en sistema de frenado regenerativo (EV / Hibridos),FRENOS,L3,Mi carro hibrido se le prendio el triangulo rojo y no regenera corriente cuando bajo pendientes con codigo C1256. El pedal tiembla al pisar y la bomba de abajo del capot no para de sonar ta-ta-ta-ta cada 10 segundos.,ERROR_ORTOGRAFICO,alerta_triangulo_rojo,triangulo_rojo|dtc_c1256|sin_regeneracion_pendientes|bomba_suena_cada_10s,falla_bateria,C1256,NO,SI,Degradacion o falla en paquete de bateria de alto voltaje (EV / Hibridos),SINTETICO_IA,L3 código C1256 y ciclo continuo de presurización con ortografía informal.
F10-L06-0234,G32-L3-09,Falla en sistema de frenado regenerativo (EV / Hibridos),FRENOS,L3,DTC C1203 y U0100 en vehículo híbrido; pérdida de comunicación en el bus CAN dedicado de alta velocidad (500 kbps) entre el módulo de frenado regenerativo y el controlador del motor generador MG2. La medición de resistencia con osciloscopio en los pines CAN-H y CAN-L arrojó 120 ohms en lugar de los 60 ohms nominales por apertura de la resistencia de terminación interna del actuador.,TECNICO,analisis_resistencia_can_120ohm,dtc_c1203_u0100|resistencia_can_120ohm_vs_60ohm|resistencia_terminacion_abierta,falla_red_can_general,C1203,NO,NO,,SINTETICO_IA,L3 resistencia CAN de 120 ohms por falla en terminador del actuador de freno.
F10-L06-0235,G32-L3-10,Falla en sistema de frenado regenerativo (EV / Hibridos),FRENOS,L3,"Buenas tardes, tengo un Hyundai Ioniq Híbrido. En ciudad frena con un ruido de roce metálico espantoso y no carga la batería en desaceleración. Lo revisaron en el taller y me dicen que el sistema de frenada regenerativa se desconectó por código C1241 de bajo voltaje y todo el esfuerzo lo están haciendo las pastillas mecánicas que ya se gastaron al fierro.",WHATSAPP,diagnostico_ioniq_hibrido,dtc_c1241|pastillas_al_fierro|sin_carga_bateria_desaceleracion|roce_metalico,desgaste_pastillas,C1241,NO,SI,Desgaste de pastillas y zapatas de freno,SINTETICO_IA,L3 código C1241 inactiva regeneración provocando desgaste total de pastillas.
F10-L06-0236,G32-L3-11,Falla en sistema de frenado regenerativo (EV / Hibridos),FRENOS,L3,"Prueba de dinamómetro con regeneración activa a 70 km/h: el par de frenado eléctrico generado por el motor MG2 oscila erráticamente entre 20 Nm y 180 Nm debido a fallo en el sensor resolver de posición angular del rotor del generador, provocando que la ECU de frenado corte la regeneración por seguridad y aplique bruscamente el circuito hidráulico de fricción.",TECNICO,dinamometro_par_mg2_oscilante,par_mg2_oscila_20_a_180nm|falla_sensor_resolver_mg2|corte_seguridad_friccion,falla_motor_electrico,,NO,NO,,SINTETICO_IA,L3 fallo de resolver en motor generador desestabiliza par de frenado.
F10-L06-0237,G32-L3-12,Falla en sistema de frenado regenerativo (EV / Hibridos),FRENOS,L3,Incompatibilidad de par de frenado en vehículo híbrido tras actualización de software de ECU de control de tracción: el integrador de regeneración solicita 220 Nm al MG2 pero la batería híbrida de níquel-metal hidruro limita la corriente de carga a 18 amperios por sobretemperatura en celda 6 (52°C) disparando DTC C1259 de inhibición del sistema regenerativo.,TECNICO,telemetria_celda_52c_dtc_c1259,dtc_c1259|limite_carga_18a_celda6_52c|demanda_220nm_rechazada,degradacion_bateria_alta_tension,C1259,NO,SI,Degradacion o falla en paquete de bateria de alto voltaje (EV / Hibridos),SINTETICO_IA,L3 código C1259 por rechazo de carga ante sobretemperatura de celda.
F10-L06-0238,G32-L3-13,Falla en sistema de frenado regenerativo (EV / Hibridos),FRENOS,L3,"Desgaste asimétrico severo en pinzas de freno de disco de un Toyota Prius con solo 25,000 km: la falta de uso de los frenos mecánicos por conducción suave urbana provocó agarrotamiento por óxido en las guías flotantes del caliper, impidiendo que el pistón se desplace libremente cuando el sistema requiere asistencia de fricción tras desconectar la regeneración a menos de 10 km/h.",TALLER,oxido_guias_por_desuso_hibrido,guias_oxidadas_desuso_urbano|freno_mecanico_no_desplaza_10kmh|25000km,caliper_pegado,,NO,SI,Caliper de freno trabado o mordaza pegada (piston agarrotado),SINTETICO_IA,L3 agarrotamiento de guías por desuso característico en híbridos.
F10-L06-0239,G32-L3-14,Falla en sistema de frenado regenerativo (EV / Hibridos),FRENOS,L3,"Pérdida de calibración del sensor de ángulo de pedal de freno tras cambio de interruptor de stop: el voltaje de reposo quedó en 1.45V (especificación 0.70 a 0.95V), lo que provoca que la computadora interprete que el pedal está permanentemente presionado, impidiendo la aceleración normal y anulando la transición fluida a frenado regenerativo.",TECNICO,calibracion_voltaje_reposo_1_45v,voltaje_reposo_1_45v_alto|freno_interpretado_presionado|sin_transicion_fluida,falla_interruptor_freno,,NO,NO,,SINTETICO_IA,L3 voltaje en reposo de 1.45V por mal reglaje de sensor de freno.
F10-L06-0240,G32-L3-15,Falla en sistema de frenado regenerativo (EV / Hibridos),FRENOS,L3,Evaluación de recuperación energética en ciclo WLTP urbano: vehículo híbrido recupera solo 0.08 kWh por cada 10 km (valor de referencia OEM 0.42 kWh/10 km) con DTC C1391 en memoria. La prueba de hermeticidad demostró fuga interna en el bloque de electroválvulas proporcional del actuador hidráulico que despresuriza el acumulador.,TECNICO,analisis_recuperacion_wltp_0_08kwh,recuperacion_0_08kwh_vs_0_42kwh|dtc_c1391|fuga_bloque_electrovalvulas,falla_inversor,C1391,NO,SI,Fuga hidraulica o aire en el sistema de frenos,SINTETICO_IA,L3 recuperación de 0.08 kWh vs 0.42 kWh con DTC C1391 por fuga en actuador.
F10-L06-0241,G33-L1-01,Caliper de freno trabado o mordaza pegada (piston agarrotado),FRENOS,L1,Una sola de las ruedas delanteras se calienta tanto que quema al tocar el aro.,COTIDIANO,post_recorrido,rueda_quema_muy_caliente,,,SI,NO,,SINTETICO_IA,L1 calor abrasador en una sola rueda.
F10-L06-0242,G33-L1-02,Caliper de freno trabado o mordaza pegada (piston agarrotado),FRENOS,L1,"Hola, siento un olor muy fuerte a quemado saliendo de la llanta derecha.",WHATSAPP,marcha,olor_quemado_llanta_derecha,,,SI,NO,,SINTETICO_IA,L1 olor a ferodo quemado continuo.
F10-L06-0243,G33-L1-03,Caliper de freno trabado o mordaza pegada (piston agarrotado),FRENOS,L1,El carro se jala para el lado izquierdo cuando manejo en línea recta.,COTIDIANO,linea_recta,carro_jala_a_la_izquierda,,,SI,NO,,SINTETICO_IA,L1 desvío de trayectoria por arrastre.
F10-L06-0244,G33-L1-04,Caliper de freno trabado o mordaza pegada (piston agarrotado),FRENOS,L1,Siento el auto pesado y aguantado como si anduviera con el freno puesto.,TALLER,rodadura,auto_pesado_aguantado,,,SI,NO,,SINTETICO_IA,L1 resistencia mecánica al avance.
F10-L06-0245,G33-L1-05,Caliper de freno trabado o mordaza pegada (piston agarrotado),FRENOS,L1,El pistón del caliper de freno no retrocede al liberar la presión hidráulica.,TECNICO,inspeccion,piston_caliper_no_retrocede,,,SI,NO,,SINTETICO_IA,L1 reporte técnico de émbolo agarrotado.
F10-L06-0246,G33-L1-06,Caliper de freno trabado o mordaza pegada (piston agarrotado),FRENOS,L1,Una pastilla se gastó todita en un mes y la del otro lado está nueva.,COTIDIANO,inspeccion_ruedas,desgaste_pastilla_desparejo,,,SI,NO,,SINTETICO_IA,L1 desgaste asimétrico extremo.
F10-L06-0247,G33-L1-07,Caliper de freno trabado o mordaza pegada (piston agarrotado),FRENOS,L1,Sale humo blanco y caliente del disco de freno al parar en la cochera.,COTIDIANO,parada,humo_blanco_caliente_disco,,,SI,NO,,SINTETICO_IA,L1 humo por sobrecalentamiento de mordaza pegada.
F10-L06-0248,G33-L1-08,Caliper de freno trabado o mordaza pegada (piston agarrotado),FRENOS,L1,Mi rueda delantera se calienta que pela y el carro jala para la derecha al rodar.,ERROR_ORTOGRAFICO,marcha,rueda_calienta_pela|jala_derecha,,,SI,NO,,SINTETICO_IA,L1 rueda caliente y desvío con ortografía informal.
F10-L06-0249,G33-L1-09,Caliper de freno trabado o mordaza pegada (piston agarrotado),FRENOS,L1,"Buenas, al soltar el freno el carro no rueda libre en bajaditas ligeras.",WHATSAPP,pendiente_ligera,carro_no_rueda_libre_en_bajada,,,SI,NO,,SINTETICO_IA,L1 falta de desahogo de frenos.
F10-L06-0250,G33-L1-10,Caliper de freno trabado o mordaza pegada (piston agarrotado),FRENOS,L1,Fuerza de fricción residual permanente por bloqueo cinemático de pinza deslizante.,TECNICO,inspeccion,friccion_residual_permanente,,,SI,NO,,SINTETICO_IA,L1 reporte técnico de arrastre de mordaza.
F10-L06-0251,G33-L2-01,Caliper de freno trabado o mordaza pegada (piston agarrotado),FRENOS,L2,Rueda delantera derecha extremadamente caliente tras 15 minutos de recorrido; el aro de aluminio no se puede tocar con la mano y desprende olor a forro quemado.,COTIDIANO,post_15min_conduccion,rueda_derecha_hirviendo|olor_forro_quemado,desgaste_pastillas,,NO,SI,Desgaste de pastillas y zapatas de freno,SINTETICO_IA,L2 rueda caliente con olor a ferodo descarta desgaste normal.
F10-L06-0252,G33-L2-02,Caliper de freno trabado o mordaza pegada (piston agarrotado),FRENOS,L2,El vehículo tira hacia la izquierda al soltar el volante en línea recta; al levantar el auto en elevador la rueda delantera izquierda está frenada y no gira a mano.,TALLER,elevador_giro_manual,tira_izquierda_linea_recta|rueda_no_gira_a_mano,desalineacion_ruedas,,NO,SI,Llantas desbalanceadas o desalineadas,SINTETICO_IA,L2 rueda bloqueada a mano en elevador descarta alineación.
F10-L06-0253,G33-L2-03,Caliper de freno trabado o mordaza pegada (piston agarrotado),FRENOS,L2,Pistón del cáliper delantero agarrotado por corrosión severa tras romperse el guardapolvo de goma; el émbolo no retrae ni con prensa hidráulica de taller.,TECNICO,inspeccion_caliper_desarmado,piston_agarrotado_corrosion|guardapolvo_roto|no_retrae_prensa,falla_bomba_frenos,,NO,SI,Fuga hidraulica o aire en el sistema de frenos,SINTETICO_IA,L2 émbolo oxidado clavado físicamente.
F10-L06-0254,G33-L2-04,Caliper de freno trabado o mordaza pegada (piston agarrotado),FRENOS,L2,"Hola maestro, cambié pastillas y la rueda trasera izquierda empezó a humear feo en la carretera. Los pernos de guía de la mordaza estaban secos y pegados sin grasa.",WHATSAPP,post_cambio_pastillas_humo,rueda_trasera_humea_carretera|pernos_guia_pegados_secos,falla_pastillas_nuevas,,NO,SI,Desgaste de pastillas y zapatas de freno,SINTETICO_IA,L2 pernos guía secos traban mordaza flotante.
F10-L06-0255,G33-L2-05,Caliper de freno trabado o mordaza pegada (piston agarrotado),FRENOS,L2,Desgaste en cuña y pastilla interior gastada al 100% en el soporte metálico mientras la exterior conserva 8 mm intactos; pasadores de la pinza flotante doblados.,TECNICO,inspeccion_desgaste_asimetrico,pastilla_interior_al_hierro|exterior_8mm_intacta|pasadores_doblados,desgaste_normal_pastillas,,NO,SI,Desgaste de pastillas y zapatas de freno,SINTETICO_IA,L2 desgaste asimétrico 100% interior vs 8 mm exterior.
F10-L06-0256,G33-L2-06,Caliper de freno trabado o mordaza pegada (piston agarrotado),FRENOS,L2,Consumo de gasolina aumentó 1.5 litros por cada 100 km; el auto no rueda libre en neutro y el disco delantero izquierdo adquirió color azul por temperatura.,COTIDIANO,consumo_elevado,consumo_alto_1_5l|no_rueda_en_neutro|disco_azul_calor,falla_inyectores,,NO,SI,Discos de freno alabeados o desgastados,SINTETICO_IA,L2 disco azul y resistencia al avance elevan consumo.
F10-L06-0257,G33-L2-07,Caliper de freno trabado o mordaza pegada (piston agarrotado),FRENOS,L2,Al aflojar el tornillo purgador del cáliper atascado no sale chorro a presión y la rueda sigue frenada; se descarta manguera estrangulada y confirma pistón trabado.,TALLER,prueba_despresurizacion_sangrador,rueda_sigue_frenada_aflojar_sangrador|piston_clavado_mecanico,falla_manguera_freno,,NO,SI,Fuga hidraulica o aire en el sistema de frenos,SINTETICO_IA,L2 purga sin presión confirma traba mecánica del pistón.
F10-L06-0258,G33-L2-08,Caliper de freno trabado o mordaza pegada (piston agarrotado),FRENOS,L2,Mi carro jala para la derecha feo y el aro de adelante bota un calor que no se puede ni arrimar la cara del olor a quemado.,ERROR_ORTOGRAFICO,marcha_calor_aro,jala_derecha_feo|aro_bota_calor_olor_quemado,desalineacion,,NO,SI,Llantas desbalanceadas o desalineadas,SINTETICO_IA,L2 jaloneo y calor abrasador con ortografía informal.
F10-L06-0259,G33-L2-09,Caliper de freno trabado o mordaza pegada (piston agarrotado),FRENOS,L2,"Buenas, el freno de mano electrónico de mi camioneta quedó clavado en la rueda derecha trasera; el motor del cáliper eléctrico zumba pero el mecanismo no suelta.",WHATSAPP,freno_mano_electrico_trabado,freno_mano_electrico_clavado|motor_caliper_zumba_no_suelta,falla_modulo_abs,,NO,NO,,SINTETICO_IA,L2 cáliper EPB trabado mecánicamente en rueda trasera.
F10-L06-0260,G33-L2-10,Caliper de freno trabado o mordaza pegada (piston agarrotado),FRENOS,L2,Manguera flexible de freno con delaminación interna que actúa como válvula check; retiene 20 bar de presión en el cáliper impidiendo el retroceso de las pastillas.,TECNICO,diagnostico_valvula_check_flexible,manguera_delaminada_actua_check|retiene_20bar_caliper,caliper_agarrotado,,NO,SI,Fuga hidraulica o aire en el sistema de frenos,SINTETICO_IA,L2 delaminación de flexible retiene presión en cáliper.
F10-L06-0261,G33-L2-11,Caliper de freno trabado o mordaza pegada (piston agarrotado),FRENOS,L2,El auto se frena solo progresivamente conforme avanza en la pista; tras enfriarse 30 minutos el vehículo vuelve a rodar libre hasta que vuelve a calentar.,COTIDIANO,frenado_termico_progresivo,auto_se_frena_solo_al_rodar|suelta_al_enfriarse,falla_caja_cambios,,NO,NO,,SINTETICO_IA,L2 dilatación térmica cíclica traba el émbolo.
F10-L06-0262,G33-L2-12,Caliper de freno trabado o mordaza pegada (piston agarrotado),FRENOS,L2,Perno guía superior del cáliper gripado por utilizar grasa inadecuada con base de petróleo que hinchó los fuelles de caucho trabando el pasador.,TALLER,inspeccion_grasa_inadecuada,perno_guia_gripado_grasa_petroleo|fuelles_hinchados,falla_pastillas,,NO,NO,,SINTETICO_IA,L2 incompatibilidad química de grasa traba pasadores.
F10-L06-0263,G33-L2-13,Caliper de freno trabado o mordaza pegada (piston agarrotado),FRENOS,L2,En prueba de desaceleración libre de 80 a 0 km/h en punto muerto el vehículo recorre solo 180 metros (especificación 350 m) por resistencia de rodadura en eje delantero.,TECNICO,prueba_desaceleracion_libre_coastdown,coastdown_180m_vs_350m|resistencia_rodadura_delantera,llantas_bajas,,NO,SI,Llantas desbalanceadas o desalineadas,SINTETICO_IA,L2 prueba de coastdown acusa resistencia de 170 metros perdidos.
F10-L06-0264,G33-L2-14,Caliper de freno trabado o mordaza pegada (piston agarrotado),FRENOS,L2,Disco de freno delantero derecho alabeado por sobrecalentamiento extremo continuo; se constató que la mordaza no retrocedía quemando el rotor.,COTIDIANO,inspeccion_taller,disco_alabeado_sobrecalentamiento|mordaza_no_retrocede,falla_pastillas_freno,,NO,SI,Discos de freno alabeados o desgastados,SINTETICO_IA,L2 cáliper trabado causa alabeo consecutivo en disco.
F10-L06-0265,G33-L2-15,Caliper de freno trabado o mordaza pegada (piston agarrotado),FRENOS,L2,Fuerza residual de frenado de 380 N registrada en frenómetro en la rueda delantera izquierda sin aplicar presión sobre el pedal de freno.,TECNICO,frenometro_fuerza_residual,fuerza_residual_380n_sin_pedal|arrastre_caliper,desgaste_pastillas,,NO,SI,Desgaste de pastillas y zapatas de freno,SINTETICO_IA,L2 fuerza residual de 380 N en frenómetro sin tocar pedal.
F10-L06-0266,G33-L3-01,Caliper de freno trabado o mordaza pegada (piston agarrotado),FRENOS,L3,Vehículo ingresa con humo blanco y fuerte olor a quemado en la rueda delantera derecha tras circular 20 km en autopista. Se midió la temperatura con termómetro infrarrojo: el disco delantero derecho registra 245°C mientras que el disco izquierdo marca solo 48°C normal. Al elevar el auto en el puente la rueda derecha no gira ni aplicando 50 Nm de torque manual. Se retiró la pinza constatándose que el fuelle guardapolvo del pistón estaba desgarrado y el émbolo cromado presenta óxido y picaduras profundas de 0.3 mm que lo clavaron contra el cuerpo de hierro nodular.,TECNICO,termografia_pirrometro_245c_vs_48c,disco_derecho_245c_vs_izquierdo_48c|rueda_bloqueada_50nm|piston_oxidado_picaduras_0_3mm,falla_rodamiento_rueda,,NO,SI,Discos de freno alabeados o desgastados,SINTETICO_IA,L3 pirómetro registra 245°C vs 48°C y émbolo picado a 0.3 mm.
F10-L06-0267,G33-L3-02,Caliper de freno trabado o mordaza pegada (piston agarrotado),FRENOS,L3,"Conductor refiere desvío constante de la dirección hacia la derecha y vibración en el volante a 90 km/h. En la inspección se desmontó la mordaza delantera derecha encontrando que los dos pernos guía flotantes se quedaron completamente soldados por corrosión galvánica y falta de lubricación. La pastilla interior se desgastó por completo hasta el soporte de acero (0.0 mm) rayando el disco, mientras que la pastilla exterior se mantiene con 7.5 mm intactos, comprobando bloqueo del desplazamiento flotante.",TALLER,inspeccion_pernos_guia_soldados,pernos_guia_soldados_corrosion|pastilla_interior_0mm_exterior_7_5mm|desvio_derecha,desgaste_pastillas_y_zapatas,,NO,SI,Desgaste de pastillas y zapatas de freno,SINTETICO_IA,L3 pernos guía soldados generan desgaste 0.0 mm interior vs 7.5 mm exterior.
F10-L06-0268,G33-L3-03,Caliper de freno trabado o mordaza pegada (piston agarrotado),FRENOS,L3,"Evaluación de resistencia al avance en prueba de desaceleración por inercia (Coastdown test): el auto se detiene 150 metros antes de lo normal. Se desmontó la rueda trasera derecha y se conectó manómetro en el purgador del cáliper marcando 0 bar de presión estática, descartando presión hidráulica atrapada por flexible estrangulado. Con el cáliper fuera del disco se intentó comprimir el pistón con sargento de 1 tonelada sin lograr ningún retroceso, confirmando agarrotamiento mecánico por deformación del cilindro.",TECNICO,prueba_manometro_0bar_sargento_1ton,presion_0bar_descarta_flexible|sargento_1_tonelada_no_retrae|agarrotamiento_mecanico,fuga_hidraulica_frenos,,NO,SI,Fuga hidraulica o aire en el sistema de frenos,SINTETICO_IA,L3 sargento de 1 tonelada no retrae pistón con 0 bar descartando flexible.
F10-L06-0269,G33-L3-04,Caliper de freno trabado o mordaza pegada (piston agarrotado),FRENOS,L3,"Falla de caliper con freno de estacionamiento electromecánico (EPB) integrado en rueda trasera izquierda de Volkswagen Tiguan. El actuador eléctrico gira pero el tornillo sinfín interno se trabó por rotura de los engranajes planetarios plásticos, dejando el pistón bloqueado en compresión continua contra el disco. La temperatura del disco alcanzó 210°C cocinando el retén de sellado y provocando encendido del testigo EPB con DTC C100D en el módulo de freno de mano.",TECNICO,diagnostico_epb_sinfin_roto,dtc_c100d|sinfin_epb_trabado_engranajes_rotos|disco_210c_piston_bloqueado,falla_modulo_abs,C100D,NO,SI,Falla en sensor de velocidad de rueda ABS,SINTETICO_IA,L3 código C100D por engranajes de actuador EPB rotos con disco a 210°C.
F10-L06-0270,G33-L3-05,Caliper de freno trabado o mordaza pegada (piston agarrotado),FRENOS,L3,"Hola maestro, tengo un Sentra. Cuando manejo en pista recta el timón jala para la derecha y sale un olor a quemado insoportable de la rueda delantera. Le revisaron el disco derecho y estaba de color morado hirviendo. Desarmaron la mordaza y el pistón tenía óxido con barro pegado porque se le había roto el jebecito protector.",WHATSAPP,diagnostico_sentra_mordaza_oxido,timon_jala_derecha|olor_quemado|disco_morado_hirviendo|piston_oxido_guardapolvo_roto,llantas_desalineadas,,NO,SI,Llantas desbalanceadas o desalineadas,SINTETICO_IA,L3 relato WhatsApp de pistón oxidado por guardapolvo roto y disco morado.
F10-L06-0271,G33-L3-06,Caliper de freno trabado o mordaza pegada (piston agarrotado),FRENOS,L3,"Fenómeno de frenada retenida por delaminación interna de manguera flexible delantera izquierda: tras aplicar el freno con 60 bar de fuerza el pedal retorna suavemente pero la rueda izquierda permanece completamente trabada. Al abrir el purgador del caliper brota un chorro de líquido a 18 bar de presión retenida y la rueda se libera inmediatamente, demostrando efecto de válvula check por solapa interna de goma desprendida.",TALLER,diagnostico_valvula_check_flexible_18bar,chorro_18bar_al_abrir_purgador|rueda_libera_al_despresurizar|solapa_goma_manguera,caliper_agarrotado_mecanico,,NO,SI,Fuga hidraulica o aire en el sistema de frenos,SINTETICO_IA,L3 chorro de 18 bar al purgar confirma flexible delaminado y no pistón oxidado.
F10-L06-0272,G33-L3-07,Caliper de freno trabado o mordaza pegada (piston agarrotado),FRENOS,L3,Inspección termográfica de caliper de 4 pistones opuestos en vehículo de alto rendimiento: pistones superiores operan normalmente pero los dos pistones inferiores del lado interior se encuentran agarrotados por acumulación de barniz de líquido de frenos recalentado y polvillo cerámico. La pastilla presenta desgaste oblicuo de 1.8 mm en zona inferior y 5.5 mm en zona superior.,TECNICO,inspeccion_caliper_4_pistones_opuestos,2_pistones_inferiores_agarrotados|barniz_liquido_polvillo|desgaste_oblicuo_1_8_vs_5_5mm,desgaste_pastillas,,NO,SI,Desgaste de pastillas y zapatas de freno,SINTETICO_IA,L3 cáliper de 4 pistones con 2 inferiores agarrotados y desgaste oblicuo.
F10-L06-0273,G33-L3-08,Caliper de freno trabado o mordaza pegada (piston agarrotado),FRENOS,L3,Mi carro se jalonea para la izquierda y la rueda delantera izquierda esta que pela de caliente con olor a ferodo. El mecanico le saco la mordaza y los pernos pasadores taban doblados y secos de grasa que no dejaban correr la pastilla de freno.,ERROR_ORTOGRAFICO,mordaza_pernos_doblados,jalonea_izquierda|rueda_pela_caliente|olor_ferodo|pernos_doblados_secos,desalineacion,,NO,SI,Llantas desbalanceadas o desalineadas,SINTETICO_IA,L3 pernos doblados sin grasa con ortografía informal.
F10-L06-0274,G33-L3-09,Caliper de freno trabado o mordaza pegada (piston agarrotado),FRENOS,L3,"Medición de fuerza residual en frenómetro computarizado: rueda delantera derecha marca 420 N de fricción parasitaria en vacío (especificación máxima admitida 50 N). Se desmontó el conjunto encontrándose que el sello cuadrangular de goma (square-cut seal) perdió su elasticidad de retroceso por envejecimiento térmico, impidiendo la retracción nominal de 0.15 mm del pistón al soltar el freno.",TECNICO,perdida_elasticidad_square_cut_seal,fuerza_residual_420n_vs_50n|sello_cuadrangular_sin_retroceso_0_15mm,desgaste_pastillas,,NO,SI,Desgaste de pastillas y zapatas de freno,SINTETICO_IA,L3 pérdida de retracción elastomérica de 0.15 mm en sello square-cut.
F10-L06-0275,G33-L3-10,Caliper de freno trabado o mordaza pegada (piston agarrotado),FRENOS,L3,"Buenas tardes, en mi Tucson la rueda trasera derecha huele a quemado y el disco está azul oscuro. En el taller me dijeron que el caliper se quedó pegado porque la leva del freno de mano mecánico no regresa al resorte por suciedad de óxido y deja la zapata interna apretando el disco en todo momento.",WHATSAPP,leva_freno_mano_oxido_pegada,rueda_trasera_huele_quemado|disco_azul_oscuro|leva_freno_mano_pegada_oxido,desgaste_pastillas,,NO,SI,Desgaste de pastillas y zapatas de freno,SINTETICO_IA,L3 leva de freno de mano trabada en cáliper trasero.
F10-L06-0276,G33-L3-11,Caliper de freno trabado o mordaza pegada (piston agarrotado),FRENOS,L3,"Análisis con pirómetro infrarrojo de precisión tras 10 km de conducción urbana moderada: rueda delantera izquierda en 195°C, rueda delantera derecha en 42°C, rueda trasera izquierda en 38°C y rueda trasera derecha en 39°C. La pinza izquierda presenta holgura radial en los bujes de teflón de los pernos guía que provocan trabamiento cruzado por torsión al soltar el pedal.",TECNICO,analisis_pirometrico_4_ruedas_195c,rueda_izquierda_195c_vs_40c_otras|trabamiento_cruzado_bujes_teflon,llantas_desbalanceadas,,NO,SI,Llantas desbalanceadas o desalineadas,SINTETICO_IA,L3 gradiente térmico de 195°C vs 40°C por trabamiento cruzado en bujes.
F10-L06-0277,G33-L3-12,Caliper de freno trabado o mordaza pegada (piston agarrotado),FRENOS,L3,"El cliente reclama que el vehículo no desciende por gravedad en pendientes del 5% al soltar el pedal de freno. Se constató que las láminas de acero inoxidable anti-ruido (shims) del portacaliper tenían acumulación de óxido debajo de ellas que redujo el canal de deslizamiento de las pastillas a 14.2 mm (orejeta de pastilla mide 14.8 mm), aprisionando mecánicamente la pastilla contra el disco.",TALLER,oxido_debajo_laminas_acero_aprieta,auto_no_cae_en_pendiente_5|oxido_debajo_shims|pastilla_aprisionada_mecanicamente,falla_caja_cambios,,NO,NO,,SINTETICO_IA,L3 óxido bajo las láminas shims aprisiona pastillas.
F10-L06-0278,G33-L3-13,Caliper de freno trabado o mordaza pegada (piston agarrotado),FRENOS,L3,Degradación extrema de líquido de frenos por ebullición localizada dentro del caliper delantero derecho trabado: el calor transmitido por el pistón agarrotado superó los 260°C carbonizando el líquido en la cámara de la pinza y formando una costra de brea negra que bloqueó el orificio de alimentación hidráulica.,TECNICO,carbonizacion_liquido_camara_caliper,calor_supero_260c_costra_brea|piston_agarrotado|orificio_bloqueado,fuga_hidraulica_frenos,,NO,SI,Fuga hidraulica o aire en el sistema de frenos,SINTETICO_IA,L3 carbonización de fluido a más de 260°C dentro de cáliper trabado.
F10-L06-0279,G33-L3-14,Caliper de freno trabado o mordaza pegada (piston agarrotado),FRENOS,L3,"Desgaste prematuro de disco ventilado delantero: espesor reducido de 24.0 mm a 20.1 mm en solo 8,000 km en la rueda derecha con alabeo de 0.18 mm originado por el roce ininterrumpido del caliper trabado; la rueda izquierda mantiene disco en 23.6 mm con 0.02 mm de salto.",TALLER,desgaste_prematuro_disco_20_1mm,disco_reducido_24_a_20_1mm_8000km|alabeo_0_18mm_caliper_pegado|rueda_sana_23_6mm,discos_alabeados,,NO,SI,Discos de freno alabeados o desgastados,SINTETICO_IA,L3 cáliper trabado reduce disco a 20.1 mm con 0.18 mm de alabeo.
F10-L06-0280,G33-L3-15,Caliper de freno trabado o mordaza pegada (piston agarrotado),FRENOS,L3,Prueba de tracción en dinamómetro: resistencia pasiva de rodadura de 650 N en rueda delantera izquierda debida a agarrotamiento de émbolo por ingreso de barro calcáreo tras vadear río; se requirió prensa de banco de 5 toneladas para extraer el pistón del cáliper constatándose deformación por corrosión por picadura.,TECNICO,resistencia_dinamometro_650n_barro,resistencia_650n_dinamometro|ingreso_barro_calcareo_vadeo|prensa_5_toneladas_extraccion,falla_traccion_4x4,,NO,NO,,SINTETICO_IA,L3 resistencia de 650 N por ingreso de barro calcáreo en émbolo.
