id,id_grupo,clase_objetivo,macro_sistema,nivel_informacion,texto_usuario,tipo_lenguaje,condicion_operacion,sintomas_presentes,sintomas_negados,dtc,requiere_pregunta,es_contrastivo,clase_contrastiva,fuente,observaciones
F10-L05-0001,G21-L1-01,Falla en sensor de posicion de cigueñal (CKP) o arbol de levas (CMP),MOTOR,L1,El carro se apaga de golpe cuando calienta y luego no quiere prender.,COTIDIANO,motor_caliente,apagado_caliente_no_enciende,,,SI,NO,,SINTETICO_IA,L1 corte súbito térmico.
F10-L05-0002,G21-L1-02,Falla en sensor de posicion de cigueñal (CKP) o arbol de levas (CMP),MOTOR,L1,"Hola, doy arranque con la llave, el motor gira normal pero no arranca nada.",WHATSAPP,arranque,gira_no_arranca,,,SI,NO,,SINTETICO_IA,L1 arranque infructuoso con giro normal.
F10-L05-0003,G21-L1-03,Falla en sensor de posicion de cigueñal (CKP) o arbol de levas (CMP),MOTOR,L1,La aguja de las revoluciones se queda muerta en cero mientras intento encender.,COTIDIANO,arranque,aguja_tacometro_en_cero,,,SI,NO,,SINTETICO_IA,L1 tacómetro sin lectura en marcha.
F10-L05-0004,G21-L1-04,Falla en sensor de posicion de cigueñal (CKP) o arbol de levas (CMP),MOTOR,L1,El motor tironea con cortes secos en autopista como si le quitaran la corriente.,TALLER,autopista,cortes_secos_corriente,,,SI,NO,,SINTETICO_IA,L1 tirones de ignición intermitentes.
F10-L05-0005,G21-L1-05,Falla en sensor de posicion de cigueñal (CKP) o arbol de levas (CMP),MOTOR,L1,Se prendió el Check Engine y demora varios segundos de giro en arrancar.,COTIDIANO,arranque_largo,check_engine|arranque_prolongado,,,SI,NO,,SINTETICO_IA,L1 arranque largo con testigo.
F10-L05-0006,G21-L1-06,Falla en sensor de posicion de cigueñal (CKP) o arbol de levas (CMP),MOTOR,L1,El escáner arrojó falla en el circuito del sensor de posición del motor.,TECNICO,diagnostico,falla_circuito_sensor_posicion,,,SI,NO,,SINTETICO_IA,L1 reporte genérico de sensor de posición.
F10-L05-0007,G21-L1-07,Falla en sensor de posicion de cigueñal (CKP) o arbol de levas (CMP),MOTOR,L1,Se apaga al llegar a temperatura de trabajo y a los 20 minutos vuelve a encender.,COTIDIANO,ciclo_termico,apaga_temperatura_trabajo|enciende_enfriar,,,SI,NO,,SINTETICO_IA,L1 corte dependiente de enfriamiento.
F10-L05-0008,G21-L1-08,Falla en sensor de posicion de cigueñal (CKP) o arbol de levas (CMP),MOTOR,L1,Mi auto se para de la nada en el semaforo y no hay chispa en las bujias.,ERROR_ORTOGRAFICO,ralenti_caliente,se_para_semaforo|sin_chispa,,,SI,NO,,SINTETICO_IA,L1 apagado sin chispa con error ortográfico.
F10-L05-0009,G21-L1-09,Falla en sensor de posicion de cigueñal (CKP) o arbol de levas (CMP),MOTOR,L1,"Buenas, el carro gira alegre con la batería pero parece que no le llega corriente.",WHATSAPP,arranque,gira_alegre_sin_arrancar,,,SI,NO,,SINTETICO_IA,L1 giro vigoroso sin ignición.
F10-L05-0010,G21-L1-10,Falla en sensor de posicion de cigueñal (CKP) o arbol de levas (CMP),MOTOR,L1,Pérdida momentánea de sincronismo angular entre volante y tren de válvulas.,TECNICO,marcha,perdida_sincronismo_angular,,,SI,NO,,SINTETICO_IA,L1 reporte técnico de sincronismo angular.
F10-L05-0011,G21-L2-01,Falla en sensor de posicion de cigueñal (CKP) o arbol de levas (CMP),MOTOR,L2,El motor gira con buena velocidad de arranque pero no enciende; se verificó y no hay chispa en bujías ni pulso en inyectores porque el sensor CKP no emite señal.,COTIDIANO,arranque,sin_chispa|sin_pulso_inyectores|ckp_sin_senal,falla_bateria,,NO,SI,Bomba de gasolina quemada o con baja presion,SINTETICO_IA,L2 ausencia simultánea de chispa e inyección vs bomba de gasolina.
F10-L05-0012,G21-L2-02,Falla en sensor de posicion de cigueñal (CKP) o arbol de levas (CMP),MOTOR,L2,Código P0335 referente al sensor de cigüeñal; el auto se apaga repentinamente tras rodar 25 minutos y no vuelve a prender hasta que el bloque de motor se enfría.,TECNICO,marcha_caliente,dtc_p0335|apaga_25min|enciende_al_enfriar,falla_bomba_combustible,P0335,NO,SI,Bomba de gasolina quemada o con baja presion,SINTETICO_IA,L2 DTC P0335 con corte térmico repetitivo.
F10-L05-0013,G21-L2-03,Falla en sensor de posicion de cigueñal (CKP) o arbol de levas (CMP),MOTOR,L2,Al dar marcha el motor de arranque gira perfecto pero la aguja del tacómetro no se mueve de cero; la bomba de gasolina funciona con puente pero no por comando de la ECU.,TALLER,arranque,tacometro_cero_arranque|bomba_ok_puente,falla_motor_arranque,,NO,SI,Falla en motor de arranque o solenoide defectuoso (clac seco o carbones gastados),SINTETICO_IA,L2 tacómetro en cero con motor de arranque girando fuerte.
F10-L05-0014,G21-L2-04,Falla en sensor de posicion de cigueñal (CKP) o arbol de levas (CMP),MOTOR,L2,"Hola maestro, el escáner arroja P0340 en el sensor de levas CMP. El auto arranca después de 6 segundos de insistir y se siente sin fuerza al acelerar.",WHATSAPP,arranque_largo,dtc_p0340|arranque_6_segundos|falta_fuerza,falla_cadena,P0340,NO,SI,Faja o cadena de distribucion destensada o con salto de punto,SINTETICO_IA,L2 arranque en modo degradado por CMP vs cadena.
F10-L05-0015,G21-L2-05,Falla en sensor de posicion de cigueñal (CKP) o arbol de levas (CMP),MOTOR,L2,El sensor de cigüeñal inductivo tiene la bobina interna degradada; en frío mide 900 ohms dentro de rango pero al calentar a 80°C sube a circuito abierto infinito.,TECNICO,prueba_resistencia_termica,resistencia_900_a_infinito_caliente,falla_bobinas,,NO,NO,,SINTETICO_IA,L2 bobina de CKP abre circuito por temperatura.
F10-L05-0016,G21-L2-06,Falla en sensor de posicion de cigueñal (CKP) o arbol de levas (CMP),MOTOR,L2,En autopista se siente un corte abrupto de encendido de un segundo y prende Check Engine con P0339; el cable blindado del CKP tiene la malla rota rozando el escape.,TALLER,autopista_corte,corte_un_segundo|dtc_p0339|cable_blindado_ckp_roce,falla_bujia,P0339,NO,SI,Falla en bujias o bobinas de encendido (misfire),SINTETICO_IA,L2 corte total P0339 por apantallamiento vs bujía.
F10-L05-0017,G21-L2-07,Falla en sensor de posicion de cigueñal (CKP) o arbol de levas (CMP),MOTOR,L2,El carro arranca al toque en la mañana pero si lo apago después de manejar una hora ya no prende; le echo agua fría al sensor detrás de la polea y arranca de una.,COTIDIANO,choque_termico_sensor,no_prende_en_caliente|agua_fria_sensor_enciende,falla_motor_arranque,,NO,SI,Falla en motor de arranque o solenoide defectuoso (clac seco o carbones gastados),SINTETICO_IA,L2 prueba empírica de agua en sensor CKP descarta motor de arranque.
F10-L05-0018,G21-L2-08,Falla en sensor de posicion de cigueñal (CKP) o arbol de levas (CMP),MOTOR,L2,Mi carro da vueltas el motor pero no arranca y en el tablero sale codigo P0335. Revisaron la faja y esta en su punto pero el captador de cigueñal no lee los dientes.,ERROR_ORTOGRAFICO,arranque_fallido,dtc_p0335|faja_en_punto|captador_no_lee_dientes,faja_saltada,P0335,NO,SI,Faja o cadena de distribucion destensada o con salto de punto,SINTETICO_IA,L2 faja en punto descarta distribución corrida.
F10-L05-0019,G21-L2-09,Falla en sensor de posicion de cigueñal (CKP) o arbol de levas (CMP),MOTOR,L2,Sensor de árbol de levas CMP tipo Hall genera señal plana de 5V fijos sin conmutar a masa al girar la rueda fónica por falla en el circuito integrado interno.,TECNICO,comprobacion_voltaje_hall,senal_5v_plana_sin_conmutar|circuito_hall_averiado,falla_computadora,,NO,NO,,SINTETICO_IA,L2 sensor Hall bloqueado en nivel alto.
F10-L05-0020,G21-L2-10,Falla en sensor de posicion de cigueñal (CKP) o arbol de levas (CMP),MOTOR,L2,"El motor tironea fuerte a 2500 rpm y pierde sincronismo con código P0016; el calado mecánico está perfecto y el juego axial del dámper no existe, siendo el sensor CMP el defectuoso.",TALLER,2500rpm_tironeo,dtc_p0016|calado_mecanico_perfecto|sensor_cmp_defectuoso,cadena_estirada,P0016,NO,SI,Faja o cadena de distribucion destensada o con salto de punto,SINTETICO_IA,L2 calado perfecto descarta cadena y confirma sensor CMP.
F10-L05-0021,G21-L2-11,Falla en sensor de posicion de cigueñal (CKP) o arbol de levas (CMP),MOTOR,L2,"Buenas maestro, el carro se me apagó rodando. Pensé que era la bomba pero el mecánico me dice que la bomba manda gasolina y lo que no hay es chispa por sensor de cigueñal.",WHATSAPP,marcha_apagado,apago_rodando|bomba_manda_gasolina|sin_chispa_sensor_cigueñal,falla_bomba_gasolina,,NO,SI,Bomba de gasolina quemada o con baja presion,SINTETICO_IA,L2 bomba manda combustible descartando bomba de gasolina.
F10-L05-0022,G21-L2-12,Falla en sensor de posicion de cigueñal (CKP) o arbol de levas (CMP),MOTOR,L2,DTC P0341 de rango y rendimiento del sensor de posición del árbol de levas; el conector tiene la traba rota y vibra desconectándose en caminos irregulares.,TECNICO,inspeccion_conector_cmp,dtc_p0341|conector_traba_rota|falso_contacto_vibracion,falla_vvt,P0341,NO,SI,Falla en sistema de sincronizacion variable de valvulas (VVT / VVT-i / Valvetronic),SINTETICO_IA,L2 código P0341 por conector flojo vs sistema VVT.
F10-L05-0023,G21-L2-13,Falla en sensor de posicion de cigueñal (CKP) o arbol de levas (CMP),MOTOR,L2,El motor tose y cabecea al intentar arrancar en caliente; el sensor CKP tiene acumulación de viruta metálica del embrague en la punta imantada que deforma la lectura.,TALLER,inspeccion_punta_sensor,viruta_metalica_punta_imantada_ckp|deformacion_lectura,falla_motor_arranque,,NO,NO,,SINTETICO_IA,L2 viruta imantada en punta de sensor CKP.
F10-L05-0024,G21-L2-14,Falla en sensor de posicion de cigueñal (CKP) o arbol de levas (CMP),MOTOR,L2,El auto arranca pero no pasa de 3000 rpm funcionando en estrategia de emergencia; el sensor CMP no entrega pulsos y la ECU sincroniza solo por flancos del CKP.,COTIDIANO,limp_mode_3000rpm,modo_emergencia_3000rpm|cmp_sin_pulsos|sincroniza_solo_ckp,falla_cuerpo_mariposa,,NO,NO,,SINTETICO_IA,L2 modo de emergencia por ausencia de CMP.
F10-L05-0025,G21-L2-15,Falla en sensor de posicion de cigueñal (CKP) o arbol de levas (CMP),MOTOR,L2,DTC P0335 intermitente en aceleración fuerte; el entrehierro entre el sensor de cigüeñal y la rueda fónica es excesivo con 1.8 mm (tolerancia 0.5 a 1.0 mm).,TECNICO,medicion_entrehierro,dtc_p0335|entrehierro_1_8mm_excesivo|tolerancia_1mm,falla_rueda_fonica,P0335,NO,NO,,SINTETICO_IA,L2 entrehierro excesivo de 1.8 mm en sensor CKP.
F10-L05-0026,G21-L3-01,Falla en sensor de posicion de cigueñal (CKP) o arbol de levas (CMP),MOTOR,L3,"En prueba de osciloscopio automotriz de dos canales se monitorea la señal analógica del sensor de cigüeñal inductivo CKP y la señal digital cuadrada de 5V del CMP. Al calentar el motor a 92°C de refrigerante la amplitud pico a pico del CKP colapsa de 4.2V a 0.3V por cortocircuito térmico entre espiras internas de la bobina, apagando el motor de golpe con DTC P0335. La presión de gasolina se mantiene en 3.8 bar y la compresión es de 165 psi pareja.",TECNICO,analisis_osciloscopio_dos_canales,dtc_p0335|ckp_colapsa_4_2_a_0_3v_termico|presion_combustible_3_8bar_ok,falla_bomba_gasolina_electrica,P0335,NO,SI,Bomba de gasolina quemada o con baja presion,SINTETICO_IA,L3 oscilograma dual demuestra colapso de amplitud a 0.3V descartando bomba.
F10-L05-0027,G21-L3-02,Falla en sensor de posicion de cigueñal (CKP) o arbol de levas (CMP),MOTOR,L3,"El vehículo ingresa en grúa por no encender tras apagarse en marcha. El motor de arranque gira vigorosamente a 260 rpm pero el escáner reporta 'Engine Speed: 0 RPM' en datos en vivo y DTC P0335. Se conectó lámpara de prueba noid en los 4 conectores de inyectores y no hay destello de masa, ni tampoco salto de chispa en las bobinas COP. Se midió la resistencia del sensor CKP marcando circuito abierto infinito en lugar de 850 ohms especificados.",TALLER,diagnostico_linea_ckp_noid,dtc_p0335|engine_speed_0rpm|sin_chispa_sin_noid|resistencia_ckp_infinita,falla_motor_arranque,P0335,NO,SI,Falla en motor de arranque o solenoide defectuoso (clac seco o carbones gastados),SINTETICO_IA,L3 RPM en cero con lámpara noid inactiva y resistencia infinita.
F10-L05-0028,G21-L3-03,Falla en sensor de posicion de cigueñal (CKP) o arbol de levas (CMP),MOTOR,L3,"Código P0340 referente al sensor CMP del árbol de levas de escape. El motor demora 8 segundos de marcha para arrancar y se enciende el Check Engine. Al medir con osciloscopio la señal de salida del sensor Hall se observa que la tensión de nivel bajo no cae a 0V sino que se queda estancada en 1.8V debido a degradación de la etapa de drenador abierto, impidiendo que la PCM reconozca el flanco de bajada de sincronización.",TECNICO,diagnostico_flanco_hall_cmp,dtc_p0340|nivel_bajo_estancado_1_8v|pcm_no_detecta_flanco_bajada,falla_computadora_pcm,P0340,NO,NO,,SINTETICO_IA,L3 nivel bajo Hall en 1.8V impide reconocimiento de flanco.
F10-L05-0029,G21-L3-04,Falla en sensor de posicion de cigueñal (CKP) o arbol de levas (CMP),MOTOR,L3,"Vehículo presenta tironeos violentos en aceleración y código P0016. Se desmontó la tapa de distribución y se verificó con útil de calado OEM que las marcas de árbol de levas y cigüeñal coinciden al milímetro con cadena tensa. Al revisar el sensor CMP se constató que la carcasa plástica está fisurada y rozaba contra la rueda fónica, habiendo desgastado el núcleo captador magnético.",TALLER,inspeccion_calado_vs_sensor,dtc_p0016|marcas_calado_exactas_cadena_tensa|sensor_cmp_fisurado_roce,cadena_saltada,P0016,NO,SI,Faja o cadena de distribucion destensada o con salto de punto,SINTETICO_IA,L3 útil de calado perfecto descarta cadena corrida y confirma CMP fisurado.
F10-L05-0030,G21-L3-05,Falla en sensor de posicion de cigueñal (CKP) o arbol de levas (CMP),MOTOR,L3,"Hola maestro, el carro se me apaga después de manejar media hora y tengo que esperar que se enfríe para que vuelva a encender. En el taller le cambiaron bujías, bobinas y bomba de nafta pero seguía con la falla. Le pusieron el osciloscopio al sensor del cigueñal que va abajo y cuando calienta la señal se vuelve una raya recta; le cambiaron el sensor CKP y se arregló.",WHATSAPP,historial_piezas_cambiadas_ckp,apaga_media_hora|piezas_cambiadas_persiste|senal_ckp_se_vuelve_recta,falla_bujias_bobinas,,NO,SI,Falla en bujias o bobinas de encendido (misfire),SINTETICO_IA,L3 piezas de encendido y bomba nuevas descartan rivales.
F10-L05-0031,G21-L3-06,Falla en sensor de posicion de cigueñal (CKP) o arbol de levas (CMP),MOTOR,L3,"DTC P0336 referente al rendimiento del sensor de cigüeñal. En captura de osciloscopio se detecta que el diente de referencia faltante (gap de 60-2 dientes) presenta ruido eléctrico parásito de alta frecuencia inducido por el alternador, borrando la ventana de sincronización para la computadora cada vez que se encienden las luces altas.",TECNICO,ruido_parasito_diente_faltante,dtc_p0336|ruido_parasito_gap_60_menos_2|interferencia_alternador,falla_bateria,P0336,NO,NO,,SINTETICO_IA,L3 ruido parásito en diente faltante gap 60-2.
F10-L05-0032,G21-L3-07,Falla en sensor de posicion de cigueñal (CKP) o arbol de levas (CMP),MOTOR,L3,"El motor arranca con dificultad presentando contraexplosiones por el múltiple de admisión. Se conectó escáner mostrando DTC P0341 en sensor CMP. La prueba con multímetro arrojó alimentación de 5.0V correcta y masa de 0.02V impecable, pero la señal de salida no conmuta debido a fractura del imán permanente interno en el cabezal del sensor.",TALLER,alimentacion_y_masa_cmp,dtc_p0341|alimentacion_5v_ok_masa_ok|iman_fracturado_cabezal,falla_cableado_alimentacion,P0341,NO,NO,,SINTETICO_IA,L3 alimentaciones perfectas con imán interno fracturado.
F10-L05-0033,G21-L3-08,Falla en sensor de posicion de cigueñal (CKP) o arbol de levas (CMP),MOTOR,L3,Mi auto se apaga de golpe en carretera con codigo P0335 y no arranca mas hasta que enfria. En el taller le midieron con tester la resistencia al sensor de cigueñal y en caliente dio infinito cortado. Le pusieron sensor nuevo original y no volvio a fallar en subidas ni en trafico.,ERROR_ORTOGRAFICO,corte_carretera_tester,dtc_p0335|resistencia_infinita_cortado_caliente|sensor_nuevo_resuelve,falla_modulo_ignicion,P0335,NO,NO,,SINTETICO_IA,L3 resistencia infinita en caliente comprobada con tester y ortografía informal.
F10-L05-0034,G21-L3-09,Falla en sensor de posicion de cigueñal (CKP) o arbol de levas (CMP),MOTOR,L3,"Corte súbito de encendido bajo vibración a 3500 rpm con código P0339. Al inspeccionar el conector del sensor CKP de 3 pines se halló el pin hembra de señal ensanchado sin tensión mecánica, provocando microdesconexiones de 5 milisegundos que resetean el contador de sincronización del PCM.",TECNICO,inspeccion_pin_conector_ckp,dtc_p0339|pin_hembra_ensanchado|microdesconexiones_5ms,falla_bobina_encendido,P0339,NO,SI,Falla en bujias o bobinas de encendido (misfire),SINTETICO_IA,L3 microdesconexiones de 5 ms por pin hembra ensanchado.
F10-L05-0035,G21-L3-10,Falla en sensor de posicion de cigueñal (CKP) o arbol de levas (CMP),MOTOR,L3,"DTC P0017 en motor VVT de 4 cilindros. Se verificó con manómetro hidráulico que la presión de aceite llega a 45 psi a los variadores y el solenoide OCV actúa linealmente. Al intercambiar los sensores CMP de admisión y escape el código migró a P0016, comprobándose que la falla residía en el sensor Hall y no en el sistema mecánico de avance variable.",TALLER,intercambio_sensores_cmp,dtc_p0017_migra_a_p0016|presion_aceite_45psi_ok|solenoide_ocv_lineal,falla_solenoide_vvt,P0017,NO,SI,Falla en sistema de sincronizacion variable de valvulas (VVT / VVT-i / Valvetronic),SINTETICO_IA,L3 prueba cruzada de sensores CMP migra el código de falla.
F10-L05-0036,G21-L3-11,Falla en sensor de posicion de cigueñal (CKP) o arbol de levas (CMP),MOTOR,L3,"Buenas tardes, el carro tiembla en mínimo y a veces se apaga cuando piso el freno en un semáforo. En el escáner sale código de árbol de levas pero la distribución es nueva y la pusieron con trabas originales de fábrica. Le sacaron el sensor CMP y estaba partido en la punta porque rozaba.",WHATSAPP,distribucion_nueva_con_trabas,dtc_arbol_levas|distribucion_nueva_con_trabas|sensor_cmp_partido_punta,cadena_destensada,,NO,SI,Faja o cadena de distribucion destensada o con salto de punto,SINTETICO_IA,L3 distribución nueva calada con trabas descarta salto de faja.
F10-L05-0037,G21-L3-12,Falla en sensor de posicion de cigueñal (CKP) o arbol de levas (CMP),MOTOR,L3,Medición de tensión de referencia del sensor Hall del árbol de levas: al dar contacto la línea de pull-up entrega 5.0V normales provenientes de la ECU. Al girar el motor manualmente el voltaje conmuta entre 0.1V y 4.9V correctamente pero al superar las 1200 rpm la frecuencia de salida se desconfigura por histéresis térmica del integrado.,TECNICO,prueba_histeresis_termica_hall,pull_up_5v_ok|conmuta_manual_falla_a_1200rpm|histeresis_termica,falla_ecu,,NO,NO,,SINTETICO_IA,L3 fallo de conmutación dependiente de frecuencia por histéresis térmica.
F10-L05-0038,G21-L3-13,Falla en sensor de posicion de cigueñal (CKP) o arbol de levas (CMP),MOTOR,L3,El motor arranca tras 10 segundos de marcha únicamente en modo de respaldo utilizando la señal de CMP con código P0335 activo. Al revisar el sensor CKP detrás del volante de inercia se encontró que el cable sufrió aprisionamiento contra la carcasa de la caja durante el cambio de embrague cortando la línea a masa.,TALLER,modo_respaldo_cmp,dtc_p0335|modo_respaldo_arranque_10seg|cable_ckp_aprisionado_caja,falla_embrague,P0335,NO,SI,Disco de embrague desgastado o patinando,SINTETICO_IA,L3 cable aprisionado en montaje de embrague causa P0335.
F10-L05-0039,G21-L3-14,Falla en sensor de posicion de cigueñal (CKP) o arbol de levas (CMP),MOTOR,L3,"DTC P0340 recurrente en motor 1.6 16v. La señal del sensor CMP presenta flancos de subida redondeados con tiempo de transición de más de 80 microsegundos (especificación menor a 5 us) debido a condensador interno en fuga, impidiendo que el microprocesador sincronice el encendido secuencial.",TECNICO,analisis_tiempo_transicion_flancos,dtc_p0340|tiempo_transicion_80us_redondeado|condensador_interno_fuga,falla_inyectores,P0340,NO,NO,,SINTETICO_IA,L3 flancos redondeados a 80 us por condensador en fuga.
F10-L05-0040,G21-L3-15,Falla en sensor de posicion de cigueñal (CKP) o arbol de levas (CMP),MOTOR,L3,"Al exigir el motor en subida se producen tirones severos seguidos de apagado total de inyección con código P0335. Se comprobó que al calentar el motor el entrehierro del sensor CKP se incrementa por dilatación térmica de la pletina de soporte de chapa doblada, cayendo el voltaje inducido por debajo del umbral de detección.",TALLER,dilatacion_soporte_ckp,dtc_p0335|dilatacion_soporte_chapa|entrehierro_aumenta_caliente,falla_bomba_gasolina,P0335,NO,SI,Bomba de gasolina quemada o con baja presion,SINTETICO_IA,L3 dilatación de soporte incrementa entrehierro en caliente.
F10-L05-0041,G22-L1-01,Falla en sistema de control de emisiones evaporativas EVAP (canister o valvula de purga),MOTOR,L1,El carro se pone muy pesado para arrancar justo después de tanquear gasolina.,COTIDIANO,post_tanqueo,dificultad_arranque_post_tanqueo,,,SI,NO,,SINTETICO_IA,L1 arranque pesado tras llenar tanque.
F10-L05-0042,G22-L1-02,Falla en sistema de control de emisiones evaporativas EVAP (canister o valvula de purga),MOTOR,L1,"Hola, siento un olor fuerte a gasolina cruda dentro del carro al manejar.",WHATSAPP,marcha,olor_gasolina_habitaculo,,,SI,NO,,SINTETICO_IA,L1 olor a vapores de nafta en habitáculo.
F10-L05-0043,G22-L1-03,Falla en sistema de control de emisiones evaporativas EVAP (canister o valvula de purga),MOTOR,L1,Se encendió el Check Engine y me dijeron que hay una fuga pequeña de vapores.,COTIDIANO,diagnostico,check_engine|fuga_pequena_vapores,,,SI,NO,,SINTETICO_IA,L1 aviso de fuga menor de emisiones.
F10-L05-0044,G22-L1-04,Falla en sistema de control de emisiones evaporativas EVAP (canister o valvula de purga),MOTOR,L1,Al abrir la tapa de la gasolina suena como si destapara una gaseosa con mucha presión.,COTIDIANO,apertura_tapa,succion_fuerte_tapa_gasolina,,,SI,NO,,SINTETICO_IA,L1 despresurización audible en tapa.
F10-L05-0045,G22-L1-05,Falla en sistema de control de emisiones evaporativas EVAP (canister o valvula de purga),MOTOR,L1,El ralentí se vuelve inestable y tiembla solo cuando el tanque está completamente lleno.,TALLER,tanque_lleno_ralenti,ralenti_inestable_tanque_lleno,,,SI,NO,,SINTETICO_IA,L1 inestabilidad asociada a nivel de combustible.
F10-L05-0046,G22-L1-06,Falla en sistema de control de emisiones evaporativas EVAP (canister o valvula de purga),MOTOR,L1,Aparece un código de purga incorrecta del sistema de emisiones en el escáner.,TECNICO,diagnostico,codigo_purga_incorrecta_evap,,,SI,NO,,SINTETICO_IA,L1 código genérico de purga EVAP.
F10-L05-0047,G22-L1-07,Falla en sistema de control de emisiones evaporativas EVAP (canister o valvula de purga),MOTOR,L1,Siento un ruidito como de golpeteo rápido tac-tac-tac cerca del motor al acelerar suave.,COTIDIANO,aceleracion_suave,ruido_tac_tac_rapido_valvula,,,SI,NO,,SINTETICO_IA,L1 conmutación audible de válvula de purga.
F10-L05-0048,G22-L1-08,Falla en sistema de control de emisiones evaporativas EVAP (canister o valvula de purga),MOTOR,L1,Se prendio la luz del motor y huele a nafta por la llanta trasera derecha.,ERROR_ORTOGRAFICO,inspeccion_trasera,luz_motor|olor_nafta_llanta_trasera,,,SI,NO,,SINTETICO_IA,L1 olor en zona de canister con ortografía informal.
F10-L05-0049,G22-L1-09,Falla en sistema de control de emisiones evaporativas EVAP (canister o valvula de purga),MOTOR,L1,"Buenas, llené el tanque a tope y cuando salí del grifo el carro casi se apaga.",WHATSAPP,salida_grifo,casi_se_apaga_post_llenado,,,SI,NO,,SINTETICO_IA,L1 ahogo inmediato post-llenado.
F10-L05-0050,G22-L1-10,Falla en sistema de control de emisiones evaporativas EVAP (canister o valvula de purga),MOTOR,L1,Presurización o depresión fuera de rango detectada en el depósito de combustible.,TECNICO,monitoreo_evap,presion_deposito_fuera_rango,,,SI,NO,,SINTETICO_IA,L1 reporte técnico de presión en tanque.
F10-L05-0051,G22-L2-01,Falla en sistema de control de emisiones evaporativas EVAP (canister o valvula de purga),MOTOR,L2,Tras llenar el tanque en el grifo el motor demora 10 segundos en arrancar tosiendo y ahogado; la válvula de purga de canister se quedó trabada abierta succionando vapores crudos.,COTIDIANO,post_tanqueo_completo,arranque_largo_ahogado|valvula_purga_trabada_abierta,falla_bomba_combustible,,NO,SI,Falla en regulador de presion de combustible o diafragma roto,SINTETICO_IA,L2 válvula de purga abierta ahoga tras tanquear vs regulador.
F10-L05-0052,G22-L2-02,Falla en sistema de control de emisiones evaporativas EVAP (canister o valvula de purga),MOTOR,L2,Código P0441 por flujo incorrecto de purga EVAP; al desconectar la manguera de la válvula en ralentí se siente succión constante cuando el solenoide debería estar cerrado.,TECNICO,prueba_succion_valvula_purga,dtc_p0441|succion_constante_ralenti|solenoide_deberia_cerrar,falla_iac,P0441,NO,SI,Cuerpo de aceleracion o valvula IAC sucia,SINTETICO_IA,L2 succión constante en ralentí con P0441.
F10-L05-0053,G22-L2-03,Falla en sistema de control de emisiones evaporativas EVAP (canister o valvula de purga),MOTOR,L2,Olor penetrante a vapores de gasolina en el habitáculo; se inspeccionó el canister de carbón activado ubicado sobre el eje trasero encontrándose la carcasa plástica rajada por impacto de piedra.,TALLER,inspeccion_canister_trasero,olor_vapores_gasolina|canister_carcasa_rajada_piedra,fuga_linea_freno,,NO,NO,,SINTETICO_IA,L2 canister perforado por piedra genera olor.
F10-L05-0054,G22-L2-04,Falla en sistema de control de emisiones evaporativas EVAP (canister o valvula de purga),MOTOR,L2,DTC P0455 de fuga grande detectada en el sistema de emisiones evaporativas; la tapa del tanque de combustible tiene la junta de goma cuarteada y no logra sellar herméticamente.,COTIDIANO,inspeccion_tapa_gasolina,dtc_p0455|tapa_gasolina_junta_cuarteada|sin_sello_hermetico,fuga_tanque_combustible,P0455,NO,NO,,SINTETICO_IA,L2 código P0455 por junta de tapa cuarteada.
F10-L05-0055,G22-L2-05,Falla en sistema de control de emisiones evaporativas EVAP (canister o valvula de purga),MOTOR,L2,"Hola maestro, el auto tiembla en ralentí y el escáner muestra ajuste de combustible negativo en -18%; al estrangular la manguera que viene del canister el motor empareja de inmediato.",WHATSAPP,prueba_estrangulamiento_manguera,ltft_menos_18|estrangular_manguera_canister_empareja,inyectores_goteando,,NO,SI,Inyectores sucios o filtro de combustible obstruido,SINTETICO_IA,L2 prueba de pinzamiento de manguera EVAP empareja motor.
F10-L05-0056,G22-L2-06,Falla en sistema de control de emisiones evaporativas EVAP (canister o valvula de purga),MOTOR,L2,DTC P0442 de pequeña fuga en el sistema EVAP; la prueba con máquina de humo a 0.5 psi reveló escape leve de humo por la válvula de ventilación vent valve del canister.,TECNICO,prueba_humo_evap,dtc_p0442|fuga_humo_vent_valve_canister,falla_sensor_oxigeno,P0442,NO,SI,Falla en sensor de oxigeno o mezcla rica,SINTETICO_IA,L2 fuga pequeña P0442 localizada con máquina de humo.
F10-L05-0057,G22-L2-07,Falla en sistema de control de emisiones evaporativas EVAP (canister o valvula de purga),MOTOR,L2,El auto arranca bien en frío pero si cargo combustible con el motor apagado luego no enciende hasta el tercer intento botando humo negro y olor a nafta cruda.,COTIDIANO,arranque_post_llenado,no_enciende_post_tanqueo|humo_negro_olor_nafta,falla_motor_arranque,,NO,SI,Falla en sistema Flex / Bi-combustible (Alcohol/Etanol),SINTETICO_IA,L2 ahogo exclusivo post-tanqueo vs sistema Flex.
F10-L05-0058,G22-L2-08,Falla en sistema de control de emisiones evaporativas EVAP (canister o valvula de purga),MOTOR,L2,Mi carro jalonea en minimo y sale codigo P0440 en el escaner. La tapa de gasolina esta bien apretada pero huele a gasolina fresca por la cajuela cuando hace calor.,ERROR_ORTOGRAFICO,dias_calurosos,dtc_p0440|jaloneo_minimo|olor_gasolina_cajuela_calor,falla_bomba_gasolina,P0440,NO,NO,,SINTETICO_IA,L2 código P0440 con olor en cajuela en días de calor.
F10-L05-0059,G22-L2-09,Falla en sistema de control de emisiones evaporativas EVAP (canister o valvula de purga),MOTOR,L2,La válvula solenoide de purga tiene la bobina eléctrica en cortocircuito arrojando código P0443; al medir resistencia con multímetro marca 0.5 ohms (especificación 25 a 35 ohms).,TECNICO,medicion_resistencia_valvula_purga,dtc_p0443|resistencia_0_5_ohms_corto|especificacion_30_ohms,falla_inyector,P0443,NO,NO,,SINTETICO_IA,L2 bobina de válvula de purga en corto P0443.
F10-L05-0060,G22-L2-10,Falla en sistema de control de emisiones evaporativas EVAP (canister o valvula de purga),MOTOR,L2,Al retirar la tapa del tanque de gasolina se escucha un fuerte soplido de vacío que hace crujir el tanque de chapa; la válvula de alivio bidireccional del canister está obstruida.,TALLER,inspeccion_tanque_deformado,vacio_excesivo_crujido_tanque|valvula_alivio_canister_tapada,falla_bomba_tanque,,NO,NO,,SINTETICO_IA,L2 colapso por vacío excesivo en tanque de combustible.
F10-L05-0061,G22-L2-11,Falla en sistema de control de emisiones evaporativas EVAP (canister o valvula de purga),MOTOR,L2,"Buenas maestro, en el taller me dijeron que tengo código P0446. Revisaron el filtro de carbón que va abajo y está lleno de carbón suelto que se metió a las mangueras de aire.",WHATSAPP,inspeccion_carbón_suelto,dtc_p0446|canister_carbon_desgranado_mangueras,falla_filtro_gasolina,P0446,NO,NO,,SINTETICO_IA,L2 carbón activado desgranado viaja por las líneas EVAP.
F10-L05-0062,G22-L2-12,Falla en sistema de control de emisiones evaporativas EVAP (canister o valvula de purga),MOTOR,L2,El sensor de presión del tanque de combustible FTP reporta voltaje fijo de 4.8V; el módulo PCM no puede ejecutar la prueba automática de estanqueidad nocturna.,TECNICO,diagnostico_sensor_ftp,sensor_ftp_4_8v_fijo|no_ejecuta_monitor_estanqueidad,falla_sensor_map,,NO,NO,,SINTETICO_IA,L2 sensor de presión de tanque FTP averiado.
F10-L05-0063,G22-L2-13,Falla en sistema de control de emisiones evaporativas EVAP (canister o valvula de purga),MOTOR,L2,Ralentí muy acelerado a 1200 rpm en caliente con código P0171; al desconectar la manguera de purga del múltiple y taponarla con el dedo el motor baja inmediatamente a 750 rpm.,TALLER,prueba_tapon_dedo_purga,dtc_p0171|ralenti_1200_cae_750rpm_taponando_purga,fuga_multiple_admision,P0171,NO,SI,Falla en sensor de oxigeno o mezcla rica,SINTETICO_IA,L2 entrada falsa de aire a través de purga EVAP.
F10-L05-0064,G22-L2-14,Falla en sistema de control de emisiones evaporativas EVAP (canister o valvula de purga),MOTOR,L2,El cliente reclama que el surtidor de gasolina se dispara y corta a cada rato al intentar tanquear; la línea de ventilación de recarga del canister está taponada con lodo de carretera.,COTIDIANO,carga_combustible_corta,surtidor_dispara_continuo|linea_ventilacion_taponada_lodo,falla_aforador,,NO,NO,,SINTETICO_IA,L2 surtidor de gasolina dispara por ventilación tapada.
F10-L05-0065,G22-L2-15,Falla en sistema de control de emisiones evaporativas EVAP (canister o valvula de purga),MOTOR,L2,DTC P0456 de fuga muy pequeña; prueba de vacío manual en la válvula de purga demuestra que fuga 2 inHg en 30 segundos debido a asiento de goma endurecido.,TECNICO,prueba_vacio_valvula_purga,dtc_p0456|valvula_purga_fuga_2inhg|asiento_endurecido,falla_sensor_map,P0456,NO,NO,,SINTETICO_IA,L2 fuga de vacío marginal en asiento de purga con P0456.
F10-L05-0066,G22-L3-01,Falla en sistema de control de emisiones evaporativas EVAP (canister o valvula de purga),MOTOR,L3,Vehículo ingresa con queja de dificultad severa de encendido tras cargar combustible en la estación de servicio. El motor arranca ahogado con fuerte olor a nafta cruda y cabeceo prolongado de 2 minutos. Escáner registra DTC P0441 (Incorrect Purge Flow). En prueba de banco con bomba de vacío manual (Mityvac) la electroválvula de purga EVAP desenergizada no retiene vacío fugando libremente por asiento trabado con granos de carbón del canister. Al desconectar la manguera hacia el múltiple y sellarla el arranque es instantáneo.,TECNICO,prueba_mityvac_banco_purga,dtc_p0441|valvula_purga_no_retiene_vacio|granos_carbon_asiento|arranque_ahogado_post_tanqueo,falla_regulador_presion,P0441,NO,SI,Falla en regulador de presion de combustible o diafragma roto,SINTETICO_IA,L3 Mityvac confirma válvula de purga trabada abierta por granos de carbón.
F10-L05-0067,G22-L3-02,Falla en sistema de control de emisiones evaporativas EVAP (canister o valvula de purga),MOTOR,L3,DTC P0455 (Gross EVAP Leak Detected). Se presurizó el sistema de combustible con máquina de humo y nitrógeno a 0.5 psi según procedimiento OEM. Se observó densa columna de humo escapando por la boca de llenado debido a fisura longitudinal en el gollete plástico del cuello de tanque y sello de la tapa deformado. Los inyectores pulverizan conforme y la presión de rampa se mantiene en 3.5 bar estables sin caídas.,TALLER,maquina_humo_nitrogeno_0_5psi,dtc_p0455|humo_escapa_cuello_tanque_fisurado|sello_tapa_deformado|presion_combustible_3_5bar_ok,falla_bomba_gasolina,P0455,NO,SI,Bomba de gasolina quemada o con baja presion,SINTETICO_IA,L3 máquina de humo confirma fuga masiva en gollete con presión de combustible OK.
F10-L05-0068,G22-L3-03,Falla en sistema de control de emisiones evaporativas EVAP (canister o valvula de purga),MOTOR,L3,El cliente ingresa por ralentí oscilante entre 600 y 1100 rpm y código P0172 (System Too Rich). Los valores de corrección de combustible a corto plazo STFT marcan -22% fijo en ralentí pero al desconectar la electroválvula de purga de canister y obturar la toma del múltiple de admisión los trims se normalizan a +1.5%. La prueba de resistencia eléctrica de la electroválvula arrojó 31 ohms normal pero la corredera interna está atascada abierta.,TECNICO,evaluacion_trims_stft_purga,dtc_p0172|stft_menos_22_corrige_a_mas_1_5_obturando|corredera_purga_atascada,inyectores_goteando,P0172,NO,SI,Inyectores sucios o filtro de combustible obstruido,SINTETICO_IA,L3 normalización de STFT de -22% a +1.5% al obturar purga descarta inyectores.
F10-L05-0069,G22-L3-04,Falla en sistema de control de emisiones evaporativas EVAP (canister o valvula de purga),MOTOR,L3,"Olor penetrante a hidrocarburos en la parte trasera izquierda tras estacionar el vehículo bajo el sol. Se desmontó el canister de carbón activado encontrándose la carcasa saturada de gasolina líquida pesando 2.8 kg (peso de referencia 1.1 kg) debido a que el cliente acostumbra llenar el tanque hasta el rebose forzado, habiendo inundado el lecho de carbón.",TALLER,pesaje_canister_inundado,canister_pesa_2_8kg_vs_1_1kg|inundado_gasolina_liquida|rebose_tanque,fuga_tanque_combustible,,NO,NO,,SINTETICO_IA,L3 canister inundado pesa 2.8 kg por llenar hasta el rebose.
F10-L05-0070,G22-L3-05,Falla en sistema de control de emisiones evaporativas EVAP (canister o valvula de purga),MOTOR,L3,"Hola maestro, cada vez que lleno el tanque en el grifo el carro no quiere prender, tose feo y tira humo negro. Le cambiaron la bomba de gasolina y las bujías pero sigue igualito. En el taller me desconectaron la manguera que va de una válvula del motor al tanque y el carro prendió al toque. Me dijeron que la válvula de purga se quedó pegada abierta.",WHATSAPP,arranque_fallido_post_tanqueo_bomba_nueva,no_prende_al_tanquear|bomba_bujias_nuevas_persiste|desconectar_purga_prende,falla_bomba_gasolina,,NO,SI,Bomba de gasolina quemada o con baja presion,SINTETICO_IA,L3 bomba y bujías nuevas no resuelven; desconectar purga soluciona.
F10-L05-0071,G22-L3-06,Falla en sistema de control de emisiones evaporativas EVAP (canister o valvula de purga),MOTOR,L3,DTC P0442 (Small Leak Detected). La prueba de caída de presión con nitrógeno a 14 inH2O mostró pérdida de 5 inH2O en 45 segundos. Utilizando detector ultrasónico de fugas y máquina de humo se localizó una microfisura en la manguera de teflón corrugada que conecta el canister con la válvula de purga justo en la curva sobre el puente trasero.,TECNICO,prueba_caida_presion_nitrogeno,dtc_p0442|caida_5inh2o_45seg|microfisura_manguera_corrugada,falla_sensor_oxigeno,P0442,NO,SI,Falla en sensor de oxigeno o mezcla rica,SINTETICO_IA,L3 caída de presión en inH2O localiza microfisura con detector ultrasónico.
F10-L05-0072,G22-L3-07,Falla en sistema de control de emisiones evaporativas EVAP (canister o valvula de purga),MOTOR,L3,"Ralentí inestable con DTC P0440. Se monitoreó con escáner el sensor de presión del tanque de combustible FTP durante la prueba de purga forzada: el sensor permanece fijo en 2.45V sin registrar la depresión de -1.5 kPa generada por la apertura de purga. La comprobación física con manómetro digital constató que el tanque sí genera depresión de -1.6 kPa, diagnosticándose sensor FTP dañado.",TECNICO,monitoreo_sensor_ftp_vs_manometro,dtc_p0440|sensor_ftp_2_45v_fijo|depresion_real_menos_1_6kpa,falla_valvula_purga,P0440,NO,NO,,SINTETICO_IA,L3 manómetro confirma depresión real en tanque mientras sensor FTP marca fijo.
F10-L05-0073,G22-L3-08,Falla en sistema de control de emisiones evaporativas EVAP (canister o valvula de purga),MOTOR,L3,Mi carro jalonea en parado y prende el check con codigo P0441. En el taller probaron la valvulita que va en el multiple y le soplaron aire apagada y pasa el aire derechito sin corriente. Le pusieron valvula nueva que no deja pasar aire y se borro la falla quedando el minimo parejito.,ERROR_ORTOGRAFICO,prueba_soplado_valvula,dtc_p0441|valvula_sopla_derechito_apagada|valvula_nueva_sella,falla_cuerpo_aceleracion,P0441,NO,SI,Cuerpo de aceleracion o valvula IAC sucia,SINTETICO_IA,L3 prueba de soplado confirma válvula permeable sin corriente con ortografía informal.
F10-L05-0074,G22-L3-09,Falla en sistema de control de emisiones evaporativas EVAP (canister o valvula de purga),MOTOR,L3,"Deformación plástica severa del tanque de combustible con reducción de capacidad de 55 a 42 litros. La válvula de ventilación de ventilación (Canister Vent Valve) quedó atascada en posición cerrada por barro acumulado en el filtro atmosférico, provocando que la succión del motor colapsara el tanque hacia adentro por vacío descontrolado.",TALLER,colapso_tanque_combustible,tanque_colapsado_55_a_42l|vent_valve_trabada_cerrada_barro|vacio_extremo,falla_aforador_combustible,,NO,NO,,SINTETICO_IA,L3 tanque colapsado por succión descontrolada con vent valve trabada.
F10-L05-0075,G22-L3-10,Falla en sistema de control de emisiones evaporativas EVAP (canister o valvula de purga),MOTOR,L3,DTC P0456 (Very Small Leak) recurrente en vehículo sedán. Al aplicar prueba de humo de alta densidad con tinte fluorescente UV se detectó pérdida microscópica en el puerto de prueba de servicio Schrader de la línea EVAP en el vano motor por junta tórica de vitón mordida y envejecida.,TECNICO,tinte_fluorescente_uv_evap,dtc_p0456|puerto_schrader_fuga_uv|junta_viton_mordida,falla_sensor_oxigeno,P0456,NO,SI,Falla en sensor de oxigeno o mezcla rica,SINTETICO_IA,L3 luz UV detecta fuga microscópica en puerto Schrader con P0456.
F10-L05-0076,G22-L3-11,Falla en sistema de control de emisiones evaporativas EVAP (canister o valvula de purga),MOTOR,L3,"Buenas tardes, cada vez que le pongo nafta al carro tengo que pisar el acelerador a fondo para que prenda y bota una humareda negra que huele a pura nafta. Me revisaron el regulador de presión de nafta y está perfecto sin nafta en el vacío. El problema era la purga del canister que chupa gasolina al llenar el tanque.",WHATSAPP,arranque_acelerador_fondo_post_tanqueo,humo_negro_post_tanqueo|regulador_presion_vacio_seco|purga_canister_chupa,falla_regulador_presion,,NO,SI,Falla en regulador de presion de combustible o diafragma roto,SINTETICO_IA,L3 vacío de regulador seco descarta diafragma roto y confirma purga EVAP.
F10-L05-0077,G22-L3-12,Falla en sistema de control de emisiones evaporativas EVAP (canister o valvula de purga),MOTOR,L3,"DTC P0443 referente al circuito del solenoide de purga EVAP. La prueba osciloscópica en el terminal de control revela ausencia de pico inductivo de colapso de campo magnético (flyback voltage de 0V en lugar de 45V habituales), confirmando diodo interno en cortocircuito dentro de la electroválvula.",TECNICO,analisis_flyback_osciloscopio,dtc_p0443|flyback_0v_sin_pico_inductivo|diodo_interno_corto,falla_cableado_ecu,P0443,NO,NO,,SINTETICO_IA,L3 análisis osciloscópico de flyback voltage en solenoide de purga.
F10-L05-0078,G22-L3-13,Falla en sistema de control de emisiones evaporativas EVAP (canister o valvula de purga),MOTOR,L3,El motor presenta tironeos y mezcla pobre P0171 a velocidad constante de 90 km/h. La computadora activa el ciclo de trabajo de la válvula de purga al 40% pero el caudalímetro MAF no detecta el incremento de masa correspondiente debido a que la línea de purga se taponó por fragmentos de carbón del filtro canister.,TALLER,linea_purga_obstruida_carbon,dtc_p0171|linea_purga_obstruida_carbon|duty_40_sin_flujo_maf,falla_sensor_maf,P0171,NO,SI,Falla en sensor de oxigeno o mezcla rica,SINTETICO_IA,L3 línea de purga taponada de carbón genera divergencia en MAF.
F10-L05-0079,G22-L3-14,Falla en sistema de control de emisiones evaporativas EVAP (canister o valvula de purga),MOTOR,L3,DTC P0455 intermitente. La prueba de actuación guiada de la válvula de ventilación vent valve con escáner muestra que consume 0.9 amperios correctos pero no cierra herméticamente el conducto debido a que una pequeña piedra quedó atrapada en el asiento del obturador plástico.,TECNICO,prueba_actuador_vent_valve,dtc_p0455|consumo_0_9a_ok|asiento_obturador_piedra_atrapada,falla_valvula_purga,P0455,NO,NO,,SINTETICO_IA,L3 consumo eléctrico normal pero traba mecánica por piedra en vent valve.
F10-L05-0080,G22-L3-15,Falla en sistema de control de emisiones evaporativas EVAP (canister o valvula de purga),MOTOR,L3,"Al realizar prueba de emisiones de escape en ralentí el analizador de 4 gases reporta hidrocarburos no quemados HC en 380 ppm excesivos. Al desconectar la manguera de purga del canister el valor de HC cae instantáneamente a 28 ppm dentro de norma técnica, comprobándose enriquecimiento parasitario por purga defectuosa.",TALLER,analisis_4_gases_hc_purga,hc_380ppm_cae_a_28ppm_desconectando_purga|enriquecimiento_parasitario,falla_catalizador,,NO,SI,Convertidor catalitico ineficiente u obstruido (DTC P0420 / P0430),SINTETICO_IA,L3 analizador de gases demuestra caída de HC de 380 a 28 ppm al desconectar purga.
F10-L05-0081,G23-L1-01,Convertidor catalitico ineficiente u obstruido (DTC P0420 / P0430),MOTOR,L1,Se prendió la luz del motor en el tablero pero el carro anda normal y no falla.,COTIDIANO,marcha_normal,check_engine|marcha_normal,,,SI,NO,,SINTETICO_IA,L1 testigo de motor encendido sin pérdida de potencia.
F10-L05-0082,G23-L1-02,Convertidor catalitico ineficiente u obstruido (DTC P0420 / P0430),MOTOR,L1,"Hola, el carro no tiene fuerza en subida y huele a azufre o huevo podrido.",WHATSAPP,subida,falta_fuerza_subida|olor_huevo_podrido,,,SI,NO,,SINTETICO_IA,L1 olor a azufre y pérdida de fuerza.
F10-L05-0083,G23-L1-03,Convertidor catalitico ineficiente u obstruido (DTC P0420 / P0430),MOTOR,L1,Siento un cascabel o piedritas sueltas sonando dentro del tubo de escape al acelerar.,COTIDIANO,aceleracion,cascabel_piedritas_escape,,,SI,NO,,SINTETICO_IA,L1 cerámica desprendida en escape.
F10-L05-0084,G23-L1-04,Convertidor catalitico ineficiente u obstruido (DTC P0420 / P0430),MOTOR,L1,El auto está atorado y no pasa de 80 km/h por más que pise a fondo el pedal.,COTIDIANO,velocidad_maxima,auto_atorado|no_pasa_80kmh,,,SI,NO,,SINTETICO_IA,L1 restricción severa de escape.
F10-L05-0085,G23-L1-05,Convertidor catalitico ineficiente u obstruido (DTC P0420 / P0430),MOTOR,L1,Se prende el Check Engine por baja eficiencia del catalizador en banco 1.,TECNICO,diagnostico,baja_eficiencia_catalizador_banco1,,,SI,NO,,SINTETICO_IA,L1 reporte técnico de eficiencia de catalizador.
F10-L05-0086,G23-L1-06,Convertidor catalitico ineficiente u obstruido (DTC P0420 / P0430),MOTOR,L1,El múltiple de escape se pone rojo vivo cuando manejo de noche en carretera.,TALLER,carretera_nocturna,multiple_rojo_vivo,,,SI,NO,,SINTETICO_IA,L1 sobrecalentamiento por contrapresión.
F10-L05-0087,G23-L1-07,Convertidor catalitico ineficiente u obstruido (DTC P0420 / P0430),MOTOR,L1,Reboté en la revisión técnica por exceso de monóxido de carbono e hidrocarburos.,COTIDIANO,inspeccion_tecnica,rechazo_gases_co_hc,,,SI,NO,,SINTETICO_IA,L1 reprobación de gases de escape.
F10-L05-0088,G23-L1-08,Convertidor catalitico ineficiente u obstruido (DTC P0420 / P0430),MOTOR,L1,Mi carro perdio fuerza de golpe y el escape suena ahogado shhhhh.,ERROR_ORTOGRAFICO,aceleracion,perdida_fuerza|escape_ahogado_shhh,,,SI,NO,,SINTETICO_IA,L1 escape ahogado con ortografía informal.
F10-L05-0089,G23-L1-09,Convertidor catalitico ineficiente u obstruido (DTC P0420 / P0430),MOTOR,L1,"Buenas, cambié el sensor de oxígeno de abajo y a los dos días volvió a prender la luz del check.",WHATSAPP,post_cambio_sensor,luz_check_vuelve_tras_sensor_nuevo,,,SI,NO,,SINTETICO_IA,L1 persistencia de testigo tras sensor O2.
F10-L05-0090,G23-L1-10,Convertidor catalitico ineficiente u obstruido (DTC P0420 / P0430),MOTOR,L1,Contrapresión de gases de escape por encima de la tolerancia admisible.,TECNICO,plena_carga,contrapresion_escape_elevada,,,SI,NO,,SINTETICO_IA,L1 reporte técnico de contrapresión.
F10-L05-0091,G23-L2-01,Convertidor catalitico ineficiente u obstruido (DTC P0420 / P0430),MOTOR,L2,"Código P0420 encendido permanente; el auto no pierde nada de potencia ni tironea, pero en datos en vivo la sonda posterior oscila al mismo ritmo que la delantera indicando catalizador ineficiente.",COTIDIANO,marcha_velocidad_crucero,dtc_p0420|potencia_normal|sonda_posterior_oscila_igual,falla_potencia,P0420,NO,SI,Falla en sensor de oxigeno o mezcla rica,SINTETICO_IA,L2 catalizador ineficiente sin pérdida de potencia vs sensor O2.
F10-L05-0092,G23-L2-02,Convertidor catalitico ineficiente u obstruido (DTC P0420 / P0430),MOTOR,L2,El motor no supera las 3000 rpm en autopista y se siente completamente ahogado; al soltar el sensor de oxígeno frontal para que el escape respire el motor acelera libremente.,TALLER,prueba_desahogo_sensor,no_supera_3000rpm|ahogado|respira_retirando_sensor_o2,falla_turbo,,NO,SI,Fuga en mangueras de intercooler o turbocompresor danado,SINTETICO_IA,L2 desahogo retirando sonda frontal confirma obstrucción de catalizador.
F10-L05-0093,G23-L2-03,Convertidor catalitico ineficiente u obstruido (DTC P0420 / P0430),MOTOR,L2,Fuerte olor a huevo podrido (ácido sulfhídrico) por el tubo de escape al acelerar en subida y sonido de latas sueltas en la petaca del catalizador al golpear con la mano.,COTIDIANO,aceleracion_subida,olor_huevo_podrido|latas_sueltas_petaca_catalizador,falla_silenciador_escape,,NO,NO,,SINTETICO_IA,L2 olor sulfuroso y cascabel cerámico suelto.
F10-L05-0094,G23-L2-04,Convertidor catalitico ineficiente u obstruido (DTC P0420 / P0430),MOTOR,L2,"Código P0430 en banco 2 de motor V6; la temperatura medida con pirómetro a la salida del catalizador es inferior a la entrada (220°C salida vs 280°C entrada), indicando nula reacción química.",TECNICO,termometria_infrarroja_catalizador,dtc_p0430|temperatura_salida_menor_entrada|sin_reaccion_quimica,falla_sensor_oxigeno,P0430,NO,SI,Falla en sensor de oxigeno o mezcla rica,SINTETICO_IA,L2 termometría infrarroja confirma catalizador inactivo.
F10-L05-0095,G23-L2-05,Convertidor catalitico ineficiente u obstruido (DTC P0420 / P0430),MOTOR,L2,"Hola maestro, el carro perdió fuerza en carretera y el múltiple de escape se puso al rojo vivo en la noche. En el taller me dicen que el panal cerámico del catalizador se derritió tapando el tubo.",WHATSAPP,carretera_nocturna,multiple_rojo_vivo|panal_ceramico_derretido_tapado,falla_bomba_gasolina,,NO,SI,Bomba de gasolina quemada o con baja presion,SINTETICO_IA,L2 catalizador fundido al rojo vivo vs bomba de gasolina.
F10-L05-0096,G23-L2-06,Convertidor catalitico ineficiente u obstruido (DTC P0420 / P0430),MOTOR,L2,Prueba de contrapresión de escape conectando manómetro en el puerto de la sonda O2 delantera: marca 4.0 psi a 2500 rpm superando el límite máximo permitido de 1.25 psi.,TECNICO,medicion_contrapresion_escape,contrapresion_4_0psi|limite_maximo_1_25psi|ahogo_motor,falla_escape_perforado,,NO,NO,,SINTETICO_IA,L2 contrapresión medida de 4.0 psi en catalizador tapado.
F10-L05-0097,G23-L2-07,Convertidor catalitico ineficiente u obstruido (DTC P0420 / P0430),MOTOR,L2,El auto tironea al acelerar a fondo y el vacío del múltiple de admisión cae progresivamente de 18 inHg a 8 inHg al mantener acelerado a 3000 rpm por taponamiento del escape.,TALLER,prueba_vacio_admision_3000rpm,vacio_cae_18_a_8inhg|escape_taponado|tironeo,falla_valvula_iac,,NO,SI,Cuerpo de aceleracion o valvula IAC sucia,SINTETICO_IA,L2 decaimiento de vacío a 8 inHg por contrapresión.
F10-L05-0098,G23-L2-08,Convertidor catalitico ineficiente u obstruido (DTC P0420 / P0430),MOTOR,L2,Mi carro no pasa de 70 km por hora en subida y en el tablero tiene la luz del motor con P0420. Le cambiaron bujias y filtro de nafta pero sigue atorado el tubo.,ERROR_ORTOGRAFICO,subida_autopista,no_pasa_70kmh|dtc_p0420|atorado_post_bujias_filtro,falla_filtro_nafta,P0420,NO,SI,Inyectores sucios o filtro de combustible obstruido,SINTETICO_IA,L2 P0420 atorado tras bujías y filtro con ortografía informal.
F10-L05-0099,G23-L2-09,Convertidor catalitico ineficiente u obstruido (DTC P0420 / P0430),MOTOR,L2,Inspección boroscópica a través del orificio del sensor O2 superior: se observa la colmena cerámica frontal del catalizador fundida y vitrificada por exceso de combustible tras fallos de encendido.,TECNICO,boroscopia_catalizador,colmena_ceramica_fundida_vitrificada|misfires_previos,falla_valvulas_escape,,NO,SI,Perdida de compresion en cilindro por valvulas pisadas o anillos desgastados,SINTETICO_IA,L2 boroscopía confirma fusión de colmena cerámica.
F10-L05-0100,G23-L2-10,Convertidor catalitico ineficiente u obstruido (DTC P0420 / P0430),MOTOR,L2,Al dar golpes con un mazo de goma en la petaca del convertidor catalítico suena un sonajero seco de trozos cerámicos desprendidos que obstruyen la salida de gases.,COTIDIANO,inspeccion_bajos,sonajero_trozos_ceramicos_catalizador|mazo_goma,ruido_suspension,,NO,NO,,SINTETICO_IA,L2 fractura interna del sustrato cerámico.
F10-L05-0101,G23-L2-11,Convertidor catalitico ineficiente u obstruido (DTC P0420 / P0430),MOTOR,L2,"Buenas, el carro anda suave y no falla nada pero no pasa la inspección técnica por gases altos y tiene el P0420 prendido. Los sensores de oxígeno son nuevos.",WHATSAPP,revision_tecnica_gases,p0420_gases_altos|sensores_oxigeno_nuevos|marcha_suave,falla_sensor_oxigeno,P0420,NO,SI,Falla en sensor de oxigeno o mezcla rica,SINTETICO_IA,L2 catalizador ineficiente con sensores nuevos.
F10-L05-0102,G23-L2-12,Convertidor catalitico ineficiente u obstruido (DTC P0420 / P0430),MOTOR,L2,DTC P0420 y P0430 simultáneos en motor en V; la tasa de almacenamiento de oxígeno calculada por la ECU es del 12% (especificación mínima eficiente 60%).,TECNICO,calculo_almacenamiento_oxigeno,dtc_p0420_p0430|almacenamiento_oxigeno_12_porciento,falla_sensor_map,P0420,NO,NO,,SINTETICO_IA,L2 capacidad de almacenamiento de O2 degradada al 12%.
F10-L05-0103,G23-L2-13,Convertidor catalitico ineficiente u obstruido (DTC P0420 / P0430),MOTOR,L2,El motor perdió repris de golpe y sopla aire con esfuerzo por la boca del escape; se desmontó el tramo intermedio y el monolito del catalizador se partió en bloques bloqueando el cono.,TALLER,desarme_escape_intermedio,monolito_partido_en_bloques|cono_bloqueado|perdida_repris,falla_embrague,,NO,SI,Disco de embrague desgastado o patinando,SINTETICO_IA,L2 monolito fracturado bloquea cono de salida.
F10-L05-0104,G23-L2-14,Convertidor catalitico ineficiente u obstruido (DTC P0420 / P0430),MOTOR,L2,El vehículo consume un 15% más de combustible con código P0420; no hay fugas de vacío en admisión y las bujías queman parejo pero los gases salen con olor picante.,COTIDIANO,consumo_elevado,consumo_alto_15|dtc_p0420|olor_picante_escape,falla_inyectores,P0420,NO,SI,Inyectores sucios o filtro de combustible obstruido,SINTETICO_IA,L2 sobreconsumo con olor picante y P0420.
F10-L05-0105,G23-L2-15,Convertidor catalitico ineficiente u obstruido (DTC P0420 / P0430),MOTOR,L2,"Temperatura de gases antes del catalizador marca 450°C pero la petaca exterior no supera los 150°C por pérdida total de metales nobles catalíticos en vehículo con 230,000 km.",TECNICO,temperatura_pirómetro_laser,temp_entrada_450c_petaca_150c|agotamiento_metales_nobles,falla_escape_roto,P0420,NO,NO,,SINTETICO_IA,L2 agotamiento químico de metales nobles por kilometraje.
F10-L05-0106,G23-L3-01,Convertidor catalitico ineficiente u obstruido (DTC P0420 / P0430),MOTOR,L3,"Vehículo ingresa con luz de Check Engine encendida y código DTC P0420 (Catalyst System Efficiency Below Threshold Bank 1). El cliente no percibe pérdida de potencia ni tironeos en ningún régimen de marcha. En escáner automotriz a 2500 rpm en crucero la sonda de oxígeno preconversor B1S1 oscila normalmente entre 0.15V y 0.85V con ciclo rápido de 1.2 Hz, pero la sonda postconversor B1S2 oscila de forma idéntica en fase con amplitud de 0.2V a 0.8V reflejando nula capacidad de retención de oxígeno del convertidor. No existen fugas en el múltiple de escape.",TECNICO,analisis_oscilograma_b1s1_vs_b1s2,dtc_p0420|sonda_post_oscila_igual_a_pre_sonda|potencia_normal|sin_fugas_escape,falla_sensor_oxigeno,P0420,NO,SI,Falla en sensor de oxigeno o mezcla rica,SINTETICO_IA,L3 oscilograma downstream en espejo con upstream confirma catalizador ineficiente.
F10-L05-0107,G23-L3-02,Convertidor catalitico ineficiente u obstruido (DTC P0420 / P0430),MOTOR,L3,El vehículo no supera los 65 km/h ni las 2800 rpm en subida sintiéndose severamente estrangulado. Se conectó manómetro de contrapresión calibrado en la rosca del sensor de oxígeno superior registrando 3.8 psi en ralentí y disparándose a 8.5 psi al acelerar a 2500 rpm (especificación máxima admitida 1.25 psi). Al retirar el catalizador y observar a contraluz se constató que las celdas cerámicas centrales están fundidas y selladas en un bloque vidrioso compacto por detonaciones previas de combustible.,TALLER,medicion_contrapresion_8_5psi,contrapresion_8_5psi_a_2500rpm|celdas_fundidas_bloque_vidrioso|no_supera_65kmh,falla_actuador_turbo,,NO,SI,Falla en actuador de turbocompresor o VGT en motores alemanes TSI / TFSI,SINTETICO_IA,L3 manómetro marca 8.5 psi confirmando obstrucción física total del panal.
F10-L05-0108,G23-L3-03,Convertidor catalitico ineficiente u obstruido (DTC P0420 / P0430),MOTOR,L3,"Toyota Corolla con 190,000 km presenta DTC P0420. La prueba termográfica con pirómetro infrarrojo en carretera estabilizada a 80 km/h muestra 380°C en el cono de entrada y 350°C en el cono de salida del catalizador. En un convertidor eficiente la reacción exotérmica de oxidación debe generar un gradiente positivo de al menos 40°C a 70°C mayor en la salida (esperado >420°C), demostrándose agotamiento químico del sustrato de platino y rodio.",TECNICO,termografia_gradiente_exotermico,dtc_p0420|temp_entrada_380c_salida_350c|gradiente_negativo_agotado,falla_sensor_oxigeno_deficiente,P0420,NO,SI,Falla en sensor de oxigeno o mezcla rica,SINTETICO_IA,L3 gradiente térmico negativo descarta reacción exotérmica y confirma P0420.
F10-L05-0109,G23-L3-04,Convertidor catalitico ineficiente u obstruido (DTC P0420 / P0430),MOTOR,L3,Sonido de cascabeleo metálico agudo audible en el piso central bajo desaceleración a 2000 rpm. Al desmontar el catalizador cayeron trozos triangulares de cerámica fragmentada equivalentes al 40% del núcleo que taponaban el cono de salida hacia el silenciador intermedio. El sensor de oxígeno posterior tiene la puntera golpeada por fragmentos cerámicos.,TALLER,desprendimiento_ceramica_cono,cascabeleo_piso_desaceleracion|fragmentos_ceramica_cono_salida|puntera_o2_golpeada,ruido_caja_cambios,,NO,SI,Rodajes de caja mecanica o diferencial gastados,SINTETICO_IA,L3 40% de cerámica fracturada tapona cono de escape.
F10-L05-0110,G23-L3-05,Convertidor catalitico ineficiente u obstruido (DTC P0420 / P0430),MOTOR,L3,"Hola maestro, tengo un Nissan Tiida. En carretera de noche el múltiple de escape se puso al rojo vivo y el carro no pasaba de 80 km/h sintiéndose pesadísimo. En el taller me sacaron el catalizador y parecía un tapón de vidrio quemado por dentro. Le pusieron catalizador nuevo y recuperó toda la fuerza al acelerar.",WHATSAPP,multiple_rojo_vivo_tiida,multiple_rojo_vivo|no_pasa_80kmh|catalizador_tapon_vidrio_derretido,falla_bomba_gasolina,,NO,SI,Bomba de gasolina quemada o con baja presion,SINTETICO_IA,L3 relato WhatsApp de múltiple al rojo vivo por panal vitrificado.
F10-L05-0111,G23-L3-06,Convertidor catalitico ineficiente u obstruido (DTC P0420 / P0430),MOTOR,L3,"DTC P0430 en banco 2 de motor V8 4.6L. Se verificó con analizador de gases de escape de 4 componentes: en banco 1 los hidrocarburos marcan 18 ppm y CO 0.08%, mientras que en banco 2 los hidrocarburos trepan a 220 ppm y CO a 1.2% a temperatura de régimen. La prueba de balance de cilindros y compresión no arrojó fallos en banco 2 descartándose misfire de cilindro.",TECNICO,analisis_4_gases_banco1_vs_banco2,dtc_p0430|hc_220ppm_co_1_2_en_banco2|balance_cilindros_ok,falla_misfire_cilindros,P0430,NO,SI,Falla en bujias o bobinas de encendido (misfire),SINTETICO_IA,L3 analizador de 4 gases compara banco 1 vs banco 2 confirmando catalizador.
F10-L05-0112,G23-L3-07,Convertidor catalitico ineficiente u obstruido (DTC P0420 / P0430),MOTOR,L3,Pérdida de potencia en pendiente pronunciada con olor intenso a gas sulfhídrico. Se midió vacío en el múltiple de admisión: en ralentí marca 19 inHg normal pero al mantener el motor acelerado a 2500 rpm el vacío decae continuamente hasta 9 inHg por contrapresión acumulada en el catalizador obstruido. Al desacoplar la brida de escape previa al catalizador el vacío se mantuvo en 20 inHg sostenidos.,TALLER,prueba_vacio_sostenido_desacople,vacio_decae_19_a_9inhg|desacople_escape_mantiene_20inhg|olor_sulfhidrico,falla_valvula_iac,,NO,SI,Cuerpo de aceleracion o valvula IAC sucia,SINTETICO_IA,L3 desacople de brida restaura vacío de 9 a 20 inHg descartando motor.
F10-L05-0113,G23-L3-08,Convertidor catalitico ineficiente u obstruido (DTC P0420 / P0430),MOTOR,L3,Mi auto no acelera en subida botando codigo P0420 y en el taller le sacaron el primer sensor de oxigeno para probar. Con el hueco del sensor destapado el carro volvio a tener pique y acelerar bien porque salio todo el aire ahogado que el catalizador tapado no dejaba escapar.,ERROR_ORTOGRAFICO,desahogo_por_hueco_sensor,dtc_p0420|desahogo_hueco_sensor_recupera_pique|catalizador_tapado,falla_cuerpo_mariposa,P0420,NO,SI,Cuerpo de aceleracion o valvula IAC sucia,SINTETICO_IA,L3 desahogo por orificio de sensor O2 confirma taponamiento con ortografía informal.
F10-L05-0114,G23-L3-09,Convertidor catalitico ineficiente u obstruido (DTC P0420 / P0430),MOTOR,L3,"DTC P0420 recurrente tras sustitución de ambas sondas lambda delantera y trasera con repuestos originales OEM. La prueba de enriquecimiento forzado con spray en admisión provocó salto a 0.9V en ambas sondas con respuesta inmediata de 80 ms, confirmando que los sensores son perfectamente funcionales y que el catalizador no almacena oxígeno.",TECNICO,prueba_enriquecimiento_forzado_o2,dtc_p0420|sondas_oem_nuevas_responden_80ms|catalizador_no_almacena_oxigeno,falla_sensor_oxigeno_defectuoso,P0420,NO,SI,Falla en sensor de oxigeno o mezcla rica,SINTETICO_IA,L3 respuesta de 80 ms en sondas nuevas descarta sensores y confirma P0420.
F10-L05-0115,G23-L3-10,Convertidor catalitico ineficiente u obstruido (DTC P0420 / P0430),MOTOR,L3,El vehículo ingresó tras circular 300 km con bobina de encendido del cilindro 2 fallando (código P0302 previo). Aunque se cambió la bobina nueva el auto quedó sin fuerza en subida. Al inspeccionar el convertidor catalítico con endoscopio se constató que la gasolina cruda del cilindro 2 se quemó dentro del catalizador fundiendo el centro de la colmena cerámica.,TALLER,endoscopia_post_misfire_bobina,catalizador_fundido_post_misfire_p0302|sin_fuerza_post_bobina_nueva,falla_bobinas_encendido,P0420,NO,SI,Falla en bujias o bobinas de encendido (misfire),SINTETICO_IA,L3 endoscopía constata catalizador fundido por misfire previo de bobina.
F10-L05-0116,G23-L3-11,Convertidor catalitico ineficiente u obstruido (DTC P0420 / P0430),MOTOR,L3,"Buenas tardes, en el taller me dijeron que tengo código P0420. El carro corre normal en pista lisa pero no pasa de 80 en subida y huele a huevo podrido. El mecánico midió la presión en el caño de escape y dice que marca 5 libras de contrapresión cuando no debe pasar de libra y media.",WHATSAPP,medicion_5_libras_contrapresion,dtc_p0420|contrapresion_5_libras_vs_1_5|olor_huevo_podrido|no_pasa_80,falla_turbo,P0420,NO,SI,Fuga en mangueras de intercooler o turbocompresor danado,SINTETICO_IA,L3 5 libras de contrapresión vs 1.5 límite descarta turbo.
F10-L05-0117,G23-L3-12,Convertidor catalitico ineficiente u obstruido (DTC P0420 / P0430),MOTOR,L3,"Análisis de tiempo de respuesta de monitor de catalizador en PCM: el valor de correlación cruzada entre sensor 1 y sensor 2 alcanza 0.88 (catalizador agotado) cuando en condición óptima debe ser inferior a 0.20. La compresión del motor está en 170 psi y el consumo de aceite es nulo, descartando envenenamiento por fósforo de aceite.",TECNICO,correlacion_cruzada_monitores_pcm,dtc_p0420|correlacion_cruzada_0_88_vs_0_20|compresion_170psi_ok,desgaste_anillos_aceite,P0420,NO,SI,Consumo de aceite por desgaste de anillos o retenes,SINTETICO_IA,L3 correlación cruzada 0.88 con motor sin consumo de aceite.
F10-L05-0118,G23-L3-13,Convertidor catalitico ineficiente u obstruido (DTC P0420 / P0430),MOTOR,L3,El catalizador emite un zumbido sibilante de alta frecuencia al acelerar a 3000 rpm. Se desmontó el catalizador y al soplar aire a presión con pistola neumática por la entrada el manómetro registró taponamiento del 70% del área de flujo por carbonilla y residuo cerámico desgranado.,TALLER,prueba_flujo_pistola_neumatica,zumbido_sibilante_3000rpm|taponamiento_70_flujo_aire,fuga_escape,,NO,NO,,SINTETICO_IA,L3 prueba de flujo neumático detecta 70% de área obstruida.
F10-L05-0119,G23-L3-14,Convertidor catalitico ineficiente u obstruido (DTC P0420 / P0430),MOTOR,L3,"DTC P0420 con parámetros congelados a 98 km/h en autopista con motor a temperatura de régimen. La prueba de estanqueidad de escape con máquina de humo descartó fisuras en el colector o juntas antes de las sondas, garantizando que no existe ingreso de aire ambiente que falsee la lectura de las sondas lambda.",TECNICO,prueba_humo_colector_estanqueidad,dtc_p0420|estanqueidad_colector_ok_sin_fugas|sondas_sin_aire_falso,fuga_multiple_escape,P0420,NO,NO,,SINTETICO_IA,L3 prueba de humo descarta tomas de aire parásitas previas a sondas.
F10-L05-0120,G23-L3-15,Convertidor catalitico ineficiente u obstruido (DTC P0420 / P0430),MOTOR,L3,"El vehículo ingresó por olor nauseabundo a azufre y pérdida del 50% de rendimiento dinámico. Se constató que el convertidor catalítico secundario bajo el piso sufrió colapso estructural interno por impacto en el protector inferior, aprisionando el sustrato cerámico contra la pared exterior de acero.",TALLER,impacto_bajos_colapso_catalizador,impacto_protector_inferior|colapso_sustrato_ceramico|perdida_50_potencia,dano_silenciador,,NO,NO,,SINTETICO_IA,L3 impacto mecánico en bajos colapsa sustrato cerámico.
F10-L05-0121,G24-L1-01,Falla en regulador de presion de combustible o diafragma roto,MOTOR,L1,El carro bota mucho humo negro por el escape y gasta demasiada gasolina.,COTIDIANO,marcha,humo_negro_exceso_consumo,,,SI,NO,,SINTETICO_IA,L1 exceso de consumo y humo negro.
F10-L05-0122,G24-L1-02,Falla en regulador de presion de combustible o diafragma roto,MOTOR,L1,"Hola, al apagar el motor y querer prenderlo a los diez minutos le cuesta un montón arrancar.",WHATSAPP,arranque_caliente_10min,arranque_dificil_caliente,,,SI,NO,,SINTETICO_IA,L1 ahogo térmico en reposo.
F10-L05-0123,G24-L1-03,Falla en regulador de presion de combustible o diafragma roto,MOTOR,L1,Siento un olor penetrante a nafta cruda saliendo por la admisión del motor.,COTIDIANO,ralenti,olor_nafta_admision,,,SI,NO,,SINTETICO_IA,L1 olor a gasolina en admisión.
F10-L05-0124,G24-L1-04,Falla en regulador de presion de combustible o diafragma roto,MOTOR,L1,Las bujías salen completamente negras llenas de hollín y el motor cabecea.,TALLER,inspeccion_bujias,bujias_negras_hollin|cabeceo,,,SI,NO,,SINTETICO_IA,L1 bujías ahogadas de hollín.
F10-L05-0125,G24-L1-05,Falla en regulador de presion de combustible o diafragma roto,MOTOR,L1,Se encendió el Check Engine y el auto tironea en subida como si le faltara fuerza.,COTIDIANO,subida,check_engine|tironeo_subida,,,SI,NO,,SINTETICO_IA,L1 tironeo bajo demanda.
F10-L05-0126,G24-L1-06,Falla en regulador de presion de combustible o diafragma roto,MOTOR,L1,El escáner arroja código de mezcla rica permanente en todos los cilindros.,TECNICO,diagnostico,mezcla_rica_permanente,,,SI,NO,,SINTETICO_IA,L1 reporte genérico de mezcla rica.
F10-L05-0127,G24-L1-07,Falla en regulador de presion de combustible o diafragma roto,MOTOR,L1,La presión de combustible en la rampa no se mantiene y se cae al apagar.,TALLER,apagado,perdida_presion_residual_rampa,,,SI,NO,,SINTETICO_IA,L1 pérdida de presión residual.
F10-L05-0128,G24-L1-08,Falla en regulador de presion de combustible o diafragma roto,MOTOR,L1,Mi auto tose feo en minimo y moja las bujias de gasolina.,ERROR_ORTOGRAFICO,ralenti,tose_minimo|moja_bujias_gasolina,,,SI,NO,,SINTETICO_IA,L1 bujías empapadas con ortografía informal.
F10-L05-0129,G24-L1-09,Falla en regulador de presion de combustible o diafragma roto,MOTOR,L1,"Buenas, cambié la bomba de gasolina y la presión sigue subiendo demasiado alta.",WHATSAPP,post_cambio_bomba,presion_demasiado_alta_post_bomba,,,SI,NO,,SINTETICO_IA,L1 sobrepresión tras bomba nueva.
F10-L05-0130,G24-L1-10,Falla en regulador de presion de combustible o diafragma roto,MOTOR,L1,Sobrealimentación no controlada de combustible a través de la línea neumática de vacío.,TECNICO,marcha,combustible_en_linea_vacio,,,SI,NO,,SINTETICO_IA,L1 reporte técnico de fuga por vacío.
F10-L05-0131,G24-L2-01,Falla en regulador de presion de combustible o diafragma roto,MOTOR,L2,Al retirar la manguera de vacío del regulador de presión de combustible montado en el riel brota gasolina líquida continua; el diafragma interno está roto inundando el múltiple.,COTIDIANO,inspeccion_manguera_vacio,gasolina_brota_manguera_vacio|diafragma_roto,falla_bomba_gasolina,,NO,SI,Bomba de gasolina quemada o con baja presion,SINTETICO_IA,L2 gasolina en manguera de vacío confirma diafragma roto vs bomba.
F10-L05-0132,G24-L2-02,Falla en regulador de presion de combustible o diafragma roto,MOTOR,L2,El auto arranca bien frío pero en caliente demora 15 segundos tosiendo con humo negro; la presión residual del riel se cae de 3.2 bar a 0 bar en 10 segundos tras apagar el motor.,TALLER,prueba_presion_residual,arranque_largo_caliente_humo_negro|presion_cae_a_cero_10seg,falla_inyectores,,NO,SI,Inyectores sucios o filtro de combustible obstruido,SINTETICO_IA,L2 caída de presión residual ahoga en caliente vs inyectores sucios.
F10-L05-0133,G24-L2-03,Falla en regulador de presion de combustible o diafragma roto,MOTOR,L2,Código P0172 (System Too Rich); la presión de gasolina en el riel marca 5.8 bar cuando la especificación es de 3.0 bar debido a que el regulador se trabó cerrado.,TECNICO,medicion_manometro_riel,dtc_p0172|presion_5_8bar_vs_3_0bar|regulador_trabado_cerrado,falla_sensor_oxigeno,P0172,NO,SI,Falla en sensor de oxigeno o mezcla rica,SINTETICO_IA,L2 sobrepresión a 5.8 bar genera código P0172.
F10-L05-0134,G24-L2-04,Falla en regulador de presion de combustible o diafragma roto,MOTOR,L2,"Hola maestro, el carro tironea en subida y le falta fuerza. Medimos presión y tiene solo 1.5 bar; ahorcamos la manguera de retorno y la presión salta a 5 bar confirmando regulador vencido.",WHATSAPP,prueba_ahorcamiento_retorno,presion_1_5bar|ahorcar_retorno_sube_5bar|falta_fuerza_subida,bomba_gasolina_agotada,,NO,SI,Bomba de gasolina quemada o con baja presion,SINTETICO_IA,L2 pinzado de retorno descarta bomba y señala regulador vencido.
F10-L05-0135,G24-L2-05,Falla en regulador de presion de combustible o diafragma roto,MOTOR,L2,Las 4 bujías salen completamente empapadas de gasolina cruda al sacar el contacto; el combustible se escurre por el conducto de vacío directo a las válvulas de admisión.,TALLER,bujias_empapadas_contacto,4_bujias_empapadas_gasolina|combustible_por_vacio,falla_bobinas_encendido,,NO,SI,Falla en bujias o bobinas de encendido (misfire),SINTETICO_IA,L2 combustible por toma de vacío empapa bujías vs bobinas.
F10-L05-0136,G24-L2-06,Falla en regulador de presion de combustible o diafragma roto,MOTOR,L2,DTC P0171 por mezcla pobre bajo aceleración plena; el regulador no incrementa la presión al caer el vacío del motor quedándose estancado en 2.0 bar.,TECNICO,aceleracion_vacio_regulador,dtc_p0171|sin_compensacion_vacio|presion_estancada_2bar,falla_sensor_maf,P0171,NO,SI,Falla en sensor de oxigeno o mezcla rica,SINTETICO_IA,L2 falta de enriquecimiento por vacío causa P0171.
F10-L05-0137,G24-L2-07,Falla en regulador de presion de combustible o diafragma roto,MOTOR,L2,El nivel de aceite de motor aumentó y huele intensamente a gasolina; el diafragma perforado del regulador descarga combustible que escurre por los cilindros al cárter.,COTIDIANO,aceite_contaminado_gasolina,nivel_aceite_subio_olor_gasolina|diafragma_perforado,desgaste_anillos,,NO,SI,Consumo de aceite por desgaste de anillos o retenes,SINTETICO_IA,L2 dilución de aceite por diafragma perforado vs aros.
F10-L05-0138,G24-L2-08,Falla en regulador de presion de combustible o diafragma roto,MOTOR,L2,Mi carro jalonea feo y bota humo negro en relenti con codigo P0172. Desconecte la manguerita de aire del regulador y salio un chorrito de nafta con presion.,ERROR_ORTOGRAFICO,chorro_manguerita_vacio,dtc_p0172|humo_negro_relenti|chorrito_nafta_manguerita,falla_sensor_map,P0172,NO,NO,,SINTETICO_IA,L2 chorro de gasolina por manguera de vacío con ortografía informal.
F10-L05-0139,G24-L2-09,Falla en regulador de presion de combustible o diafragma roto,MOTOR,L2,Presión de combustible oscila erráticamente entre 1.0 y 4.0 bar al compás de las pulsaciones de inyección por rotura del resorte interno del amortiguador de rampa.,TECNICO,oscilacion_manometro_amortiguador,presion_oscila_1_a_4bar|resorte_interno_roto,falla_bomba_combustible,,NO,NO,,SINTETICO_IA,L2 oscilación de presión por rotura de resorte interno.
F10-L05-0140,G24-L2-10,Falla en regulador de presion de combustible o diafragma roto,MOTOR,L2,El motor se ahoga y se apaga al llegar a un semáforo; al desconectar la manguera de vacío del regulador el ralentí se estabiliza de golpe al cesar el ingreso de gasolina cruda.,TALLER,desconexion_prueba_ralenti,ahogo_ralenti|desconectar_vacio_estabiliza_motor,falla_cuerpo_aceleracion,,NO,SI,Cuerpo de aceleracion o valvula IAC sucia,SINTETICO_IA,L2 desconexión de manguera de vacío estabiliza el ralentí.
F10-L05-0141,G24-L2-11,Falla en regulador de presion de combustible o diafragma roto,MOTOR,L2,"Buenas maestro, el carro huele fuertísimo a gasolina cruda y tira humo negro. Le cambiaron los inyectores pensando que estaban goteando pero el diafragma del riel estaba roto.",WHATSAPP,post_cambio_inyectores,inyectores_nuevos_persiste_humo_negro|diafragma_riel_roto,inyectores_defectuosos,,NO,SI,Inyectores sucios o filtro de combustible obstruido,SINTETICO_IA,L2 inyectores nuevos no resolvieron; diafragma roto era la causa.
F10-L05-0142,G24-L2-12,Falla en regulador de presion de combustible o diafragma roto,MOTOR,L2,"Prueba de hermeticidad de rampa de inyección: al aplicar vacío de 15 inHg con bomba manual al puerto de control del regulador, el diafragma no retiene y cae a cero de inmediato.",TECNICO,prueba_vacio_regulador_mityvac,diafragma_no_retiene_15inhg|cae_a_cero_inmediato,falla_sensor_map,,NO,NO,,SINTETICO_IA,L2 prueba de bomba de vacío confirma diafragma perforado.
F10-L05-0143,G24-L2-13,Falla en regulador de presion de combustible o diafragma roto,MOTOR,L2,En autopista el carro se queda sin empuje al pasar de 80 km/h; la presión de combustible cae a 1.2 bar porque la válvula de retorno del regulador tiene el asiento desgastado.,COTIDIANO,autopista_alta_velocidad,perdida_empuje_80kmh|presion_cae_1_2bar|asiento_retorno_gastado,falla_filtro_gasolina,,NO,SI,Inyectores sucios o filtro de combustible obstruido,SINTETICO_IA,L2 caída de presión en alta por asiento desgastado vs filtro.
F10-L05-0144,G24-L2-14,Falla en regulador de presion de combustible o diafragma roto,MOTOR,L2,DTC P0172 constante con valores de corrección LTFT en -25% al tope negativo; el motor quema tanta gasolina que los gases pican los ojos en el taller.,TALLER,gases_escape_pican_ojos,dtc_p0172|ltft_menos_25_tope|gases_pican_ojos,falla_sensor_oxigeno,P0172,NO,SI,Falla en sensor de oxigeno o mezcla rica,SINTETICO_IA,L2 saturación de LTFT a -25% por combustible parásito.
F10-L05-0145,G24-L2-15,Falla en regulador de presion de combustible o diafragma roto,MOTOR,L2,Al dar marcha tras 20 minutos de reposo el motor hace explosiones sordas por exceso de combustible acumulado en el colector de admisión proveniente del regulador.,COTIDIANO,arranque_post_reposo_20min,explosiones_sordas_colector|exceso_combustible_reposo,falla_distribucion,,NO,SI,Faja o cadena de distribucion destensada o con salto de punto,SINTETICO_IA,L2 acumulación de gasolina en reposo vs distribución.
F10-L05-0146,G24-L3-01,Falla en regulador de presion de combustible o diafragma roto,MOTOR,L3,"Vehículo ingresa con queja de dificultad extrema de arranque en caliente tras 10 a 30 minutos de estar apagado, requiriendo hasta 20 segundos de marcha y expulsando densa humareda negra por el escape. Se conectó manómetro de combustible en el riel registrando 3.2 bar en marcha pero al apagar el motor la presión cae a 0 bar en 8 segundos. Al desconectar la manguera de vacío del regulador de presión se constató goteo constante de combustible líquido por el pezón de vacío hacia el múltiple. Los inyectores fueron probados en banco a 4 bar confirmando estanqueidad absoluta sin goteo.",TECNICO,diagnostico_caida_presion_goteo_vacio,presion_cae_3_2_a_0bar_8seg|gasolina_por_pezon_vacio|inyectores_estancos_banco,inyectores_goteando,P0172,NO,SI,Inyectores sucios o filtro de combustible obstruido,SINTETICO_IA,L3 inyectores estancos en banco confirman que la fuga de presión es por el vacío del regulador.
F10-L05-0147,G24-L3-02,Falla en regulador de presion de combustible o diafragma roto,MOTOR,L3,"DTC P0172 permanente con correcciones de combustible a corto plazo STFT en -25% y largo plazo LTFT en -24.2%. Se midió la presión en la rampa de inyectores registrándose 6.2 bar continuos (presión nominal OEM 3.0 bar con vacío y 3.5 bar sin vacío). La línea de retorno al tanque se verificó soplando con aire a presión encontrándose 100% permeable sin obstrucciones, diagnosticándose válvula de retorno del regulador trabada mecánicamente en posición cerrada.",TALLER,medicion_sobrepresion_6_2bar,dtc_p0172|presion_6_2bar_vs_3_5bar_oem|retorno_tanque_libre|regulador_trabado_cerrado,retorno_tanque_obstruido,P0172,NO,NO,,SINTETICO_IA,L3 retorno al tanque libre descarta cañería taponada y confirma regulador trabado a 6.2 bar.
F10-L05-0148,G24-L3-03,Falla en regulador de presion de combustible o diafragma roto,MOTOR,L3,"En subida pronunciada a 3000 rpm el vehículo tironea severamente y pierde el 40% de potencia con DTC P0171 (System Too Lean). El manómetro conectado al riel marca solo 1.4 bar bajo aceleración a fondo (especificación 3.5 bar). Se realizó la prueba de pinzamiento momentáneo de la manguera de retorno de combustible y la presión saltó instantáneamente a 5.5 bar con empuje vigoroso de la electrobomba, demostrando que la bomba y el filtro están en óptimo estado y que el resorte del regulador está vencido.",TECNICO,prueba_pinzado_retorno_5_5bar,dtc_p0171|presion_1_4bar_salta_5_5bar_pinzando_retorno|bomba_filtro_ok,bomba_gasolina_agotada,P0171,NO,SI,Bomba de gasolina quemada o con baja presion,SINTETICO_IA,L3 pinzamiento salta a 5.5 bar descartando bomba quemada y confirmando resorte vencido.
F10-L05-0149,G24-L3-04,Falla en regulador de presion de combustible o diafragma roto,MOTOR,L3,"El cliente reclama que el cárter se llenó de gasolina, habiendo subido el nivel de aceite en la varilla 3 centímetros por encima del máximo con viscosidad degradada. La compresión de los 4 cilindros se midió registrando 165 psi parejos descartando fuga por aros. Al aplicar 15 inHg de vacío con bomba Mityvac en el regulador de presión de combustible la aguja cae instantáneamente a cero y el diafragma aspiró 30 ml de gasolina al interior de la bomba de vacío.",TALLER,prueba_mityvac_aspiracion_combustible,aceite_contaminado_gasolina|compresion_165psi_ok|mityvac_aspira_gasolina_diafragma,desgaste_anillos_piston,,NO,SI,Consumo de aceite por desgaste de anillos o retenes,SINTETICO_IA,L3 Mityvac aspira nafta líquida y compresión de 165 psi descarta desgaste de anillos.
F10-L05-0150,G24-L3-05,Falla en regulador de presion de combustible o diafragma roto,MOTOR,L3,"Hola maestro, tengo un Honda Civic. El carro me ahogaba en caliente y gastaba un tanque en dos días tirando humo negro. Le cambiaron sensor de oxígeno y sensor de temperatura pero seguía la falla. El mecánico desconectó la manguerita chiquita que va del riel al múltiple de admisión y estaba chorreando gasolina para adentro del motor; le cambiaron el regulador de presión y quedó sedita.",WHATSAPP,chorro_gasolina_multiple_civic,humo_negro_ahogo|sensores_nuevos_persiste|manguerita_chorreando_gasolina,falla_sensor_oxigeno,,NO,SI,Falla en sensor de oxigeno o mezcla rica,SINTETICO_IA,L3 relato WhatsApp de manguerita de vacío chorreando nafta tras cambio de sensores.
F10-L05-0151,G24-L3-06,Falla en regulador de presion de combustible o diafragma roto,MOTOR,L3,"DTC P0172 en banco 1 y 2. En analizador de 4 gases el monóxido de carbono marca 5.8% y los hidrocarburos 650 ppm con factor lambda en 0.82. Se obturó la manguera de vacío del regulador de presión y se limpió el múltiple de admisión, normalizándose el factor lambda a 1.00 y CO a 0.15% inmediatamente tras sustituir el regulador de diafragma perforado.",TECNICO,analizador_gases_lambda_0_82,dtc_p0172|co_5_8_lambda_0_82_corrige_a_1_00|diafragma_perforado,falla_sensor_temperatura,P0172,NO,SI,Falla en sensor de oxigeno o mezcla rica,SINTETICO_IA,L3 analizador de gases verifica corrección de lambda 0.82 a 1.00 tras cambiar regulador.
F10-L05-0152,G24-L3-07,Falla en regulador de presion de combustible o diafragma roto,MOTOR,L3,Prueba de respuesta dinámica de presión de combustible: al desconectar la manguera de vacío en ralentí la presión debe incrementarse de 2.8 a 3.5 bar (diferencial de 0.7 bar). El regulador instalado no produce variación alguna manteniéndose clavado en 2.1 bar en todo momento debido a incrustaciones de barniz gomoso que trabaron mecánicamente el vástago de la válvula interna.,TALLER,prueba_diferencial_vacio_regulador,sin_variacion_presion_desconectando_vacio|clavado_2_1bar|vastago_trabado_barniz,falla_bomba_combustible,,NO,NO,,SINTETICO_IA,L3 prueba de desacople de vacío sin respuesta diferencial confirma vástago atascado.
F10-L05-0153,G24-L3-08,Falla en regulador de presion de combustible o diafragma roto,MOTOR,L3,Mi carro jalonea feo en subida y prende el check con codigo P0171 por mezcla pobre. En el taller le midieron la presion de gasolina y no subia de 20 libras; le ahorcaron el retorno con una pinza de presion y subio a 80 libras al toque. Con regulador de nafta nuevo quedo en 45 libras parejitas.,ERROR_ORTOGRAFICO,pinza_presion_retorno_80libras,dtc_p0171|presion_20_sube_a_80libras_ahorcando|regulador_nuevo_45libras,falla_bomba_gasolina,P0171,NO,SI,Bomba de gasolina quemada o con baja presion,SINTETICO_IA,L3 prueba de pinza sube a 80 libras con ortografía informal.
F10-L05-0154,G24-L3-09,Falla en regulador de presion de combustible o diafragma roto,MOTOR,L3,Al acelerar de golpe en vacío el manómetro de combustible registra una caída instantánea de 3.2 a 1.1 bar con titubeo severo del motor. El diafragma de goma del regulador de presión presenta fatiga elástica con deformación permanente y microfisuras que no toleran los picos de caudal de los inyectores.,TECNICO,caida_transitoria_aceleracion_vacio,caida_instantanea_3_2_a_1_1bar|fatiga_elastica_diafragma|microfisuras,falla_filtro_combustible,,NO,SI,Inyectores sucios o filtro de combustible obstruido,SINTETICO_IA,L3 fatiga elástica del diafragma provoca colapso de presión en transitorios.
F10-L05-0155,G24-L3-10,Falla en regulador de presion de combustible o diafragma roto,MOTOR,L3,Arranque muy pesado tras 15 minutos de estacionado. Al desmontar el múltiple de admisión se encontraron 40 ml de gasolina líquida acumulada en el fondo del plenum proveniente del tubo de vacío del regulador. Las bujías de los cilindros 2 y 3 (los más cercanos a la toma de vacío) se hallaron negras de carbón mientras las de los cilindros 1 y 4 quemaban marrón claro.,TALLER,gasolina_liquida_plenum_admision,40ml_gasolina_plenum|bujias_2_y_3_negras_cercanas_toma|diafragma_roto,falla_inyectores_goteo,,NO,SI,Inyectores sucios o filtro de combustible obstruido,SINTETICO_IA,L3 bujías negras focalizadas en cilindros adyacentes a la toma de vacío confirman diafragma.
F10-L05-0156,G24-L3-11,Falla en regulador de presion de combustible o diafragma roto,MOTOR,L3,"Buenas tardes, el carro pierde fuerza en autopista como si se quedara sin nafta. Me querían cambiar el módulo FSCM de la bomba pero medimos corriente y le llegan sus 12V perfectos a la bomba. El problema era el regulador de presión mecánico en la rampa que se venció el resorte y manda toda la nafta de vuelta al tanque.",WHATSAPP,descarte_modulo_fscm_vs_regulador,corriente_12v_bomba_ok|fscm_ok|regulador_mecanico_resorte_vencido,falla_modulo_bomba_fscm,,NO,SI,Falla en modulo de bomba de gasolina FSCM / PEM (Ford / Chevrolet),SINTETICO_IA,L3 voltaje y módulo FSCM OK descartan control electrónico y confirman regulador mecánico.
F10-L05-0157,G24-L3-12,Falla en regulador de presion de combustible o diafragma roto,MOTOR,L3,DTC P0172 constante. Medición osciloscópica de la señal del sensor de oxígeno preconversor: permanece clavada en 0.92V fija (mezcla ultra rica) y no conmuta ni desconectando los inyectores por el combustible líquido que sigue entrando desde el puerto de vacío del regulador averiado.,TECNICO,sonda_lambda_clavada_0_92v,dtc_p0172|sonda_clavada_0_92v_incluso_sin_pulso|combustible_por_vacio,falla_sensor_oxigeno,P0172,NO,SI,Falla en sensor de oxigeno o mezcla rica,SINTETICO_IA,L3 sonda O2 clavada en 0.92V incluso sin pulso de inyección por combustible en vacío.
F10-L05-0158,G24-L3-13,Falla en regulador de presion de combustible o diafragma roto,MOTOR,L3,El motor tose y ratea al arrancar con fuerte olor a nafta. Se retiró el regulador de presión y se sometió a prueba de presión hidrostática en banco: a 1.0 bar de presión ya fuga combustible por la cámara de vacío neumática confirmando perforación completa de la membrana de caucho nitrilo NBR.,TALLER,prueba_hidrostatica_banco_1bar,fuga_por_camara_vacio_a_1bar|perforacion_membrana_nbr,falla_bomba_gasolina,,NO,NO,,SINTETICO_IA,L3 banco hidrostático constata perforación de membrana NBR a 1 bar.
F10-L05-0159,G24-L3-14,Falla en regulador de presion de combustible o diafragma roto,MOTOR,L3,DTC P0171 por mezcla magra a 3500 rpm. El escáner muestra tiempo de inyección en 16 milisegundos al límite máximo de compensación pero la presión en el riel desciende progresivamente de 3.0 bar a 1.6 bar por asiento de bola del regulador descalibrado.,TECNICO,tiempo_inyeccion_16ms_presion_1_6bar,dtc_p0171|tiempo_inyeccion_16ms_maximo|presion_cae_3_a_1_6bar|asiento_bola_descalibrado,falla_inyectores,P0171,NO,SI,Inyectores sucios o filtro de combustible obstruido,SINTETICO_IA,L3 tiempo de inyección en 16 ms no compensa caída a 1.6 bar en riel.
F10-L05-0160,G24-L3-15,Falla en regulador de presion de combustible o diafragma roto,MOTOR,L3,Al exigir el motor en subida de montaña se enciende Check Engine y el vehículo pierde reprís. La prueba de presión con manómetro glicerina conectado en derivación muestra oscilaciones violentas de la aguja con amplitud de 2.0 bar debido a resonancia y rotura de la lámina amortiguadora del regulador de presión.,TALLER,manometro_glicerina_oscilacion,oscilacion_2_0bar_manometro_glicerina|lamina_amortiguadora_rota|perdida_repris,falla_turbo,,NO,SI,Fuga en mangueras de intercooler o turbocompresor danado,SINTETICO_IA,L3 oscilaciones de 2.0 bar en manómetro de glicerina descartan turbo.
F10-L05-0161,G25-L1-01,Falla en circuito o solenoide de inyector individual (DTC P0201 - P0208),MOTOR,L1,El motor tiembla muy fuerte en ralentí como si estuviera trabajando en 3 cilindros.,COTIDIANO,ralenti,temblor_fuerte_motor_cojo,,,SI,NO,,SINTETICO_IA,L1 motor cojo en 3 cilindros.
F10-L05-0162,G25-L1-02,Falla en circuito o solenoide de inyector individual (DTC P0201 - P0208),MOTOR,L1,"Hola, se prendió el Check Engine y un inyector dejó de hacer el sonido de tic-tic.",WHATSAPP,marcha,check_engine|inyector_sin_tic_tic,,,SI,NO,,SINTETICO_IA,L1 ausencia de conmutación acústica de inyector.
F10-L05-0163,G25-L1-03,Falla en circuito o solenoide de inyector individual (DTC P0201 - P0208),MOTOR,L1,El carro perdió fuerza de golpe y el motor vibra en todo momento sin empuje.,COTIDIANO,marcha,perdida_fuerza_vibracion_constante,,,SI,NO,,SINTETICO_IA,L1 fallo de potencia y vibración fija.
F10-L05-0164,G25-L1-04,Falla en circuito o solenoide de inyector individual (DTC P0201 - P0208),MOTOR,L1,El escáner arrojó código de falla de circuito abierto en el inyector del cilindro.,TECNICO,diagnostico,codigo_circuito_abierto_inyector,,,SI,NO,,SINTETICO_IA,L1 reporte genérico de circuito de inyector.
F10-L05-0165,G25-L1-05,Falla en circuito o solenoide de inyector individual (DTC P0201 - P0208),MOTOR,L1,Tengo chispa perfecta en las 4 bujías pero un cilindro no está quemando nada.,TALLER,inspeccion_taller,chispa_perfecta|cilindro_no_quema,,,SI,NO,,SINTETICO_IA,L1 cilindro inactivo con chispa OK.
F10-L05-0166,G25-L1-06,Falla en circuito o solenoide de inyector individual (DTC P0201 - P0208),MOTOR,L1,Aparece un fallo de encendido que no se quita cambiando la bobina ni la bujía.,COTIDIANO,post_cambio_encendido,falla_persiste_post_bobina_bujia,,,SI,NO,,SINTETICO_IA,L1 fallo persistente tras encendido.
F10-L05-0167,G25-L1-07,Falla en circuito o solenoide de inyector individual (DTC P0201 - P0208),MOTOR,L1,Siento olor a combustible desparejo y el motor cabecea en subida.,COTIDIANO,subida,cabeceo_subida|marcha_dispareja,,,SI,NO,,SINTETICO_IA,L1 cabeceo bajo carga.
F10-L05-0168,G25-L1-08,Falla en circuito o solenoide de inyector individual (DTC P0201 - P0208),MOTOR,L1,Mi carro tiembla feo y prende la luz del motor en el tablero sin fuerza al acelerar.,ERROR_ORTOGRAFICO,aceleracion,tiembla_feo|luz_motor|sin_fuerza,,,SI,NO,,SINTETICO_IA,L1 temblor y luz de motor con ortografía informal.
F10-L05-0169,G25-L1-09,Falla en circuito o solenoide de inyector individual (DTC P0201 - P0208),MOTOR,L1,"Buenas maestro, le desconecto la ficha a un inyector y el motor no hace ningún cambio.",WHATSAPP,prueba_desconexion_ficha,desconectar_ficha_sin_cambio,,,SI,NO,,SINTETICO_IA,L1 desconexión de ficha no altera marcha.
F10-L05-0170,G25-L1-10,Falla en circuito o solenoide de inyector individual (DTC P0201 - P0208),MOTOR,L1,Interrupción eléctrica en el circuito primario del actuador electromagnético de inyección.,TECNICO,diagnostico,interrupcion_circuito_electromagnetico,,,SI,NO,,SINTETICO_IA,L1 reporte técnico de interrupción en solenoide.
F10-L05-0171,G25-L2-01,Falla en circuito o solenoide de inyector individual (DTC P0201 - P0208),MOTOR,L2,Código P0201 de circuito de inyector 1 abierto; el motor tiembla severamente en 3 cilindros pero la bujía y la bobina del cilindro 1 tienen chispa potente.,COTIDIANO,ralenti,dtc_p0201|circuito_inyector1_abierto|chispa_cilindro1_ok,falla_chispa,P0201,NO,SI,Falla en bujias o bobinas de encendido (misfire),SINTETICO_IA,L2 P0201 con chispa perfecta descarta fallo de encendido.
F10-L05-0172,G25-L2-02,Falla en circuito o solenoide de inyector individual (DTC P0201 - P0208),MOTOR,L2,"Al conectar la lámpara de prueba NOID en el conector del inyector 3 la luz no destella al dar arranque, mientras que en los otros 3 inyectores destella con normalidad.",TALLER,prueba_lampara_noid,noid_no_destella_cilindro3|noid_otros_tres_ok,falla_bomba_gasolina,P0203,NO,SI,Bomba de gasolina quemada o con baja presion,SINTETICO_IA,L2 lámpara noid sin pulso en cilindro 3 vs bomba de gasolina.
F10-L05-0173,G25-L2-03,Falla en circuito o solenoide de inyector individual (DTC P0201 - P0208),MOTOR,L2,Se midió la resistencia de la bobina del inyector del cilindro 2 arrojando circuito abierto infinito (especificación 12 a 16 ohms) confirmando solenoide cortado internamente.,TECNICO,medicion_resistencia_inyector,resistencia_infinita_inyector2|especificacion_14_ohms,inyector_sucio,P0202,NO,SI,Inyectores sucios o filtro de combustible obstruido,SINTETICO_IA,L2 resistencia infinita confirma solenoide cortado vs inyector sucio.
F10-L05-0174,G25-L2-04,Falla en circuito o solenoide de inyector individual (DTC P0201 - P0208),MOTOR,L2,"Hola maestro, el escáner arroja P0204. Cambiamos bujías y bobinas nuevas pero el cilindro 4 sigue completamente muerto; al mover el cable del inyector 4 a veces agarra.",WHATSAPP,inspeccion_cableado_inyector4,dtc_p0204|bujias_bobinas_nuevas_persiste|mover_cable_inyector4_conecta,falla_bobinas,P0204,NO,SI,Falla en bujias o bobinas de encendido (misfire),SINTETICO_IA,L2 falso contacto en cableado de inyector 4 con P0204.
F10-L05-0175,G25-L2-05,Falla en circuito o solenoide de inyector individual (DTC P0201 - P0208),MOTOR,L2,DTC P0202 en motor 4 cilindros; el inyector 2 funciona bien en frío pero al alcanzar 85°C la bobina se dilata térmicamente y corta la continuidad eléctrica.,TECNICO,corte_termico_inyector,dtc_p0202|corte_termico_85c_bobina_inyector,falla_compresion,P0202,NO,SI,Perdida de compresion en cilindro por valvulas pisadas o anillos desgastados,SINTETICO_IA,L2 corte térmico exclusivo del solenoide a 85°C vs compresión.
F10-L05-0176,G25-L2-06,Falla en circuito o solenoide de inyector individual (DTC P0201 - P0208),MOTOR,L2,El conector plástico del inyector del cilindro 1 tiene la traba rota y los terminales sulfatados provocando caída de tensión y fallo permanente con código P0201.,TALLER,inspeccion_conector_inyector1,dtc_p0201|conector_traba_rota_sulfatado|caida_tension,falla_bujia,P0201,NO,NO,,SINTETICO_IA,L2 conector roto y sulfatado genera código P0201.
F10-L05-0177,G25-L2-07,Falla en circuito o solenoide de inyector individual (DTC P0201 - P0208),MOTOR,L2,El motor cabecea en marcha y pierde fuerza; se intercambiaron los inyectores 1 y 2 entre sí y el código de falla migró de P0201 a P0202 demostrando que la falla es el inyector.,COTIDIANO,prueba_intercambio_inyectores,dtc_migra_p0201_a_p0202_intercambio,falla_computadora,P0202,NO,NO,,SINTETICO_IA,L2 prueba cruzada de inyectores migra el DTC.
F10-L05-0178,G25-L2-08,Falla en circuito o solenoide de inyector individual (DTC P0201 - P0208),MOTOR,L2,Mi carro cojea feo en tres cilindros y en el escaner sale codigo P0203 de inyector. Le sacaron la bujia del tres y sale limpiecita y seca porque no le entra ni gota de nafta.,ERROR_ORTOGRAFICO,inspeccion_bujia_cilindro3,dtc_p0203|bujia_cilindro3_limpia_seca|sin_nafta,falla_chispa,P0203,NO,SI,Falla en bujias o bobinas de encendido (misfire),SINTETICO_IA,L2 bujía seca confirma falta de inyección con ortografía informal.
F10-L05-0179,G25-L2-09,Falla en circuito o solenoide de inyector individual (DTC P0201 - P0208),MOTOR,L2,DTC P0204 referente a circuito del inyector 4; al medir voltaje en el conector llegan 12V de batería correctos pero la línea de control a masa no conmuta desde la ECU.,TECNICO,medicion_voltajes_inyector4,dtc_p0204|12v_bateria_ok|linea_masa_no_conmuta,falla_rele_principal,P0204,NO,NO,,SINTETICO_IA,L2 12V presentes pero sin pulso de masa desde ECU.
F10-L05-0180,G25-L2-10,Falla en circuito o solenoide de inyector individual (DTC P0201 - P0208),MOTOR,L2,El inyector del cilindro 3 presenta resistencia de solo 1.2 ohms en cortocircuito parcial; la ECU entra en protección desactivando el banco de inyección por sobrecorriente.,TALLER,resistencia_1_2_ohms_corto,resistencia_1_2_ohms_corto|proteccion_sobrecorriente_ecu,falla_bomba_gasolina,P0203,NO,SI,Bomba de gasolina quemada o con baja presion,SINTETICO_IA,L2 inyector en corto a 1.2 ohms desactiva banco por protección.
F10-L05-0181,G25-L2-11,Falla en circuito o solenoide de inyector individual (DTC P0201 - P0208),MOTOR,L2,"Buenas maestro, el carro tiembla como licuadora y prende Check con P0202. La compresión del motor está en 170 psi parejita en los 4 cilindros pero el inyector 2 no dispara.",WHATSAPP,compresion_170psi_ok_p0202,dtc_p0202|compresion_170psi_pareja|inyector2_no_dispara,falla_valvula_pisada,P0202,NO,SI,Perdida de compresion en cilindro por valvulas pisadas o anillos desgastados,SINTETICO_IA,L2 compresión perfecta de 170 psi descarta válvula pisada.
F10-L05-0182,G25-L2-12,Falla en circuito o solenoide de inyector individual (DTC P0201 - P0208),MOTOR,L2,DTC P0201 intermitente que aparece únicamente al pasar sobre baches o adoquines; el arnés de cables del inyector 1 rozaba contra la chapa del soporte del alternador.,TECNICO,inspeccion_roce_arnes,dtc_p0201_baches|roce_arnes_soporte_alternador,falla_sensor_ckp,P0201,NO,NO,,SINTETICO_IA,L2 rozamiento de arnés de inyector 1 en baches.
F10-L05-0183,G25-L2-13,Falla en circuito o solenoide de inyector individual (DTC P0201 - P0208),MOTOR,L2,El motor ratea con violencia en aceleración fuerte; al probar con multímetro la bobina del inyector 4 marca 48 ohms fuera de tolerancia de 12 a 16 ohms impidiendo la apertura.,TALLER,resistencia_48_ohms_elevada,resistencia_48_ohms_elevada|no_abre_inyector4|rateo,falla_inyector_sucio,P0204,NO,SI,Inyectores sucios o filtro de combustible obstruido,SINTETICO_IA,L2 resistencia elevada a 48 ohms impide apertura del solenoide.
F10-L05-0184,G25-L2-14,Falla en circuito o solenoide de inyector individual (DTC P0201 - P0208),MOTOR,L2,Al dar contacto el inyector del cilindro 1 se queda pegado abierto eléctricamente por transistor MOSFET de la ECU en cortocircuito a masa permanente inundando el cilindro.,TECNICO,mosfet_ecu_corto_masa,inyector1_pegado_abierto_continuo|mosfet_corto_masa,regulador_presion_roto,P0201,NO,SI,Falla en regulador de presion de combustible o diafragma roto,SINTETICO_IA,L2 transistor de ECU en corto mantiene inyector abierto.
F10-L05-0185,G25-L2-15,Falla en circuito o solenoide de inyector individual (DTC P0201 - P0208),MOTOR,L2,Vehículo pierde un cilindro en caliente con código P0203; al enfriar el inyector con aire a presión el motor empareja de inmediato confirmando fallo térmico en el devanado.,COTIDIANO,enfriamiento_inyector_aire,dtc_p0203_caliente|aire_enfria_inyector_empareja,falla_bobina,P0203,NO,SI,Falla en bujias o bobinas de encendido (misfire),SINTETICO_IA,L2 enfriamiento con aire reanima devanado de inyector 3.
F10-L05-0186,G25-L3-01,Falla en circuito o solenoide de inyector individual (DTC P0201 - P0208),MOTOR,L3,Vehículo ingresa con marcha en 3 cilindros y vibración severa en ralentí con DTC P0201 (Injector Circuit Open - Cylinder 1) y P0301 (Misfire Cylinder 1). Se realizaron pruebas de encendido con osciloscopio constatando que la bobina COP del cilindro 1 entrega 32 kV con tiempo de quemado de 1.4 ms normal y bujía en buen estado. Se conectó pinza amperimétrica en el cable de control del inyector 1 registrando 0.0 amperios durante el intento de arranque mientras que el inyector 2 consume 1.1 amperios con pico inductivo de 65V. La resistencia interna del solenoide del inyector 1 arrojó circuito abierto infinito en multímetro.,TECNICO,osciloscopio_y_pinza_amperimetrica_inyector1,dtc_p0201_p0301|chispa_32kv_tiempo_1_4ms_ok|consumo_0_0a_pinza|resistencia_infinita_inyector1,falla_bobina_encendido,P0201,NO,SI,Falla en bujias o bobinas de encendido (misfire),SINTETICO_IA,L3 oscilograma y pinza confirman 0 amperios y circuito abierto con chispa de 32 kV impecable.
F10-L05-0187,G25-L3-02,Falla en circuito o solenoide de inyector individual (DTC P0201 - P0208),MOTOR,L3,El cliente ingresa por motor cojo en caliente tras 20 minutos de autopista con código P0203. Se midió la compresión mecánica de los 4 cilindros arrojando 175 psi parejos en todos los cilindros. Al retirar la rampa de inyección y medir la resistencia de los 4 inyectores a 20°C todos marcan 14.2 ohms; sin embargo al calentar el inyector 3 con pistola de calor a 80°C su resistencia se dispara a infinito cortando el circuito interno. Al enfriarse recupera los 14 ohms.,TALLER,prueba_termica_resistencia_inyector3,dtc_p0203|compresion_175psi_pareja|resistencia_14_ohms_sube_a_infinito_a_80c,falla_compresion_valvulas,P0203,NO,SI,Perdida de compresion en cilindro por valvulas pisadas o anillos desgastados,SINTETICO_IA,L3 compresión 175 psi descarta válvulas; prueba térmica demuestra apertura de bobina a 80°C.
F10-L05-0188,G25-L3-03,Falla en circuito o solenoide de inyector individual (DTC P0201 - P0208),MOTOR,L3,DTC P0204 referente a circuito del inyector del cilindro 4. En prueba con lámpara NOID conectada en el arnés se constató ausencia total de destello. Se midió tensión con multímetro en el pin de alimentación del conector registrando 12.4V de batería correctos; la comprobación de continuidad en el cable de masa controlada desde el pin 2 del conector del inyector hasta el pin 45 del conector de la ECU arrojó cable cortado por fricción bajo el tubo de admisión.,TECNICO,rastreo_continuidad_arnes_ecu,dtc_p0204|noid_inactiva|12_4v_alimentacion_ok|cable_masa_ecu_cortado,falla_computadora_pcm,P0204,NO,NO,,SINTETICO_IA,L3 12.4V presentes pero continuidad cortada en cable de masa hacia ECU.
F10-L05-0189,G25-L3-04,Falla en circuito o solenoide de inyector individual (DTC P0201 - P0208),MOTOR,L3,"Motor 4 cilindros tiembla fuertemente con códigos P0202 y P0302. Se intercambió la bobina 2 al cilindro 1 y la bujía 2 al cilindro 4 manteniéndose el fallo firme en el cilindro 2 con P0202 activo. Se midió la resistencia del inyector 2 registrando 0.8 ohms en cortocircuito entre espiras en lugar de 14.5 ohms normales, provocando que el circuito de protección de corriente de la ECU inhiba el disparo de ese canal.",TALLER,intercambio_bobinas_bujias_p0202,dtc_p0202_p0302|falla_firme_en_cilindro2_tras_intercambio|resistencia_0_8_ohms_corto,falla_bobinas_encendido,P0202,NO,SI,Falla en bujias o bobinas de encendido (misfire),SINTETICO_IA,L3 rotación cruzada de bobinas y bujías descarta encendido y confirma inyector en 0.8 ohms.
F10-L05-0190,G25-L3-05,Falla en circuito o solenoide de inyector individual (DTC P0201 - P0208),MOTOR,L3,"Hola maestro, tengo un Toyota Yaris. El carro empezó a temblar feo en tres cilindros de la nada y no tiene fuerza. En el taller le cambiaron bujías nuevas de iridio y la bobina del cilindro 1 pero seguía temblando igualito. Le pusieron el foco noid al enchufe del inyector 1 y no prendía la luz; el mecánico encontró el cable del inyector pelado y quebrado por las ratas debajo del plástico.",WHATSAPP,cable_inyector_mordido_yaris,tiembla_en_3_cilindros|bujias_bobina_nueva_persiste|noid_no_prende|cable_mordido_ratas,falla_bobinas_encendido,,NO,SI,Falla en bujias o bobinas de encendido (misfire),SINTETICO_IA,L3 relato WhatsApp de lámpara noid inactiva por cable quebrado tras cambio de encendido.
F10-L05-0191,G25-L3-06,Falla en circuito o solenoide de inyector individual (DTC P0201 - P0208),MOTOR,L3,"Captura de forma de onda de corriente y tensión del inyector 2 con osciloscopio: al recibir el comando de masa la corriente alcanza 1.05 amperios pero el pico de fuerza contraelectromotriz (back-EMF flyback) al cortar el circuito alcanza solo 12V en lugar de los 60V a 80V esperados, confirmando cortocircuito parcial en las espiras del solenoide que debilita el campo magnético y no logra levantar la aguja.",TECNICO,analisis_flyback_voltaje_inyector2,back_emf_solo_12v_vs_70v|cortocircuito_parcial_espiras|no_levanta_aguja,falla_inyector_sucio,P0202,NO,SI,Inyectores sucios o filtro de combustible obstruido,SINTETICO_IA,L3 flyback de solo 12V confirma cortocircuito entre espiras en solenoide.
F10-L05-0192,G25-L3-07,Falla en circuito o solenoide de inyector individual (DTC P0201 - P0208),MOTOR,L3,"El vehículo ingresó con vibración permanente y código P0203. Se desmontaron los 4 inyectores y se colocaron en banco de pruebas: al alimentar los inyectores 1, 2 y 4 emiten un chasquido nítido de apertura y atomizan a 3.5 bar, pero el inyector 3 no emite sonido ni abre la tobera. La medición eléctrica constató terminal positivo del solenoide desprendido interiormente bajo el encapsulado plástico.",TALLER,prueba_banco_inyeccion_4_inyectores,dtc_p0203|inyector3_no_abre_banco|terminal_positivo_desprendido_encapsulado,inyectores_obstruidos,P0203,NO,SI,Inyectores sucios o filtro de combustible obstruido,SINTETICO_IA,L3 prueba en banco demuestra inyector 3 inerte por terminal desprendido bajo encapsulado.
F10-L05-0193,G25-L3-08,Falla en circuito o solenoide de inyector individual (DTC P0201 - P0208),MOTOR,L3,Mi carro jalonea horrible y cojea en tres cilindros con codigo P0201 en el escaner. Le midieron con tester los ohmios al inyector uno y dio abierto total sin marcar nada mientras los otros tenian 15 ohmios. Le pusieron un inyector nuevo y se emparejo el motor al tiro.,ERROR_ORTOGRAFICO,medicion_ohmios_tester_p0201,dtc_p0201|abierto_total_sin_marcar|otros_15_ohmios|inyector_nuevo_empareja,falla_bujias,P0201,NO,SI,Falla en bujias o bobinas de encendido (misfire),SINTETICO_IA,L3 circuito abierto total con tester comprobado frente a 15 ohms con ortografía informal.
F10-L05-0194,G25-L3-09,Falla en circuito o solenoide de inyector individual (DTC P0201 - P0208),MOTOR,L3,"DTC P0204 acompañado de olor a gasolina por cilindro no combustionado. La prueba de aislamiento con megóhmetro a 250V entre el devanado del inyector 4 y la masa de carrocería arrojó resistencia de aislamiento de 0.05 megaohms (especificación mayor a 10 Mohms), confirmando fuga de corriente a masa a través de la carcasa metálica del inyector.",TECNICO,prueba_aislamiento_megohmetro,dtc_p0204|aislamiento_0_05_mohm_bajo|fuga_corriente_a_masa_carcasa,falla_cableado_aislamiento,P0204,NO,NO,,SINTETICO_IA,L3 megóhmetro detecta fuga de aislamiento a masa en solenoide de inyector 4.
F10-L05-0195,G25-L3-10,Falla en circuito o solenoide de inyector individual (DTC P0201 - P0208),MOTOR,L3,Pérdida súbita de potencia con motor en 3 cilindros tras lavar el vano motor con hidrolavadora con código P0202. Al retirar la ficha del inyector 2 se encontró la cavidad sellada llena de agua con jabón que provocó cortocircuito entre los dos pines y quemó el diodo supresor de transitorios en la placa de la ECU.,TALLER,lavado_vano_motor_conector_inyector2,dtc_p0202|agua_jabon_conector_inyector2|cortocircuito_entre_pines,falla_bobina_encendido,P0202,NO,SI,Falla en bujias o bobinas de encendido (misfire),SINTETICO_IA,L3 agua en conector de inyector tras lavado provoca cortocircuito con P0202.
F10-L05-0196,G25-L3-11,Falla en circuito o solenoide de inyector individual (DTC P0201 - P0208),MOTOR,L3,"Buenas tardes, el carro pierde fuerza y tiembla. En el escáner sale código P0203 de circuito de inyector 3. La presión de la bomba de nafta está perfecta en 48 psi y la compresión en 160 parejos. El mecánico le sacó el inyector y la bobina interna está cortada, no marca nada de resistencia.",WHATSAPP,descarte_presion_y_compresion_p0203,dtc_p0203|presion_48psi_ok|compresion_160psi_ok|bobina_inyector_cortada,bomba_gasolina_baja_presion,P0203,NO,SI,Bomba de gasolina quemada o con baja presion,SINTETICO_IA,L3 presión de bomba 48 psi y compresión 160 psi descartan bomba y culata.
F10-L05-0197,G25-L3-12,Falla en circuito o solenoide de inyector individual (DTC P0201 - P0208),MOTOR,L3,Análisis de tiempo de retardo de inyección con osciloscopio: el tiempo entre el flanco de comando de masa y el punto de cierre mecánico (inflexión de corriente) en el inyector 1 es de 3.2 milisegundos (especificación OEM 1.1 a 1.4 ms) debido a degradación del resorte de retorno y magnetización residual del núcleo.,TECNICO,analisis_inflexion_corriente_retardo,retardo_inflexion_3_2ms_vs_1_2ms|magnetizacion_residual_nucleo,falla_computadora,P0201,NO,NO,,SINTETICO_IA,L3 retardo de 3.2 ms en inflexión de corriente por degradación del núcleo.
F10-L05-0198,G25-L3-13,Falla en circuito o solenoide de inyector individual (DTC P0201 - P0208),MOTOR,L3,Motor falla intermitentemente en aceleraciones bruscas con código P0204. Se comprobó con voltímetro de aguja que durante la torsión del motor sobre sus soportes de goma el arnés principal se tensa y abre una microfractura interna en el hilo de cobre del inyector 4.,TALLER,torsion_motor_rotura_cable,dtc_p0204_en_aceleracion|torsion_motor_tensa_arnes|microfractura_hilo_cobre,falla_soporte_motor,P0204,NO,NO,,SINTETICO_IA,L3 torsión de motor tensa arnés y abre microfractura en cable de inyector 4.
F10-L05-0199,G25-L3-14,Falla en circuito o solenoide de inyector individual (DTC P0201 - P0208),MOTOR,L3,DTC P0201 con motor marchando en 3 cilindros. La prueba de caída de tensión en el terminal de alimentación positivo arrojó 3.8 voltios de caída debido a corrosión por sulfato en el empalme de alimentación común del riel dentro de la canaleta plástica de protección.,TECNICO,caida_tension_3_8v_alimentacion,dtc_p0201|caida_tension_3_8v_positivo|corrosion_empalme_comun_riel,falla_bomba_combustible,P0201,NO,SI,Bomba de gasolina quemada o con baja presion,SINTETICO_IA,L3 caída de tensión de 3.8V en positivo de inyector 1 por corrosión en empalme.
F10-L05-0200,G25-L3-15,Falla en circuito o solenoide de inyector individual (DTC P0201 - P0208),MOTOR,L3,El vehículo ingresó con temblor constante y código P0202. Se verificó con lámpara NOID que el pulso de conmutación de masa llega nítido y la bujía 2 está seca y con chispa. La prueba con multímetro arrojó 120 ohms en el inyector 2 (ocho veces su valor normal) impidiendo que circule la corriente suficiente para vencer la fuerza del resorte y levantar la tobera.,TALLER,resistencia_120_ohms_inyector2,dtc_p0202|resistencia_120_ohms_vs_15_oem|noid_destella_chispa_ok|bujia_seca,falla_bujias_misfire,P0202,NO,SI,Falla en bujias o bobinas de encendido (misfire),SINTETICO_IA,L3 resistencia de 120 ohms impide apertura pese a tener pulso de masa y chispa.
F10-L05-0201,G26-L1-01,Perdida de compresion en cilindro por valvulas pisadas o anillos desgastados,MOTOR,L1,El motor tiembla en ralentí y suena desparejo cuando gira en el arranque.,COTIDIANO,arranque_y_ralenti,temblor_ralenti|arranque_desparejo,,,SI,NO,,SINTETICO_IA,L1 giro desparejo al arrancar.
F10-L05-0202,G26-L1-02,Perdida de compresion en cilindro por valvulas pisadas o anillos desgastados,MOTOR,L1,"Hola, un cilindro no está funcionando y ya cambié bujía, cable y bobina.",WHATSAPP,post_cambio_encendido,cilindro_no_funciona_post_piezas,,,SI,NO,,SINTETICO_IA,L1 cilindro inactivo persistente.
F10-L05-0203,G26-L1-03,Perdida de compresion en cilindro por valvulas pisadas o anillos desgastados,MOTOR,L1,Siento que el carro perdió fuerza en subida y tose por el tubo de escape.,COTIDIANO,subida,falta_fuerza_subida|tose_escape,,,SI,NO,,SINTETICO_IA,L1 tos por escape y falta de compresión.
F10-L05-0204,G26-L1-04,Perdida de compresion en cilindro por valvulas pisadas o anillos desgastados,MOTOR,L1,Al sacar la varilla del aceite sale bastante humo blanco y salpica gotitas.,COTIDIANO,inspeccion_varilla,humo_salpica_varilla_aceite,,,SI,NO,,SINTETICO_IA,L1 presión de blow-by en cárter.
F10-L05-0205,G26-L1-05,Perdida de compresion en cilindro por valvulas pisadas o anillos desgastados,MOTOR,L1,El motor tiene un fallo de cilindro constante que empeora cuando calienta.,TALLER,motor_caliente,fallo_constante_empeora_caliente,,,SI,NO,,SINTETICO_IA,L1 empeoramiento térmico por dilatación valvular.
F10-L05-0206,G26-L1-06,Perdida de compresion en cilindro por valvulas pisadas o anillos desgastados,MOTOR,L1,Aparece un código de fallo de combustión en el cilindro 3 en el escáner.,TECNICO,diagnostico,falla_combustion_cilindro3,,,SI,NO,,SINTETICO_IA,L1 reporte de misfire persistente.
F10-L05-0207,G26-L1-07,Perdida de compresion en cilindro por valvulas pisadas o anillos desgastados,MOTOR,L1,El auto vibra como tractor en mínimo y consume bastante combustible.,COTIDIANO,ralenti,vibracion_tractor_minimo|consumo_alto,,,SI,NO,,SINTETICO_IA,L1 vibración constante y sobreconsumo.
F10-L05-0208,G26-L1-08,Perdida de compresion en cilindro por valvulas pisadas o anillos desgastados,MOTOR,L1,Mi carro cojea en baja y el mecanico dice que no tiene presion en un piston.,ERROR_ORTOGRAFICO,baja_rpm,cojea_en_baja|sin_presion_un_piston,,,SI,NO,,SINTETICO_IA,L1 pistón sin compresión con ortografía informal.
F10-L05-0209,G26-L1-09,Perdida de compresion en cilindro por valvulas pisadas o anillos desgastados,MOTOR,L1,"Buenas, cambiaron inyectores y sigue fallando el mismo cilindro de siempre.",WHATSAPP,post_cambio_inyectores,falla_mismo_cilindro_post_inyectores,,,SI,NO,,SINTETICO_IA,L1 persistencia tras cambio de inyectores.
F10-L05-0210,G26-L1-10,Perdida de compresion en cilindro por valvulas pisadas o anillos desgastados,MOTOR,L1,Presión manométrica de compresión en cámara de combustión por debajo de especificación.,TECNICO,medicion,compresion_camara_bajo_especificacion,,,SI,NO,,SINTETICO_IA,L1 reporte técnico de compresión insuficiente.
F10-L05-0211,G26-L2-01,Perdida de compresion en cilindro por valvulas pisadas o anillos desgastados,MOTOR,L2,"El cilindro 3 marca solo 40 psi de compresión mientras los otros tres marcan 165 psi; al agregar una cucharada de aceite en el cilindro la compresión no sube, confirmando válvula pisada.",COTIDIANO,prueba_compresion_humeda,compresion_40psi_no_sube_con_aceite|valvula_pisada,falla_anillos,,NO,SI,Consumo de aceite por desgaste de anillos o retenes,SINTETICO_IA,L2 prueba húmeda sin incremento confirma válvula vs anillos.
F10-L05-0212,G26-L2-02,Perdida de compresion en cilindro por valvulas pisadas o anillos desgastados,MOTOR,L2,Prueba de compresión seca arrojó 70 psi en el cilindro 2 y 160 psi en el resto; al realizar la prueba húmeda con 10 ml de aceite la compresión subió a 135 psi demostrando anillos desgastados.,TALLER,prueba_humeda_sube_compresion,compresion_70_sube_a_135psi_con_aceite|anillos_desgastados,valvula_quemada,,NO,SI,Consumo de aceite por desgaste de anillos o retenes,SINTETICO_IA,L2 prueba húmeda que sube de 70 a 135 psi confirma aros desgastados.
F10-L05-0213,G26-L2-03,Perdida de compresion en cilindro por valvulas pisadas o anillos desgastados,MOTOR,L2,"Código P0304 persistente; se cambiaron bujías, bobinas e inyectores sin ningún cambio. La prueba de fuga de cilindros reveló que el aire presurizado se escapa directamente por el tubo de escape.",TECNICO,prueba_fuga_escape,dtc_p0304|aire_escapa_por_tubo_escape|fuga_valvula_escape,falla_bobinas,P0304,NO,SI,Falla en bujias o bobinas de encendido (misfire),SINTETICO_IA,L2 aire escapando por tubo de escape confirma válvula de escape.
F10-L05-0214,G26-L2-04,Perdida de compresion en cilindro por valvulas pisadas o anillos desgastados,MOTOR,L2,"Hola maestro, el carro tiembla en mínimo y al dar arranque gira con un sonido disparejo chuc-chuc-raápido. El mecánico midió compresión y el pistón 1 no tiene nada de libras.",WHATSAPP,arranque_sonido_disparejo,arranque_disparejo_chuc_rapido|piston1_sin_libras,falla_motor_arranque,,NO,SI,Falla en motor de arranque o solenoide defectuoso (clac seco o carbones gastados),SINTETICO_IA,L2 cadencia de arranque despareja por cilindro sin compresión.
F10-L05-0215,G26-L2-05,Perdida de compresion en cilindro por valvulas pisadas o anillos desgastados,MOTOR,L2,En motor a gas GLP las válvulas de escape del cilindro 4 se quedaron sin holgura (luz de válvula en 0.00 mm por recesión de asiento) provocando que la válvula no cierre al dilatar en caliente.,TECNICO,medicion_holgura_taques,luz_valvula_0_00mm|recesion_asiento_glp|no_cierra_en_caliente,falla_vvt,,NO,SI,Falla en sistema de sincronizacion variable de valvulas (VVT / VVT-i / Valvetronic),SINTETICO_IA,L2 recesión de asiento a 0.00 mm en motor GLP vs VVT.
F10-L05-0216,G26-L2-06,Perdida de compresion en cilindro por valvulas pisadas o anillos desgastados,MOTOR,L2,Al retirar la tapa de llenado de aceite con el motor en marcha sopla fuerte viento con humo blanco y salpica aceite por soplado de compresión hacia el cárter por anillos rotos.,TALLER,inspeccion_blowby_tapa,viento_humo_blanco_tapa_aceite|blowby_carter|anillos_rotos,falla_valvula_pcv,,NO,NO,,SINTETICO_IA,L2 blow-by severo en tapa de aceite por rotura de aros.
F10-L05-0217,G26-L2-07,Perdida de compresion en cilindro por valvulas pisadas o anillos desgastados,MOTOR,L2,El auto perdió compresión en el cilindro 1 tras recalentamiento previo; no mezcla agua con aceite ni burbujea el radiador pero la válvula de admisión quedó deformada.,COTIDIANO,post_recalentamiento,cilindro1_sin_compresion|sin_agua_en_aceite|sin_burbujas_radiador,culata_soplada,,NO,SI,Empaque de culata soplado o danado,SINTETICO_IA,L2 sin agua en aceite ni burbujas descarta junta de culata soplada.
F10-L05-0218,G26-L2-08,Perdida de compresion en cilindro por valvulas pisadas o anillos desgastados,MOTOR,L2,Mi auto vibra feo en subida y en el taller le midieron compresion saliendo 50 libras en el cuatro y 160 en los demas. Le cambiaron la bobina y sigue temblando porque no hay compresion mecanica.,ERROR_ORTOGRAFICO,medicion_50_libras_cilindro4,50_libras_cilindro4_vs_160|bobina_nueva_persiste,falla_bobina,P0304,NO,SI,Falla en bujias o bobinas de encendido (misfire),SINTETICO_IA,L2 50 psi persistente tras bobina nueva con ortografía informal.
F10-L05-0219,G26-L2-09,Perdida de compresion en cilindro por valvulas pisadas o anillos desgastados,MOTOR,L2,Prueba de estanqueidad neumática de cilindros: al aplicar 80 psi en el cilindro 3 en punto muerto superior se registra 65% de fuga con silbido audible en el cuerpo de mariposa de admisión.,TECNICO,fuga_aire_cuerpo_mariposa,fuga_65_porciento|silbido_cuerpo_mariposa|valvula_admision_fuga,fuga_multiple_admision,,NO,NO,,SINTETICO_IA,L2 fuga de aire por mariposa confirma válvula de admisión pisada.
F10-L05-0220,G26-L2-10,Perdida de compresion en cilindro por valvulas pisadas o anillos desgastados,MOTOR,L2,DTC P0301; la bujía sale negra y carbonizada pero el osciloscopio muestra pulso de inyección correcto y arco de chispa de 18 kV en la bobina descartando fallas electrónicas.,TALLER,diagnostico_chispa_inyeccion_ok,dtc_p0301|chispa_18kv_ok|pulso_inyeccion_ok|compresion_baja,falla_circuito_inyector,P0301,NO,SI,Falla en circuito o solenoide de inyector individual (DTC P0201 - P0208),SINTETICO_IA,L2 chispa 18 kV e inyección OK descartan circuito de inyector y encendido.
F10-L05-0221,G26-L2-11,Perdida de compresion en cilindro por valvulas pisadas o anillos desgastados,MOTOR,L2,"Buenas, el carro tose en mínimo y bota bocanadas de humo azul al acelerar fuerte; el cilindro 2 tiene los aros pegados por carbón y pierde compresión.",WHATSAPP,humo_azul_acelerar,tose_minimo|humo_azul_acelerar|aros_pegados_carbon,falla_turbo,,NO,SI,Fuga en mangueras de intercooler o turbocompresor danado,SINTETICO_IA,L2 aros pegados con humo azul y falta de compresión vs turbo.
F10-L05-0222,G26-L2-12,Perdida de compresion en cilindro por valvulas pisadas o anillos desgastados,MOTOR,L2,"Diferencia de compresión mayor al 25% entre cilindros: cilindro 1 (160 psi), cilindro 2 (155 psi), cilindro 3 (95 psi) y cilindro 4 (160 psi), originando cabeceo en ralentí.",TECNICO,desbalance_compresion_cilindro3,desbalance_compresion_cilindro3_95psi|tolerancia_max_10,falla_soportes_motor,,NO,NO,,SINTETICO_IA,L2 desbalance de compresión superior a tolerancia del 10%.
F10-L05-0223,G26-L2-13,Perdida de compresion en cilindro por valvulas pisadas o anillos desgastados,MOTOR,L2,Al sacar la bujía del cilindro afectado se observa con boroscopio la cabeza del pistón lavada y rayaduras verticales profundas en la pared de la camisa de cilindro.,TALLER,boroscopia_cilindro_rayado,rayaduras_camisa_cilindro|piston_lavado|perdida_compresion,falla_inyector_goteando,,NO,SI,Inyectores sucios o filtro de combustible obstruido,SINTETICO_IA,L2 cilindro rayado constatado por boroscopía.
F10-L05-0224,G26-L2-14,Perdida de compresion en cilindro por valvulas pisadas o anillos desgastados,MOTOR,L2,El auto arranca pero no sostiene el ralentí en frío apagándose a menos que se acelere; la compresión en los 4 cilindros está uniformemente baja en 90 psi por desgaste severo de aros.,COTIDIANO,compresion_baja_4_cilindros,no_sostiene_ralenti_frio|compresion_90psi_pareja,falla_valvula_iac,,NO,SI,Cuerpo de aceleracion o valvula IAC sucia,SINTETICO_IA,L2 compresión baja homogénea a 90 psi por desgaste general.
F10-L05-0225,G26-L2-15,Perdida de compresion en cilindro por valvulas pisadas o anillos desgastados,MOTOR,L2,DTC P0303 en motor 16 válvulas; el taqué hidráulico del cilindro 3 se quedó descargado o trabado abierto manteniendo la válvula ligeramente pisada y perdiendo estanqueidad.,TECNICO,taque_hidraulico_trabado,dtc_p0303|taque_hidraulico_trabado_abierto|valvula_pisada,falla_solenoide_vvt,P0303,NO,SI,Falla en sistema de sincronizacion variable de valvulas (VVT / VVT-i / Valvetronic),SINTETICO_IA,L2 taqué hidráulico trabado abierto vs variador VVT.
F10-L05-0226,G26-L3-01,Perdida de compresion en cilindro por valvulas pisadas o anillos desgastados,MOTOR,L3,"Vehículo ingresa con fallo de encendido permanente en el cilindro 3 acompañado de DTC P0303. Se realizaron pruebas de encendido con osciloscopio: la bobina del cilindro 3 genera arco voltaico de 28 kV y el inyector tiene pulso de 2.5 ms con resistencia de 14.5 ohms normal y bujía seca. Se ejecutó la prueba de compresión manométrica en seco: cilindro 1 (165 psi), cilindro 2 (160 psi), cilindro 3 (45 psi) y cilindro 4 (165 psi). Al realizar la prueba húmeda inyectando 10 ml de aceite de motor en el cilindro 3 la presión se mantuvo inalterada en 45 psi, y la prueba de fuga neumática con 90 psi al 80% reveló escape de aire audible por el múltiple de escape, confirmando válvula de escape quemada.",TECNICO,prueba_seca_humeda_fuga_escape,dtc_p0303|compresion_seca_45_humeda_45psi|fuga_aire_escape|chispa_28kv_ok|inyector_ok,falla_bobina_encendido,P0303,NO,SI,Falla en bujias o bobinas de encendido (misfire),SINTETICO_IA,L3 prueba húmeda sin cambio (45 psi) y fuga por escape descarta bobina y aros.
F10-L05-0227,G26-L3-02,Perdida de compresion en cilindro por valvulas pisadas o anillos desgastados,MOTOR,L3,Toyota Yaris con motor 1NZ-FE convertido a gas GNV presenta vibración intensa en ralentí y DTC P0301. Se midió la holgura de válvulas con galgas de espesor encontrándose luz de 0.00 mm en ambas válvulas de escape del cilindro 1 (especificación 0.25 a 0.35 mm) por recesión severa de asientos provocada por la alta temperatura del gas seco. La compresión en frío marca 60 psi y al calentar cae a 25 psi debido a que la dilatación térmica del vástago impide el cierre valvular.,TALLER,metrologia_galgas_gnv_1nz,dtc_p0301|luz_valvulas_0_00mm_gnv|compresion_60_cae_25psi_caliente,falla_cadena_distribucion,P0301,NO,SI,Faja o cadena de distribucion destensada o con salto de punto,SINTETICO_IA,L3 metrología con galgas a 0.00 mm confirma recesión de asientos por GNV.
F10-L05-0228,G26-L3-03,Perdida de compresion en cilindro por valvulas pisadas o anillos desgastados,MOTOR,L3,"El vehículo presenta consumo excesivo de aceite (1 litro cada 400 km) y humo azul denso por el escape con temblor en aceleración. Prueba de compresión seca: cilindro 1 (80 psi), cilindro 2 (85 psi), cilindro 3 (75 psi) y cilindro 4 (80 psi). Al realizar la prueba húmeda con aceite la compresión salta inmediatamente a 145 psi en los 4 cilindros. La prueba de fuga con aire a 80 psi expulsó aire con violencia por el orificio de la varilla medidora de aceite y tapón de cárter, confirmando desgaste destructivo de los aros de compresión.",TECNICO,prueba_humeda_salta_a_145psi_blowby,compresion_seca_80_humeda_145psi|blowby_varilla_aceite|consumo_1l_400km,desgaste_retenes_valvula,,NO,SI,Consumo de aceite por desgaste de anillos o retenes,SINTETICO_IA,L3 prueba húmeda que sube a 145 psi y fuga por varilla descarta retenes y confirma aros.
F10-L05-0229,G26-L3-04,Perdida de compresion en cilindro por valvulas pisadas o anillos desgastados,MOTOR,L3,"DTC P0302 en motor 2.0 16v tras evento de sobre-revolución en reducción de marcha. La compresión en el cilindro 2 marca 0 psi absolutos mientras el resto tiene 170 psi. Se introdujo cámara boroscópica por el orificio de la bujía observándose marca de impacto circular de la cabeza de la válvula de admisión contra la cabeza del pistón y la válvula trabada chueca en su guía de bronce, sin deformación en el resto de los cilindros.",TALLER,boroscopia_valvula_doblada_piston,dtc_p0302|compresion_0psi|impacto_valvula_piston_boroscopio|valvula_chueca_guia,falla_distribucion_total,P0302,NO,SI,Faja o cadena de distribucion destensada o con salto de punto,SINTETICO_IA,L3 boroscopía constata válvula doblada individual por sobrerrégimen vs cadena.
F10-L05-0230,G26-L3-05,Perdida de compresion en cilindro por valvulas pisadas o anillos desgastados,MOTOR,L3,"Hola maestro, el carro me empezó a temblar feo en tres cilindros. En el taller le cambiaron bujías, cables y le limpiaron los 4 inyectores con ultrasonido pero seguía igualito el temblor. Le pusieron el reloj de compresión y el cilindro 4 tiene solo 30 libras; le echaron aceite y no subió nada. Tuvieron que sacar la culata y la válvula de escape estaba rajada como una empanada.",WHATSAPP,valvula_rajada_post_ultrasonido,tiembla_en_3_cilindros|piezas_nuevas_persiste|compresion_30_libras_no_sube|valvula_rajada,falla_inyectores,,NO,SI,Inyectores sucios o filtro de combustible obstruido,SINTETICO_IA,L3 relato WhatsApp de compresión 30 psi con válvula rajada tras limpiar inyectores.
F10-L05-0231,G26-L3-06,Perdida de compresion en cilindro por valvulas pisadas o anillos desgastados,MOTOR,L3,Prueba de hermeticidad de cilindro con transductor de presión en el cilindro 1 (in-cylinder pressure transducer con osciloscopio pico-scope): el pico máximo de compresión alcanza apenas 2.8 bar relativos en ralentí (especificación 11 bar). La rampa de escape muestra fuga continua de presión durante la carrera de expansión confirmando pérdida de estanqueidad por asiento de válvula desgastado sin problemas de chispa.,TECNICO,transductor_presion_incilindro_picoscope,pico_compresion_2_8bar_vs_11bar|rampa_expansion_fuga|picoscope,falla_bujias_bobinas,P0301,NO,SI,Falla en bujias o bobinas de encendido (misfire),SINTETICO_IA,L3 transductor in-cylinder en osciloscopio grafica compresión en 2.8 bar.
F10-L05-0232,G26-L3-07,Perdida de compresion en cilindro por valvulas pisadas o anillos desgastados,MOTOR,L3,"Motor de 4 cilindros con temblor constante y código P0304. Se realizó prueba comparativa: la bobina entrega chispa de 25 kV, el inyector marca 14 ohms y destella lámpara noid, pero al medir compresión el cilindro 4 arroja 55 psi frente a 160 psi en el resto. La prueba húmeda con 5 ml de aceite sube la compresión a 140 psi, y la inspección boroscópica detectó ranura de pistón partida con anillo de fuego quebrado.",TALLER,boroscopia_anillo_fuego_roto,dtc_p0304|chispa_25kv_ok|noid_ok|compresion_55_sube_140psi|anillo_fuego_quebrado,falla_circuito_inyector,P0304,NO,SI,Falla en circuito o solenoide de inyector individual (DTC P0201 - P0208),SINTETICO_IA,L3 salto de 55 a 140 psi y boroscopía confirma anillo partido vs inyector.
F10-L05-0233,G26-L3-08,Perdida de compresion en cilindro por valvulas pisadas o anillos desgastados,MOTOR,L3,"Mi carro vibra como batidora en minimo y prende el check con codigo P0302. Le probaron chispa y hay buena chispa azul, le probaron inyector y chisguetea bien, pero al medirle las libras con el reloj el piston 2 dio 40 libras y los otros 165. Le sacaron la tapa de balancines y la valvula no tiene luz de luz de galga.",ERROR_ORTOGRAFICO,medicion_libras_sin_luz_galga,dtc_p0302|chispa_azul_ok|inyector_ok|reloj_40_libras|sin_luz_galga,falla_chispa,P0302,NO,SI,Falla en bujias o bobinas de encendido (misfire),SINTETICO_IA,L3 chispa e inyección comprobadas; 40 psi por válvula sin luz con ortografía informal.
F10-L05-0234,G26-L3-09,Perdida de compresion en cilindro por valvulas pisadas o anillos desgastados,MOTOR,L3,"DTC P0303 en vehículo con 260,000 km. Al realizar la prueba de compresión dinámica con osciloscopio (amperaje del motor de arranque durante el giro): los cilindros 1, 2 y 4 demandan picos de 145 amperios pero en el cilindro 3 la corriente cae a 45 amperios por ausencia total de resistencia mecánica al comprimir, confirmando pérdida de estanqueidad.",TECNICO,compresion_relativa_amperimetrica,dtc_p0303|amperaje_cae_145_a_45a_cilindro3|compresion_relativa_baja,falla_motor_arranque,P0303,NO,SI,Falla en motor de arranque o solenoide defectuoso (clac seco o carbones gastados),SINTETICO_IA,L3 pinza amperimétrica en motor de arranque muestra caída a 45A en cilindro 3.
F10-L05-0235,G26-L3-10,Perdida de compresion en cilindro por valvulas pisadas o anillos desgastados,MOTOR,L3,El vehículo ingresó tras recalentamiento severo por rotura de manguera de refrigerante. El motor tiembla y presenta compresión de 50 psi en el cilindro 4. No hay burbujas de combustión en el vaso de expansión ni emulsión mayonesa en la tapa de aceite descartando empaque soplado a galerías; la causa fue deformación de la culata en la zona del asiento de válvula de escape 4.,TALLER,descarte_empaque_vs_asiento_culata,compresion_50psi_cilindro4|sin_burbujas_refrigerante|sin_mayonesa_aceite|asiento_deformado,empaque_culata_soplado,,NO,SI,Empaque de culata soplado o danado,SINTETICO_IA,L3 ausencia de mayonesa y burbujas descarta empaque soplado y confirma asiento.
F10-L05-0236,G26-L3-11,Perdida de compresion en cilindro por valvulas pisadas o anillos desgastados,MOTOR,L3,"Buenas tardes, el auto perdió fuerza y humea por la tapa del aceite. El mecánico le metió el manómetro de compresión y dice que el cilindro 1 tiene 60 libras y los otros 160. Le echó un chorrito de aceite de motor por el hueco de la bujía y volvió a medir y subió a 130 libras; me dijo que son los aros del pistón que se pegaron.",WHATSAPP,prueba_chorrito_aceite_60_a_130,compresion_60_sube_a_130_con_chorrito|humea_tapa_aceite|aros_pegados,desgaste_retenes,,NO,SI,Consumo de aceite por desgaste de anillos o retenes,SINTETICO_IA,L3 relato WhatsApp de prueba húmeda subiendo de 60 a 130 confirmando aros.
F10-L05-0237,G26-L3-12,Perdida de compresion en cilindro por valvulas pisadas o anillos desgastados,MOTOR,L3,Prueba de fugas neumática con 100 psi en cilindro 2: se constata 70% de pérdida con salida masiva de aire sibilante a través del múltiple de admisión. Se desmontó el eje de balancines y al quedar ambas levas en reposo la válvula de admisión sigue sin asentar herméticamente por acumulación de carbonilla dura compactada en el chaflán del asiento.,TECNICO,fuga_aire_multiple_admision_70,fuga_70_porciento_admision|valvula_no_asienta_balancines_libres|carbonilla_chaflan,falla_descarbonizacion_gdi,,NO,SI,Falla de descarbonizacion e inyeccion directa GDI (acumulacion de carbon en valvulas),SINTETICO_IA,L3 fuga del 70% por admisión con balancines libres confirma válvula que no asienta.
F10-L05-0238,G26-L3-13,Perdida de compresion en cilindro por valvulas pisadas o anillos desgastados,MOTOR,L3,DTC P0301 en motor de 3 cilindros. La compresión en cilindro 1 arroja 35 psi y 160 psi en los cilindros 2 y 3. Al retirar la bujía 1 y aplicar aire a presión se descartan fugas hacia el cárter y hacia el radiador; el aire escapa exclusivamente por el tubo de escape confirmando fisura en el plato de la válvula de escape 1.,TALLER,fuga_exclusiva_tubo_escape,dtc_p0301|compresion_35psi|aire_escapa_solo_por_escape|fisura_plato_valvula,falla_sensor_ckp,P0301,NO,NO,,SINTETICO_IA,L3 aire escapa exclusivamente por tubo de escape confirmando fisura en plato.
F10-L05-0239,G26-L3-14,Perdida de compresion en cilindro por valvulas pisadas o anillos desgastados,MOTOR,L3,"El motor presenta marcha tosca en frío que mejora ligeramente al calentar. Se midió compresión en frío: cilindro 1 (90 psi), cilindro 2 (165 psi), cilindro 3 (165 psi) y cilindro 4 (165 psi). La prueba de caída de vacío en admisión con vacuómetro marca oscilación rápida de la aguja de 4 inHg al ritmo del cilindro 1 por pérdida de sello valvular.",TECNICO,vacuometro_oscilacion_4inhg,vacuometro_oscila_4inhg_ritmo_cilindro1|compresion_90psi_frio,falla_valvula_iac,,NO,SI,Cuerpo de aceleracion o valvula IAC sucia,SINTETICO_IA,L3 vacuómetro oscila 4 inHg al ritmo de cilindro descompresionado.
F10-L05-0240,G26-L3-15,Perdida de compresion en cilindro por valvulas pisadas o anillos desgastados,MOTOR,L3,"Al exigir el motor en autopista se siente pérdida súbita de potencia y olor a aceite quemado. La prueba manométrica en cilindro 4 marcó 0 psi; al desmontar la culata se comprobó que el pistón 4 tiene un orificio de 12 mm perforado en el centro por detonación severa continua, comunicando la cámara directamente con el cárter.",TALLER,piston_perforado_12mm_detonacion,compresion_0psi|piston_perforado_12mm_detonacion|comunica_carter,falla_bielas_motor,,NO,NO,,SINTETICO_IA,L3 pistón perforado de 12 mm por detonación genera 0 psi.
