sintoma,falla,codigo_falla,sistema,severidad
siento un chillido agudo al frenar,Desgaste de pastillas y zapatas de freno,FRENO_001,Frenos,alta
sabes que siento un chillido agudo al frenar en carabayllo,Desgaste de pastillas y zapatas de freno,FRENO_001,Frenos,alta
hola maestro siento un chillido agudo al frenar al andar,Desgaste de pastillas y zapatas de freno,FRENO_001,Frenos,alta
tengo un problema siento un chillido agudo al frenar ultimamente,Desgaste de pastillas y zapatas de freno,FRENO_001,Frenos,alta
el carro chilla bastante cuando piso el freno,Desgaste de pastillas y zapatas de freno,FRENO_001,Frenos,alta
buenas tardes maestro el carro chilla bastante cuando piso el freno ultimamente,Desgaste de pastillas y zapatas de freno,FRENO_001,Frenos,alta
sabes que el carro chilla bastante cuando piso el freno en carabayllo,Desgaste de pastillas y zapatas de freno,FRENO_001,Frenos,alta
sabes que el carro chilla bastante cuando piso el freno al andar,Desgaste de pastillas y zapatas de freno,FRENO_001,Frenos,alta
suena como metal chocando en la llanta cuando freno,Desgaste de pastillas y zapatas de freno,FRENO_001,Frenos,alta
mi carro presenta suena como metal chocando en la llanta cuando freno en carabayllo,Desgaste de pastillas y zapatas de freno,FRENO_001,Frenos,alta
mi carro presenta suena como metal chocando en la llanta cuando freno cuando salgo a trabajar,Desgaste de pastillas y zapatas de freno,FRENO_001,Frenos,alta
hola maestro suena como metal chocando en la llanta cuando freno en carabayllo,Desgaste de pastillas y zapatas de freno,FRENO_001,Frenos,alta
se escucha un chirrido feo al frenar en la esquina,Desgaste de pastillas y zapatas de freno,FRENO_001,Frenos,alta
hola maestro se escucha un chirrido feo al frenar en la esquina ultimamente,Desgaste de pastillas y zapatas de freno,FRENO_001,Frenos,alta
buenas tardes maestro se escucha un chirrido feo al frenar en la esquina en la pista,Desgaste de pastillas y zapatas de freno,FRENO_001,Frenos,alta
mi carro presenta se escucha un chirrido feo al frenar en la esquina en carabayllo,Desgaste de pastillas y zapatas de freno,FRENO_001,Frenos,alta
el freno chilla feo a baja velocidad,Desgaste de pastillas y zapatas de freno,FRENO_001,Frenos,alta
mi carro presenta el freno chilla feo a baja velocidad ultimamente,Desgaste de pastillas y zapatas de freno,FRENO_001,Frenos,alta
sabes que el freno chilla feo a baja velocidad al andar,Desgaste de pastillas y zapatas de freno,FRENO_001,Frenos,alta
sabes que el freno chilla feo a baja velocidad en la pista,Desgaste de pastillas y zapatas de freno,FRENO_001,Frenos,alta
el pedal de freno se va hasta el fondo y esta esponjoso,Fuga hidraulica o aire en el sistema de frenos,FRENO_002,Frenos,alta
amigo una consulta el pedal de freno se va hasta el fondo y esta esponjoso ultimamente,Fuga hidraulica o aire en el sistema de frenos,FRENO_002,Frenos,alta
amigo una consulta el pedal de freno se va hasta el fondo y esta esponjoso en la pista,Fuga hidraulica o aire en el sistema de frenos,FRENO_002,Frenos,alta
tengo un problema el pedal de freno se va hasta el fondo y esta esponjoso en carabayllo,Fuga hidraulica o aire en el sistema de frenos,FRENO_002,Frenos,alta
el freno esta muy largo y no frena casi nada,Fuga hidraulica o aire en el sistema de frenos,FRENO_002,Frenos,alta
resulta que el freno esta muy largo y no frena casi nada ultimamente,Fuga hidraulica o aire en el sistema de frenos,FRENO_002,Frenos,alta
sabes que el freno esta muy largo y no frena casi nada cuando salgo a trabajar,Fuga hidraulica o aire en el sistema de frenos,FRENO_002,Frenos,alta
tengo un problema el freno esta muy largo y no frena casi nada desde ayer,Fuga hidraulica o aire en el sistema de frenos,FRENO_002,Frenos,alta
tengo que pisar hasta el fondo el pedal para que pare,Fuga hidraulica o aire en el sistema de frenos,FRENO_002,Frenos,alta
buenas tardes maestro tengo que pisar hasta el fondo el pedal para que pare ultimamente,Fuga hidraulica o aire en el sistema de frenos,FRENO_002,Frenos,alta
resulta que tengo que pisar hasta el fondo el pedal para que pare desde ayer,Fuga hidraulica o aire en el sistema de frenos,FRENO_002,Frenos,alta
hola maestro tengo que pisar hasta el fondo el pedal para que pare en carabayllo,Fuga hidraulica o aire en el sistema de frenos,FRENO_002,Frenos,alta
siento el pedal de freno blando y el nivel de liquido bajo,Fuga hidraulica o aire en el sistema de frenos,FRENO_002,Frenos,alta
amigo una consulta siento el pedal de freno blando y el nivel de liquido bajo en carabayllo,Fuga hidraulica o aire en el sistema de frenos,FRENO_002,Frenos,alta
tengo un problema siento el pedal de freno blando y el nivel de liquido bajo desde ayer,Fuga hidraulica o aire en el sistema de frenos,FRENO_002,Frenos,alta
mi carro presenta siento el pedal de freno blando y el nivel de liquido bajo desde ayer,Fuga hidraulica o aire en el sistema de frenos,FRENO_002,Frenos,alta
el pedal de freno se hunde solo al mantenerlo pisado,Fuga hidraulica o aire en el sistema de frenos,FRENO_002,Frenos,alta
resulta que el pedal de freno se hunde solo al mantenerlo pisado en carabayllo,Fuga hidraulica o aire en el sistema de frenos,FRENO_002,Frenos,alta
sabes que el pedal de freno se hunde solo al mantenerlo pisado cuando salgo a trabajar,Fuga hidraulica o aire en el sistema de frenos,FRENO_002,Frenos,alta
mi carro presenta el pedal de freno se hunde solo al mantenerlo pisado en carabayllo,Fuga hidraulica o aire en el sistema de frenos,FRENO_002,Frenos,alta
el motor cascabelea fuerte cuando subo una cuesta,Falla en bujias o bobinas de encendido (misfire),MOTOR_001,Motor,alta
amigo una consulta el motor cascabelea fuerte cuando subo una cuesta en carabayllo,Falla en bujias o bobinas de encendido (misfire),MOTOR_001,Motor,alta
mi carro presenta el motor cascabelea fuerte cuando subo una cuesta desde ayer,Falla en bujias o bobinas de encendido (misfire),MOTOR_001,Motor,alta
resulta que el motor cascabelea fuerte cuando subo una cuesta al andar,Falla en bujias o bobinas de encendido (misfire),MOTOR_001,Motor,alta
siento un cascabeleo en el motor al acelerar fuerte,Falla en bujias o bobinas de encendido (misfire),MOTOR_001,Motor,alta
mi carro presenta siento un cascabeleo en el motor al acelerar fuerte desde ayer,Falla en bujias o bobinas de encendido (misfire),MOTOR_001,Motor,alta
mi carro presenta siento un cascabeleo en el motor al acelerar fuerte ultimamente,Falla en bujias o bobinas de encendido (misfire),MOTOR_001,Motor,alta
sabes que siento un cascabeleo en el motor al acelerar fuerte en carabayllo,Falla en bujias o bobinas de encendido (misfire),MOTOR_001,Motor,alta
el carro cascabelea y pierde fuerza en la subida,Falla en bujias o bobinas de encendido (misfire),MOTOR_001,Motor,alta
hola maestro el carro cascabelea y pierde fuerza en la subida al andar,Falla en bujias o bobinas de encendido (misfire),MOTOR_001,Motor,alta
buenas tardes maestro el carro cascabelea y pierde fuerza en la subida desde ayer,Falla en bujias o bobinas de encendido (misfire),MOTOR_001,Motor,alta
hola maestro el carro cascabelea y pierde fuerza en la subida ultimamente,Falla en bujias o bobinas de encendido (misfire),MOTOR_001,Motor,alta
escucho un sonajero o cascabeleo en el motor al pisar el acelerador,Falla en bujias o bobinas de encendido (misfire),MOTOR_001,Motor,alta
resulta que escucho un sonajero o cascabeleo en el motor al pisar el acelerador en carabayllo,Falla en bujias o bobinas de encendido (misfire),MOTOR_001,Motor,alta
amigo una consulta escucho un sonajero o cascabeleo en el motor al pisar el acelerador desde ayer,Falla en bujias o bobinas de encendido (misfire),MOTOR_001,Motor,alta
amigo una consulta escucho un sonajero o cascabeleo en el motor al pisar el acelerador al andar,Falla en bujias o bobinas de encendido (misfire),MOTOR_001,Motor,alta
el motor cabecea y cascabelea en tercera marcha,Falla en bujias o bobinas de encendido (misfire),MOTOR_001,Motor,alta
resulta que el motor cabecea y cascabelea en tercera marcha desde ayer,Falla en bujias o bobinas de encendido (misfire),MOTOR_001,Motor,alta
buenas tardes maestro el motor cabecea y cascabelea en tercera marcha desde ayer,Falla en bujias o bobinas de encendido (misfire),MOTOR_001,Motor,alta
tengo un problema el motor cabecea y cascabelea en tercera marcha ultimamente,Falla en bujias o bobinas de encendido (misfire),MOTOR_001,Motor,alta
el carro no arranca solo hace un click click al girar la llave,Bateria descargada o bornes sulfatados,ELECTRICO_002,Sistema Eléctrico y Carga,media
sabes que el carro no arranca solo hace un click click al girar la llave desde ayer,Bateria descargada o bornes sulfatados,ELECTRICO_002,Sistema Eléctrico y Carga,media
sabes que el carro no arranca solo hace un click click al girar la llave al andar,Bateria descargada o bornes sulfatados,ELECTRICO_002,Sistema Eléctrico y Carga,media
sabes que el carro no arranca solo hace un click click al girar la llave en carabayllo,Bateria descargada o bornes sulfatados,ELECTRICO_002,Sistema Eléctrico y Carga,media
no prende el auto no da arranque y las luces estan tenues,Bateria descargada o bornes sulfatados,ELECTRICO_002,Sistema Eléctrico y Carga,media
mi carro presenta no prende el auto no da arranque y las luces estan tenues al andar,Bateria descargada o bornes sulfatados,ELECTRICO_002,Sistema Eléctrico y Carga,media
buenas tardes maestro no prende el auto no da arranque y las luces estan tenues en la pista,Bateria descargada o bornes sulfatados,ELECTRICO_002,Sistema Eléctrico y Carga,media
sabes que no prende el auto no da arranque y las luces estan tenues ultimamente,Bateria descargada o bornes sulfatados,ELECTRICO_002,Sistema Eléctrico y Carga,media
giro la llave y no hace nada la bateria esta muerta,Bateria descargada o bornes sulfatados,ELECTRICO_002,Sistema Eléctrico y Carga,media
buenas tardes maestro giro la llave y no hace nada la bateria esta muerta cuando salgo a trabajar,Bateria descargada o bornes sulfatados,ELECTRICO_002,Sistema Eléctrico y Carga,media
amigo una consulta giro la llave y no hace nada la bateria esta muerta desde ayer,Bateria descargada o bornes sulfatados,ELECTRICO_002,Sistema Eléctrico y Carga,media
sabes que giro la llave y no hace nada la bateria esta muerta al andar,Bateria descargada o bornes sulfatados,ELECTRICO_002,Sistema Eléctrico y Carga,media
el carro no da marcha y el tablero parpadea,Bateria descargada o bornes sulfatados,ELECTRICO_002,Sistema Eléctrico y Carga,media
mi carro presenta el carro no da marcha y el tablero parpadea ultimamente,Bateria descargada o bornes sulfatados,ELECTRICO_002,Sistema Eléctrico y Carga,media
sabes que el carro no da marcha y el tablero parpadea desde ayer,Bateria descargada o bornes sulfatados,ELECTRICO_002,Sistema Eléctrico y Carga,media
resulta que el carro no da marcha y el tablero parpadea en carabayllo,Bateria descargada o bornes sulfatados,ELECTRICO_002,Sistema Eléctrico y Carga,media
no arranca en las mañanas solo suena un tacc seco,Bateria descargada o bornes sulfatados,ELECTRICO_002,Sistema Eléctrico y Carga,media
buenas tardes maestro no arranca en las mañanas solo suena un tacc seco en carabayllo,Bateria descargada o bornes sulfatados,ELECTRICO_002,Sistema Eléctrico y Carga,media
resulta que no arranca en las mañanas solo suena un tacc seco desde ayer,Bateria descargada o bornes sulfatados,ELECTRICO_002,Sistema Eléctrico y Carga,media
amigo una consulta no arranca en las mañanas solo suena un tacc seco desde ayer,Bateria descargada o bornes sulfatados,ELECTRICO_002,Sistema Eléctrico y Carga,media
el timon tiembla bastante a mas de 80 kilometros por hora,Llantas desbalanceadas o desalineadas,SUSPENSION_004,Suspensión y Dirección,baja
resulta que el timon tiembla bastante a mas de 80 kilometros por hora en carabayllo,Llantas desbalanceadas o desalineadas,SUSPENSION_004,Suspensión y Dirección,baja
buenas tardes maestro el timon tiembla bastante a mas de 80 kilometros por hora al andar,Llantas desbalanceadas o desalineadas,SUSPENSION_004,Suspensión y Dirección,baja
vibra la direccion del carro cuando voy por la panamericana,Llantas desbalanceadas o desalineadas,SUSPENSION_004,Suspensión y Dirección,baja
buenas tardes maestro vibra la direccion del carro cuando voy por la panamericana al andar,Llantas desbalanceadas o desalineadas,SUSPENSION_004,Suspensión y Dirección,baja
amigo una consulta vibra la direccion del carro cuando voy por la panamericana en la pista,Llantas desbalanceadas o desalineadas,SUSPENSION_004,Suspensión y Dirección,baja
hola maestro vibra la direccion del carro cuando voy por la panamericana cuando salgo a trabajar,Llantas desbalanceadas o desalineadas,SUSPENSION_004,Suspensión y Dirección,baja
el timon zapatea fuerte a alta velocidad,Llantas desbalanceadas o desalineadas,SUSPENSION_004,Suspensión y Dirección,baja
amigo una consulta el timon zapatea fuerte a alta velocidad en la pista,Llantas desbalanceadas o desalineadas,SUSPENSION_004,Suspensión y Dirección,baja
tengo un problema el timon zapatea fuerte a alta velocidad en la pista,Llantas desbalanceadas o desalineadas,SUSPENSION_004,Suspensión y Dirección,baja
siento que la direccion vibra entre 70 y 90 km/h,Llantas desbalanceadas o desalineadas,SUSPENSION_004,Suspensión y Dirección,baja
resulta que siento que la direccion vibra entre 70 y 90 km/h en carabayllo,Llantas desbalanceadas o desalineadas,SUSPENSION_004,Suspensión y Dirección,baja
sabes que siento que la direccion vibra entre 70 y 90 km/h al andar,Llantas desbalanceadas o desalineadas,SUSPENSION_004,Suspensión y Dirección,baja
hola maestro siento que la direccion vibra entre 70 y 90 km/h al andar,Llantas desbalanceadas o desalineadas,SUSPENSION_004,Suspensión y Dirección,baja
el carro se jala para un lado y tiembla el timon,Llantas desbalanceadas o desalineadas,SUSPENSION_004,Suspensión y Dirección,baja
mi carro presenta el carro se jala para un lado y tiembla el timon desde ayer,Llantas desbalanceadas o desalineadas,SUSPENSION_004,Suspensión y Dirección,baja
resulta que el carro se jala para un lado y tiembla el timon al andar,Llantas desbalanceadas o desalineadas,SUSPENSION_004,Suspensión y Dirección,baja
tengo un problema el carro se jala para un lado y tiembla el timon en carabayllo,Llantas desbalanceadas o desalineadas,SUSPENSION_004,Suspensión y Dirección,baja
suena un golpe seco en la llanta al pasar un rompemuelles,Amortiguadores reventados o bujes de suspension gastados,SUSPENSION_001,Suspensión y Dirección,media
tengo un problema suena un golpe seco en la llanta al pasar un rompemuelles cuando salgo a trabajar,Amortiguadores reventados o bujes de suspension gastados,SUSPENSION_001,Suspensión y Dirección,media
buenas tardes maestro suena un golpe seco en la llanta al pasar un rompemuelles cuando salgo a trabajar,Amortiguadores reventados o bujes de suspension gastados,SUSPENSION_001,Suspensión y Dirección,media
hola maestro suena un golpe seco en la llanta al pasar un rompemuelles al andar,Amortiguadores reventados o bujes de suspension gastados,SUSPENSION_001,Suspensión y Dirección,media
escucho un trancazo seco en la suspension al pasar por baches,Amortiguadores reventados o bujes de suspension gastados,SUSPENSION_001,Suspensión y Dirección,media
sabes que escucho un trancazo seco en la suspension al pasar por baches desde ayer,Amortiguadores reventados o bujes de suspension gastados,SUSPENSION_001,Suspensión y Dirección,media
mi carro presenta escucho un trancazo seco en la suspension al pasar por baches ultimamente,Amortiguadores reventados o bujes de suspension gastados,SUSPENSION_001,Suspensión y Dirección,media
mi carro presenta escucho un trancazo seco en la suspension al pasar por baches en carabayllo,Amortiguadores reventados o bujes de suspension gastados,SUSPENSION_001,Suspensión y Dirección,media
el carro golpea feo abajo al cruzar un bache en carabayllo,Amortiguadores reventados o bujes de suspension gastados,SUSPENSION_001,Suspensión y Dirección,media
resulta que el carro golpea feo abajo al cruzar un bache en carabayllo al andar,Amortiguadores reventados o bujes de suspension gastados,SUSPENSION_001,Suspensión y Dirección,media
tengo un problema el carro golpea feo abajo al cruzar un bache en carabayllo al andar,Amortiguadores reventados o bujes de suspension gastados,SUSPENSION_001,Suspensión y Dirección,media
mi carro presenta el carro golpea feo abajo al cruzar un bache en carabayllo en la pista,Amortiguadores reventados o bujes de suspension gastados,SUSPENSION_001,Suspensión y Dirección,media
suena un golpe fuerte en la rueda delantera derecha al caer en hueco,Amortiguadores reventados o bujes de suspension gastados,SUSPENSION_001,Suspensión y Dirección,media
buenas tardes maestro suena un golpe fuerte en la rueda delantera derecha al caer en hueco ultimamente,Amortiguadores reventados o bujes de suspension gastados,SUSPENSION_001,Suspensión y Dirección,media
tengo un problema suena un golpe fuerte en la rueda delantera derecha al caer en hueco ultimamente,Amortiguadores reventados o bujes de suspension gastados,SUSPENSION_001,Suspensión y Dirección,media
mi carro presenta suena un golpe fuerte en la rueda delantera derecha al caer en hueco en la pista,Amortiguadores reventados o bujes de suspension gastados,SUSPENSION_001,Suspensión y Dirección,media
la suspension suena suelta y golpea al andar,Amortiguadores reventados o bujes de suspension gastados,SUSPENSION_001,Suspensión y Dirección,media
hola maestro la suspension suena suelta y golpea al andar en la pista,Amortiguadores reventados o bujes de suspension gastados,SUSPENSION_001,Suspensión y Dirección,media
tengo un problema la suspension suena suelta y golpea al andar cuando salgo a trabajar,Amortiguadores reventados o bujes de suspension gastados,SUSPENSION_001,Suspensión y Dirección,media
hola maestro la suspension suena suelta y golpea al andar en carabayllo,Amortiguadores reventados o bujes de suspension gastados,SUSPENSION_001,Suspensión y Dirección,media
suena un clac clac fuerte al girar todo el timon para doblar,Juntas homocineticas o palieres danados,SUSPENSION_002,Suspensión y Dirección,alta
tengo un problema suena un clac clac fuerte al girar todo el timon para doblar desde ayer,Juntas homocineticas o palieres danados,SUSPENSION_002,Suspensión y Dirección,alta
buenas tardes maestro suena un clac clac fuerte al girar todo el timon para doblar en carabayllo,Juntas homocineticas o palieres danados,SUSPENSION_002,Suspensión y Dirección,alta
buenas tardes maestro suena un clac clac fuerte al girar todo el timon para doblar en la pista,Juntas homocineticas o palieres danados,SUSPENSION_002,Suspensión y Dirección,alta
cuando doblo toda la esquina suena un crujido en la llanta,Juntas homocineticas o palieres danados,SUSPENSION_002,Suspensión y Dirección,alta
hola maestro cuando doblo toda la esquina suena un crujido en la llanta en carabayllo,Juntas homocineticas o palieres danados,SUSPENSION_002,Suspensión y Dirección,alta
sabes que cuando doblo toda la esquina suena un crujido en la llanta cuando salgo a trabajar,Juntas homocineticas o palieres danados,SUSPENSION_002,Suspensión y Dirección,alta
resulta que cuando doblo toda la esquina suena un crujido en la llanta en carabayllo,Juntas homocineticas o palieres danados,SUSPENSION_002,Suspensión y Dirección,alta
suena clac clac en las ruedas delanteras cuando giro a la izquierda,Juntas homocineticas o palieres danados,SUSPENSION_002,Suspensión y Dirección,alta
resulta que suena clac clac en las ruedas delanteras cuando giro a la izquierda en la pista,Juntas homocineticas o palieres danados,SUSPENSION_002,Suspensión y Dirección,alta
resulta que suena clac clac en las ruedas delanteras cuando giro a la izquierda ultimamente,Juntas homocineticas o palieres danados,SUSPENSION_002,Suspensión y Dirección,alta
buenas tardes maestro suena clac clac en las ruedas delanteras cuando giro a la izquierda al andar,Juntas homocineticas o palieres danados,SUSPENSION_002,Suspensión y Dirección,alta
al dar vuelta en u se escucha un traqueteo en el palier,Juntas homocineticas o palieres danados,SUSPENSION_002,Suspensión y Dirección,alta
amigo una consulta al dar vuelta en u se escucha un traqueteo en el palier en la pista,Juntas homocineticas o palieres danados,SUSPENSION_002,Suspensión y Dirección,alta
buenas tardes maestro al dar vuelta en u se escucha un traqueteo en el palier desde ayer,Juntas homocineticas o palieres danados,SUSPENSION_002,Suspensión y Dirección,alta
mi carro presenta al dar vuelta en u se escucha un traqueteo en el palier en la pista,Juntas homocineticas o palieres danados,SUSPENSION_002,Suspensión y Dirección,alta
suena un chasquido continuo cuando doblo el timon,Juntas homocineticas o palieres danados,SUSPENSION_002,Suspensión y Dirección,alta
amigo una consulta suena un chasquido continuo cuando doblo el timon ultimamente,Juntas homocineticas o palieres danados,SUSPENSION_002,Suspensión y Dirección,alta
mi carro presenta suena un chasquido continuo cuando doblo el timon al andar,Juntas homocineticas o palieres danados,SUSPENSION_002,Suspensión y Dirección,alta
sabes que suena un chasquido continuo cuando doblo el timon ultimamente,Juntas homocineticas o palieres danados,SUSPENSION_002,Suspensión y Dirección,alta
el carro se aguanta o pierde fuerza cuando acelero,Inyectores sucios o filtro de combustible obstruido,COMBUSTIBLE_001,Inyección de Combustible,media
sabes que el carro se aguanta o pierde fuerza cuando acelero desde ayer,Inyectores sucios o filtro de combustible obstruido,COMBUSTIBLE_001,Inyección de Combustible,media
amigo una consulta el carro se aguanta o pierde fuerza cuando acelero al andar,Inyectores sucios o filtro de combustible obstruido,COMBUSTIBLE_001,Inyección de Combustible,media
siento que el auto se chupa y no responde al acelerador,Inyectores sucios o filtro de combustible obstruido,COMBUSTIBLE_001,Inyección de Combustible,media
amigo una consulta siento que el auto se chupa y no responde al acelerador en la pista,Inyectores sucios o filtro de combustible obstruido,COMBUSTIBLE_001,Inyección de Combustible,media
amigo una consulta siento que el auto se chupa y no responde al acelerador en carabayllo,Inyectores sucios o filtro de combustible obstruido,COMBUSTIBLE_001,Inyección de Combustible,media
buenas tardes maestro siento que el auto se chupa y no responde al acelerador ultimamente,Inyectores sucios o filtro de combustible obstruido,COMBUSTIBLE_001,Inyección de Combustible,media
el carro se atranca al querer adelantar un bus,Inyectores sucios o filtro de combustible obstruido,COMBUSTIBLE_001,Inyección de Combustible,media
hola maestro el carro se atranca al querer adelantar un bus desde ayer,Inyectores sucios o filtro de combustible obstruido,COMBUSTIBLE_001,Inyección de Combustible,media
hola maestro el carro se atranca al querer adelantar un bus en la pista,Inyectores sucios o filtro de combustible obstruido,COMBUSTIBLE_001,Inyección de Combustible,media
mi carro presenta el carro se atranca al querer adelantar un bus ultimamente,Inyectores sucios o filtro de combustible obstruido,COMBUSTIBLE_001,Inyección de Combustible,media
acelero y el carro no avanza se queda aguantado,Inyectores sucios o filtro de combustible obstruido,COMBUSTIBLE_001,Inyección de Combustible,media
mi carro presenta acelero y el carro no avanza se queda aguantado ultimamente,Inyectores sucios o filtro de combustible obstruido,COMBUSTIBLE_001,Inyección de Combustible,media
hola maestro acelero y el carro no avanza se queda aguantado en carabayllo,Inyectores sucios o filtro de combustible obstruido,COMBUSTIBLE_001,Inyección de Combustible,media
sabes que acelero y el carro no avanza se queda aguantado al andar,Inyectores sucios o filtro de combustible obstruido,COMBUSTIBLE_001,Inyección de Combustible,media
pierde potencia de la nada cuando acelero en pista,Inyectores sucios o filtro de combustible obstruido,COMBUSTIBLE_001,Inyección de Combustible,media
hola maestro pierde potencia de la nada cuando acelero en pista ultimamente,Inyectores sucios o filtro de combustible obstruido,COMBUSTIBLE_001,Inyección de Combustible,media
hola maestro pierde potencia de la nada cuando acelero en pista en carabayllo,Inyectores sucios o filtro de combustible obstruido,COMBUSTIBLE_001,Inyección de Combustible,media
resulta que pierde potencia de la nada cuando acelero en pista desde ayer,Inyectores sucios o filtro de combustible obstruido,COMBUSTIBLE_001,Inyección de Combustible,media
el carro esta consumiendo demasiada gasolina ultimamente,Falla en sensor de oxigeno o mezcla rica,COMBUSTIBLE_004,Inyección de Combustible,media
hola maestro el carro esta consumiendo demasiada gasolina ultimamente en la pista,Falla en sensor de oxigeno o mezcla rica,COMBUSTIBLE_004,Inyección de Combustible,media
buenas tardes maestro el carro esta consumiendo demasiada gasolina ultimamente desde ayer,Falla en sensor de oxigeno o mezcla rica,COMBUSTIBLE_004,Inyección de Combustible,media
sabes que el carro esta consumiendo demasiada gasolina ultimamente cuando salgo a trabajar,Falla en sensor de oxigeno o mezcla rica,COMBUSTIBLE_004,Inyección de Combustible,media
esta tragando combustible como loco y huele raro,Falla en sensor de oxigeno o mezcla rica,COMBUSTIBLE_004,Inyección de Combustible,media
buenas tardes maestro esta tragando combustible como loco y huele raro en la pista,Falla en sensor de oxigeno o mezcla rica,COMBUSTIBLE_004,Inyección de Combustible,media
buenas tardes maestro esta tragando combustible como loco y huele raro al andar,Falla en sensor de oxigeno o mezcla rica,COMBUSTIBLE_004,Inyección de Combustible,media
mi carro presenta esta tragando combustible como loco y huele raro en la pista,Falla en sensor de oxigeno o mezcla rica,COMBUSTIBLE_004,Inyección de Combustible,media
el consumo de gasolina se disparo al doble este mes,Falla en sensor de oxigeno o mezcla rica,COMBUSTIBLE_004,Inyección de Combustible,media
amigo una consulta el consumo de gasolina se disparo al doble este mes ultimamente,Falla en sensor de oxigeno o mezcla rica,COMBUSTIBLE_004,Inyección de Combustible,media
resulta que el consumo de gasolina se disparo al doble este mes cuando salgo a trabajar,Falla en sensor de oxigeno o mezcla rica,COMBUSTIBLE_004,Inyección de Combustible,media
huele mal el escape y consume mucha gasolina,Falla en sensor de oxigeno o mezcla rica,COMBUSTIBLE_004,Inyección de Combustible,media
buenas tardes maestro huele mal el escape y consume mucha gasolina en carabayllo,Falla en sensor de oxigeno o mezcla rica,COMBUSTIBLE_004,Inyección de Combustible,media
hola maestro huele mal el escape y consume mucha gasolina al andar,Falla en sensor de oxigeno o mezcla rica,COMBUSTIBLE_004,Inyección de Combustible,media
amigo una consulta huele mal el escape y consume mucha gasolina desde ayer,Falla en sensor de oxigeno o mezcla rica,COMBUSTIBLE_004,Inyección de Combustible,media
el tanque de gasolina se rinde muy rapido,Falla en sensor de oxigeno o mezcla rica,COMBUSTIBLE_004,Inyección de Combustible,media
amigo una consulta el tanque de gasolina se rinde muy rapido cuando salgo a trabajar,Falla en sensor de oxigeno o mezcla rica,COMBUSTIBLE_004,Inyección de Combustible,media
amigo una consulta el tanque de gasolina se rinde muy rapido al andar,Falla en sensor de oxigeno o mezcla rica,COMBUSTIBLE_004,Inyección de Combustible,media
hola maestro el tanque de gasolina se rinde muy rapido al andar,Falla en sensor de oxigeno o mezcla rica,COMBUSTIBLE_004,Inyección de Combustible,media
esta botando humo negro espeso por el tubo de escape,Falla en sensor de oxigeno o mezcla rica,COMBUSTIBLE_004,Inyección de Combustible,media
sabes que esta botando humo negro espeso por el tubo de escape al andar,Falla en sensor de oxigeno o mezcla rica,COMBUSTIBLE_004,Inyección de Combustible,media
hola maestro esta botando humo negro espeso por el tubo de escape en carabayllo,Falla en sensor de oxigeno o mezcla rica,COMBUSTIBLE_004,Inyección de Combustible,media
amigo una consulta esta botando humo negro espeso por el tubo de escape al andar,Falla en sensor de oxigeno o mezcla rica,COMBUSTIBLE_004,Inyección de Combustible,media
sale humo negro y mancha de hollin el suelo al acelerar,Falla en sensor de oxigeno o mezcla rica,COMBUSTIBLE_004,Inyección de Combustible,media
tengo un problema sale humo negro y mancha de hollin el suelo al acelerar en carabayllo,Falla en sensor de oxigeno o mezcla rica,COMBUSTIBLE_004,Inyección de Combustible,media
buenas tardes maestro sale humo negro y mancha de hollin el suelo al acelerar ultimamente,Falla en sensor de oxigeno o mezcla rica,COMBUSTIBLE_004,Inyección de Combustible,media
buenas tardes maestro sale humo negro y mancha de hollin el suelo al acelerar en la pista,Falla en sensor de oxigeno o mezcla rica,COMBUSTIBLE_004,Inyección de Combustible,media
bota humo oscuro y carbon por el escape,Falla en sensor de oxigeno o mezcla rica,COMBUSTIBLE_004,Inyección de Combustible,media
amigo una consulta bota humo oscuro y carbon por el escape ultimamente,Falla en sensor de oxigeno o mezcla rica,COMBUSTIBLE_004,Inyección de Combustible,media
tengo un problema bota humo oscuro y carbon por el escape cuando salgo a trabajar,Falla en sensor de oxigeno o mezcla rica,COMBUSTIBLE_004,Inyección de Combustible,media
sale humo negro con olor a gasolina mal quemada,Falla en sensor de oxigeno o mezcla rica,COMBUSTIBLE_004,Inyección de Combustible,media
buenas tardes maestro sale humo negro con olor a gasolina mal quemada en carabayllo,Falla en sensor de oxigeno o mezcla rica,COMBUSTIBLE_004,Inyección de Combustible,media
amigo una consulta sale humo negro con olor a gasolina mal quemada en la pista,Falla en sensor de oxigeno o mezcla rica,COMBUSTIBLE_004,Inyección de Combustible,media
hola maestro sale humo negro con olor a gasolina mal quemada en carabayllo,Falla en sensor de oxigeno o mezcla rica,COMBUSTIBLE_004,Inyección de Combustible,media
al acelerar a fondo bota una nube de humo negro,Falla en sensor de oxigeno o mezcla rica,COMBUSTIBLE_004,Inyección de Combustible,media
sabes que al acelerar a fondo bota una nube de humo negro en la pista,Falla en sensor de oxigeno o mezcla rica,COMBUSTIBLE_004,Inyección de Combustible,media
resulta que al acelerar a fondo bota una nube de humo negro en carabayllo,Falla en sensor de oxigeno o mezcla rica,COMBUSTIBLE_004,Inyección de Combustible,media
hola maestro al acelerar a fondo bota una nube de humo negro ultimamente,Falla en sensor de oxigeno o mezcla rica,COMBUSTIBLE_004,Inyección de Combustible,media
sale humo azul con olor a aceite quemado por el escape,Consumo de aceite por desgaste de anillos o retenes,MOTOR_002,Motor,alta
buenas tardes maestro sale humo azul con olor a aceite quemado por el escape cuando salgo a trabajar,Consumo de aceite por desgaste de anillos o retenes,MOTOR_002,Motor,alta
amigo una consulta sale humo azul con olor a aceite quemado por el escape cuando salgo a trabajar,Consumo de aceite por desgaste de anillos o retenes,MOTOR_002,Motor,alta
bota humo azuloso continuo cuando acelero,Consumo de aceite por desgaste de anillos o retenes,MOTOR_002,Motor,alta
hola maestro bota humo azuloso continuo cuando acelero ultimamente,Consumo de aceite por desgaste de anillos o retenes,MOTOR_002,Motor,alta
amigo una consulta bota humo azuloso continuo cuando acelero en carabayllo,Consumo de aceite por desgaste de anillos o retenes,MOTOR_002,Motor,alta
amigo una consulta bota humo azuloso continuo cuando acelero desde ayer,Consumo de aceite por desgaste de anillos o retenes,MOTOR_002,Motor,alta
el motor consume aceite y bota humo azul por el tubo,Consumo de aceite por desgaste de anillos o retenes,MOTOR_002,Motor,alta
resulta que el motor consume aceite y bota humo azul por el tubo cuando salgo a trabajar,Consumo de aceite por desgaste de anillos o retenes,MOTOR_002,Motor,alta
tengo un problema el motor consume aceite y bota humo azul por el tubo cuando salgo a trabajar,Consumo de aceite por desgaste de anillos o retenes,MOTOR_002,Motor,alta
sabes que el motor consume aceite y bota humo azul por el tubo al andar,Consumo de aceite por desgaste de anillos o retenes,MOTOR_002,Motor,alta
bota humo garzo azulado al salir en primera,Consumo de aceite por desgaste de anillos o retenes,MOTOR_002,Motor,alta
resulta que bota humo garzo azulado al salir en primera en la pista,Consumo de aceite por desgaste de anillos o retenes,MOTOR_002,Motor,alta
sabes que bota humo garzo azulado al salir en primera al andar,Consumo de aceite por desgaste de anillos o retenes,MOTOR_002,Motor,alta
amigo una consulta bota humo garzo azulado al salir en primera ultimamente,Consumo de aceite por desgaste de anillos o retenes,MOTOR_002,Motor,alta
tengo que rellenar aceite cada semana y bota humo azul,Consumo de aceite por desgaste de anillos o retenes,MOTOR_002,Motor,alta
buenas tardes maestro tengo que rellenar aceite cada semana y bota humo azul desde ayer,Consumo de aceite por desgaste de anillos o retenes,MOTOR_002,Motor,alta
buenas tardes maestro tengo que rellenar aceite cada semana y bota humo azul en carabayllo,Consumo de aceite por desgaste de anillos o retenes,MOTOR_002,Motor,alta
mi carro presenta tengo que rellenar aceite cada semana y bota humo azul al andar,Consumo de aceite por desgaste de anillos o retenes,MOTOR_002,Motor,alta
sale bastante humo blanco espeso por el tubo de escape,Empaque de culata soplado o danado,MOTOR_003,Motor,alta
mi carro presenta sale bastante humo blanco espeso por el tubo de escape en carabayllo,Empaque de culata soplado o danado,MOTOR_003,Motor,alta
sabes que sale bastante humo blanco espeso por el tubo de escape desde ayer,Empaque de culata soplado o danado,MOTOR_003,Motor,alta
hola maestro sale bastante humo blanco espeso por el tubo de escape en carabayllo,Empaque de culata soplado o danado,MOTOR_003,Motor,alta
bota humo blanco como vapor y se consume el agua del radiador,Empaque de culata soplado o danado,MOTOR_003,Motor,alta
mi carro presenta bota humo blanco como vapor y se consume el agua del radiador cuando salgo a trabajar,Empaque de culata soplado o danado,MOTOR_003,Motor,alta
mi carro presenta bota humo blanco como vapor y se consume el agua del radiador en la pista,Empaque de culata soplado o danado,MOTOR_003,Motor,alta
buenas tardes maestro bota humo blanco como vapor y se consume el agua del radiador en carabayllo,Empaque de culata soplado o danado,MOTOR_003,Motor,alta
el motor calienta y bota humo blanco espeso constante,Empaque de culata soplado o danado,MOTOR_003,Motor,alta
mi carro presenta el motor calienta y bota humo blanco espeso constante en carabayllo,Empaque de culata soplado o danado,MOTOR_003,Motor,alta
resulta que el motor calienta y bota humo blanco espeso constante ultimamente,Empaque de culata soplado o danado,MOTOR_003,Motor,alta
hola maestro el motor calienta y bota humo blanco espeso constante en la pista,Empaque de culata soplado o danado,MOTOR_003,Motor,alta
se mezcla el agua con el aceite y bota humo blanco,Empaque de culata soplado o danado,MOTOR_003,Motor,alta
hola maestro se mezcla el agua con el aceite y bota humo blanco al andar,Empaque de culata soplado o danado,MOTOR_003,Motor,alta
resulta que se mezcla el agua con el aceite y bota humo blanco ultimamente,Empaque de culata soplado o danado,MOTOR_003,Motor,alta
amigo una consulta se mezcla el agua con el aceite y bota humo blanco en carabayllo,Empaque de culata soplado o danado,MOTOR_003,Motor,alta
bota bastante vapor y agua por el tubo de escape,Empaque de culata soplado o danado,MOTOR_003,Motor,alta
mi carro presenta bota bastante vapor y agua por el tubo de escape ultimamente,Empaque de culata soplado o danado,MOTOR_003,Motor,alta
mi carro presenta bota bastante vapor y agua por el tubo de escape en la pista,Empaque de culata soplado o danado,MOTOR_003,Motor,alta
hola maestro bota bastante vapor y agua por el tubo de escape en la pista,Empaque de culata soplado o danado,MOTOR_003,Motor,alta
suena un chillido agudo de faja debajo del capo,Alternador defectuoso o placa de diodos quemada,ELECTRICO_001,Sistema Eléctrico y Carga,alta
hola maestro suena un chillido agudo de faja debajo del capo cuando salgo a trabajar,Alternador defectuoso o placa de diodos quemada,ELECTRICO_001,Sistema Eléctrico y Carga,alta
sabes que suena un chillido agudo de faja debajo del capo en la pista,Alternador defectuoso o placa de diodos quemada,ELECTRICO_001,Sistema Eléctrico y Carga,alta
mi carro presenta suena un chillido agudo de faja debajo del capo en la pista,Alternador defectuoso o placa de diodos quemada,ELECTRICO_001,Sistema Eléctrico y Carga,alta
el motor chilla feo al encenderlo en las mañanas,Alternador defectuoso o placa de diodos quemada,ELECTRICO_001,Sistema Eléctrico y Carga,alta
tengo un problema el motor chilla feo al encenderlo en las mañanas desde ayer,Alternador defectuoso o placa de diodos quemada,ELECTRICO_001,Sistema Eléctrico y Carga,alta
buenas tardes maestro el motor chilla feo al encenderlo en las mañanas al andar,Alternador defectuoso o placa de diodos quemada,ELECTRICO_001,Sistema Eléctrico y Carga,alta
sabes que el motor chilla feo al encenderlo en las mañanas desde ayer,Alternador defectuoso o placa de diodos quemada,ELECTRICO_001,Sistema Eléctrico y Carga,alta
suena un silbido agudo continuo en la faja del alternador,Alternador defectuoso o placa de diodos quemada,ELECTRICO_001,Sistema Eléctrico y Carga,alta
buenas tardes maestro suena un silbido agudo continuo en la faja del alternador desde ayer,Alternador defectuoso o placa de diodos quemada,ELECTRICO_001,Sistema Eléctrico y Carga,alta
amigo una consulta suena un silbido agudo continuo en la faja del alternador ultimamente,Alternador defectuoso o placa de diodos quemada,ELECTRICO_001,Sistema Eléctrico y Carga,alta
sabes que suena un silbido agudo continuo en la faja del alternador al andar,Alternador defectuoso o placa de diodos quemada,ELECTRICO_001,Sistema Eléctrico y Carga,alta
prende la luz de la bateria en el tablero y chilla la faja,Alternador defectuoso o placa de diodos quemada,ELECTRICO_001,Sistema Eléctrico y Carga,alta
tengo un problema prende la luz de la bateria en el tablero y chilla la faja cuando salgo a trabajar,Alternador defectuoso o placa de diodos quemada,ELECTRICO_001,Sistema Eléctrico y Carga,alta
tengo un problema prende la luz de la bateria en el tablero y chilla la faja en carabayllo,Alternador defectuoso o placa de diodos quemada,ELECTRICO_001,Sistema Eléctrico y Carga,alta
hola maestro prende la luz de la bateria en el tablero y chilla la faja cuando salgo a trabajar,Alternador defectuoso o placa de diodos quemada,ELECTRICO_001,Sistema Eléctrico y Carga,alta
chilla la faja al prender las luces altas o aire,Alternador defectuoso o placa de diodos quemada,ELECTRICO_001,Sistema Eléctrico y Carga,alta
mi carro presenta chilla la faja al prender las luces altas o aire en la pista,Alternador defectuoso o placa de diodos quemada,ELECTRICO_001,Sistema Eléctrico y Carga,alta
hola maestro chilla la faja al prender las luces altas o aire en carabayllo,Alternador defectuoso o placa de diodos quemada,ELECTRICO_001,Sistema Eléctrico y Carga,alta
mi carro presenta chilla la faja al prender las luces altas o aire ultimamente,Alternador defectuoso o placa de diodos quemada,ELECTRICO_001,Sistema Eléctrico y Carga,alta
el motor se apaga solo cuando bajo la velocidad o freno,Cuerpo de aceleracion o valvula IAC sucia,COMBUSTIBLE_003,Inyección de Combustible,media
mi carro presenta el motor se apaga solo cuando bajo la velocidad o freno desde ayer,Cuerpo de aceleracion o valvula IAC sucia,COMBUSTIBLE_003,Inyección de Combustible,media
buenas tardes maestro el motor se apaga solo cuando bajo la velocidad o freno desde ayer,Cuerpo de aceleracion o valvula IAC sucia,COMBUSTIBLE_003,Inyección de Combustible,media
hola maestro el motor se apaga solo cuando bajo la velocidad o freno ultimamente,Cuerpo de aceleracion o valvula IAC sucia,COMBUSTIBLE_003,Inyección de Combustible,media
al llegar a una esquina o semaforo el carro se apaga de la nada,Cuerpo de aceleracion o valvula IAC sucia,COMBUSTIBLE_003,Inyección de Combustible,media
tengo un problema al llegar a una esquina o semaforo el carro se apaga de la nada desde ayer,Cuerpo de aceleracion o valvula IAC sucia,COMBUSTIBLE_003,Inyección de Combustible,media
buenas tardes maestro al llegar a una esquina o semaforo el carro se apaga de la nada cuando salgo a trabajar,Cuerpo de aceleracion o valvula IAC sucia,COMBUSTIBLE_003,Inyección de Combustible,media
resulta que al llegar a una esquina o semaforo el carro se apaga de la nada en la pista,Cuerpo de aceleracion o valvula IAC sucia,COMBUSTIBLE_003,Inyección de Combustible,media
se apaga el motor al poner neutro o soltar el acelerador,Cuerpo de aceleracion o valvula IAC sucia,COMBUSTIBLE_003,Inyección de Combustible,media
sabes que se apaga el motor al poner neutro o soltar el acelerador desde ayer,Cuerpo de aceleracion o valvula IAC sucia,COMBUSTIBLE_003,Inyección de Combustible,media
mi carro presenta se apaga el motor al poner neutro o soltar el acelerador al andar,Cuerpo de aceleracion o valvula IAC sucia,COMBUSTIBLE_003,Inyección de Combustible,media
mi carro presenta se apaga el motor al poner neutro o soltar el acelerador en carabayllo,Cuerpo de aceleracion o valvula IAC sucia,COMBUSTIBLE_003,Inyección de Combustible,media
el minimo esta inestable y el carro se apaga solo,Cuerpo de aceleracion o valvula IAC sucia,COMBUSTIBLE_003,Inyección de Combustible,media
sabes que el minimo esta inestable y el carro se apaga solo en la pista,Cuerpo de aceleracion o valvula IAC sucia,COMBUSTIBLE_003,Inyección de Combustible,media
tengo un problema el minimo esta inestable y el carro se apaga solo al andar,Cuerpo de aceleracion o valvula IAC sucia,COMBUSTIBLE_003,Inyección de Combustible,media
hola maestro el minimo esta inestable y el carro se apaga solo ultimamente,Cuerpo de aceleracion o valvula IAC sucia,COMBUSTIBLE_003,Inyección de Combustible,media
se apaga en cada rompemuelles si no lo mantengo acelerado,Cuerpo de aceleracion o valvula IAC sucia,COMBUSTIBLE_003,Inyección de Combustible,media
tengo un problema se apaga en cada rompemuelles si no lo mantengo acelerado en carabayllo,Cuerpo de aceleracion o valvula IAC sucia,COMBUSTIBLE_003,Inyección de Combustible,media
hola maestro se apaga en cada rompemuelles si no lo mantengo acelerado al andar,Cuerpo de aceleracion o valvula IAC sucia,COMBUSTIBLE_003,Inyección de Combustible,media
mi carro presenta se apaga en cada rompemuelles si no lo mantengo acelerado ultimamente,Cuerpo de aceleracion o valvula IAC sucia,COMBUSTIBLE_003,Inyección de Combustible,media
chillido feo al frenar,Desgaste de pastillas y zapatas de freno,FRENO_001,Frenos,alta
sabes que chillido feo al frenar en la pista,Desgaste de pastillas y zapatas de freno,FRENO_001,Frenos,alta
amigo mi auto presenta chillido feo al frenar en las mañanas,Desgaste de pastillas y zapatas de freno,FRENO_001,Frenos,alta
maestro una consulta chillido feo al frenar al pasar un rompemuelles,Desgaste de pastillas y zapatas de freno,FRENO_001,Frenos,alta
siento que chillido feo al frenar cuando voy manejando,Desgaste de pastillas y zapatas de freno,FRENO_001,Frenos,alta
sabes que chillido feo al frenar al acelerar,Desgaste de pastillas y zapatas de freno,FRENO_001,Frenos,alta
al salir a trabajar chillido feo al frenar al pasar un rompemuelles,Desgaste de pastillas y zapatas de freno,FRENO_001,Frenos,alta
al salir a trabajar chillido feo al frenar en carabayllo,Desgaste de pastillas y zapatas de freno,FRENO_001,Frenos,alta
ruido de metal con metal en las ruedas al pisar el freno,Desgaste de pastillas y zapatas de freno,FRENO_001,Frenos,alta
resulta que en mi carro ruido de metal con metal en las ruedas al pisar el freno cuando voy manejando,Desgaste de pastillas y zapatas de freno,FRENO_001,Frenos,alta
tengo un problema con mi auto ruido de metal con metal en las ruedas al pisar el freno en carabayllo,Desgaste de pastillas y zapatas de freno,FRENO_001,Frenos,alta
al salir a trabajar ruido de metal con metal en las ruedas al pisar el freno de la nada,Desgaste de pastillas y zapatas de freno,FRENO_001,Frenos,alta
siento que ruido de metal con metal en las ruedas al pisar el freno al acelerar,Desgaste de pastillas y zapatas de freno,FRENO_001,Frenos,alta
sabes que ruido de metal con metal en las ruedas al pisar el freno en las mañanas,Desgaste de pastillas y zapatas de freno,FRENO_001,Frenos,alta
amigo mi auto presenta ruido de metal con metal en las ruedas al pisar el freno cuando voy manejando,Desgaste de pastillas y zapatas de freno,FRENO_001,Frenos,alta
hace dos dias noto que ruido de metal con metal en las ruedas al pisar el freno en las mañanas,Desgaste de pastillas y zapatas de freno,FRENO_001,Frenos,alta
sabes que ruido de metal con metal en las ruedas al pisar el freno en carabayllo,Desgaste de pastillas y zapatas de freno,FRENO_001,Frenos,alta
chilla la rueda delantera cuando freno,Desgaste de pastillas y zapatas de freno,FRENO_001,Frenos,alta
hace dos dias noto que chilla la rueda delantera cuando freno en las mañanas,Desgaste de pastillas y zapatas de freno,FRENO_001,Frenos,alta
resulta que en mi carro chilla la rueda delantera cuando freno cuando voy manejando,Desgaste de pastillas y zapatas de freno,FRENO_001,Frenos,alta
buenas tardes mecanico chilla la rueda delantera cuando freno al pasar un rompemuelles,Desgaste de pastillas y zapatas de freno,FRENO_001,Frenos,alta
amigo mi auto presenta chilla la rueda delantera cuando freno al pasar un rompemuelles,Desgaste de pastillas y zapatas de freno,FRENO_001,Frenos,alta
resulta que en mi carro chilla la rueda delantera cuando freno en las mañanas,Desgaste de pastillas y zapatas de freno,FRENO_001,Frenos,alta
hace dos dias noto que chilla la rueda delantera cuando freno cuando voy manejando,Desgaste de pastillas y zapatas de freno,FRENO_001,Frenos,alta
hace dos dias noto que chilla la rueda delantera cuando freno en carabayllo,Desgaste de pastillas y zapatas de freno,FRENO_001,Frenos,alta
hace dos dias noto que chilla la rueda delantera cuando freno al pasar un rompemuelles,Desgaste de pastillas y zapatas de freno,FRENO_001,Frenos,alta
chirrido agudo en el pedal de freno,Desgaste de pastillas y zapatas de freno,FRENO_001,Frenos,alta
hace dos dias noto que chirrido agudo en el pedal de freno en carabayllo,Desgaste de pastillas y zapatas de freno,FRENO_001,Frenos,alta
al salir a trabajar chirrido agudo en el pedal de freno cuando voy manejando,Desgaste de pastillas y zapatas de freno,FRENO_001,Frenos,alta
siento que chirrido agudo en el pedal de freno en carabayllo,Desgaste de pastillas y zapatas de freno,FRENO_001,Frenos,alta
amigo mi auto presenta chirrido agudo en el pedal de freno de la nada,Desgaste de pastillas y zapatas de freno,FRENO_001,Frenos,alta
maestro una consulta chirrido agudo en el pedal de freno al acelerar,Desgaste de pastillas y zapatas de freno,FRENO_001,Frenos,alta
amigo mi auto presenta chirrido agudo en el pedal de freno en carabayllo,Desgaste de pastillas y zapatas de freno,FRENO_001,Frenos,alta
resulta que en mi carro chirrido agudo en el pedal de freno en la pista,Desgaste de pastillas y zapatas de freno,FRENO_001,Frenos,alta
tengo un problema con mi auto chirrido agudo en el pedal de freno en carabayllo,Desgaste de pastillas y zapatas de freno,FRENO_001,Frenos,alta
pedal de freno esponjoso y se hunde hasta el fondo,Fuga hidraulica o aire en el sistema de frenos,FRENO_002,Frenos,alta
hace dos dias noto que pedal de freno esponjoso y se hunde hasta el fondo cuando voy manejando,Fuga hidraulica o aire en el sistema de frenos,FRENO_002,Frenos,alta
resulta que en mi carro pedal de freno esponjoso y se hunde hasta el fondo en carabayllo,Fuga hidraulica o aire en el sistema de frenos,FRENO_002,Frenos,alta
tengo un problema con mi auto pedal de freno esponjoso y se hunde hasta el fondo en las mañanas,Fuga hidraulica o aire en el sistema de frenos,FRENO_002,Frenos,alta
amigo mi auto presenta pedal de freno esponjoso y se hunde hasta el fondo al pasar un rompemuelles,Fuga hidraulica o aire en el sistema de frenos,FRENO_002,Frenos,alta
al salir a trabajar pedal de freno esponjoso y se hunde hasta el fondo cuando voy manejando,Fuga hidraulica o aire en el sistema de frenos,FRENO_002,Frenos,alta
al salir a trabajar pedal de freno esponjoso y se hunde hasta el fondo de la nada,Fuga hidraulica o aire en el sistema de frenos,FRENO_002,Frenos,alta
siento que pedal de freno esponjoso y se hunde hasta el fondo al acelerar,Fuga hidraulica o aire en el sistema de frenos,FRENO_002,Frenos,alta
tengo un problema con mi auto pedal de freno esponjoso y se hunde hasta el fondo al pasar un rompemuelles,Fuga hidraulica o aire en el sistema de frenos,FRENO_002,Frenos,alta
freno muy largo y no frena casi nada,Fuga hidraulica o aire en el sistema de frenos,FRENO_002,Frenos,alta
siento que freno muy largo y no frena casi nada al pasar un rompemuelles,Fuga hidraulica o aire en el sistema de frenos,FRENO_002,Frenos,alta
maestro una consulta freno muy largo y no frena casi nada en carabayllo,Fuga hidraulica o aire en el sistema de frenos,FRENO_002,Frenos,alta
buenas tardes mecanico freno muy largo y no frena casi nada en carabayllo,Fuga hidraulica o aire en el sistema de frenos,FRENO_002,Frenos,alta
amigo mi auto presenta freno muy largo y no frena casi nada en la pista,Fuga hidraulica o aire en el sistema de frenos,FRENO_002,Frenos,alta
al salir a trabajar freno muy largo y no frena casi nada de la nada,Fuga hidraulica o aire en el sistema de frenos,FRENO_002,Frenos,alta
buenas tardes mecanico freno muy largo y no frena casi nada al pasar un rompemuelles,Fuga hidraulica o aire en el sistema de frenos,FRENO_002,Frenos,alta
tengo un problema con mi auto freno muy largo y no frena casi nada al pasar un rompemuelles,Fuga hidraulica o aire en el sistema de frenos,FRENO_002,Frenos,alta
el nivel de liquido de frenos baja solo,Fuga hidraulica o aire en el sistema de frenos,FRENO_002,Frenos,alta
tengo un problema con mi auto el nivel de liquido de frenos baja solo de la nada,Fuga hidraulica o aire en el sistema de frenos,FRENO_002,Frenos,alta
sabes que el nivel de liquido de frenos baja solo al pasar un rompemuelles,Fuga hidraulica o aire en el sistema de frenos,FRENO_002,Frenos,alta
siento que el nivel de liquido de frenos baja solo en las mañanas,Fuga hidraulica o aire en el sistema de frenos,FRENO_002,Frenos,alta
tengo un problema con mi auto el nivel de liquido de frenos baja solo en carabayllo,Fuga hidraulica o aire en el sistema de frenos,FRENO_002,Frenos,alta
tengo un problema con mi auto el nivel de liquido de frenos baja solo al acelerar,Fuga hidraulica o aire en el sistema de frenos,FRENO_002,Frenos,alta
amigo mi auto presenta el nivel de liquido de frenos baja solo en las mañanas,Fuga hidraulica o aire en el sistema de frenos,FRENO_002,Frenos,alta
buenas tardes mecanico el nivel de liquido de frenos baja solo en carabayllo,Fuga hidraulica o aire en el sistema de frenos,FRENO_002,Frenos,alta
siento que el nivel de liquido de frenos baja solo en la pista,Fuga hidraulica o aire en el sistema de frenos,FRENO_002,Frenos,alta
tengo que bombear el freno para que agarre,Fuga hidraulica o aire en el sistema de frenos,FRENO_002,Frenos,alta
amigo mi auto presenta tengo que bombear el freno para que agarre en las mañanas,Fuga hidraulica o aire en el sistema de frenos,FRENO_002,Frenos,alta
maestro una consulta tengo que bombear el freno para que agarre cuando voy manejando,Fuga hidraulica o aire en el sistema de frenos,FRENO_002,Frenos,alta
resulta que en mi carro tengo que bombear el freno para que agarre al pasar un rompemuelles,Fuga hidraulica o aire en el sistema de frenos,FRENO_002,Frenos,alta
amigo mi auto presenta tengo que bombear el freno para que agarre en carabayllo,Fuga hidraulica o aire en el sistema de frenos,FRENO_002,Frenos,alta
resulta que en mi carro tengo que bombear el freno para que agarre cuando voy manejando,Fuga hidraulica o aire en el sistema de frenos,FRENO_002,Frenos,alta
resulta que en mi carro tengo que bombear el freno para que agarre en las mañanas,Fuga hidraulica o aire en el sistema de frenos,FRENO_002,Frenos,alta
sabes que tengo que bombear el freno para que agarre en las mañanas,Fuga hidraulica o aire en el sistema de frenos,FRENO_002,Frenos,alta
buenas tardes mecanico tengo que bombear el freno para que agarre en la pista,Fuga hidraulica o aire en el sistema de frenos,FRENO_002,Frenos,alta
pedal de freno duro como una piedra y no frena,Falla en servofreno (booster) o linea de vacio,FRENO_004,Frenos,alta
amigo mi auto presenta pedal de freno duro como una piedra y no frena cuando voy manejando,Falla en servofreno (booster) o linea de vacio,FRENO_004,Frenos,alta
buenas tardes mecanico pedal de freno duro como una piedra y no frena al acelerar,Falla en servofreno (booster) o linea de vacio,FRENO_004,Frenos,alta
tengo un problema con mi auto pedal de freno duro como una piedra y no frena en carabayllo,Falla en servofreno (booster) o linea de vacio,FRENO_004,Frenos,alta
maestro una consulta pedal de freno duro como una piedra y no frena al pasar un rompemuelles,Falla en servofreno (booster) o linea de vacio,FRENO_004,Frenos,alta
hace dos dias noto que pedal de freno duro como una piedra y no frena de la nada,Falla en servofreno (booster) o linea de vacio,FRENO_004,Frenos,alta
al salir a trabajar pedal de freno duro como una piedra y no frena al pasar un rompemuelles,Falla en servofreno (booster) o linea de vacio,FRENO_004,Frenos,alta
maestro una consulta pedal de freno duro como una piedra y no frena de la nada,Falla en servofreno (booster) o linea de vacio,FRENO_004,Frenos,alta
tengo que hacer mucha fuerza con la pierna para frenar,Falla en servofreno (booster) o linea de vacio,FRENO_004,Frenos,alta
resulta que en mi carro tengo que hacer mucha fuerza con la pierna para frenar en las mañanas,Falla en servofreno (booster) o linea de vacio,FRENO_004,Frenos,alta
sabes que tengo que hacer mucha fuerza con la pierna para frenar en la pista,Falla en servofreno (booster) o linea de vacio,FRENO_004,Frenos,alta
siento que tengo que hacer mucha fuerza con la pierna para frenar al acelerar,Falla en servofreno (booster) o linea de vacio,FRENO_004,Frenos,alta
amigo mi auto presenta tengo que hacer mucha fuerza con la pierna para frenar en carabayllo,Falla en servofreno (booster) o linea de vacio,FRENO_004,Frenos,alta
tengo un problema con mi auto tengo que hacer mucha fuerza con la pierna para frenar al acelerar,Falla en servofreno (booster) o linea de vacio,FRENO_004,Frenos,alta
amigo mi auto presenta tengo que hacer mucha fuerza con la pierna para frenar al pasar un rompemuelles,Falla en servofreno (booster) o linea de vacio,FRENO_004,Frenos,alta
amigo mi auto presenta tengo que hacer mucha fuerza con la pierna para frenar en las mañanas,Falla en servofreno (booster) o linea de vacio,FRENO_004,Frenos,alta
hace dos dias noto que tengo que hacer mucha fuerza con la pierna para frenar al pasar un rompemuelles,Falla en servofreno (booster) o linea de vacio,FRENO_004,Frenos,alta
el freno esta hiper duro,Falla en servofreno (booster) o linea de vacio,FRENO_004,Frenos,alta
maestro una consulta el freno esta hiper duro al pasar un rompemuelles,Falla en servofreno (booster) o linea de vacio,FRENO_004,Frenos,alta
sabes que el freno esta hiper duro en la pista,Falla en servofreno (booster) o linea de vacio,FRENO_004,Frenos,alta
buenas tardes mecanico el freno esta hiper duro cuando voy manejando,Falla en servofreno (booster) o linea de vacio,FRENO_004,Frenos,alta
tengo un problema con mi auto el freno esta hiper duro al pasar un rompemuelles,Falla en servofreno (booster) o linea de vacio,FRENO_004,Frenos,alta
amigo mi auto presenta el freno esta hiper duro en carabayllo,Falla en servofreno (booster) o linea de vacio,FRENO_004,Frenos,alta
al salir a trabajar el freno esta hiper duro de la nada,Falla en servofreno (booster) o linea de vacio,FRENO_004,Frenos,alta
el timon y el pedal de freno vibran bastante al frenar a alta velocidad,Discos de freno alabeados o desgastados,FRENO_003,Frenos,media
sabes que el timon y el pedal de freno vibran bastante al frenar a alta velocidad al pasar un rompemuelles,Discos de freno alabeados o desgastados,FRENO_003,Frenos,media
amigo mi auto presenta el timon y el pedal de freno vibran bastante al frenar a alta velocidad en la pista,Discos de freno alabeados o desgastados,FRENO_003,Frenos,media
siento que el timon y el pedal de freno vibran bastante al frenar a alta velocidad cuando voy manejando,Discos de freno alabeados o desgastados,FRENO_003,Frenos,media
tengo un problema con mi auto el timon y el pedal de freno vibran bastante al frenar a alta velocidad en las mañanas,Discos de freno alabeados o desgastados,FRENO_003,Frenos,media
siento que el timon y el pedal de freno vibran bastante al frenar a alta velocidad en la pista,Discos de freno alabeados o desgastados,FRENO_003,Frenos,media
amigo mi auto presenta el timon y el pedal de freno vibran bastante al frenar a alta velocidad al acelerar,Discos de freno alabeados o desgastados,FRENO_003,Frenos,media
resulta que en mi carro el timon y el pedal de freno vibran bastante al frenar a alta velocidad al pasar un rompemuelles,Discos de freno alabeados o desgastados,FRENO_003,Frenos,media
resulta que en mi carro el timon y el pedal de freno vibran bastante al frenar a alta velocidad cuando voy manejando,Discos de freno alabeados o desgastados,FRENO_003,Frenos,media
tiembla el pedal cuando piso el freno despacio,Discos de freno alabeados o desgastados,FRENO_003,Frenos,media
hace dos dias noto que tiembla el pedal cuando piso el freno despacio cuando voy manejando,Discos de freno alabeados o desgastados,FRENO_003,Frenos,media
al salir a trabajar tiembla el pedal cuando piso el freno despacio al acelerar,Discos de freno alabeados o desgastados,FRENO_003,Frenos,media
maestro una consulta tiembla el pedal cuando piso el freno despacio cuando voy manejando,Discos de freno alabeados o desgastados,FRENO_003,Frenos,media
maestro una consulta tiembla el pedal cuando piso el freno despacio en la pista,Discos de freno alabeados o desgastados,FRENO_003,Frenos,media
amigo mi auto presenta tiembla el pedal cuando piso el freno despacio al pasar un rompemuelles,Discos de freno alabeados o desgastados,FRENO_003,Frenos,media
al salir a trabajar tiembla el pedal cuando piso el freno despacio en las mañanas,Discos de freno alabeados o desgastados,FRENO_003,Frenos,media
maestro una consulta tiembla el pedal cuando piso el freno despacio al acelerar,Discos de freno alabeados o desgastados,FRENO_003,Frenos,media
siento que tiembla el pedal cuando piso el freno despacio al pasar un rompemuelles,Discos de freno alabeados o desgastados,FRENO_003,Frenos,media
golpe seco o trancazo en la llanta al pasar por rompemuelles,Amortiguadores reventados o bujes de suspension gastados,SUSPENSION_001,Suspensión y Dirección,media
sabes que golpe seco o trancazo en la llanta al pasar por rompemuelles en carabayllo,Amortiguadores reventados o bujes de suspension gastados,SUSPENSION_001,Suspensión y Dirección,media
al salir a trabajar golpe seco o trancazo en la llanta al pasar por rompemuelles en la pista,Amortiguadores reventados o bujes de suspension gastados,SUSPENSION_001,Suspensión y Dirección,media
maestro una consulta golpe seco o trancazo en la llanta al pasar por rompemuelles en carabayllo,Amortiguadores reventados o bujes de suspension gastados,SUSPENSION_001,Suspensión y Dirección,media
hace dos dias noto que golpe seco o trancazo en la llanta al pasar por rompemuelles en las mañanas,Amortiguadores reventados o bujes de suspension gastados,SUSPENSION_001,Suspensión y Dirección,media
resulta que en mi carro golpe seco o trancazo en la llanta al pasar por rompemuelles de la nada,Amortiguadores reventados o bujes de suspension gastados,SUSPENSION_001,Suspensión y Dirección,media
tengo un problema con mi auto golpe seco o trancazo en la llanta al pasar por rompemuelles en las mañanas,Amortiguadores reventados o bujes de suspension gastados,SUSPENSION_001,Suspensión y Dirección,media
resulta que en mi carro golpe seco o trancazo en la llanta al pasar por rompemuelles en la pista,Amortiguadores reventados o bujes de suspension gastados,SUSPENSION_001,Suspensión y Dirección,media
ruido de cazoleta en huecos,Amortiguadores reventados o bujes de suspension gastados,SUSPENSION_001,Suspensión y Dirección,media
buenas tardes mecanico ruido de cazoleta en huecos al pasar un rompemuelles,Amortiguadores reventados o bujes de suspension gastados,SUSPENSION_001,Suspensión y Dirección,media
buenas tardes mecanico ruido de cazoleta en huecos en la pista,Amortiguadores reventados o bujes de suspension gastados,SUSPENSION_001,Suspensión y Dirección,media
al salir a trabajar ruido de cazoleta en huecos al acelerar,Amortiguadores reventados o bujes de suspension gastados,SUSPENSION_001,Suspensión y Dirección,media
siento que ruido de cazoleta en huecos al pasar un rompemuelles,Amortiguadores reventados o bujes de suspension gastados,SUSPENSION_001,Suspensión y Dirección,media
buenas tardes mecanico ruido de cazoleta en huecos cuando voy manejando,Amortiguadores reventados o bujes de suspension gastados,SUSPENSION_001,Suspensión y Dirección,media
al salir a trabajar ruido de cazoleta en huecos al pasar un rompemuelles,Amortiguadores reventados o bujes de suspension gastados,SUSPENSION_001,Suspensión y Dirección,media
hace dos dias noto que ruido de cazoleta en huecos en carabayllo,Amortiguadores reventados o bujes de suspension gastados,SUSPENSION_001,Suspensión y Dirección,media
resulta que en mi carro ruido de cazoleta en huecos en carabayllo,Amortiguadores reventados o bujes de suspension gastados,SUSPENSION_001,Suspensión y Dirección,media
la suspension golpea feo abajo,Amortiguadores reventados o bujes de suspension gastados,SUSPENSION_001,Suspensión y Dirección,media
sabes que la suspension golpea feo abajo al acelerar,Amortiguadores reventados o bujes de suspension gastados,SUSPENSION_001,Suspensión y Dirección,media
sabes que la suspension golpea feo abajo al pasar un rompemuelles,Amortiguadores reventados o bujes de suspension gastados,SUSPENSION_001,Suspensión y Dirección,media
siento que la suspension golpea feo abajo en carabayllo,Amortiguadores reventados o bujes de suspension gastados,SUSPENSION_001,Suspensión y Dirección,media
tengo un problema con mi auto la suspension golpea feo abajo cuando voy manejando,Amortiguadores reventados o bujes de suspension gastados,SUSPENSION_001,Suspensión y Dirección,media
sabes que la suspension golpea feo abajo en las mañanas,Amortiguadores reventados o bujes de suspension gastados,SUSPENSION_001,Suspensión y Dirección,media
tengo un problema con mi auto la suspension golpea feo abajo en carabayllo,Amortiguadores reventados o bujes de suspension gastados,SUSPENSION_001,Suspensión y Dirección,media
el carro se hamaca demasiado al frenar,Amortiguadores reventados o bujes de suspension gastados,SUSPENSION_001,Suspensión y Dirección,media
sabes que el carro se hamaca demasiado al frenar en la pista,Amortiguadores reventados o bujes de suspension gastados,SUSPENSION_001,Suspensión y Dirección,media
siento que el carro se hamaca demasiado al frenar cuando voy manejando,Amortiguadores reventados o bujes de suspension gastados,SUSPENSION_001,Suspensión y Dirección,media
buenas tardes mecanico el carro se hamaca demasiado al frenar en la pista,Amortiguadores reventados o bujes de suspension gastados,SUSPENSION_001,Suspensión y Dirección,media
siento que el carro se hamaca demasiado al frenar en carabayllo,Amortiguadores reventados o bujes de suspension gastados,SUSPENSION_001,Suspensión y Dirección,media
amigo mi auto presenta el carro se hamaca demasiado al frenar en la pista,Amortiguadores reventados o bujes de suspension gastados,SUSPENSION_001,Suspensión y Dirección,media
tengo un problema con mi auto el carro se hamaca demasiado al frenar en la pista,Amortiguadores reventados o bujes de suspension gastados,SUSPENSION_001,Suspensión y Dirección,media
al salir a trabajar el carro se hamaca demasiado al frenar cuando voy manejando,Amortiguadores reventados o bujes de suspension gastados,SUSPENSION_001,Suspensión y Dirección,media
buenas tardes mecanico el carro se hamaca demasiado al frenar en carabayllo,Amortiguadores reventados o bujes de suspension gastados,SUSPENSION_001,Suspensión y Dirección,media
suena clac clac fuerte al girar todo el timon para doblar,Juntas homocineticas o palieres danados,SUSPENSION_002,Suspensión y Dirección,alta
maestro una consulta suena clac clac fuerte al girar todo el timon para doblar en las mañanas,Juntas homocineticas o palieres danados,SUSPENSION_002,Suspensión y Dirección,alta
buenas tardes mecanico suena clac clac fuerte al girar todo el timon para doblar al acelerar,Juntas homocineticas o palieres danados,SUSPENSION_002,Suspensión y Dirección,alta
hace dos dias noto que suena clac clac fuerte al girar todo el timon para doblar de la nada,Juntas homocineticas o palieres danados,SUSPENSION_002,Suspensión y Dirección,alta
tengo un problema con mi auto suena clac clac fuerte al girar todo el timon para doblar al pasar un rompemuelles,Juntas homocineticas o palieres danados,SUSPENSION_002,Suspensión y Dirección,alta
maestro una consulta suena clac clac fuerte al girar todo el timon para doblar en carabayllo,Juntas homocineticas o palieres danados,SUSPENSION_002,Suspensión y Dirección,alta
resulta que en mi carro suena clac clac fuerte al girar todo el timon para doblar al pasar un rompemuelles,Juntas homocineticas o palieres danados,SUSPENSION_002,Suspensión y Dirección,alta
siento que suena clac clac fuerte al girar todo el timon para doblar en carabayllo,Juntas homocineticas o palieres danados,SUSPENSION_002,Suspensión y Dirección,alta
crujido en la llanta al dar vuelta en U,Juntas homocineticas o palieres danados,SUSPENSION_002,Suspensión y Dirección,alta
resulta que en mi carro crujido en la llanta al dar vuelta en U cuando voy manejando,Juntas homocineticas o palieres danados,SUSPENSION_002,Suspensión y Dirección,alta
tengo un problema con mi auto crujido en la llanta al dar vuelta en U al pasar un rompemuelles,Juntas homocineticas o palieres danados,SUSPENSION_002,Suspensión y Dirección,alta
hace dos dias noto que crujido en la llanta al dar vuelta en U al pasar un rompemuelles,Juntas homocineticas o palieres danados,SUSPENSION_002,Suspensión y Dirección,alta
siento que crujido en la llanta al dar vuelta en U en las mañanas,Juntas homocineticas o palieres danados,SUSPENSION_002,Suspensión y Dirección,alta
tengo un problema con mi auto crujido en la llanta al dar vuelta en U de la nada,Juntas homocineticas o palieres danados,SUSPENSION_002,Suspensión y Dirección,alta
amigo mi auto presenta crujido en la llanta al dar vuelta en U al pasar un rompemuelles,Juntas homocineticas o palieres danados,SUSPENSION_002,Suspensión y Dirección,alta
maestro una consulta crujido en la llanta al dar vuelta en U cuando voy manejando,Juntas homocineticas o palieres danados,SUSPENSION_002,Suspensión y Dirección,alta
resulta que en mi carro crujido en la llanta al dar vuelta en U en las mañanas,Juntas homocineticas o palieres danados,SUSPENSION_002,Suspensión y Dirección,alta
traqueteo en el palier delantero al doblar la esquina,Juntas homocineticas o palieres danados,SUSPENSION_002,Suspensión y Dirección,alta
sabes que traqueteo en el palier delantero al doblar la esquina en las mañanas,Juntas homocineticas o palieres danados,SUSPENSION_002,Suspensión y Dirección,alta
sabes que traqueteo en el palier delantero al doblar la esquina cuando voy manejando,Juntas homocineticas o palieres danados,SUSPENSION_002,Suspensión y Dirección,alta
hace dos dias noto que traqueteo en el palier delantero al doblar la esquina cuando voy manejando,Juntas homocineticas o palieres danados,SUSPENSION_002,Suspensión y Dirección,alta
tengo un problema con mi auto traqueteo en el palier delantero al doblar la esquina en las mañanas,Juntas homocineticas o palieres danados,SUSPENSION_002,Suspensión y Dirección,alta
al salir a trabajar traqueteo en el palier delantero al doblar la esquina en las mañanas,Juntas homocineticas o palieres danados,SUSPENSION_002,Suspensión y Dirección,alta
sabes que traqueteo en el palier delantero al doblar la esquina al acelerar,Juntas homocineticas o palieres danados,SUSPENSION_002,Suspensión y Dirección,alta
maestro una consulta traqueteo en el palier delantero al doblar la esquina de la nada,Juntas homocineticas o palieres danados,SUSPENSION_002,Suspensión y Dirección,alta
el timon tiembla bastante a mas de 80 km/h,Llantas desbalanceadas o desalineadas,SUSPENSION_004,Suspensión y Dirección,baja
maestro una consulta el timon tiembla bastante a mas de 80 km/h cuando voy manejando,Llantas desbalanceadas o desalineadas,SUSPENSION_004,Suspensión y Dirección,baja
resulta que en mi carro el timon tiembla bastante a mas de 80 km/h en la pista,Llantas desbalanceadas o desalineadas,SUSPENSION_004,Suspensión y Dirección,baja
resulta que en mi carro el timon tiembla bastante a mas de 80 km/h en carabayllo,Llantas desbalanceadas o desalineadas,SUSPENSION_004,Suspensión y Dirección,baja
hace dos dias noto que el timon tiembla bastante a mas de 80 km/h cuando voy manejando,Llantas desbalanceadas o desalineadas,SUSPENSION_004,Suspensión y Dirección,baja
amigo mi auto presenta el timon tiembla bastante a mas de 80 km/h de la nada,Llantas desbalanceadas o desalineadas,SUSPENSION_004,Suspensión y Dirección,baja
al salir a trabajar el timon tiembla bastante a mas de 80 km/h en la pista,Llantas desbalanceadas o desalineadas,SUSPENSION_004,Suspensión y Dirección,baja
resulta que en mi carro el timon tiembla bastante a mas de 80 km/h de la nada,Llantas desbalanceadas o desalineadas,SUSPENSION_004,Suspensión y Dirección,baja
direccion vibra en la autopista,Llantas desbalanceadas o desalineadas,SUSPENSION_004,Suspensión y Dirección,baja
maestro una consulta direccion vibra en la autopista en las mañanas,Llantas desbalanceadas o desalineadas,SUSPENSION_004,Suspensión y Dirección,baja
resulta que en mi carro direccion vibra en la autopista en carabayllo,Llantas desbalanceadas o desalineadas,SUSPENSION_004,Suspensión y Dirección,baja
tengo un problema con mi auto direccion vibra en la autopista al pasar un rompemuelles,Llantas desbalanceadas o desalineadas,SUSPENSION_004,Suspensión y Dirección,baja
maestro una consulta direccion vibra en la autopista al acelerar,Llantas desbalanceadas o desalineadas,SUSPENSION_004,Suspensión y Dirección,baja
al salir a trabajar direccion vibra en la autopista de la nada,Llantas desbalanceadas o desalineadas,SUSPENSION_004,Suspensión y Dirección,baja
maestro una consulta direccion vibra en la autopista de la nada,Llantas desbalanceadas o desalineadas,SUSPENSION_004,Suspensión y Dirección,baja
hace dos dias noto que direccion vibra en la autopista en carabayllo,Llantas desbalanceadas o desalineadas,SUSPENSION_004,Suspensión y Dirección,baja
amigo mi auto presenta direccion vibra en la autopista en carabayllo,Llantas desbalanceadas o desalineadas,SUSPENSION_004,Suspensión y Dirección,baja
el carro se jala solo hacia un lado en pista recta,Llantas desbalanceadas o desalineadas,SUSPENSION_004,Suspensión y Dirección,baja
sabes que el carro se jala solo hacia un lado en pista recta en carabayllo,Llantas desbalanceadas o desalineadas,SUSPENSION_004,Suspensión y Dirección,baja
hace dos dias noto que el carro se jala solo hacia un lado en pista recta cuando voy manejando,Llantas desbalanceadas o desalineadas,SUSPENSION_004,Suspensión y Dirección,baja
al salir a trabajar el carro se jala solo hacia un lado en pista recta en las mañanas,Llantas desbalanceadas o desalineadas,SUSPENSION_004,Suspensión y Dirección,baja
buenas tardes mecanico el carro se jala solo hacia un lado en pista recta al pasar un rompemuelles,Llantas desbalanceadas o desalineadas,SUSPENSION_004,Suspensión y Dirección,baja
tengo un problema con mi auto el carro se jala solo hacia un lado en pista recta en las mañanas,Llantas desbalanceadas o desalineadas,SUSPENSION_004,Suspensión y Dirección,baja
al salir a trabajar el carro se jala solo hacia un lado en pista recta al acelerar,Llantas desbalanceadas o desalineadas,SUSPENSION_004,Suspensión y Dirección,baja
amigo mi auto presenta el carro se jala solo hacia un lado en pista recta de la nada,Llantas desbalanceadas o desalineadas,SUSPENSION_004,Suspensión y Dirección,baja
sabes que el carro se jala solo hacia un lado en pista recta al pasar un rompemuelles,Llantas desbalanceadas o desalineadas,SUSPENSION_004,Suspensión y Dirección,baja
timon duro para girar y suena un zumbido al doblar,Cremallera de direccion asistida con holgura o fuga,SUSPENSION_003,Suspensión y Dirección,alta
resulta que en mi carro timon duro para girar y suena un zumbido al doblar de la nada,Cremallera de direccion asistida con holgura o fuga,SUSPENSION_003,Suspensión y Dirección,alta
hace dos dias noto que timon duro para girar y suena un zumbido al doblar cuando voy manejando,Cremallera de direccion asistida con holgura o fuga,SUSPENSION_003,Suspensión y Dirección,alta
tengo un problema con mi auto timon duro para girar y suena un zumbido al doblar en la pista,Cremallera de direccion asistida con holgura o fuga,SUSPENSION_003,Suspensión y Dirección,alta
al salir a trabajar timon duro para girar y suena un zumbido al doblar al acelerar,Cremallera de direccion asistida con holgura o fuga,SUSPENSION_003,Suspensión y Dirección,alta
sabes que timon duro para girar y suena un zumbido al doblar en las mañanas,Cremallera de direccion asistida con holgura o fuga,SUSPENSION_003,Suspensión y Dirección,alta
siento que timon duro para girar y suena un zumbido al doblar en carabayllo,Cremallera de direccion asistida con holgura o fuga,SUSPENSION_003,Suspensión y Dirección,alta
maestro una consulta timon duro para girar y suena un zumbido al doblar en la pista,Cremallera de direccion asistida con holgura o fuga,SUSPENSION_003,Suspensión y Dirección,alta
buenas tardes mecanico timon duro para girar y suena un zumbido al doblar al pasar un rompemuelles,Cremallera de direccion asistida con holgura o fuga,SUSPENSION_003,Suspensión y Dirección,alta
fuga de aceite de direccion en el suelo,Cremallera de direccion asistida con holgura o fuga,SUSPENSION_003,Suspensión y Dirección,alta
maestro una consulta fuga de aceite de direccion en el suelo de la nada,Cremallera de direccion asistida con holgura o fuga,SUSPENSION_003,Suspensión y Dirección,alta
al salir a trabajar fuga de aceite de direccion en el suelo al acelerar,Cremallera de direccion asistida con holgura o fuga,SUSPENSION_003,Suspensión y Dirección,alta
al salir a trabajar fuga de aceite de direccion en el suelo al pasar un rompemuelles,Cremallera de direccion asistida con holgura o fuga,SUSPENSION_003,Suspensión y Dirección,alta
amigo mi auto presenta fuga de aceite de direccion en el suelo en la pista,Cremallera de direccion asistida con holgura o fuga,SUSPENSION_003,Suspensión y Dirección,alta
resulta que en mi carro fuga de aceite de direccion en el suelo cuando voy manejando,Cremallera de direccion asistida con holgura o fuga,SUSPENSION_003,Suspensión y Dirección,alta
amigo mi auto presenta fuga de aceite de direccion en el suelo en las mañanas,Cremallera de direccion asistida con holgura o fuga,SUSPENSION_003,Suspensión y Dirección,alta
sabes que fuga de aceite de direccion en el suelo de la nada,Cremallera de direccion asistida con holgura o fuga,SUSPENSION_003,Suspensión y Dirección,alta
tengo un problema con mi auto fuga de aceite de direccion en el suelo de la nada,Cremallera de direccion asistida con holgura o fuga,SUSPENSION_003,Suspensión y Dirección,alta
la direccion hidraulica esta durisima,Cremallera de direccion asistida con holgura o fuga,SUSPENSION_003,Suspensión y Dirección,alta
al salir a trabajar la direccion hidraulica esta durisima al pasar un rompemuelles,Cremallera de direccion asistida con holgura o fuga,SUSPENSION_003,Suspensión y Dirección,alta
buenas tardes mecanico la direccion hidraulica esta durisima en las mañanas,Cremallera de direccion asistida con holgura o fuga,SUSPENSION_003,Suspensión y Dirección,alta
buenas tardes mecanico la direccion hidraulica esta durisima en la pista,Cremallera de direccion asistida con holgura o fuga,SUSPENSION_003,Suspensión y Dirección,alta
al salir a trabajar la direccion hidraulica esta durisima en carabayllo,Cremallera de direccion asistida con holgura o fuga,SUSPENSION_003,Suspensión y Dirección,alta
siento que la direccion hidraulica esta durisima en carabayllo,Cremallera de direccion asistida con holgura o fuga,SUSPENSION_003,Suspensión y Dirección,alta
al salir a trabajar la direccion hidraulica esta durisima al acelerar,Cremallera de direccion asistida con holgura o fuga,SUSPENSION_003,Suspensión y Dirección,alta
amigo mi auto presenta la direccion hidraulica esta durisima de la nada,Cremallera de direccion asistida con holgura o fuga,SUSPENSION_003,Suspensión y Dirección,alta
hace dos dias noto que la direccion hidraulica esta durisima cuando voy manejando,Cremallera de direccion asistida con holgura o fuga,SUSPENSION_003,Suspensión y Dirección,alta
el motor revoluciona alto pero el carro no avanza con fuerza,Disco de embrague desgastado o patinando,EMBRAGUE_001,Transmisión y Embrague,alta
buenas tardes mecanico el motor revoluciona alto pero el carro no avanza con fuerza en la pista,Disco de embrague desgastado o patinando,EMBRAGUE_001,Transmisión y Embrague,alta
sabes que el motor revoluciona alto pero el carro no avanza con fuerza de la nada,Disco de embrague desgastado o patinando,EMBRAGUE_001,Transmisión y Embrague,alta
siento que el motor revoluciona alto pero el carro no avanza con fuerza en la pista,Disco de embrague desgastado o patinando,EMBRAGUE_001,Transmisión y Embrague,alta
hace dos dias noto que el motor revoluciona alto pero el carro no avanza con fuerza al pasar un rompemuelles,Disco de embrague desgastado o patinando,EMBRAGUE_001,Transmisión y Embrague,alta
hace dos dias noto que el motor revoluciona alto pero el carro no avanza con fuerza de la nada,Disco de embrague desgastado o patinando,EMBRAGUE_001,Transmisión y Embrague,alta
tengo un problema con mi auto el motor revoluciona alto pero el carro no avanza con fuerza al pasar un rompemuelles,Disco de embrague desgastado o patinando,EMBRAGUE_001,Transmisión y Embrague,alta
maestro una consulta el motor revoluciona alto pero el carro no avanza con fuerza al acelerar,Disco de embrague desgastado o patinando,EMBRAGUE_001,Transmisión y Embrague,alta
buenas tardes mecanico el motor revoluciona alto pero el carro no avanza con fuerza en carabayllo,Disco de embrague desgastado o patinando,EMBRAGUE_001,Transmisión y Embrague,alta
el carro se queda sin fuerza en subidas y huele a quemado,Disco de embrague desgastado o patinando,EMBRAGUE_001,Transmisión y Embrague,alta
tengo un problema con mi auto el carro se queda sin fuerza en subidas y huele a quemado al acelerar,Disco de embrague desgastado o patinando,EMBRAGUE_001,Transmisión y Embrague,alta
tengo un problema con mi auto el carro se queda sin fuerza en subidas y huele a quemado en la pista,Disco de embrague desgastado o patinando,EMBRAGUE_001,Transmisión y Embrague,alta
resulta que en mi carro el carro se queda sin fuerza en subidas y huele a quemado en la pista,Disco de embrague desgastado o patinando,EMBRAGUE_001,Transmisión y Embrague,alta
sabes que el carro se queda sin fuerza en subidas y huele a quemado en la pista,Disco de embrague desgastado o patinando,EMBRAGUE_001,Transmisión y Embrague,alta
buenas tardes mecanico el carro se queda sin fuerza en subidas y huele a quemado cuando voy manejando,Disco de embrague desgastado o patinando,EMBRAGUE_001,Transmisión y Embrague,alta
tengo un problema con mi auto el carro se queda sin fuerza en subidas y huele a quemado en carabayllo,Disco de embrague desgastado o patinando,EMBRAGUE_001,Transmisión y Embrague,alta
siento que el carro se queda sin fuerza en subidas y huele a quemado cuando voy manejando,Disco de embrague desgastado o patinando,EMBRAGUE_001,Transmisión y Embrague,alta
el embrague patina al cambiar de marcha,Disco de embrague desgastado o patinando,EMBRAGUE_001,Transmisión y Embrague,alta
al salir a trabajar el embrague patina al cambiar de marcha en carabayllo,Disco de embrague desgastado o patinando,EMBRAGUE_001,Transmisión y Embrague,alta
tengo un problema con mi auto el embrague patina al cambiar de marcha en las mañanas,Disco de embrague desgastado o patinando,EMBRAGUE_001,Transmisión y Embrague,alta
al salir a trabajar el embrague patina al cambiar de marcha al acelerar,Disco de embrague desgastado o patinando,EMBRAGUE_001,Transmisión y Embrague,alta
tengo un problema con mi auto el embrague patina al cambiar de marcha cuando voy manejando,Disco de embrague desgastado o patinando,EMBRAGUE_001,Transmisión y Embrague,alta
al salir a trabajar el embrague patina al cambiar de marcha en las mañanas,Disco de embrague desgastado o patinando,EMBRAGUE_001,Transmisión y Embrague,alta
al salir a trabajar el embrague patina al cambiar de marcha de la nada,Disco de embrague desgastado o patinando,EMBRAGUE_001,Transmisión y Embrague,alta
maestro una consulta el embrague patina al cambiar de marcha cuando voy manejando,Disco de embrague desgastado o patinando,EMBRAGUE_001,Transmisión y Embrague,alta
los cambios rascados o duros de entrar,Falla en bombin o bomba hidraulica de embrague,EMBRAGUE_002,Transmisión y Embrague,alta
amigo mi auto presenta los cambios rascados o duros de entrar de la nada,Falla en bombin o bomba hidraulica de embrague,EMBRAGUE_002,Transmisión y Embrague,alta
buenas tardes mecanico los cambios rascados o duros de entrar en la pista,Falla en bombin o bomba hidraulica de embrague,EMBRAGUE_002,Transmisión y Embrague,alta
resulta que en mi carro los cambios rascados o duros de entrar cuando voy manejando,Falla en bombin o bomba hidraulica de embrague,EMBRAGUE_002,Transmisión y Embrague,alta
maestro una consulta los cambios rascados o duros de entrar en carabayllo,Falla en bombin o bomba hidraulica de embrague,EMBRAGUE_002,Transmisión y Embrague,alta
amigo mi auto presenta los cambios rascados o duros de entrar en carabayllo,Falla en bombin o bomba hidraulica de embrague,EMBRAGUE_002,Transmisión y Embrague,alta
tengo un problema con mi auto los cambios rascados o duros de entrar al acelerar,Falla en bombin o bomba hidraulica de embrague,EMBRAGUE_002,Transmisión y Embrague,alta
sabes que los cambios rascados o duros de entrar al pasar un rompemuelles,Falla en bombin o bomba hidraulica de embrague,EMBRAGUE_002,Transmisión y Embrague,alta
tengo un problema con mi auto los cambios rascados o duros de entrar al pasar un rompemuelles,Falla en bombin o bomba hidraulica de embrague,EMBRAGUE_002,Transmisión y Embrague,alta
el pedal de embrague no regresa bien,Falla en bombin o bomba hidraulica de embrague,EMBRAGUE_002,Transmisión y Embrague,alta
hace dos dias noto que el pedal de embrague no regresa bien cuando voy manejando,Falla en bombin o bomba hidraulica de embrague,EMBRAGUE_002,Transmisión y Embrague,alta
sabes que el pedal de embrague no regresa bien al acelerar,Falla en bombin o bomba hidraulica de embrague,EMBRAGUE_002,Transmisión y Embrague,alta
tengo un problema con mi auto el pedal de embrague no regresa bien de la nada,Falla en bombin o bomba hidraulica de embrague,EMBRAGUE_002,Transmisión y Embrague,alta
amigo mi auto presenta el pedal de embrague no regresa bien al acelerar,Falla en bombin o bomba hidraulica de embrague,EMBRAGUE_002,Transmisión y Embrague,alta
hace dos dias noto que el pedal de embrague no regresa bien al acelerar,Falla en bombin o bomba hidraulica de embrague,EMBRAGUE_002,Transmisión y Embrague,alta
sabes que el pedal de embrague no regresa bien en la pista,Falla en bombin o bomba hidraulica de embrague,EMBRAGUE_002,Transmisión y Embrague,alta
resulta que en mi carro el pedal de embrague no regresa bien al acelerar,Falla en bombin o bomba hidraulica de embrague,EMBRAGUE_002,Transmisión y Embrague,alta
resulta que en mi carro el pedal de embrague no regresa bien en la pista,Falla en bombin o bomba hidraulica de embrague,EMBRAGUE_002,Transmisión y Embrague,alta
cuesta meter primera y retroceso,Falla en bombin o bomba hidraulica de embrague,EMBRAGUE_002,Transmisión y Embrague,alta
hace dos dias noto que cuesta meter primera y retroceso de la nada,Falla en bombin o bomba hidraulica de embrague,EMBRAGUE_002,Transmisión y Embrague,alta
tengo un problema con mi auto cuesta meter primera y retroceso al pasar un rompemuelles,Falla en bombin o bomba hidraulica de embrague,EMBRAGUE_002,Transmisión y Embrague,alta
maestro una consulta cuesta meter primera y retroceso en las mañanas,Falla en bombin o bomba hidraulica de embrague,EMBRAGUE_002,Transmisión y Embrague,alta
buenas tardes mecanico cuesta meter primera y retroceso en la pista,Falla en bombin o bomba hidraulica de embrague,EMBRAGUE_002,Transmisión y Embrague,alta
tengo un problema con mi auto cuesta meter primera y retroceso al acelerar,Falla en bombin o bomba hidraulica de embrague,EMBRAGUE_002,Transmisión y Embrague,alta
sabes que cuesta meter primera y retroceso en las mañanas,Falla en bombin o bomba hidraulica de embrague,EMBRAGUE_002,Transmisión y Embrague,alta
el carro no arranca solo hace un click seco,Bateria descargada o bornes sulfatados,ELECTRICO_002,Sistema Eléctrico y Carga,media
buenas tardes mecanico el carro no arranca solo hace un click seco en la pista,Bateria descargada o bornes sulfatados,ELECTRICO_002,Sistema Eléctrico y Carga,media
maestro una consulta el carro no arranca solo hace un click seco en las mañanas,Bateria descargada o bornes sulfatados,ELECTRICO_002,Sistema Eléctrico y Carga,media
tengo un problema con mi auto el carro no arranca solo hace un click seco en la pista,Bateria descargada o bornes sulfatados,ELECTRICO_002,Sistema Eléctrico y Carga,media
al salir a trabajar el carro no arranca solo hace un click seco al pasar un rompemuelles,Bateria descargada o bornes sulfatados,ELECTRICO_002,Sistema Eléctrico y Carga,media
tengo un problema con mi auto el carro no arranca solo hace un click seco al pasar un rompemuelles,Bateria descargada o bornes sulfatados,ELECTRICO_002,Sistema Eléctrico y Carga,media
resulta que en mi carro el carro no arranca solo hace un click seco en la pista,Bateria descargada o bornes sulfatados,ELECTRICO_002,Sistema Eléctrico y Carga,media
siento que el carro no arranca solo hace un click seco en las mañanas,Bateria descargada o bornes sulfatados,ELECTRICO_002,Sistema Eléctrico y Carga,media
buenas tardes mecanico el carro no arranca solo hace un click seco cuando voy manejando,Bateria descargada o bornes sulfatados,ELECTRICO_002,Sistema Eléctrico y Carga,media
tablero tenue y no da marcha,Bateria descargada o bornes sulfatados,ELECTRICO_002,Sistema Eléctrico y Carga,media
buenas tardes mecanico tablero tenue y no da marcha al pasar un rompemuelles,Bateria descargada o bornes sulfatados,ELECTRICO_002,Sistema Eléctrico y Carga,media
al salir a trabajar tablero tenue y no da marcha cuando voy manejando,Bateria descargada o bornes sulfatados,ELECTRICO_002,Sistema Eléctrico y Carga,media
sabes que tablero tenue y no da marcha al pasar un rompemuelles,Bateria descargada o bornes sulfatados,ELECTRICO_002,Sistema Eléctrico y Carga,media
sabes que tablero tenue y no da marcha en carabayllo,Bateria descargada o bornes sulfatados,ELECTRICO_002,Sistema Eléctrico y Carga,media
siento que tablero tenue y no da marcha de la nada,Bateria descargada o bornes sulfatados,ELECTRICO_002,Sistema Eléctrico y Carga,media
maestro una consulta tablero tenue y no da marcha cuando voy manejando,Bateria descargada o bornes sulfatados,ELECTRICO_002,Sistema Eléctrico y Carga,media
resulta que en mi carro tablero tenue y no da marcha cuando voy manejando,Bateria descargada o bornes sulfatados,ELECTRICO_002,Sistema Eléctrico y Carga,media
amigo mi auto presenta tablero tenue y no da marcha cuando voy manejando,Bateria descargada o bornes sulfatados,ELECTRICO_002,Sistema Eléctrico y Carga,media
bateria totalmente muerta,Bateria descargada o bornes sulfatados,ELECTRICO_002,Sistema Eléctrico y Carga,media
al salir a trabajar bateria totalmente muerta en carabayllo,Bateria descargada o bornes sulfatados,ELECTRICO_002,Sistema Eléctrico y Carga,media
buenas tardes mecanico bateria totalmente muerta en carabayllo,Bateria descargada o bornes sulfatados,ELECTRICO_002,Sistema Eléctrico y Carga,media
sabes que bateria totalmente muerta en la pista,Bateria descargada o bornes sulfatados,ELECTRICO_002,Sistema Eléctrico y Carga,media
sabes que bateria totalmente muerta en las mañanas,Bateria descargada o bornes sulfatados,ELECTRICO_002,Sistema Eléctrico y Carga,media
siento que bateria totalmente muerta en las mañanas,Bateria descargada o bornes sulfatados,ELECTRICO_002,Sistema Eléctrico y Carga,media
buenas tardes mecanico bateria totalmente muerta de la nada,Bateria descargada o bornes sulfatados,ELECTRICO_002,Sistema Eléctrico y Carga,media
amigo mi auto presenta bateria totalmente muerta de la nada,Bateria descargada o bornes sulfatados,ELECTRICO_002,Sistema Eléctrico y Carga,media
buenas tardes mecanico bateria totalmente muerta cuando voy manejando,Bateria descargada o bornes sulfatados,ELECTRICO_002,Sistema Eléctrico y Carga,media
el arrancador gira pesado,Bateria descargada o bornes sulfatados,ELECTRICO_002,Sistema Eléctrico y Carga,media
amigo mi auto presenta el arrancador gira pesado al acelerar,Bateria descargada o bornes sulfatados,ELECTRICO_002,Sistema Eléctrico y Carga,media
tengo un problema con mi auto el arrancador gira pesado en carabayllo,Bateria descargada o bornes sulfatados,ELECTRICO_002,Sistema Eléctrico y Carga,media
al salir a trabajar el arrancador gira pesado de la nada,Bateria descargada o bornes sulfatados,ELECTRICO_002,Sistema Eléctrico y Carga,media
tengo un problema con mi auto el arrancador gira pesado al acelerar,Bateria descargada o bornes sulfatados,ELECTRICO_002,Sistema Eléctrico y Carga,media
buenas tardes mecanico el arrancador gira pesado de la nada,Bateria descargada o bornes sulfatados,ELECTRICO_002,Sistema Eléctrico y Carga,media
maestro una consulta el arrancador gira pesado de la nada,Bateria descargada o bornes sulfatados,ELECTRICO_002,Sistema Eléctrico y Carga,media
maestro una consulta el arrancador gira pesado en carabayllo,Bateria descargada o bornes sulfatados,ELECTRICO_002,Sistema Eléctrico y Carga,media
buenas tardes mecanico el arrancador gira pesado en carabayllo,Bateria descargada o bornes sulfatados,ELECTRICO_002,Sistema Eléctrico y Carga,media
luz de bateria prendida en el tablero,Alternador defectuoso o placa de diodos quemada,ELECTRICO_001,Sistema Eléctrico y Carga,alta
tengo un problema con mi auto luz de bateria prendida en el tablero al pasar un rompemuelles,Alternador defectuoso o placa de diodos quemada,ELECTRICO_001,Sistema Eléctrico y Carga,alta
hace dos dias noto que luz de bateria prendida en el tablero de la nada,Alternador defectuoso o placa de diodos quemada,ELECTRICO_001,Sistema Eléctrico y Carga,alta
resulta que en mi carro luz de bateria prendida en el tablero al pasar un rompemuelles,Alternador defectuoso o placa de diodos quemada,ELECTRICO_001,Sistema Eléctrico y Carga,alta
maestro una consulta luz de bateria prendida en el tablero al pasar un rompemuelles,Alternador defectuoso o placa de diodos quemada,ELECTRICO_001,Sistema Eléctrico y Carga,alta
siento que luz de bateria prendida en el tablero en carabayllo,Alternador defectuoso o placa de diodos quemada,ELECTRICO_001,Sistema Eléctrico y Carga,alta
al salir a trabajar luz de bateria prendida en el tablero en las mañanas,Alternador defectuoso o placa de diodos quemada,ELECTRICO_001,Sistema Eléctrico y Carga,alta
faja del alternador chilla feo al encender,Alternador defectuoso o placa de diodos quemada,ELECTRICO_001,Sistema Eléctrico y Carga,alta
resulta que en mi carro faja del alternador chilla feo al encender de la nada,Alternador defectuoso o placa de diodos quemada,ELECTRICO_001,Sistema Eléctrico y Carga,alta
buenas tardes mecanico faja del alternador chilla feo al encender de la nada,Alternador defectuoso o placa de diodos quemada,ELECTRICO_001,Sistema Eléctrico y Carga,alta
al salir a trabajar faja del alternador chilla feo al encender al acelerar,Alternador defectuoso o placa de diodos quemada,ELECTRICO_001,Sistema Eléctrico y Carga,alta
tengo un problema con mi auto faja del alternador chilla feo al encender al pasar un rompemuelles,Alternador defectuoso o placa de diodos quemada,ELECTRICO_001,Sistema Eléctrico y Carga,alta
amigo mi auto presenta faja del alternador chilla feo al encender de la nada,Alternador defectuoso o placa de diodos quemada,ELECTRICO_001,Sistema Eléctrico y Carga,alta
al salir a trabajar faja del alternador chilla feo al encender en la pista,Alternador defectuoso o placa de diodos quemada,ELECTRICO_001,Sistema Eléctrico y Carga,alta
sabes que faja del alternador chilla feo al encender al acelerar,Alternador defectuoso o placa de diodos quemada,ELECTRICO_001,Sistema Eléctrico y Carga,alta
tengo un problema con mi auto faja del alternador chilla feo al encender cuando voy manejando,Alternador defectuoso o placa de diodos quemada,ELECTRICO_001,Sistema Eléctrico y Carga,alta
las luces del carro van bajando de intensidad al andar,Alternador defectuoso o placa de diodos quemada,ELECTRICO_001,Sistema Eléctrico y Carga,alta
al salir a trabajar las luces del carro van bajando de intensidad al andar en las mañanas,Alternador defectuoso o placa de diodos quemada,ELECTRICO_001,Sistema Eléctrico y Carga,alta
resulta que en mi carro las luces del carro van bajando de intensidad al andar al pasar un rompemuelles,Alternador defectuoso o placa de diodos quemada,ELECTRICO_001,Sistema Eléctrico y Carga,alta
maestro una consulta las luces del carro van bajando de intensidad al andar en la pista,Alternador defectuoso o placa de diodos quemada,ELECTRICO_001,Sistema Eléctrico y Carga,alta
sabes que las luces del carro van bajando de intensidad al andar cuando voy manejando,Alternador defectuoso o placa de diodos quemada,ELECTRICO_001,Sistema Eléctrico y Carga,alta
maestro una consulta las luces del carro van bajando de intensidad al andar cuando voy manejando,Alternador defectuoso o placa de diodos quemada,ELECTRICO_001,Sistema Eléctrico y Carga,alta
amigo mi auto presenta las luces del carro van bajando de intensidad al andar en la pista,Alternador defectuoso o placa de diodos quemada,ELECTRICO_001,Sistema Eléctrico y Carga,alta
siento que las luces del carro van bajando de intensidad al andar al acelerar,Alternador defectuoso o placa de diodos quemada,ELECTRICO_001,Sistema Eléctrico y Carga,alta
el electroventilador no prende y el agua hierve,Falla en termostato o motoventilador de radiador,REFRIGERACION_001,Refrigeración,alta
buenas tardes mecanico el electroventilador no prende y el agua hierve de la nada,Falla en termostato o motoventilador de radiador,REFRIGERACION_001,Refrigeración,alta
al salir a trabajar el electroventilador no prende y el agua hierve al acelerar,Falla en termostato o motoventilador de radiador,REFRIGERACION_001,Refrigeración,alta
amigo mi auto presenta el electroventilador no prende y el agua hierve al acelerar,Falla en termostato o motoventilador de radiador,REFRIGERACION_001,Refrigeración,alta
resulta que en mi carro el electroventilador no prende y el agua hierve en las mañanas,Falla en termostato o motoventilador de radiador,REFRIGERACION_001,Refrigeración,alta
sabes que el electroventilador no prende y el agua hierve en las mañanas,Falla en termostato o motoventilador de radiador,REFRIGERACION_001,Refrigeración,alta
amigo mi auto presenta el electroventilador no prende y el agua hierve cuando voy manejando,Falla en termostato o motoventilador de radiador,REFRIGERACION_001,Refrigeración,alta
amigo mi auto presenta el electroventilador no prende y el agua hierve en carabayllo,Falla en termostato o motoventilador de radiador,REFRIGERACION_001,Refrigeración,alta
siento que el electroventilador no prende y el agua hierve cuando voy manejando,Falla en termostato o motoventilador de radiador,REFRIGERACION_001,Refrigeración,alta
el ventilador se queda prendido directo y agota la bateria,Falla en termostato o motoventilador de radiador,REFRIGERACION_001,Refrigeración,alta
amigo mi auto presenta el ventilador se queda prendido directo y agota la bateria cuando voy manejando,Falla en termostato o motoventilador de radiador,REFRIGERACION_001,Refrigeración,alta
buenas tardes mecanico el ventilador se queda prendido directo y agota la bateria en las mañanas,Falla en termostato o motoventilador de radiador,REFRIGERACION_001,Refrigeración,alta
siento que el ventilador se queda prendido directo y agota la bateria al pasar un rompemuelles,Falla en termostato o motoventilador de radiador,REFRIGERACION_001,Refrigeración,alta
siento que el ventilador se queda prendido directo y agota la bateria en las mañanas,Falla en termostato o motoventilador de radiador,REFRIGERACION_001,Refrigeración,alta
tengo un problema con mi auto el ventilador se queda prendido directo y agota la bateria al pasar un rompemuelles,Falla en termostato o motoventilador de radiador,REFRIGERACION_001,Refrigeración,alta
amigo mi auto presenta el ventilador se queda prendido directo y agota la bateria al acelerar,Falla en termostato o motoventilador de radiador,REFRIGERACION_001,Refrigeración,alta
sabes que el ventilador se queda prendido directo y agota la bateria de la nada,Falla en termostato o motoventilador de radiador,REFRIGERACION_001,Refrigeración,alta
siento que el ventilador se queda prendido directo y agota la bateria en carabayllo,Falla en termostato o motoventilador de radiador,REFRIGERACION_001,Refrigeración,alta
motor cascabelea en subidas,Falla en bujias o bobinas de encendido (misfire),MOTOR_001,Motor,alta
maestro una consulta motor cascabelea en subidas de la nada,Falla en bujias o bobinas de encendido (misfire),MOTOR_001,Motor,alta
amigo mi auto presenta motor cascabelea en subidas cuando voy manejando,Falla en bujias o bobinas de encendido (misfire),MOTOR_001,Motor,alta
hace dos dias noto que motor cascabelea en subidas en la pista,Falla en bujias o bobinas de encendido (misfire),MOTOR_001,Motor,alta
buenas tardes mecanico motor cascabelea en subidas al acelerar,Falla en bujias o bobinas de encendido (misfire),MOTOR_001,Motor,alta
tengo un problema con mi auto motor cascabelea en subidas en las mañanas,Falla en bujias o bobinas de encendido (misfire),MOTOR_001,Motor,alta
maestro una consulta motor cascabelea en subidas al pasar un rompemuelles,Falla en bujias o bobinas de encendido (misfire),MOTOR_001,Motor,alta
resulta que en mi carro motor cascabelea en subidas cuando voy manejando,Falla en bujias o bobinas de encendido (misfire),MOTOR_001,Motor,alta
siento que motor cascabelea en subidas en las mañanas,Falla en bujias o bobinas de encendido (misfire),MOTOR_001,Motor,alta
el carro tiembla y se chupa al acelerar,Falla en bujias o bobinas de encendido (misfire),MOTOR_001,Motor,alta
resulta que en mi carro el carro tiembla y se chupa al acelerar en la pista,Falla en bujias o bobinas de encendido (misfire),MOTOR_001,Motor,alta
buenas tardes mecanico el carro tiembla y se chupa al acelerar en la pista,Falla en bujias o bobinas de encendido (misfire),MOTOR_001,Motor,alta
buenas tardes mecanico el carro tiembla y se chupa al acelerar de la nada,Falla en bujias o bobinas de encendido (misfire),MOTOR_001,Motor,alta
resulta que en mi carro el carro tiembla y se chupa al acelerar al pasar un rompemuelles,Falla en bujias o bobinas de encendido (misfire),MOTOR_001,Motor,alta
tengo un problema con mi auto el carro tiembla y se chupa al acelerar en la pista,Falla en bujias o bobinas de encendido (misfire),MOTOR_001,Motor,alta
siento que el carro tiembla y se chupa al acelerar al pasar un rompemuelles,Falla en bujias o bobinas de encendido (misfire),MOTOR_001,Motor,alta
maestro una consulta el carro tiembla y se chupa al acelerar cuando voy manejando,Falla en bujias o bobinas de encendido (misfire),MOTOR_001,Motor,alta
al salir a trabajar el carro tiembla y se chupa al acelerar en carabayllo,Falla en bujias o bobinas de encendido (misfire),MOTOR_001,Motor,alta
falla de cilindro y perdida de potencia,Falla en bujias o bobinas de encendido (misfire),MOTOR_001,Motor,alta
sabes que falla de cilindro y perdida de potencia en carabayllo,Falla en bujias o bobinas de encendido (misfire),MOTOR_001,Motor,alta
amigo mi auto presenta falla de cilindro y perdida de potencia al acelerar,Falla en bujias o bobinas de encendido (misfire),MOTOR_001,Motor,alta
resulta que en mi carro falla de cilindro y perdida de potencia de la nada,Falla en bujias o bobinas de encendido (misfire),MOTOR_001,Motor,alta
al salir a trabajar falla de cilindro y perdida de potencia en carabayllo,Falla en bujias o bobinas de encendido (misfire),MOTOR_001,Motor,alta
sabes que falla de cilindro y perdida de potencia en las mañanas,Falla en bujias o bobinas de encendido (misfire),MOTOR_001,Motor,alta
al salir a trabajar falla de cilindro y perdida de potencia al pasar un rompemuelles,Falla en bujias o bobinas de encendido (misfire),MOTOR_001,Motor,alta
hace dos dias noto que falla de cilindro y perdida de potencia cuando voy manejando,Falla en bujias o bobinas de encendido (misfire),MOTOR_001,Motor,alta
sabes que falla de cilindro y perdida de potencia al acelerar,Falla en bujias o bobinas de encendido (misfire),MOTOR_001,Motor,alta
el carro se agunta al acelerar fuerte,Inyectores sucios o filtro de combustible obstruido,COMBUSTIBLE_001,Inyección de Combustible,media
siento que el carro se agunta al acelerar fuerte en la pista,Inyectores sucios o filtro de combustible obstruido,COMBUSTIBLE_001,Inyección de Combustible,media
hace dos dias noto que el carro se agunta al acelerar fuerte al pasar un rompemuelles,Inyectores sucios o filtro de combustible obstruido,COMBUSTIBLE_001,Inyección de Combustible,media
siento que el carro se agunta al acelerar fuerte al pasar un rompemuelles,Inyectores sucios o filtro de combustible obstruido,COMBUSTIBLE_001,Inyección de Combustible,media
amigo mi auto presenta el carro se agunta al acelerar fuerte al pasar un rompemuelles,Inyectores sucios o filtro de combustible obstruido,COMBUSTIBLE_001,Inyección de Combustible,media
tengo un problema con mi auto el carro se agunta al acelerar fuerte en las mañanas,Inyectores sucios o filtro de combustible obstruido,COMBUSTIBLE_001,Inyección de Combustible,media
al salir a trabajar el carro se agunta al acelerar fuerte al pasar un rompemuelles,Inyectores sucios o filtro de combustible obstruido,COMBUSTIBLE_001,Inyección de Combustible,media
buenas tardes mecanico el carro se agunta al acelerar fuerte cuando voy manejando,Inyectores sucios o filtro de combustible obstruido,COMBUSTIBLE_001,Inyección de Combustible,media
amigo mi auto presenta el carro se agunta al acelerar fuerte de la nada,Inyectores sucios o filtro de combustible obstruido,COMBUSTIBLE_001,Inyección de Combustible,media
se atranca al acelerar,Inyectores sucios o filtro de combustible obstruido,COMBUSTIBLE_001,Inyección de Combustible,media
hace dos dias noto que se atranca al acelerar en la pista,Inyectores sucios o filtro de combustible obstruido,COMBUSTIBLE_001,Inyección de Combustible,media
al salir a trabajar se atranca al acelerar de la nada,Inyectores sucios o filtro de combustible obstruido,COMBUSTIBLE_001,Inyección de Combustible,media
buenas tardes mecanico se atranca al acelerar en carabayllo,Inyectores sucios o filtro de combustible obstruido,COMBUSTIBLE_001,Inyección de Combustible,media
resulta que en mi carro se atranca al acelerar en las mañanas,Inyectores sucios o filtro de combustible obstruido,COMBUSTIBLE_001,Inyección de Combustible,media
al salir a trabajar se atranca al acelerar al acelerar,Inyectores sucios o filtro de combustible obstruido,COMBUSTIBLE_001,Inyección de Combustible,media
amigo mi auto presenta se atranca al acelerar al pasar un rompemuelles,Inyectores sucios o filtro de combustible obstruido,COMBUSTIBLE_001,Inyección de Combustible,media
al salir a trabajar se atranca al acelerar al pasar un rompemuelles,Inyectores sucios o filtro de combustible obstruido,COMBUSTIBLE_001,Inyección de Combustible,media
tengo un problema con mi auto se atranca al acelerar de la nada,Inyectores sucios o filtro de combustible obstruido,COMBUSTIBLE_001,Inyección de Combustible,media
falta de pique y respuesta floja,Inyectores sucios o filtro de combustible obstruido,COMBUSTIBLE_001,Inyección de Combustible,media
amigo mi auto presenta falta de pique y respuesta floja cuando voy manejando,Inyectores sucios o filtro de combustible obstruido,COMBUSTIBLE_001,Inyección de Combustible,media
buenas tardes mecanico falta de pique y respuesta floja al acelerar,Inyectores sucios o filtro de combustible obstruido,COMBUSTIBLE_001,Inyección de Combustible,media
tengo un problema con mi auto falta de pique y respuesta floja en la pista,Inyectores sucios o filtro de combustible obstruido,COMBUSTIBLE_001,Inyección de Combustible,media
siento que falta de pique y respuesta floja en la pista,Inyectores sucios o filtro de combustible obstruido,COMBUSTIBLE_001,Inyección de Combustible,media
hace dos dias noto que falta de pique y respuesta floja al pasar un rompemuelles,Inyectores sucios o filtro de combustible obstruido,COMBUSTIBLE_001,Inyección de Combustible,media
al salir a trabajar falta de pique y respuesta floja al acelerar,Inyectores sucios o filtro de combustible obstruido,COMBUSTIBLE_001,Inyección de Combustible,media
resulta que en mi carro falta de pique y respuesta floja en la pista,Inyectores sucios o filtro de combustible obstruido,COMBUSTIBLE_001,Inyección de Combustible,media
el carro da arranque pero no llega a encender,Bomba de gasolina quemada o con baja presion,COMBUSTIBLE_002,Inyección de Combustible,alta
buenas tardes mecanico el carro da arranque pero no llega a encender en la pista,Bomba de gasolina quemada o con baja presion,COMBUSTIBLE_002,Inyección de Combustible,alta
maestro una consulta el carro da arranque pero no llega a encender en las mañanas,Bomba de gasolina quemada o con baja presion,COMBUSTIBLE_002,Inyección de Combustible,alta
maestro una consulta el carro da arranque pero no llega a encender cuando voy manejando,Bomba de gasolina quemada o con baja presion,COMBUSTIBLE_002,Inyección de Combustible,alta
amigo mi auto presenta el carro da arranque pero no llega a encender al acelerar,Bomba de gasolina quemada o con baja presion,COMBUSTIBLE_002,Inyección de Combustible,alta
sabes que el carro da arranque pero no llega a encender de la nada,Bomba de gasolina quemada o con baja presion,COMBUSTIBLE_002,Inyección de Combustible,alta
al salir a trabajar el carro da arranque pero no llega a encender al acelerar,Bomba de gasolina quemada o con baja presion,COMBUSTIBLE_002,Inyección de Combustible,alta
resulta que en mi carro el carro da arranque pero no llega a encender al acelerar,Bomba de gasolina quemada o con baja presion,COMBUSTIBLE_002,Inyección de Combustible,alta
la bomba de gasolina no suena al girar la llave,Bomba de gasolina quemada o con baja presion,COMBUSTIBLE_002,Inyección de Combustible,alta
siento que la bomba de gasolina no suena al girar la llave de la nada,Bomba de gasolina quemada o con baja presion,COMBUSTIBLE_002,Inyección de Combustible,alta
al salir a trabajar la bomba de gasolina no suena al girar la llave de la nada,Bomba de gasolina quemada o con baja presion,COMBUSTIBLE_002,Inyección de Combustible,alta
maestro una consulta la bomba de gasolina no suena al girar la llave en la pista,Bomba de gasolina quemada o con baja presion,COMBUSTIBLE_002,Inyección de Combustible,alta
amigo mi auto presenta la bomba de gasolina no suena al girar la llave en la pista,Bomba de gasolina quemada o con baja presion,COMBUSTIBLE_002,Inyección de Combustible,alta
hace dos dias noto que la bomba de gasolina no suena al girar la llave al pasar un rompemuelles,Bomba de gasolina quemada o con baja presion,COMBUSTIBLE_002,Inyección de Combustible,alta
tengo un problema con mi auto la bomba de gasolina no suena al girar la llave en las mañanas,Bomba de gasolina quemada o con baja presion,COMBUSTIBLE_002,Inyección de Combustible,alta
resulta que en mi carro la bomba de gasolina no suena al girar la llave al acelerar,Bomba de gasolina quemada o con baja presion,COMBUSTIBLE_002,Inyección de Combustible,alta
tengo un problema con mi auto la bomba de gasolina no suena al girar la llave en la pista,Bomba de gasolina quemada o con baja presion,COMBUSTIBLE_002,Inyección de Combustible,alta
se apaga el carro en marcha por falta de gasolina,Bomba de gasolina quemada o con baja presion,COMBUSTIBLE_002,Inyección de Combustible,alta
siento que se apaga el carro en marcha por falta de gasolina al pasar un rompemuelles,Bomba de gasolina quemada o con baja presion,COMBUSTIBLE_002,Inyección de Combustible,alta
hace dos dias noto que se apaga el carro en marcha por falta de gasolina en las mañanas,Bomba de gasolina quemada o con baja presion,COMBUSTIBLE_002,Inyección de Combustible,alta
amigo mi auto presenta se apaga el carro en marcha por falta de gasolina en las mañanas,Bomba de gasolina quemada o con baja presion,COMBUSTIBLE_002,Inyección de Combustible,alta
siento que se apaga el carro en marcha por falta de gasolina de la nada,Bomba de gasolina quemada o con baja presion,COMBUSTIBLE_002,Inyección de Combustible,alta
siento que se apaga el carro en marcha por falta de gasolina en las mañanas,Bomba de gasolina quemada o con baja presion,COMBUSTIBLE_002,Inyección de Combustible,alta
buenas tardes mecanico se apaga el carro en marcha por falta de gasolina al pasar un rompemuelles,Bomba de gasolina quemada o con baja presion,COMBUSTIBLE_002,Inyección de Combustible,alta
buenas tardes mecanico se apaga el carro en marcha por falta de gasolina en carabayllo,Bomba de gasolina quemada o con baja presion,COMBUSTIBLE_002,Inyección de Combustible,alta
alto consumo de gasolina y bota humo negro,Falla en sensor de oxigeno o mezcla rica,COMBUSTIBLE_004,Inyección de Combustible,media
sabes que alto consumo de gasolina y bota humo negro en las mañanas,Falla en sensor de oxigeno o mezcla rica,COMBUSTIBLE_004,Inyección de Combustible,media
sabes que alto consumo de gasolina y bota humo negro al acelerar,Falla en sensor de oxigeno o mezcla rica,COMBUSTIBLE_004,Inyección de Combustible,media
sabes que alto consumo de gasolina y bota humo negro en carabayllo,Falla en sensor de oxigeno o mezcla rica,COMBUSTIBLE_004,Inyección de Combustible,media
maestro una consulta alto consumo de gasolina y bota humo negro al pasar un rompemuelles,Falla en sensor de oxigeno o mezcla rica,COMBUSTIBLE_004,Inyección de Combustible,media
sabes que alto consumo de gasolina y bota humo negro al pasar un rompemuelles,Falla en sensor de oxigeno o mezcla rica,COMBUSTIBLE_004,Inyección de Combustible,media
resulta que en mi carro alto consumo de gasolina y bota humo negro en las mañanas,Falla en sensor de oxigeno o mezcla rica,COMBUSTIBLE_004,Inyección de Combustible,media
resulta que en mi carro alto consumo de gasolina y bota humo negro en la pista,Falla en sensor de oxigeno o mezcla rica,COMBUSTIBLE_004,Inyección de Combustible,media
el carro traga demasiado combustible,Falla en sensor de oxigeno o mezcla rica,COMBUSTIBLE_004,Inyección de Combustible,media
resulta que en mi carro el carro traga demasiado combustible de la nada,Falla en sensor de oxigeno o mezcla rica,COMBUSTIBLE_004,Inyección de Combustible,media
al salir a trabajar el carro traga demasiado combustible en carabayllo,Falla en sensor de oxigeno o mezcla rica,COMBUSTIBLE_004,Inyección de Combustible,media
amigo mi auto presenta el carro traga demasiado combustible en carabayllo,Falla en sensor de oxigeno o mezcla rica,COMBUSTIBLE_004,Inyección de Combustible,media
tengo un problema con mi auto el carro traga demasiado combustible en la pista,Falla en sensor de oxigeno o mezcla rica,COMBUSTIBLE_004,Inyección de Combustible,media
siento que el carro traga demasiado combustible de la nada,Falla en sensor de oxigeno o mezcla rica,COMBUSTIBLE_004,Inyección de Combustible,media
maestro una consulta el carro traga demasiado combustible en las mañanas,Falla en sensor de oxigeno o mezcla rica,COMBUSTIBLE_004,Inyección de Combustible,media
tengo un problema con mi auto el carro traga demasiado combustible de la nada,Falla en sensor de oxigeno o mezcla rica,COMBUSTIBLE_004,Inyección de Combustible,media
buenas tardes mecanico el carro traga demasiado combustible de la nada,Falla en sensor de oxigeno o mezcla rica,COMBUSTIBLE_004,Inyección de Combustible,media
luz de check engine por mezcla rica,Falla en sensor de oxigeno o mezcla rica,COMBUSTIBLE_004,Inyección de Combustible,media
hace dos dias noto que luz de check engine por mezcla rica en las mañanas,Falla en sensor de oxigeno o mezcla rica,COMBUSTIBLE_004,Inyección de Combustible,media
hace dos dias noto que luz de check engine por mezcla rica al pasar un rompemuelles,Falla en sensor de oxigeno o mezcla rica,COMBUSTIBLE_004,Inyección de Combustible,media
tengo un problema con mi auto luz de check engine por mezcla rica en la pista,Falla en sensor de oxigeno o mezcla rica,COMBUSTIBLE_004,Inyección de Combustible,media
siento que luz de check engine por mezcla rica en carabayllo,Falla en sensor de oxigeno o mezcla rica,COMBUSTIBLE_004,Inyección de Combustible,media
sabes que luz de check engine por mezcla rica en la pista,Falla en sensor de oxigeno o mezcla rica,COMBUSTIBLE_004,Inyección de Combustible,media
tengo un problema con mi auto luz de check engine por mezcla rica en carabayllo,Falla en sensor de oxigeno o mezcla rica,COMBUSTIBLE_004,Inyección de Combustible,media
resulta que en mi carro luz de check engine por mezcla rica en la pista,Falla en sensor de oxigeno o mezcla rica,COMBUSTIBLE_004,Inyección de Combustible,media
sale humo blanco espeso por el tubo de escape,Empaque de culata soplado o danado,MOTOR_003,Motor,alta
siento que sale humo blanco espeso por el tubo de escape cuando voy manejando,Empaque de culata soplado o danado,MOTOR_003,Motor,alta
resulta que en mi carro sale humo blanco espeso por el tubo de escape en las mañanas,Empaque de culata soplado o danado,MOTOR_003,Motor,alta
sabes que sale humo blanco espeso por el tubo de escape cuando voy manejando,Empaque de culata soplado o danado,MOTOR_003,Motor,alta
buenas tardes mecanico sale humo blanco espeso por el tubo de escape en las mañanas,Empaque de culata soplado o danado,MOTOR_003,Motor,alta
sabes que sale humo blanco espeso por el tubo de escape en la pista,Empaque de culata soplado o danado,MOTOR_003,Motor,alta
al salir a trabajar sale humo blanco espeso por el tubo de escape en la pista,Empaque de culata soplado o danado,MOTOR_003,Motor,alta
tengo un problema con mi auto sale humo blanco espeso por el tubo de escape en las mañanas,Empaque de culata soplado o danado,MOTOR_003,Motor,alta
al salir a trabajar sale humo blanco espeso por el tubo de escape al acelerar,Empaque de culata soplado o danado,MOTOR_003,Motor,alta
se mezcla el agua con el aceite,Empaque de culata soplado o danado,MOTOR_003,Motor,alta
amigo mi auto presenta se mezcla el agua con el aceite de la nada,Empaque de culata soplado o danado,MOTOR_003,Motor,alta
resulta que en mi carro se mezcla el agua con el aceite en la pista,Empaque de culata soplado o danado,MOTOR_003,Motor,alta
tengo un problema con mi auto se mezcla el agua con el aceite al pasar un rompemuelles,Empaque de culata soplado o danado,MOTOR_003,Motor,alta
resulta que en mi carro se mezcla el agua con el aceite al acelerar,Empaque de culata soplado o danado,MOTOR_003,Motor,alta
resulta que en mi carro se mezcla el agua con el aceite al pasar un rompemuelles,Empaque de culata soplado o danado,MOTOR_003,Motor,alta
al salir a trabajar se mezcla el agua con el aceite en la pista,Empaque de culata soplado o danado,MOTOR_003,Motor,alta
sabes que se mezcla el agua con el aceite de la nada,Empaque de culata soplado o danado,MOTOR_003,Motor,alta
el radiador bota burbujas y consume agua,Empaque de culata soplado o danado,MOTOR_003,Motor,alta
siento que el radiador bota burbujas y consume agua en las mañanas,Empaque de culata soplado o danado,MOTOR_003,Motor,alta
sabes que el radiador bota burbujas y consume agua en las mañanas,Empaque de culata soplado o danado,MOTOR_003,Motor,alta
maestro una consulta el radiador bota burbujas y consume agua en las mañanas,Empaque de culata soplado o danado,MOTOR_003,Motor,alta
buenas tardes mecanico el radiador bota burbujas y consume agua en las mañanas,Empaque de culata soplado o danado,MOTOR_003,Motor,alta
buenas tardes mecanico el radiador bota burbujas y consume agua en carabayllo,Empaque de culata soplado o danado,MOTOR_003,Motor,alta
amigo mi auto presenta el radiador bota burbujas y consume agua de la nada,Empaque de culata soplado o danado,MOTOR_003,Motor,alta
al salir a trabajar el radiador bota burbujas y consume agua al acelerar,Empaque de culata soplado o danado,MOTOR_003,Motor,alta
hace dos dias noto que el radiador bota burbujas y consume agua cuando voy manejando,Empaque de culata soplado o danado,MOTOR_003,Motor,alta
bota humo azul con olor a aceite quemado,Consumo de aceite por desgaste de anillos o retenes,MOTOR_002,Motor,alta
resulta que en mi carro bota humo azul con olor a aceite quemado en carabayllo,Consumo de aceite por desgaste de anillos o retenes,MOTOR_002,Motor,alta
resulta que en mi carro bota humo azul con olor a aceite quemado cuando voy manejando,Consumo de aceite por desgaste de anillos o retenes,MOTOR_002,Motor,alta
maestro una consulta bota humo azul con olor a aceite quemado en la pista,Consumo de aceite por desgaste de anillos o retenes,MOTOR_002,Motor,alta
amigo mi auto presenta bota humo azul con olor a aceite quemado cuando voy manejando,Consumo de aceite por desgaste de anillos o retenes,MOTOR_002,Motor,alta
sabes que bota humo azul con olor a aceite quemado de la nada,Consumo de aceite por desgaste de anillos o retenes,MOTOR_002,Motor,alta
al salir a trabajar bota humo azul con olor a aceite quemado en la pista,Consumo de aceite por desgaste de anillos o retenes,MOTOR_002,Motor,alta
sabes que bota humo azul con olor a aceite quemado en la pista,Consumo de aceite por desgaste de anillos o retenes,MOTOR_002,Motor,alta
buenas tardes mecanico bota humo azul con olor a aceite quemado al acelerar,Consumo de aceite por desgaste de anillos o retenes,MOTOR_002,Motor,alta
tengo que echarle un litro de aceite cada semana,Consumo de aceite por desgaste de anillos o retenes,MOTOR_002,Motor,alta
siento que tengo que echarle un litro de aceite cada semana al acelerar,Consumo de aceite por desgaste de anillos o retenes,MOTOR_002,Motor,alta
al salir a trabajar tengo que echarle un litro de aceite cada semana al pasar un rompemuelles,Consumo de aceite por desgaste de anillos o retenes,MOTOR_002,Motor,alta
sabes que tengo que echarle un litro de aceite cada semana al pasar un rompemuelles,Consumo de aceite por desgaste de anillos o retenes,MOTOR_002,Motor,alta
tengo un problema con mi auto tengo que echarle un litro de aceite cada semana cuando voy manejando,Consumo de aceite por desgaste de anillos o retenes,MOTOR_002,Motor,alta
tengo un problema con mi auto tengo que echarle un litro de aceite cada semana en carabayllo,Consumo de aceite por desgaste de anillos o retenes,MOTOR_002,Motor,alta
amigo mi auto presenta tengo que echarle un litro de aceite cada semana en carabayllo,Consumo de aceite por desgaste de anillos o retenes,MOTOR_002,Motor,alta
amigo mi auto presenta tengo que echarle un litro de aceite cada semana al acelerar,Consumo de aceite por desgaste de anillos o retenes,MOTOR_002,Motor,alta
bota humo azul al acelerar,Consumo de aceite por desgaste de anillos o retenes,MOTOR_002,Motor,alta
buenas tardes mecanico bota humo azul al acelerar en carabayllo,Consumo de aceite por desgaste de anillos o retenes,MOTOR_002,Motor,alta
tengo un problema con mi auto bota humo azul al acelerar al acelerar,Consumo de aceite por desgaste de anillos o retenes,MOTOR_002,Motor,alta
tengo un problema con mi auto bota humo azul al acelerar cuando voy manejando,Consumo de aceite por desgaste de anillos o retenes,MOTOR_002,Motor,alta
siento que bota humo azul al acelerar al pasar un rompemuelles,Consumo de aceite por desgaste de anillos o retenes,MOTOR_002,Motor,alta
tengo un problema con mi auto bota humo azul al acelerar en las mañanas,Consumo de aceite por desgaste de anillos o retenes,MOTOR_002,Motor,alta
hace dos dias noto que bota humo azul al acelerar en carabayllo,Consumo de aceite por desgaste de anillos o retenes,MOTOR_002,Motor,alta
buenas tardes mecanico bota humo azul al acelerar en las mañanas,Consumo de aceite por desgaste de anillos o retenes,MOTOR_002,Motor,alta
maestro una consulta bota humo azul al acelerar de la nada,Consumo de aceite por desgaste de anillos o retenes,MOTOR_002,Motor,alta
el motor calienta rapido y charco de agua abajo,Fuga en mangueras de refrigerante o radiador picado,REFRIGERACION_002,Refrigeración,alta
resulta que en mi carro el motor calienta rapido y charco de agua abajo al acelerar,Fuga en mangueras de refrigerante o radiador picado,REFRIGERACION_002,Refrigeración,alta
hace dos dias noto que el motor calienta rapido y charco de agua abajo de la nada,Fuga en mangueras de refrigerante o radiador picado,REFRIGERACION_002,Refrigeración,alta
siento que el motor calienta rapido y charco de agua abajo en la pista,Fuga en mangueras de refrigerante o radiador picado,REFRIGERACION_002,Refrigeración,alta
hace dos dias noto que el motor calienta rapido y charco de agua abajo en las mañanas,Fuga en mangueras de refrigerante o radiador picado,REFRIGERACION_002,Refrigeración,alta
sabes que el motor calienta rapido y charco de agua abajo de la nada,Fuga en mangueras de refrigerante o radiador picado,REFRIGERACION_002,Refrigeración,alta
al salir a trabajar el motor calienta rapido y charco de agua abajo al pasar un rompemuelles,Fuga en mangueras de refrigerante o radiador picado,REFRIGERACION_002,Refrigeración,alta
buenas tardes mecanico el motor calienta rapido y charco de agua abajo en carabayllo,Fuga en mangueras de refrigerante o radiador picado,REFRIGERACION_002,Refrigeración,alta
el nivel de refrigerante baja sin razon aparente,Fuga en mangueras de refrigerante o radiador picado,REFRIGERACION_002,Refrigeración,alta
tengo un problema con mi auto el nivel de refrigerante baja sin razon aparente en las mañanas,Fuga en mangueras de refrigerante o radiador picado,REFRIGERACION_002,Refrigeración,alta
amigo mi auto presenta el nivel de refrigerante baja sin razon aparente en carabayllo,Fuga en mangueras de refrigerante o radiador picado,REFRIGERACION_002,Refrigeración,alta
tengo un problema con mi auto el nivel de refrigerante baja sin razon aparente en la pista,Fuga en mangueras de refrigerante o radiador picado,REFRIGERACION_002,Refrigeración,alta
al salir a trabajar el nivel de refrigerante baja sin razon aparente en las mañanas,Fuga en mangueras de refrigerante o radiador picado,REFRIGERACION_002,Refrigeración,alta
resulta que en mi carro el nivel de refrigerante baja sin razon aparente de la nada,Fuga en mangueras de refrigerante o radiador picado,REFRIGERACION_002,Refrigeración,alta
buenas tardes mecanico el nivel de refrigerante baja sin razon aparente al pasar un rompemuelles,Fuga en mangueras de refrigerante o radiador picado,REFRIGERACION_002,Refrigeración,alta
maestro una consulta el nivel de refrigerante baja sin razon aparente en carabayllo,Fuga en mangueras de refrigerante o radiador picado,REFRIGERACION_002,Refrigeración,alta
el carro se apaga solo al soltar el acelerador o en semaforos,Cuerpo de aceleracion o valvula IAC sucia,COMBUSTIBLE_003,Inyección de Combustible,media
buenas tardes mecanico el carro se apaga solo al soltar el acelerador o en semaforos al pasar un rompemuelles,Cuerpo de aceleracion o valvula IAC sucia,COMBUSTIBLE_003,Inyección de Combustible,media
tengo un problema con mi auto el carro se apaga solo al soltar el acelerador o en semaforos de la nada,Cuerpo de aceleracion o valvula IAC sucia,COMBUSTIBLE_003,Inyección de Combustible,media
hace dos dias noto que el carro se apaga solo al soltar el acelerador o en semaforos de la nada,Cuerpo de aceleracion o valvula IAC sucia,COMBUSTIBLE_003,Inyección de Combustible,media
hace dos dias noto que el carro se apaga solo al soltar el acelerador o en semaforos al pasar un rompemuelles,Cuerpo de aceleracion o valvula IAC sucia,COMBUSTIBLE_003,Inyección de Combustible,media
buenas tardes mecanico el carro se apaga solo al soltar el acelerador o en semaforos cuando voy manejando,Cuerpo de aceleracion o valvula IAC sucia,COMBUSTIBLE_003,Inyección de Combustible,media
buenas tardes mecanico el carro se apaga solo al soltar el acelerador o en semaforos al acelerar,Cuerpo de aceleracion o valvula IAC sucia,COMBUSTIBLE_003,Inyección de Combustible,media
sabes que el carro se apaga solo al soltar el acelerador o en semaforos en las mañanas,Cuerpo de aceleracion o valvula IAC sucia,COMBUSTIBLE_003,Inyección de Combustible,media
el minimo oscila sube y baja solo,Cuerpo de aceleracion o valvula IAC sucia,COMBUSTIBLE_003,Inyección de Combustible,media
buenas tardes mecanico el minimo oscila sube y baja solo en carabayllo,Cuerpo de aceleracion o valvula IAC sucia,COMBUSTIBLE_003,Inyección de Combustible,media
amigo mi auto presenta el minimo oscila sube y baja solo en la pista,Cuerpo de aceleracion o valvula IAC sucia,COMBUSTIBLE_003,Inyección de Combustible,media
amigo mi auto presenta el minimo oscila sube y baja solo al pasar un rompemuelles,Cuerpo de aceleracion o valvula IAC sucia,COMBUSTIBLE_003,Inyección de Combustible,media
hace dos dias noto que el minimo oscila sube y baja solo cuando voy manejando,Cuerpo de aceleracion o valvula IAC sucia,COMBUSTIBLE_003,Inyección de Combustible,media
buenas tardes mecanico el minimo oscila sube y baja solo cuando voy manejando,Cuerpo de aceleracion o valvula IAC sucia,COMBUSTIBLE_003,Inyección de Combustible,media
maestro una consulta el minimo oscila sube y baja solo de la nada,Cuerpo de aceleracion o valvula IAC sucia,COMBUSTIBLE_003,Inyección de Combustible,media
siento que el minimo oscila sube y baja solo al pasar un rompemuelles,Cuerpo de aceleracion o valvula IAC sucia,COMBUSTIBLE_003,Inyección de Combustible,media
maestro una consulta el minimo oscila sube y baja solo en la pista,Cuerpo de aceleracion o valvula IAC sucia,COMBUSTIBLE_003,Inyección de Combustible,media
chillido agudo al frenar,Desgaste de pastillas y zapatas de freno,FRENO_001,Frenos,alta
buenas tardes mecanico chillido agudo al frenar,Desgaste de pastillas y zapatas de freno,FRENO_001,Frenos,alta
al salir a trabajar en carabayllo chillido agudo al frenar,Desgaste de pastillas y zapatas de freno,FRENO_001,Frenos,alta
tengo un problema con mi caña chillido agudo al frenar,Desgaste de pastillas y zapatas de freno,FRENO_001,Frenos,alta
en la panamericana norte chillido agudo al frenar,Desgaste de pastillas y zapatas de freno,FRENO_001,Frenos,alta
al andar a 60 km por hora chillido agudo al frenar,Desgaste de pastillas y zapatas de freno,FRENO_001,Frenos,alta
maestro una consulta chillido agudo al frenar,Desgaste de pastillas y zapatas de freno,FRENO_001,Frenos,alta
en mi vehiculo noto que chillido agudo al frenar,Desgaste de pastillas y zapatas de freno,FRENO_001,Frenos,alta
ruido de metal feo en la rueda al pisar freno,Desgaste de pastillas y zapatas de freno,FRENO_001,Frenos,alta
buenas tardes mecanico ruido de metal feo en la rueda al pisar freno,Desgaste de pastillas y zapatas de freno,FRENO_001,Frenos,alta
en mi vehiculo noto que ruido de metal feo en la rueda al pisar freno,Desgaste de pastillas y zapatas de freno,FRENO_001,Frenos,alta
al andar a 60 km por hora ruido de metal feo en la rueda al pisar freno,Desgaste de pastillas y zapatas de freno,FRENO_001,Frenos,alta
resulta que mi auto ruido de metal feo en la rueda al pisar freno,Desgaste de pastillas y zapatas de freno,FRENO_001,Frenos,alta
maestro una consulta ruido de metal feo en la rueda al pisar freno,Desgaste de pastillas y zapatas de freno,FRENO_001,Frenos,alta
al salir a trabajar en carabayllo ruido de metal feo en la rueda al pisar freno,Desgaste de pastillas y zapatas de freno,FRENO_001,Frenos,alta
en la panamericana norte ruido de metal feo en la rueda al pisar freno,Desgaste de pastillas y zapatas de freno,FRENO_001,Frenos,alta
tengo un problema con mi caña ruido de metal feo en la rueda al pisar freno,Desgaste de pastillas y zapatas de freno,FRENO_001,Frenos,alta
chilla el freno al detenerse,Desgaste de pastillas y zapatas de freno,FRENO_001,Frenos,alta
buenas tardes mecanico chilla el freno al detenerse,Desgaste de pastillas y zapatas de freno,FRENO_001,Frenos,alta
en la panamericana norte chilla el freno al detenerse,Desgaste de pastillas y zapatas de freno,FRENO_001,Frenos,alta
al andar a 60 km por hora chilla el freno al detenerse,Desgaste de pastillas y zapatas de freno,FRENO_001,Frenos,alta
resulta que mi auto chilla el freno al detenerse,Desgaste de pastillas y zapatas de freno,FRENO_001,Frenos,alta
tengo un problema con mi caña chilla el freno al detenerse,Desgaste de pastillas y zapatas de freno,FRENO_001,Frenos,alta
en mi vehiculo noto que chilla el freno al detenerse,Desgaste de pastillas y zapatas de freno,FRENO_001,Frenos,alta
maestro una consulta chilla el freno al detenerse,Desgaste de pastillas y zapatas de freno,FRENO_001,Frenos,alta
al salir a trabajar en carabayllo chilla el freno al detenerse,Desgaste de pastillas y zapatas de freno,FRENO_001,Frenos,alta
pedal de freno esponjoso se hunde al fondo,Fuga hidraulica o aire en el sistema de frenos,FRENO_002,Frenos,alta
en mi vehiculo noto que pedal de freno esponjoso se hunde al fondo,Fuga hidraulica o aire en el sistema de frenos,FRENO_002,Frenos,alta
al andar a 60 km por hora pedal de freno esponjoso se hunde al fondo,Fuga hidraulica o aire en el sistema de frenos,FRENO_002,Frenos,alta
en la panamericana norte pedal de freno esponjoso se hunde al fondo,Fuga hidraulica o aire en el sistema de frenos,FRENO_002,Frenos,alta
maestro una consulta pedal de freno esponjoso se hunde al fondo,Fuga hidraulica o aire en el sistema de frenos,FRENO_002,Frenos,alta
al salir a trabajar en carabayllo pedal de freno esponjoso se hunde al fondo,Fuga hidraulica o aire en el sistema de frenos,FRENO_002,Frenos,alta
buenas tardes mecanico pedal de freno esponjoso se hunde al fondo,Fuga hidraulica o aire en el sistema de frenos,FRENO_002,Frenos,alta
resulta que mi auto pedal de freno esponjoso se hunde al fondo,Fuga hidraulica o aire en el sistema de frenos,FRENO_002,Frenos,alta
tengo un problema con mi caña pedal de freno esponjoso se hunde al fondo,Fuga hidraulica o aire en el sistema de frenos,FRENO_002,Frenos,alta
no frena casi nada pedal largo,Fuga hidraulica o aire en el sistema de frenos,FRENO_002,Frenos,alta
maestro una consulta no frena casi nada pedal largo,Fuga hidraulica o aire en el sistema de frenos,FRENO_002,Frenos,alta
buenas tardes mecanico no frena casi nada pedal largo,Fuga hidraulica o aire en el sistema de frenos,FRENO_002,Frenos,alta
al andar a 60 km por hora no frena casi nada pedal largo,Fuga hidraulica o aire en el sistema de frenos,FRENO_002,Frenos,alta
tengo un problema con mi caña no frena casi nada pedal largo,Fuga hidraulica o aire en el sistema de frenos,FRENO_002,Frenos,alta
en mi vehiculo noto que no frena casi nada pedal largo,Fuga hidraulica o aire en el sistema de frenos,FRENO_002,Frenos,alta
al salir a trabajar en carabayllo no frena casi nada pedal largo,Fuga hidraulica o aire en el sistema de frenos,FRENO_002,Frenos,alta
resulta que mi auto no frena casi nada pedal largo,Fuga hidraulica o aire en el sistema de frenos,FRENO_002,Frenos,alta
en la panamericana norte no frena casi nada pedal largo,Fuga hidraulica o aire en el sistema de frenos,FRENO_002,Frenos,alta
nivel de liquido de freno bajo,Fuga hidraulica o aire en el sistema de frenos,FRENO_002,Frenos,alta
en la panamericana norte nivel de liquido de freno bajo,Fuga hidraulica o aire en el sistema de frenos,FRENO_002,Frenos,alta
resulta que mi auto nivel de liquido de freno bajo,Fuga hidraulica o aire en el sistema de frenos,FRENO_002,Frenos,alta
tengo un problema con mi caña nivel de liquido de freno bajo,Fuga hidraulica o aire en el sistema de frenos,FRENO_002,Frenos,alta
maestro una consulta nivel de liquido de freno bajo,Fuga hidraulica o aire en el sistema de frenos,FRENO_002,Frenos,alta
buenas tardes mecanico nivel de liquido de freno bajo,Fuga hidraulica o aire en el sistema de frenos,FRENO_002,Frenos,alta
al salir a trabajar en carabayllo nivel de liquido de freno bajo,Fuga hidraulica o aire en el sistema de frenos,FRENO_002,Frenos,alta
al andar a 60 km por hora nivel de liquido de freno bajo,Fuga hidraulica o aire en el sistema de frenos,FRENO_002,Frenos,alta
en mi vehiculo noto que nivel de liquido de freno bajo,Fuga hidraulica o aire en el sistema de frenos,FRENO_002,Frenos,alta
motor cascabelea feo en subida,Falla en bujias o bobinas de encendido (misfire),MOTOR_001,Motor,alta
en la panamericana norte motor cascabelea feo en subida,Falla en bujias o bobinas de encendido (misfire),MOTOR_001,Motor,alta
al salir a trabajar en carabayllo motor cascabelea feo en subida,Falla en bujias o bobinas de encendido (misfire),MOTOR_001,Motor,alta
al andar a 60 km por hora motor cascabelea feo en subida,Falla en bujias o bobinas de encendido (misfire),MOTOR_001,Motor,alta
tengo un problema con mi caña motor cascabelea feo en subida,Falla en bujias o bobinas de encendido (misfire),MOTOR_001,Motor,alta
buenas tardes mecanico motor cascabelea feo en subida,Falla en bujias o bobinas de encendido (misfire),MOTOR_001,Motor,alta
maestro una consulta motor cascabelea feo en subida,Falla en bujias o bobinas de encendido (misfire),MOTOR_001,Motor,alta
resulta que mi auto motor cascabelea feo en subida,Falla en bujias o bobinas de encendido (misfire),MOTOR_001,Motor,alta
en mi vehiculo noto que motor cascabelea feo en subida,Falla en bujias o bobinas de encendido (misfire),MOTOR_001,Motor,alta
cascabeleo fuerte al pisar el acelerador,Falla en bujias o bobinas de encendido (misfire),MOTOR_001,Motor,alta
en la panamericana norte cascabeleo fuerte al pisar el acelerador,Falla en bujias o bobinas de encendido (misfire),MOTOR_001,Motor,alta
en mi vehiculo noto que cascabeleo fuerte al pisar el acelerador,Falla en bujias o bobinas de encendido (misfire),MOTOR_001,Motor,alta
resulta que mi auto cascabeleo fuerte al pisar el acelerador,Falla en bujias o bobinas de encendido (misfire),MOTOR_001,Motor,alta
al salir a trabajar en carabayllo cascabeleo fuerte al pisar el acelerador,Falla en bujias o bobinas de encendido (misfire),MOTOR_001,Motor,alta
al andar a 60 km por hora cascabeleo fuerte al pisar el acelerador,Falla en bujias o bobinas de encendido (misfire),MOTOR_001,Motor,alta
buenas tardes mecanico cascabeleo fuerte al pisar el acelerador,Falla en bujias o bobinas de encendido (misfire),MOTOR_001,Motor,alta
tengo un problema con mi caña cascabeleo fuerte al pisar el acelerador,Falla en bujias o bobinas de encendido (misfire),MOTOR_001,Motor,alta
maestro una consulta cascabeleo fuerte al pisar el acelerador,Falla en bujias o bobinas de encendido (misfire),MOTOR_001,Motor,alta
tiembla el motor y cascabelea,Falla en bujias o bobinas de encendido (misfire),MOTOR_001,Motor,alta
resulta que mi auto tiembla el motor y cascabelea,Falla en bujias o bobinas de encendido (misfire),MOTOR_001,Motor,alta
maestro una consulta tiembla el motor y cascabelea,Falla en bujias o bobinas de encendido (misfire),MOTOR_001,Motor,alta
al salir a trabajar en carabayllo tiembla el motor y cascabelea,Falla en bujias o bobinas de encendido (misfire),MOTOR_001,Motor,alta
tengo un problema con mi caña tiembla el motor y cascabelea,Falla en bujias o bobinas de encendido (misfire),MOTOR_001,Motor,alta
buenas tardes mecanico tiembla el motor y cascabelea,Falla en bujias o bobinas de encendido (misfire),MOTOR_001,Motor,alta
en mi vehiculo noto que tiembla el motor y cascabelea,Falla en bujias o bobinas de encendido (misfire),MOTOR_001,Motor,alta
en la panamericana norte tiembla el motor y cascabelea,Falla en bujias o bobinas de encendido (misfire),MOTOR_001,Motor,alta
no da arranque solo hace click click,Bateria descargada o bornes sulfatados,ELECTRICO_002,Sistema Eléctrico y Carga,media
en mi vehiculo noto que no da arranque solo hace click click,Bateria descargada o bornes sulfatados,ELECTRICO_002,Sistema Eléctrico y Carga,media
al salir a trabajar en carabayllo no da arranque solo hace click click,Bateria descargada o bornes sulfatados,ELECTRICO_002,Sistema Eléctrico y Carga,media
resulta que mi auto no da arranque solo hace click click,Bateria descargada o bornes sulfatados,ELECTRICO_002,Sistema Eléctrico y Carga,media
buenas tardes mecanico no da arranque solo hace click click,Bateria descargada o bornes sulfatados,ELECTRICO_002,Sistema Eléctrico y Carga,media
maestro una consulta no da arranque solo hace click click,Bateria descargada o bornes sulfatados,ELECTRICO_002,Sistema Eléctrico y Carga,media
en la panamericana norte no da arranque solo hace click click,Bateria descargada o bornes sulfatados,ELECTRICO_002,Sistema Eléctrico y Carga,media
tengo un problema con mi caña no da arranque solo hace click click,Bateria descargada o bornes sulfatados,ELECTRICO_002,Sistema Eléctrico y Carga,media
al andar a 60 km por hora no da arranque solo hace click click,Bateria descargada o bornes sulfatados,ELECTRICO_002,Sistema Eléctrico y Carga,media
bateria muerta luces tenues,Bateria descargada o bornes sulfatados,ELECTRICO_002,Sistema Eléctrico y Carga,media
al andar a 60 km por hora bateria muerta luces tenues,Bateria descargada o bornes sulfatados,ELECTRICO_002,Sistema Eléctrico y Carga,media
en la panamericana norte bateria muerta luces tenues,Bateria descargada o bornes sulfatados,ELECTRICO_002,Sistema Eléctrico y Carga,media
buenas tardes mecanico bateria muerta luces tenues,Bateria descargada o bornes sulfatados,ELECTRICO_002,Sistema Eléctrico y Carga,media
al salir a trabajar en carabayllo bateria muerta luces tenues,Bateria descargada o bornes sulfatados,ELECTRICO_002,Sistema Eléctrico y Carga,media
en mi vehiculo noto que bateria muerta luces tenues,Bateria descargada o bornes sulfatados,ELECTRICO_002,Sistema Eléctrico y Carga,media
maestro una consulta bateria muerta luces tenues,Bateria descargada o bornes sulfatados,ELECTRICO_002,Sistema Eléctrico y Carga,media
tengo un problema con mi caña bateria muerta luces tenues,Bateria descargada o bornes sulfatados,ELECTRICO_002,Sistema Eléctrico y Carga,media
resulta que mi auto bateria muerta luces tenues,Bateria descargada o bornes sulfatados,ELECTRICO_002,Sistema Eléctrico y Carga,media
girar la llave y no hace nada,Bateria descargada o bornes sulfatados,ELECTRICO_002,Sistema Eléctrico y Carga,media
buenas tardes mecanico girar la llave y no hace nada,Bateria descargada o bornes sulfatados,ELECTRICO_002,Sistema Eléctrico y Carga,media
maestro una consulta girar la llave y no hace nada,Bateria descargada o bornes sulfatados,ELECTRICO_002,Sistema Eléctrico y Carga,media
resulta que mi auto girar la llave y no hace nada,Bateria descargada o bornes sulfatados,ELECTRICO_002,Sistema Eléctrico y Carga,media
al salir a trabajar en carabayllo girar la llave y no hace nada,Bateria descargada o bornes sulfatados,ELECTRICO_002,Sistema Eléctrico y Carga,media
en mi vehiculo noto que girar la llave y no hace nada,Bateria descargada o bornes sulfatados,ELECTRICO_002,Sistema Eléctrico y Carga,media
en la panamericana norte girar la llave y no hace nada,Bateria descargada o bornes sulfatados,ELECTRICO_002,Sistema Eléctrico y Carga,media
tengo un problema con mi caña girar la llave y no hace nada,Bateria descargada o bornes sulfatados,ELECTRICO_002,Sistema Eléctrico y Carga,media
timon tiembla fuerte a mas de 80 km/h,Llantas desbalanceadas o desalineadas,SUSPENSION_004,Suspensión y Dirección,baja
maestro una consulta timon tiembla fuerte a mas de 80 km/h,Llantas desbalanceadas o desalineadas,SUSPENSION_004,Suspensión y Dirección,baja
resulta que mi auto timon tiembla fuerte a mas de 80 km/h,Llantas desbalanceadas o desalineadas,SUSPENSION_004,Suspensión y Dirección,baja
al salir a trabajar en carabayllo timon tiembla fuerte a mas de 80 km/h,Llantas desbalanceadas o desalineadas,SUSPENSION_004,Suspensión y Dirección,baja
buenas tardes mecanico timon tiembla fuerte a mas de 80 km/h,Llantas desbalanceadas o desalineadas,SUSPENSION_004,Suspensión y Dirección,baja
en mi vehiculo noto que timon tiembla fuerte a mas de 80 km/h,Llantas desbalanceadas o desalineadas,SUSPENSION_004,Suspensión y Dirección,baja
tengo un problema con mi caña timon tiembla fuerte a mas de 80 km/h,Llantas desbalanceadas o desalineadas,SUSPENSION_004,Suspensión y Dirección,baja
al andar a 60 km por hora timon tiembla fuerte a mas de 80 km/h,Llantas desbalanceadas o desalineadas,SUSPENSION_004,Suspensión y Dirección,baja
en la panamericana norte timon tiembla fuerte a mas de 80 km/h,Llantas desbalanceadas o desalineadas,SUSPENSION_004,Suspensión y Dirección,baja
direccion vibra en la pista,Llantas desbalanceadas o desalineadas,SUSPENSION_004,Suspensión y Dirección,baja
al salir a trabajar en carabayllo direccion vibra en la pista,Llantas desbalanceadas o desalineadas,SUSPENSION_004,Suspensión y Dirección,baja
al andar a 60 km por hora direccion vibra en la pista,Llantas desbalanceadas o desalineadas,SUSPENSION_004,Suspensión y Dirección,baja
buenas tardes mecanico direccion vibra en la pista,Llantas desbalanceadas o desalineadas,SUSPENSION_004,Suspensión y Dirección,baja
tengo un problema con mi caña direccion vibra en la pista,Llantas desbalanceadas o desalineadas,SUSPENSION_004,Suspensión y Dirección,baja
en mi vehiculo noto que direccion vibra en la pista,Llantas desbalanceadas o desalineadas,SUSPENSION_004,Suspensión y Dirección,baja
resulta que mi auto direccion vibra en la pista,Llantas desbalanceadas o desalineadas,SUSPENSION_004,Suspensión y Dirección,baja
en la panamericana norte direccion vibra en la pista,Llantas desbalanceadas o desalineadas,SUSPENSION_004,Suspensión y Dirección,baja
carro se jala a la derecha,Llantas desbalanceadas o desalineadas,SUSPENSION_004,Suspensión y Dirección,baja
al andar a 60 km por hora carro se jala a la derecha,Llantas desbalanceadas o desalineadas,SUSPENSION_004,Suspensión y Dirección,baja
tengo un problema con mi caña carro se jala a la derecha,Llantas desbalanceadas o desalineadas,SUSPENSION_004,Suspensión y Dirección,baja
al salir a trabajar en carabayllo carro se jala a la derecha,Llantas desbalanceadas o desalineadas,SUSPENSION_004,Suspensión y Dirección,baja
en la panamericana norte carro se jala a la derecha,Llantas desbalanceadas o desalineadas,SUSPENSION_004,Suspensión y Dirección,baja
resulta que mi auto carro se jala a la derecha,Llantas desbalanceadas o desalineadas,SUSPENSION_004,Suspensión y Dirección,baja
en mi vehiculo noto que carro se jala a la derecha,Llantas desbalanceadas o desalineadas,SUSPENSION_004,Suspensión y Dirección,baja
buenas tardes mecanico carro se jala a la derecha,Llantas desbalanceadas o desalineadas,SUSPENSION_004,Suspensión y Dirección,baja
suena clac clac fuerte al girar el timon,Juntas homocineticas o palieres danados,SUSPENSION_002,Suspensión y Dirección,alta
en mi vehiculo noto que suena clac clac fuerte al girar el timon,Juntas homocineticas o palieres danados,SUSPENSION_002,Suspensión y Dirección,alta
al andar a 60 km por hora suena clac clac fuerte al girar el timon,Juntas homocineticas o palieres danados,SUSPENSION_002,Suspensión y Dirección,alta
en la panamericana norte suena clac clac fuerte al girar el timon,Juntas homocineticas o palieres danados,SUSPENSION_002,Suspensión y Dirección,alta
maestro una consulta suena clac clac fuerte al girar el timon,Juntas homocineticas o palieres danados,SUSPENSION_002,Suspensión y Dirección,alta
al salir a trabajar en carabayllo suena clac clac fuerte al girar el timon,Juntas homocineticas o palieres danados,SUSPENSION_002,Suspensión y Dirección,alta
buenas tardes mecanico suena clac clac fuerte al girar el timon,Juntas homocineticas o palieres danados,SUSPENSION_002,Suspensión y Dirección,alta
tengo un problema con mi caña suena clac clac fuerte al girar el timon,Juntas homocineticas o palieres danados,SUSPENSION_002,Suspensión y Dirección,alta
resulta que mi auto suena clac clac fuerte al girar el timon,Juntas homocineticas o palieres danados,SUSPENSION_002,Suspensión y Dirección,alta
crujido en la llanta al doblar la esquina,Juntas homocineticas o palieres danados,SUSPENSION_002,Suspensión y Dirección,alta
al salir a trabajar en carabayllo crujido en la llanta al doblar la esquina,Juntas homocineticas o palieres danados,SUSPENSION_002,Suspensión y Dirección,alta
maestro una consulta crujido en la llanta al doblar la esquina,Juntas homocineticas o palieres danados,SUSPENSION_002,Suspensión y Dirección,alta
tengo un problema con mi caña crujido en la llanta al doblar la esquina,Juntas homocineticas o palieres danados,SUSPENSION_002,Suspensión y Dirección,alta
buenas tardes mecanico crujido en la llanta al doblar la esquina,Juntas homocineticas o palieres danados,SUSPENSION_002,Suspensión y Dirección,alta
en mi vehiculo noto que crujido en la llanta al doblar la esquina,Juntas homocineticas o palieres danados,SUSPENSION_002,Suspensión y Dirección,alta
al andar a 60 km por hora crujido en la llanta al doblar la esquina,Juntas homocineticas o palieres danados,SUSPENSION_002,Suspensión y Dirección,alta
resulta que mi auto crujido en la llanta al doblar la esquina,Juntas homocineticas o palieres danados,SUSPENSION_002,Suspensión y Dirección,alta
en la panamericana norte crujido en la llanta al doblar la esquina,Juntas homocineticas o palieres danados,SUSPENSION_002,Suspensión y Dirección,alta
traqueteo en el palier,Juntas homocineticas o palieres danados,SUSPENSION_002,Suspensión y Dirección,alta
resulta que mi auto traqueteo en el palier,Juntas homocineticas o palieres danados,SUSPENSION_002,Suspensión y Dirección,alta
buenas tardes mecanico traqueteo en el palier,Juntas homocineticas o palieres danados,SUSPENSION_002,Suspensión y Dirección,alta
maestro una consulta traqueteo en el palier,Juntas homocineticas o palieres danados,SUSPENSION_002,Suspensión y Dirección,alta
en mi vehiculo noto que traqueteo en el palier,Juntas homocineticas o palieres danados,SUSPENSION_002,Suspensión y Dirección,alta
en la panamericana norte traqueteo en el palier,Juntas homocineticas o palieres danados,SUSPENSION_002,Suspensión y Dirección,alta
tengo un problema con mi caña traqueteo en el palier,Juntas homocineticas o palieres danados,SUSPENSION_002,Suspensión y Dirección,alta
al andar a 60 km por hora traqueteo en el palier,Juntas homocineticas o palieres danados,SUSPENSION_002,Suspensión y Dirección,alta
al salir a trabajar en carabayllo traqueteo en el palier,Juntas homocineticas o palieres danados,SUSPENSION_002,Suspensión y Dirección,alta
amigo mi auto presenta chillido agudo al frenar,Desgaste de pastillas y zapatas de freno,FRENO_001,Frenos,alta
sabes que chillido agudo al frenar,Desgaste de pastillas y zapatas de freno,FRENO_001,Frenos,alta
al andar a 80 km/h chillido agudo al frenar,Desgaste de pastillas y zapatas de freno,FRENO_001,Frenos,alta
hace dos dias noto que chillido agudo al frenar,Desgaste de pastillas y zapatas de freno,FRENO_001,Frenos,alta
resulta que en mi carro chillido agudo al frenar,Desgaste de pastillas y zapatas de freno,FRENO_001,Frenos,alta
tengo un problema con mi auto chillido agudo al frenar,Desgaste de pastillas y zapatas de freno,FRENO_001,Frenos,alta
resulta que en mi carro ruido de metal feo en la rueda al pisar freno,Desgaste de pastillas y zapatas de freno,FRENO_001,Frenos,alta
hace dos dias noto que ruido de metal feo en la rueda al pisar freno,Desgaste de pastillas y zapatas de freno,FRENO_001,Frenos,alta
al andar a 80 km/h ruido de metal feo en la rueda al pisar freno,Desgaste de pastillas y zapatas de freno,FRENO_001,Frenos,alta
sabes que ruido de metal feo en la rueda al pisar freno,Desgaste de pastillas y zapatas de freno,FRENO_001,Frenos,alta
tengo un problema con mi auto ruido de metal feo en la rueda al pisar freno,Desgaste de pastillas y zapatas de freno,FRENO_001,Frenos,alta
amigo mi auto presenta ruido de metal feo en la rueda al pisar freno,Desgaste de pastillas y zapatas de freno,FRENO_001,Frenos,alta
tengo un problema con mi auto chilla el freno al detenerse,Desgaste de pastillas y zapatas de freno,FRENO_001,Frenos,alta
hace dos dias noto que chilla el freno al detenerse,Desgaste de pastillas y zapatas de freno,FRENO_001,Frenos,alta
resulta que en mi carro chilla el freno al detenerse,Desgaste de pastillas y zapatas de freno,FRENO_001,Frenos,alta
amigo mi auto presenta chilla el freno al detenerse,Desgaste de pastillas y zapatas de freno,FRENO_001,Frenos,alta
sabes que chilla el freno al detenerse,Desgaste de pastillas y zapatas de freno,FRENO_001,Frenos,alta
al andar a 80 km/h chilla el freno al detenerse,Desgaste de pastillas y zapatas de freno,FRENO_001,Frenos,alta
amigo mi auto presenta pedal de freno esponjoso se hunde al fondo,Fuga hidraulica o aire en el sistema de frenos,FRENO_002,Frenos,alta
resulta que en mi carro pedal de freno esponjoso se hunde al fondo,Fuga hidraulica o aire en el sistema de frenos,FRENO_002,Frenos,alta
al andar a 80 km/h pedal de freno esponjoso se hunde al fondo,Fuga hidraulica o aire en el sistema de frenos,FRENO_002,Frenos,alta
tengo un problema con mi auto pedal de freno esponjoso se hunde al fondo,Fuga hidraulica o aire en el sistema de frenos,FRENO_002,Frenos,alta
sabes que pedal de freno esponjoso se hunde al fondo,Fuga hidraulica o aire en el sistema de frenos,FRENO_002,Frenos,alta
hace dos dias noto que pedal de freno esponjoso se hunde al fondo,Fuga hidraulica o aire en el sistema de frenos,FRENO_002,Frenos,alta
hace dos dias noto que no frena casi nada pedal largo,Fuga hidraulica o aire en el sistema de frenos,FRENO_002,Frenos,alta
resulta que en mi carro no frena casi nada pedal largo,Fuga hidraulica o aire en el sistema de frenos,FRENO_002,Frenos,alta
tengo un problema con mi auto no frena casi nada pedal largo,Fuga hidraulica o aire en el sistema de frenos,FRENO_002,Frenos,alta
amigo mi auto presenta no frena casi nada pedal largo,Fuga hidraulica o aire en el sistema de frenos,FRENO_002,Frenos,alta
sabes que no frena casi nada pedal largo,Fuga hidraulica o aire en el sistema de frenos,FRENO_002,Frenos,alta
al andar a 80 km/h no frena casi nada pedal largo,Fuga hidraulica o aire en el sistema de frenos,FRENO_002,Frenos,alta
amigo mi auto presenta nivel de liquido de freno bajo,Fuga hidraulica o aire en el sistema de frenos,FRENO_002,Frenos,alta
tengo un problema con mi auto nivel de liquido de freno bajo,Fuga hidraulica o aire en el sistema de frenos,FRENO_002,Frenos,alta
resulta que en mi carro nivel de liquido de freno bajo,Fuga hidraulica o aire en el sistema de frenos,FRENO_002,Frenos,alta
hace dos dias noto que nivel de liquido de freno bajo,Fuga hidraulica o aire en el sistema de frenos,FRENO_002,Frenos,alta
sabes que nivel de liquido de freno bajo,Fuga hidraulica o aire en el sistema de frenos,FRENO_002,Frenos,alta
al andar a 80 km/h nivel de liquido de freno bajo,Fuga hidraulica o aire en el sistema de frenos,FRENO_002,Frenos,alta
buenas tardes mecanico pedal de freno duro como una piedra y no frena,Falla en servofreno (booster) o linea de vacio,FRENO_004,Frenos,alta
maestro una consulta pedal de freno duro como una piedra y no frena,Falla en servofreno (booster) o linea de vacio,FRENO_004,Frenos,alta
tengo un problema con mi auto pedal de freno duro como una piedra y no frena,Falla en servofreno (booster) o linea de vacio,FRENO_004,Frenos,alta
en la panamericana norte pedal de freno duro como una piedra y no frena,Falla en servofreno (booster) o linea de vacio,FRENO_004,Frenos,alta
amigo mi auto presenta pedal de freno duro como una piedra y no frena,Falla en servofreno (booster) o linea de vacio,FRENO_004,Frenos,alta
al andar a 80 km/h pedal de freno duro como una piedra y no frena,Falla en servofreno (booster) o linea de vacio,FRENO_004,Frenos,alta
resulta que en mi carro pedal de freno duro como una piedra y no frena,Falla en servofreno (booster) o linea de vacio,FRENO_004,Frenos,alta
hace dos dias noto que pedal de freno duro como una piedra y no frena,Falla en servofreno (booster) o linea de vacio,FRENO_004,Frenos,alta
sabes que pedal de freno duro como una piedra y no frena,Falla en servofreno (booster) o linea de vacio,FRENO_004,Frenos,alta
al salir a trabajar en carabayllo pedal de freno duro como una piedra y no frena,Falla en servofreno (booster) o linea de vacio,FRENO_004,Frenos,alta
hacer mucha fuerza con la pierna para frenar,Falla en servofreno (booster) o linea de vacio,FRENO_004,Frenos,alta
amigo mi auto presenta hacer mucha fuerza con la pierna para frenar,Falla en servofreno (booster) o linea de vacio,FRENO_004,Frenos,alta
sabes que hacer mucha fuerza con la pierna para frenar,Falla en servofreno (booster) o linea de vacio,FRENO_004,Frenos,alta
al salir a trabajar en carabayllo hacer mucha fuerza con la pierna para frenar,Falla en servofreno (booster) o linea de vacio,FRENO_004,Frenos,alta
en la panamericana norte hacer mucha fuerza con la pierna para frenar,Falla en servofreno (booster) o linea de vacio,FRENO_004,Frenos,alta
al andar a 80 km/h hacer mucha fuerza con la pierna para frenar,Falla en servofreno (booster) o linea de vacio,FRENO_004,Frenos,alta
resulta que en mi carro hacer mucha fuerza con la pierna para frenar,Falla en servofreno (booster) o linea de vacio,FRENO_004,Frenos,alta
tengo un problema con mi auto hacer mucha fuerza con la pierna para frenar,Falla en servofreno (booster) o linea de vacio,FRENO_004,Frenos,alta
hace dos dias noto que hacer mucha fuerza con la pierna para frenar,Falla en servofreno (booster) o linea de vacio,FRENO_004,Frenos,alta
maestro una consulta hacer mucha fuerza con la pierna para frenar,Falla en servofreno (booster) o linea de vacio,FRENO_004,Frenos,alta
buenas tardes mecanico hacer mucha fuerza con la pierna para frenar,Falla en servofreno (booster) o linea de vacio,FRENO_004,Frenos,alta
timon y pedal de freno vibran bastante al frenar a alta velocidad,Discos de freno alabeados o desgastados,FRENO_003,Frenos,media
sabes que timon y pedal de freno vibran bastante al frenar a alta velocidad,Discos de freno alabeados o desgastados,FRENO_003,Frenos,media
maestro una consulta timon y pedal de freno vibran bastante al frenar a alta velocidad,Discos de freno alabeados o desgastados,FRENO_003,Frenos,media
al andar a 80 km/h timon y pedal de freno vibran bastante al frenar a alta velocidad,Discos de freno alabeados o desgastados,FRENO_003,Frenos,media
al salir a trabajar en carabayllo timon y pedal de freno vibran bastante al frenar a alta velocidad,Discos de freno alabeados o desgastados,FRENO_003,Frenos,media
hace dos dias noto que timon y pedal de freno vibran bastante al frenar a alta velocidad,Discos de freno alabeados o desgastados,FRENO_003,Frenos,media
amigo mi auto presenta timon y pedal de freno vibran bastante al frenar a alta velocidad,Discos de freno alabeados o desgastados,FRENO_003,Frenos,media
en la panamericana norte timon y pedal de freno vibran bastante al frenar a alta velocidad,Discos de freno alabeados o desgastados,FRENO_003,Frenos,media
tengo un problema con mi auto timon y pedal de freno vibran bastante al frenar a alta velocidad,Discos de freno alabeados o desgastados,FRENO_003,Frenos,media
buenas tardes mecanico timon y pedal de freno vibran bastante al frenar a alta velocidad,Discos de freno alabeados o desgastados,FRENO_003,Frenos,media
resulta que en mi carro timon y pedal de freno vibran bastante al frenar a alta velocidad,Discos de freno alabeados o desgastados,FRENO_003,Frenos,media
tiembla el pedal cuando piso el freno,Discos de freno alabeados o desgastados,FRENO_003,Frenos,media
hace dos dias noto que tiembla el pedal cuando piso el freno,Discos de freno alabeados o desgastados,FRENO_003,Frenos,media
en la panamericana norte tiembla el pedal cuando piso el freno,Discos de freno alabeados o desgastados,FRENO_003,Frenos,media
amigo mi auto presenta tiembla el pedal cuando piso el freno,Discos de freno alabeados o desgastados,FRENO_003,Frenos,media
al salir a trabajar en carabayllo tiembla el pedal cuando piso el freno,Discos de freno alabeados o desgastados,FRENO_003,Frenos,media
tengo un problema con mi auto tiembla el pedal cuando piso el freno,Discos de freno alabeados o desgastados,FRENO_003,Frenos,media
sabes que tiembla el pedal cuando piso el freno,Discos de freno alabeados o desgastados,FRENO_003,Frenos,media
al andar a 80 km/h tiembla el pedal cuando piso el freno,Discos de freno alabeados o desgastados,FRENO_003,Frenos,media
resulta que en mi carro tiembla el pedal cuando piso el freno,Discos de freno alabeados o desgastados,FRENO_003,Frenos,media
buenas tardes mecanico tiembla el pedal cuando piso el freno,Discos de freno alabeados o desgastados,FRENO_003,Frenos,media
maestro una consulta tiembla el pedal cuando piso el freno,Discos de freno alabeados o desgastados,FRENO_003,Frenos,media
golpe seco en la llanta al pasar por rompemuelles,Amortiguadores reventados o bujes de suspension gastados,SUSPENSION_001,Suspensión y Dirección,media
maestro una consulta golpe seco en la llanta al pasar por rompemuelles,Amortiguadores reventados o bujes de suspension gastados,SUSPENSION_001,Suspensión y Dirección,media
resulta que en mi carro golpe seco en la llanta al pasar por rompemuelles,Amortiguadores reventados o bujes de suspension gastados,SUSPENSION_001,Suspensión y Dirección,media
en la panamericana norte golpe seco en la llanta al pasar por rompemuelles,Amortiguadores reventados o bujes de suspension gastados,SUSPENSION_001,Suspensión y Dirección,media
tengo un problema con mi auto golpe seco en la llanta al pasar por rompemuelles,Amortiguadores reventados o bujes de suspension gastados,SUSPENSION_001,Suspensión y Dirección,media
amigo mi auto presenta golpe seco en la llanta al pasar por rompemuelles,Amortiguadores reventados o bujes de suspension gastados,SUSPENSION_001,Suspensión y Dirección,media
al andar a 80 km/h golpe seco en la llanta al pasar por rompemuelles,Amortiguadores reventados o bujes de suspension gastados,SUSPENSION_001,Suspensión y Dirección,media
hace dos dias noto que golpe seco en la llanta al pasar por rompemuelles,Amortiguadores reventados o bujes de suspension gastados,SUSPENSION_001,Suspensión y Dirección,media
al salir a trabajar en carabayllo golpe seco en la llanta al pasar por rompemuelles,Amortiguadores reventados o bujes de suspension gastados,SUSPENSION_001,Suspensión y Dirección,media
sabes que golpe seco en la llanta al pasar por rompemuelles,Amortiguadores reventados o bujes de suspension gastados,SUSPENSION_001,Suspensión y Dirección,media
buenas tardes mecanico golpe seco en la llanta al pasar por rompemuelles,Amortiguadores reventados o bujes de suspension gastados,SUSPENSION_001,Suspensión y Dirección,media
al andar a 80 km/h ruido de cazoleta en huecos,Amortiguadores reventados o bujes de suspension gastados,SUSPENSION_001,Suspensión y Dirección,media
al salir a trabajar en carabayllo ruido de cazoleta en huecos,Amortiguadores reventados o bujes de suspension gastados,SUSPENSION_001,Suspensión y Dirección,media
resulta que en mi carro ruido de cazoleta en huecos,Amortiguadores reventados o bujes de suspension gastados,SUSPENSION_001,Suspensión y Dirección,media
amigo mi auto presenta ruido de cazoleta en huecos,Amortiguadores reventados o bujes de suspension gastados,SUSPENSION_001,Suspensión y Dirección,media
maestro una consulta ruido de cazoleta en huecos,Amortiguadores reventados o bujes de suspension gastados,SUSPENSION_001,Suspensión y Dirección,media
tengo un problema con mi auto ruido de cazoleta en huecos,Amortiguadores reventados o bujes de suspension gastados,SUSPENSION_001,Suspensión y Dirección,media
sabes que ruido de cazoleta en huecos,Amortiguadores reventados o bujes de suspension gastados,SUSPENSION_001,Suspensión y Dirección,media
en la panamericana norte ruido de cazoleta en huecos,Amortiguadores reventados o bujes de suspension gastados,SUSPENSION_001,Suspensión y Dirección,media
hace dos dias noto que ruido de cazoleta en huecos,Amortiguadores reventados o bujes de suspension gastados,SUSPENSION_001,Suspensión y Dirección,media
buenas tardes mecanico ruido de cazoleta en huecos,Amortiguadores reventados o bujes de suspension gastados,SUSPENSION_001,Suspensión y Dirección,media
suspension golpea feo abajo,Amortiguadores reventados o bujes de suspension gastados,SUSPENSION_001,Suspensión y Dirección,media
resulta que en mi carro suspension golpea feo abajo,Amortiguadores reventados o bujes de suspension gastados,SUSPENSION_001,Suspensión y Dirección,media
al salir a trabajar en carabayllo suspension golpea feo abajo,Amortiguadores reventados o bujes de suspension gastados,SUSPENSION_001,Suspensión y Dirección,media
tengo un problema con mi auto suspension golpea feo abajo,Amortiguadores reventados o bujes de suspension gastados,SUSPENSION_001,Suspensión y Dirección,media
en la panamericana norte suspension golpea feo abajo,Amortiguadores reventados o bujes de suspension gastados,SUSPENSION_001,Suspensión y Dirección,media
amigo mi auto presenta suspension golpea feo abajo,Amortiguadores reventados o bujes de suspension gastados,SUSPENSION_001,Suspensión y Dirección,media
hace dos dias noto que suspension golpea feo abajo,Amortiguadores reventados o bujes de suspension gastados,SUSPENSION_001,Suspensión y Dirección,media
al andar a 80 km/h suspension golpea feo abajo,Amortiguadores reventados o bujes de suspension gastados,SUSPENSION_001,Suspensión y Dirección,media
sabes que suspension golpea feo abajo,Amortiguadores reventados o bujes de suspension gastados,SUSPENSION_001,Suspensión y Dirección,media
maestro una consulta suspension golpea feo abajo,Amortiguadores reventados o bujes de suspension gastados,SUSPENSION_001,Suspensión y Dirección,media
buenas tardes mecanico suspension golpea feo abajo,Amortiguadores reventados o bujes de suspension gastados,SUSPENSION_001,Suspensión y Dirección,media
suena clac clac fuerte al girar el timon para doblar,Juntas homocineticas o palieres danados,SUSPENSION_002,Suspensión y Dirección,alta
maestro una consulta suena clac clac fuerte al girar el timon para doblar,Juntas homocineticas o palieres danados,SUSPENSION_002,Suspensión y Dirección,alta
tengo un problema con mi auto suena clac clac fuerte al girar el timon para doblar,Juntas homocineticas o palieres danados,SUSPENSION_002,Suspensión y Dirección,alta
en la panamericana norte suena clac clac fuerte al girar el timon para doblar,Juntas homocineticas o palieres danados,SUSPENSION_002,Suspensión y Dirección,alta
sabes que suena clac clac fuerte al girar el timon para doblar,Juntas homocineticas o palieres danados,SUSPENSION_002,Suspensión y Dirección,alta
buenas tardes mecanico suena clac clac fuerte al girar el timon para doblar,Juntas homocineticas o palieres danados,SUSPENSION_002,Suspensión y Dirección,alta
hace dos dias noto que suena clac clac fuerte al girar el timon para doblar,Juntas homocineticas o palieres danados,SUSPENSION_002,Suspensión y Dirección,alta
al salir a trabajar en carabayllo suena clac clac fuerte al girar el timon para doblar,Juntas homocineticas o palieres danados,SUSPENSION_002,Suspensión y Dirección,alta
amigo mi auto presenta suena clac clac fuerte al girar el timon para doblar,Juntas homocineticas o palieres danados,SUSPENSION_002,Suspensión y Dirección,alta
resulta que en mi carro suena clac clac fuerte al girar el timon para doblar,Juntas homocineticas o palieres danados,SUSPENSION_002,Suspensión y Dirección,alta
al andar a 80 km/h suena clac clac fuerte al girar el timon para doblar,Juntas homocineticas o palieres danados,SUSPENSION_002,Suspensión y Dirección,alta
al salir a trabajar en carabayllo crujido en la llanta al dar vuelta en U,Juntas homocineticas o palieres danados,SUSPENSION_002,Suspensión y Dirección,alta
hace dos dias noto que crujido en la llanta al dar vuelta en U,Juntas homocineticas o palieres danados,SUSPENSION_002,Suspensión y Dirección,alta
al andar a 80 km/h crujido en la llanta al dar vuelta en U,Juntas homocineticas o palieres danados,SUSPENSION_002,Suspensión y Dirección,alta
maestro una consulta crujido en la llanta al dar vuelta en U,Juntas homocineticas o palieres danados,SUSPENSION_002,Suspensión y Dirección,alta
en la panamericana norte crujido en la llanta al dar vuelta en U,Juntas homocineticas o palieres danados,SUSPENSION_002,Suspensión y Dirección,alta
amigo mi auto presenta crujido en la llanta al dar vuelta en U,Juntas homocineticas o palieres danados,SUSPENSION_002,Suspensión y Dirección,alta
resulta que en mi carro crujido en la llanta al dar vuelta en U,Juntas homocineticas o palieres danados,SUSPENSION_002,Suspensión y Dirección,alta
buenas tardes mecanico crujido en la llanta al dar vuelta en U,Juntas homocineticas o palieres danados,SUSPENSION_002,Suspensión y Dirección,alta
tengo un problema con mi auto crujido en la llanta al dar vuelta en U,Juntas homocineticas o palieres danados,SUSPENSION_002,Suspensión y Dirección,alta
sabes que crujido en la llanta al dar vuelta en U,Juntas homocineticas o palieres danados,SUSPENSION_002,Suspensión y Dirección,alta
amigo mi auto presenta traqueteo en el palier,Juntas homocineticas o palieres danados,SUSPENSION_002,Suspensión y Dirección,alta
hace dos dias noto que traqueteo en el palier,Juntas homocineticas o palieres danados,SUSPENSION_002,Suspensión y Dirección,alta
sabes que traqueteo en el palier,Juntas homocineticas o palieres danados,SUSPENSION_002,Suspensión y Dirección,alta
al andar a 80 km/h traqueteo en el palier,Juntas homocineticas o palieres danados,SUSPENSION_002,Suspensión y Dirección,alta
tengo un problema con mi auto traqueteo en el palier,Juntas homocineticas o palieres danados,SUSPENSION_002,Suspensión y Dirección,alta
resulta que en mi carro traqueteo en el palier,Juntas homocineticas o palieres danados,SUSPENSION_002,Suspensión y Dirección,alta
timon tiembla bastante a mas de 80 km/h,Llantas desbalanceadas o desalineadas,SUSPENSION_004,Suspensión y Dirección,baja
amigo mi auto presenta timon tiembla bastante a mas de 80 km/h,Llantas desbalanceadas o desalineadas,SUSPENSION_004,Suspensión y Dirección,baja
buenas tardes mecanico timon tiembla bastante a mas de 80 km/h,Llantas desbalanceadas o desalineadas,SUSPENSION_004,Suspensión y Dirección,baja
resulta que en mi carro timon tiembla bastante a mas de 80 km/h,Llantas desbalanceadas o desalineadas,SUSPENSION_004,Suspensión y Dirección,baja
tengo un problema con mi auto timon tiembla bastante a mas de 80 km/h,Llantas desbalanceadas o desalineadas,SUSPENSION_004,Suspensión y Dirección,baja
maestro una consulta timon tiembla bastante a mas de 80 km/h,Llantas desbalanceadas o desalineadas,SUSPENSION_004,Suspensión y Dirección,baja
sabes que timon tiembla bastante a mas de 80 km/h,Llantas desbalanceadas o desalineadas,SUSPENSION_004,Suspensión y Dirección,baja
en la panamericana norte timon tiembla bastante a mas de 80 km/h,Llantas desbalanceadas o desalineadas,SUSPENSION_004,Suspensión y Dirección,baja
al salir a trabajar en carabayllo timon tiembla bastante a mas de 80 km/h,Llantas desbalanceadas o desalineadas,SUSPENSION_004,Suspensión y Dirección,baja
al andar a 80 km/h timon tiembla bastante a mas de 80 km/h,Llantas desbalanceadas o desalineadas,SUSPENSION_004,Suspensión y Dirección,baja
hace dos dias noto que timon tiembla bastante a mas de 80 km/h,Llantas desbalanceadas o desalineadas,SUSPENSION_004,Suspensión y Dirección,baja
sabes que direccion vibra en la pista,Llantas desbalanceadas o desalineadas,SUSPENSION_004,Suspensión y Dirección,baja
amigo mi auto presenta direccion vibra en la pista,Llantas desbalanceadas o desalineadas,SUSPENSION_004,Suspensión y Dirección,baja
hace dos dias noto que direccion vibra en la pista,Llantas desbalanceadas o desalineadas,SUSPENSION_004,Suspensión y Dirección,baja
resulta que en mi carro direccion vibra en la pista,Llantas desbalanceadas o desalineadas,SUSPENSION_004,Suspensión y Dirección,baja
tengo un problema con mi auto direccion vibra en la pista,Llantas desbalanceadas o desalineadas,SUSPENSION_004,Suspensión y Dirección,baja
maestro una consulta direccion vibra en la pista,Llantas desbalanceadas o desalineadas,SUSPENSION_004,Suspensión y Dirección,baja
al andar a 80 km/h direccion vibra en la pista,Llantas desbalanceadas o desalineadas,SUSPENSION_004,Suspensión y Dirección,baja
carro se jala solo a la derecha,Llantas desbalanceadas o desalineadas,SUSPENSION_004,Suspensión y Dirección,baja
al salir a trabajar en carabayllo carro se jala solo a la derecha,Llantas desbalanceadas o desalineadas,SUSPENSION_004,Suspensión y Dirección,baja
buenas tardes mecanico carro se jala solo a la derecha,Llantas desbalanceadas o desalineadas,SUSPENSION_004,Suspensión y Dirección,baja
tengo un problema con mi auto carro se jala solo a la derecha,Llantas desbalanceadas o desalineadas,SUSPENSION_004,Suspensión y Dirección,baja
maestro una consulta carro se jala solo a la derecha,Llantas desbalanceadas o desalineadas,SUSPENSION_004,Suspensión y Dirección,baja
al andar a 80 km/h carro se jala solo a la derecha,Llantas desbalanceadas o desalineadas,SUSPENSION_004,Suspensión y Dirección,baja
en la panamericana norte carro se jala solo a la derecha,Llantas desbalanceadas o desalineadas,SUSPENSION_004,Suspensión y Dirección,baja
resulta que en mi carro carro se jala solo a la derecha,Llantas desbalanceadas o desalineadas,SUSPENSION_004,Suspensión y Dirección,baja
hace dos dias noto que carro se jala solo a la derecha,Llantas desbalanceadas o desalineadas,SUSPENSION_004,Suspensión y Dirección,baja
sabes que carro se jala solo a la derecha,Llantas desbalanceadas o desalineadas,SUSPENSION_004,Suspensión y Dirección,baja
amigo mi auto presenta carro se jala solo a la derecha,Llantas desbalanceadas o desalineadas,SUSPENSION_004,Suspensión y Dirección,baja
timon duro para girar y suena zumbido al doblar,Cremallera de direccion asistida con holgura o fuga,SUSPENSION_003,Suspensión y Dirección,alta
en la panamericana norte timon duro para girar y suena zumbido al doblar,Cremallera de direccion asistida con holgura o fuga,SUSPENSION_003,Suspensión y Dirección,alta
resulta que en mi carro timon duro para girar y suena zumbido al doblar,Cremallera de direccion asistida con holgura o fuga,SUSPENSION_003,Suspensión y Dirección,alta
hace dos dias noto que timon duro para girar y suena zumbido al doblar,Cremallera de direccion asistida con holgura o fuga,SUSPENSION_003,Suspensión y Dirección,alta
amigo mi auto presenta timon duro para girar y suena zumbido al doblar,Cremallera de direccion asistida con holgura o fuga,SUSPENSION_003,Suspensión y Dirección,alta
al salir a trabajar en carabayllo timon duro para girar y suena zumbido al doblar,Cremallera de direccion asistida con holgura o fuga,SUSPENSION_003,Suspensión y Dirección,alta
sabes que timon duro para girar y suena zumbido al doblar,Cremallera de direccion asistida con holgura o fuga,SUSPENSION_003,Suspensión y Dirección,alta
tengo un problema con mi auto timon duro para girar y suena zumbido al doblar,Cremallera de direccion asistida con holgura o fuga,SUSPENSION_003,Suspensión y Dirección,alta
maestro una consulta timon duro para girar y suena zumbido al doblar,Cremallera de direccion asistida con holgura o fuga,SUSPENSION_003,Suspensión y Dirección,alta
al andar a 80 km/h timon duro para girar y suena zumbido al doblar,Cremallera de direccion asistida con holgura o fuga,SUSPENSION_003,Suspensión y Dirección,alta
buenas tardes mecanico timon duro para girar y suena zumbido al doblar,Cremallera de direccion asistida con holgura o fuga,SUSPENSION_003,Suspensión y Dirección,alta
tengo un problema con mi auto fuga de aceite de direccion en el suelo,Cremallera de direccion asistida con holgura o fuga,SUSPENSION_003,Suspensión y Dirección,alta
al salir a trabajar en carabayllo fuga de aceite de direccion en el suelo,Cremallera de direccion asistida con holgura o fuga,SUSPENSION_003,Suspensión y Dirección,alta
al andar a 80 km/h fuga de aceite de direccion en el suelo,Cremallera de direccion asistida con holgura o fuga,SUSPENSION_003,Suspensión y Dirección,alta
hace dos dias noto que fuga de aceite de direccion en el suelo,Cremallera de direccion asistida con holgura o fuga,SUSPENSION_003,Suspensión y Dirección,alta
en la panamericana norte fuga de aceite de direccion en el suelo,Cremallera de direccion asistida con holgura o fuga,SUSPENSION_003,Suspensión y Dirección,alta
sabes que fuga de aceite de direccion en el suelo,Cremallera de direccion asistida con holgura o fuga,SUSPENSION_003,Suspensión y Dirección,alta
amigo mi auto presenta fuga de aceite de direccion en el suelo,Cremallera de direccion asistida con holgura o fuga,SUSPENSION_003,Suspensión y Dirección,alta
maestro una consulta fuga de aceite de direccion en el suelo,Cremallera de direccion asistida con holgura o fuga,SUSPENSION_003,Suspensión y Dirección,alta
buenas tardes mecanico fuga de aceite de direccion en el suelo,Cremallera de direccion asistida con holgura o fuga,SUSPENSION_003,Suspensión y Dirección,alta
resulta que en mi carro fuga de aceite de direccion en el suelo,Cremallera de direccion asistida con holgura o fuga,SUSPENSION_003,Suspensión y Dirección,alta
hace dos dias noto que motor cascabelea en subidas,Falla en bujias o bobinas de encendido (misfire),MOTOR_001,Motor,alta
maestro una consulta motor cascabelea en subidas,Falla en bujias o bobinas de encendido (misfire),MOTOR_001,Motor,alta
tengo un problema con mi auto motor cascabelea en subidas,Falla en bujias o bobinas de encendido (misfire),MOTOR_001,Motor,alta
buenas tardes mecanico motor cascabelea en subidas,Falla en bujias o bobinas de encendido (misfire),MOTOR_001,Motor,alta
al andar a 80 km/h motor cascabelea en subidas,Falla en bujias o bobinas de encendido (misfire),MOTOR_001,Motor,alta
amigo mi auto presenta motor cascabelea en subidas,Falla en bujias o bobinas de encendido (misfire),MOTOR_001,Motor,alta
en la panamericana norte motor cascabelea en subidas,Falla en bujias o bobinas de encendido (misfire),MOTOR_001,Motor,alta
al salir a trabajar en carabayllo motor cascabelea en subidas,Falla en bujias o bobinas de encendido (misfire),MOTOR_001,Motor,alta
sabes que motor cascabelea en subidas,Falla en bujias o bobinas de encendido (misfire),MOTOR_001,Motor,alta
resulta que en mi carro motor cascabelea en subidas,Falla en bujias o bobinas de encendido (misfire),MOTOR_001,Motor,alta
carro tiembla y se chupa al acelerar,Falla en bujias o bobinas de encendido (misfire),MOTOR_001,Motor,alta
en la panamericana norte carro tiembla y se chupa al acelerar,Falla en bujias o bobinas de encendido (misfire),MOTOR_001,Motor,alta
sabes que carro tiembla y se chupa al acelerar,Falla en bujias o bobinas de encendido (misfire),MOTOR_001,Motor,alta
maestro una consulta carro tiembla y se chupa al acelerar,Falla en bujias o bobinas de encendido (misfire),MOTOR_001,Motor,alta
resulta que en mi carro carro tiembla y se chupa al acelerar,Falla en bujias o bobinas de encendido (misfire),MOTOR_001,Motor,alta
tengo un problema con mi auto carro tiembla y se chupa al acelerar,Falla en bujias o bobinas de encendido (misfire),MOTOR_001,Motor,alta
hace dos dias noto que carro tiembla y se chupa al acelerar,Falla en bujias o bobinas de encendido (misfire),MOTOR_001,Motor,alta
al salir a trabajar en carabayllo carro tiembla y se chupa al acelerar,Falla en bujias o bobinas de encendido (misfire),MOTOR_001,Motor,alta
buenas tardes mecanico carro tiembla y se chupa al acelerar,Falla en bujias o bobinas de encendido (misfire),MOTOR_001,Motor,alta
amigo mi auto presenta carro tiembla y se chupa al acelerar,Falla en bujias o bobinas de encendido (misfire),MOTOR_001,Motor,alta
al andar a 80 km/h carro tiembla y se chupa al acelerar,Falla en bujias o bobinas de encendido (misfire),MOTOR_001,Motor,alta
tengo un problema con mi auto falla de cilindro y perdida de potencia,Falla en bujias o bobinas de encendido (misfire),MOTOR_001,Motor,alta
al andar a 80 km/h falla de cilindro y perdida de potencia,Falla en bujias o bobinas de encendido (misfire),MOTOR_001,Motor,alta
buenas tardes mecanico falla de cilindro y perdida de potencia,Falla en bujias o bobinas de encendido (misfire),MOTOR_001,Motor,alta
resulta que en mi carro falla de cilindro y perdida de potencia,Falla en bujias o bobinas de encendido (misfire),MOTOR_001,Motor,alta
al salir a trabajar en carabayllo falla de cilindro y perdida de potencia,Falla en bujias o bobinas de encendido (misfire),MOTOR_001,Motor,alta
maestro una consulta falla de cilindro y perdida de potencia,Falla en bujias o bobinas de encendido (misfire),MOTOR_001,Motor,alta
hace dos dias noto que falla de cilindro y perdida de potencia,Falla en bujias o bobinas de encendido (misfire),MOTOR_001,Motor,alta
amigo mi auto presenta falla de cilindro y perdida de potencia,Falla en bujias o bobinas de encendido (misfire),MOTOR_001,Motor,alta
en la panamericana norte falla de cilindro y perdida de potencia,Falla en bujias o bobinas de encendido (misfire),MOTOR_001,Motor,alta
sabes que falla de cilindro y perdida de potencia,Falla en bujias o bobinas de encendido (misfire),MOTOR_001,Motor,alta
carro se agunta al acelerar fuerte,Inyectores sucios o filtro de combustible obstruido,COMBUSTIBLE_001,Inyección de Combustible,media
tengo un problema con mi auto carro se agunta al acelerar fuerte,Inyectores sucios o filtro de combustible obstruido,COMBUSTIBLE_001,Inyección de Combustible,media
en la panamericana norte carro se agunta al acelerar fuerte,Inyectores sucios o filtro de combustible obstruido,COMBUSTIBLE_001,Inyección de Combustible,media
sabes que carro se agunta al acelerar fuerte,Inyectores sucios o filtro de combustible obstruido,COMBUSTIBLE_001,Inyección de Combustible,media
al salir a trabajar en carabayllo carro se agunta al acelerar fuerte,Inyectores sucios o filtro de combustible obstruido,COMBUSTIBLE_001,Inyección de Combustible,media
maestro una consulta carro se agunta al acelerar fuerte,Inyectores sucios o filtro de combustible obstruido,COMBUSTIBLE_001,Inyección de Combustible,media
al andar a 80 km/h carro se agunta al acelerar fuerte,Inyectores sucios o filtro de combustible obstruido,COMBUSTIBLE_001,Inyección de Combustible,media
amigo mi auto presenta carro se agunta al acelerar fuerte,Inyectores sucios o filtro de combustible obstruido,COMBUSTIBLE_001,Inyección de Combustible,media
hace dos dias noto que carro se agunta al acelerar fuerte,Inyectores sucios o filtro de combustible obstruido,COMBUSTIBLE_001,Inyección de Combustible,media
buenas tardes mecanico carro se agunta al acelerar fuerte,Inyectores sucios o filtro de combustible obstruido,COMBUSTIBLE_001,Inyección de Combustible,media
resulta que en mi carro carro se agunta al acelerar fuerte,Inyectores sucios o filtro de combustible obstruido,COMBUSTIBLE_001,Inyección de Combustible,media
en la panamericana norte se atranca al acelerar,Inyectores sucios o filtro de combustible obstruido,COMBUSTIBLE_001,Inyección de Combustible,media
hace dos dias noto que se atranca al acelerar,Inyectores sucios o filtro de combustible obstruido,COMBUSTIBLE_001,Inyección de Combustible,media
al andar a 80 km/h se atranca al acelerar,Inyectores sucios o filtro de combustible obstruido,COMBUSTIBLE_001,Inyección de Combustible,media
amigo mi auto presenta se atranca al acelerar,Inyectores sucios o filtro de combustible obstruido,COMBUSTIBLE_001,Inyección de Combustible,media
sabes que se atranca al acelerar,Inyectores sucios o filtro de combustible obstruido,COMBUSTIBLE_001,Inyección de Combustible,media
resulta que en mi carro se atranca al acelerar,Inyectores sucios o filtro de combustible obstruido,COMBUSTIBLE_001,Inyección de Combustible,media
tengo un problema con mi auto se atranca al acelerar,Inyectores sucios o filtro de combustible obstruido,COMBUSTIBLE_001,Inyección de Combustible,media
al salir a trabajar en carabayllo se atranca al acelerar,Inyectores sucios o filtro de combustible obstruido,COMBUSTIBLE_001,Inyección de Combustible,media
maestro una consulta se atranca al acelerar,Inyectores sucios o filtro de combustible obstruido,COMBUSTIBLE_001,Inyección de Combustible,media
buenas tardes mecanico se atranca al acelerar,Inyectores sucios o filtro de combustible obstruido,COMBUSTIBLE_001,Inyección de Combustible,media
buenas tardes mecanico falta de pique y respuesta floja,Inyectores sucios o filtro de combustible obstruido,COMBUSTIBLE_001,Inyección de Combustible,media
amigo mi auto presenta falta de pique y respuesta floja,Inyectores sucios o filtro de combustible obstruido,COMBUSTIBLE_001,Inyección de Combustible,media
tengo un problema con mi auto falta de pique y respuesta floja,Inyectores sucios o filtro de combustible obstruido,COMBUSTIBLE_001,Inyección de Combustible,media
maestro una consulta falta de pique y respuesta floja,Inyectores sucios o filtro de combustible obstruido,COMBUSTIBLE_001,Inyección de Combustible,media
resulta que en mi carro falta de pique y respuesta floja,Inyectores sucios o filtro de combustible obstruido,COMBUSTIBLE_001,Inyección de Combustible,media
en la panamericana norte falta de pique y respuesta floja,Inyectores sucios o filtro de combustible obstruido,COMBUSTIBLE_001,Inyección de Combustible,media
al andar a 80 km/h falta de pique y respuesta floja,Inyectores sucios o filtro de combustible obstruido,COMBUSTIBLE_001,Inyección de Combustible,media
sabes que falta de pique y respuesta floja,Inyectores sucios o filtro de combustible obstruido,COMBUSTIBLE_001,Inyección de Combustible,media
hace dos dias noto que falta de pique y respuesta floja,Inyectores sucios o filtro de combustible obstruido,COMBUSTIBLE_001,Inyección de Combustible,media
al salir a trabajar en carabayllo falta de pique y respuesta floja,Inyectores sucios o filtro de combustible obstruido,COMBUSTIBLE_001,Inyección de Combustible,media
carro da arranque pero no llega a encender,Bomba de gasolina quemada o con baja presion,COMBUSTIBLE_002,Inyección de Combustible,alta
al andar a 80 km/h carro da arranque pero no llega a encender,Bomba de gasolina quemada o con baja presion,COMBUSTIBLE_002,Inyección de Combustible,alta
al salir a trabajar en carabayllo carro da arranque pero no llega a encender,Bomba de gasolina quemada o con baja presion,COMBUSTIBLE_002,Inyección de Combustible,alta
resulta que en mi carro carro da arranque pero no llega a encender,Bomba de gasolina quemada o con baja presion,COMBUSTIBLE_002,Inyección de Combustible,alta
hace dos dias noto que carro da arranque pero no llega a encender,Bomba de gasolina quemada o con baja presion,COMBUSTIBLE_002,Inyección de Combustible,alta
maestro una consulta carro da arranque pero no llega a encender,Bomba de gasolina quemada o con baja presion,COMBUSTIBLE_002,Inyección de Combustible,alta
buenas tardes mecanico carro da arranque pero no llega a encender,Bomba de gasolina quemada o con baja presion,COMBUSTIBLE_002,Inyección de Combustible,alta
sabes que carro da arranque pero no llega a encender,Bomba de gasolina quemada o con baja presion,COMBUSTIBLE_002,Inyección de Combustible,alta
amigo mi auto presenta carro da arranque pero no llega a encender,Bomba de gasolina quemada o con baja presion,COMBUSTIBLE_002,Inyección de Combustible,alta
en la panamericana norte carro da arranque pero no llega a encender,Bomba de gasolina quemada o con baja presion,COMBUSTIBLE_002,Inyección de Combustible,alta
tengo un problema con mi auto carro da arranque pero no llega a encender,Bomba de gasolina quemada o con baja presion,COMBUSTIBLE_002,Inyección de Combustible,alta
bomba de gasolina no suena al girar llave,Bomba de gasolina quemada o con baja presion,COMBUSTIBLE_002,Inyección de Combustible,alta
en la panamericana norte bomba de gasolina no suena al girar llave,Bomba de gasolina quemada o con baja presion,COMBUSTIBLE_002,Inyección de Combustible,alta
sabes que bomba de gasolina no suena al girar llave,Bomba de gasolina quemada o con baja presion,COMBUSTIBLE_002,Inyección de Combustible,alta
tengo un problema con mi auto bomba de gasolina no suena al girar llave,Bomba de gasolina quemada o con baja presion,COMBUSTIBLE_002,Inyección de Combustible,alta
hace dos dias noto que bomba de gasolina no suena al girar llave,Bomba de gasolina quemada o con baja presion,COMBUSTIBLE_002,Inyección de Combustible,alta
maestro una consulta bomba de gasolina no suena al girar llave,Bomba de gasolina quemada o con baja presion,COMBUSTIBLE_002,Inyección de Combustible,alta
al salir a trabajar en carabayllo bomba de gasolina no suena al girar llave,Bomba de gasolina quemada o con baja presion,COMBUSTIBLE_002,Inyección de Combustible,alta
amigo mi auto presenta bomba de gasolina no suena al girar llave,Bomba de gasolina quemada o con baja presion,COMBUSTIBLE_002,Inyección de Combustible,alta
al andar a 80 km/h bomba de gasolina no suena al girar llave,Bomba de gasolina quemada o con baja presion,COMBUSTIBLE_002,Inyección de Combustible,alta
buenas tardes mecanico bomba de gasolina no suena al girar llave,Bomba de gasolina quemada o con baja presion,COMBUSTIBLE_002,Inyección de Combustible,alta
resulta que en mi carro bomba de gasolina no suena al girar llave,Bomba de gasolina quemada o con baja presion,COMBUSTIBLE_002,Inyección de Combustible,alta
al andar a 80 km/h alto consumo de gasolina y bota humo negro,Falla en sensor de oxigeno o mezcla rica,COMBUSTIBLE_004,Inyección de Combustible,media
en la panamericana norte alto consumo de gasolina y bota humo negro,Falla en sensor de oxigeno o mezcla rica,COMBUSTIBLE_004,Inyección de Combustible,media
resulta que en mi carro alto consumo de gasolina y bota humo negro,Falla en sensor de oxigeno o mezcla rica,COMBUSTIBLE_004,Inyección de Combustible,media
tengo un problema con mi auto alto consumo de gasolina y bota humo negro,Falla en sensor de oxigeno o mezcla rica,COMBUSTIBLE_004,Inyección de Combustible,media
al salir a trabajar en carabayllo alto consumo de gasolina y bota humo negro,Falla en sensor de oxigeno o mezcla rica,COMBUSTIBLE_004,Inyección de Combustible,media
maestro una consulta alto consumo de gasolina y bota humo negro,Falla en sensor de oxigeno o mezcla rica,COMBUSTIBLE_004,Inyección de Combustible,media
hace dos dias noto que alto consumo de gasolina y bota humo negro,Falla en sensor de oxigeno o mezcla rica,COMBUSTIBLE_004,Inyección de Combustible,media
sabes que alto consumo de gasolina y bota humo negro,Falla en sensor de oxigeno o mezcla rica,COMBUSTIBLE_004,Inyección de Combustible,media
buenas tardes mecanico alto consumo de gasolina y bota humo negro,Falla en sensor de oxigeno o mezcla rica,COMBUSTIBLE_004,Inyección de Combustible,media
amigo mi auto presenta alto consumo de gasolina y bota humo negro,Falla en sensor de oxigeno o mezcla rica,COMBUSTIBLE_004,Inyección de Combustible,media
carro traga demasiado combustible,Falla en sensor de oxigeno o mezcla rica,COMBUSTIBLE_004,Inyección de Combustible,media
tengo un problema con mi auto carro traga demasiado combustible,Falla en sensor de oxigeno o mezcla rica,COMBUSTIBLE_004,Inyección de Combustible,media
al salir a trabajar en carabayllo carro traga demasiado combustible,Falla en sensor de oxigeno o mezcla rica,COMBUSTIBLE_004,Inyección de Combustible,media
buenas tardes mecanico carro traga demasiado combustible,Falla en sensor de oxigeno o mezcla rica,COMBUSTIBLE_004,Inyección de Combustible,media
sabes que carro traga demasiado combustible,Falla en sensor de oxigeno o mezcla rica,COMBUSTIBLE_004,Inyección de Combustible,media
en la panamericana norte carro traga demasiado combustible,Falla en sensor de oxigeno o mezcla rica,COMBUSTIBLE_004,Inyección de Combustible,media
al andar a 80 km/h carro traga demasiado combustible,Falla en sensor de oxigeno o mezcla rica,COMBUSTIBLE_004,Inyección de Combustible,media
resulta que en mi carro carro traga demasiado combustible,Falla en sensor de oxigeno o mezcla rica,COMBUSTIBLE_004,Inyección de Combustible,media
amigo mi auto presenta carro traga demasiado combustible,Falla en sensor de oxigeno o mezcla rica,COMBUSTIBLE_004,Inyección de Combustible,media
maestro una consulta carro traga demasiado combustible,Falla en sensor de oxigeno o mezcla rica,COMBUSTIBLE_004,Inyección de Combustible,media
hace dos dias noto que carro traga demasiado combustible,Falla en sensor de oxigeno o mezcla rica,COMBUSTIBLE_004,Inyección de Combustible,media
maestro una consulta luz de check engine por mezcla rica,Falla en sensor de oxigeno o mezcla rica,COMBUSTIBLE_004,Inyección de Combustible,media
al salir a trabajar en carabayllo luz de check engine por mezcla rica,Falla en sensor de oxigeno o mezcla rica,COMBUSTIBLE_004,Inyección de Combustible,media
resulta que en mi carro luz de check engine por mezcla rica,Falla en sensor de oxigeno o mezcla rica,COMBUSTIBLE_004,Inyección de Combustible,media
en la panamericana norte luz de check engine por mezcla rica,Falla en sensor de oxigeno o mezcla rica,COMBUSTIBLE_004,Inyección de Combustible,media
amigo mi auto presenta luz de check engine por mezcla rica,Falla en sensor de oxigeno o mezcla rica,COMBUSTIBLE_004,Inyección de Combustible,media
buenas tardes mecanico luz de check engine por mezcla rica,Falla en sensor de oxigeno o mezcla rica,COMBUSTIBLE_004,Inyección de Combustible,media
sabes que luz de check engine por mezcla rica,Falla en sensor de oxigeno o mezcla rica,COMBUSTIBLE_004,Inyección de Combustible,media
hace dos dias noto que luz de check engine por mezcla rica,Falla en sensor de oxigeno o mezcla rica,COMBUSTIBLE_004,Inyección de Combustible,media
al andar a 80 km/h luz de check engine por mezcla rica,Falla en sensor de oxigeno o mezcla rica,COMBUSTIBLE_004,Inyección de Combustible,media
tengo un problema con mi auto luz de check engine por mezcla rica,Falla en sensor de oxigeno o mezcla rica,COMBUSTIBLE_004,Inyección de Combustible,media
en la panamericana norte sale humo blanco espeso por el tubo de escape,Empaque de culata soplado o danado,MOTOR_003,Motor,alta
al andar a 80 km/h sale humo blanco espeso por el tubo de escape,Empaque de culata soplado o danado,MOTOR_003,Motor,alta
maestro una consulta sale humo blanco espeso por el tubo de escape,Empaque de culata soplado o danado,MOTOR_003,Motor,alta
resulta que en mi carro sale humo blanco espeso por el tubo de escape,Empaque de culata soplado o danado,MOTOR_003,Motor,alta
amigo mi auto presenta sale humo blanco espeso por el tubo de escape,Empaque de culata soplado o danado,MOTOR_003,Motor,alta
sabes que sale humo blanco espeso por el tubo de escape,Empaque de culata soplado o danado,MOTOR_003,Motor,alta
buenas tardes mecanico sale humo blanco espeso por el tubo de escape,Empaque de culata soplado o danado,MOTOR_003,Motor,alta
tengo un problema con mi auto sale humo blanco espeso por el tubo de escape,Empaque de culata soplado o danado,MOTOR_003,Motor,alta
al salir a trabajar en carabayllo sale humo blanco espeso por el tubo de escape,Empaque de culata soplado o danado,MOTOR_003,Motor,alta
hace dos dias noto que sale humo blanco espeso por el tubo de escape,Empaque de culata soplado o danado,MOTOR_003,Motor,alta
sabes que se mezcla el agua con el aceite,Empaque de culata soplado o danado,MOTOR_003,Motor,alta
amigo mi auto presenta se mezcla el agua con el aceite,Empaque de culata soplado o danado,MOTOR_003,Motor,alta
al salir a trabajar en carabayllo se mezcla el agua con el aceite,Empaque de culata soplado o danado,MOTOR_003,Motor,alta
maestro una consulta se mezcla el agua con el aceite,Empaque de culata soplado o danado,MOTOR_003,Motor,alta
hace dos dias noto que se mezcla el agua con el aceite,Empaque de culata soplado o danado,MOTOR_003,Motor,alta
al andar a 80 km/h se mezcla el agua con el aceite,Empaque de culata soplado o danado,MOTOR_003,Motor,alta
resulta que en mi carro se mezcla el agua con el aceite,Empaque de culata soplado o danado,MOTOR_003,Motor,alta
tengo un problema con mi auto se mezcla el agua con el aceite,Empaque de culata soplado o danado,MOTOR_003,Motor,alta
en la panamericana norte se mezcla el agua con el aceite,Empaque de culata soplado o danado,MOTOR_003,Motor,alta
buenas tardes mecanico se mezcla el agua con el aceite,Empaque de culata soplado o danado,MOTOR_003,Motor,alta
radiador bota burbujas,Empaque de culata soplado o danado,MOTOR_003,Motor,alta
en la panamericana norte radiador bota burbujas,Empaque de culata soplado o danado,MOTOR_003,Motor,alta
maestro una consulta radiador bota burbujas,Empaque de culata soplado o danado,MOTOR_003,Motor,alta
al salir a trabajar en carabayllo radiador bota burbujas,Empaque de culata soplado o danado,MOTOR_003,Motor,alta
amigo mi auto presenta radiador bota burbujas,Empaque de culata soplado o danado,MOTOR_003,Motor,alta
hace dos dias noto que radiador bota burbujas,Empaque de culata soplado o danado,MOTOR_003,Motor,alta
buenas tardes mecanico radiador bota burbujas,Empaque de culata soplado o danado,MOTOR_003,Motor,alta
tengo un problema con mi auto radiador bota burbujas,Empaque de culata soplado o danado,MOTOR_003,Motor,alta
resulta que en mi carro radiador bota burbujas,Empaque de culata soplado o danado,MOTOR_003,Motor,alta
al andar a 80 km/h radiador bota burbujas,Empaque de culata soplado o danado,MOTOR_003,Motor,alta
en la panamericana norte bota humo azul con olor a aceite quemado,Consumo de aceite por desgaste de anillos o retenes,MOTOR_002,Motor,alta
sabes que bota humo azul con olor a aceite quemado,Consumo de aceite por desgaste de anillos o retenes,MOTOR_002,Motor,alta
hace dos dias noto que bota humo azul con olor a aceite quemado,Consumo de aceite por desgaste de anillos o retenes,MOTOR_002,Motor,alta
al salir a trabajar en carabayllo bota humo azul con olor a aceite quemado,Consumo de aceite por desgaste de anillos o retenes,MOTOR_002,Motor,alta
maestro una consulta bota humo azul con olor a aceite quemado,Consumo de aceite por desgaste de anillos o retenes,MOTOR_002,Motor,alta
amigo mi auto presenta bota humo azul con olor a aceite quemado,Consumo de aceite por desgaste de anillos o retenes,MOTOR_002,Motor,alta
buenas tardes mecanico bota humo azul con olor a aceite quemado,Consumo de aceite por desgaste de anillos o retenes,MOTOR_002,Motor,alta
tengo un problema con mi auto bota humo azul con olor a aceite quemado,Consumo de aceite por desgaste de anillos o retenes,MOTOR_002,Motor,alta
resulta que en mi carro bota humo azul con olor a aceite quemado,Consumo de aceite por desgaste de anillos o retenes,MOTOR_002,Motor,alta
al andar a 80 km/h bota humo azul con olor a aceite quemado,Consumo de aceite por desgaste de anillos o retenes,MOTOR_002,Motor,alta
al andar a 80 km/h tengo que echarle un litro de aceite cada semana,Consumo de aceite por desgaste de anillos o retenes,MOTOR_002,Motor,alta
tengo un problema con mi auto tengo que echarle un litro de aceite cada semana,Consumo de aceite por desgaste de anillos o retenes,MOTOR_002,Motor,alta
sabes que tengo que echarle un litro de aceite cada semana,Consumo de aceite por desgaste de anillos o retenes,MOTOR_002,Motor,alta
en la panamericana norte tengo que echarle un litro de aceite cada semana,Consumo de aceite por desgaste de anillos o retenes,MOTOR_002,Motor,alta
al salir a trabajar en carabayllo tengo que echarle un litro de aceite cada semana,Consumo de aceite por desgaste de anillos o retenes,MOTOR_002,Motor,alta
buenas tardes mecanico tengo que echarle un litro de aceite cada semana,Consumo de aceite por desgaste de anillos o retenes,MOTOR_002,Motor,alta
resulta que en mi carro tengo que echarle un litro de aceite cada semana,Consumo de aceite por desgaste de anillos o retenes,MOTOR_002,Motor,alta
amigo mi auto presenta tengo que echarle un litro de aceite cada semana,Consumo de aceite por desgaste de anillos o retenes,MOTOR_002,Motor,alta
hace dos dias noto que tengo que echarle un litro de aceite cada semana,Consumo de aceite por desgaste de anillos o retenes,MOTOR_002,Motor,alta
maestro una consulta tengo que echarle un litro de aceite cada semana,Consumo de aceite por desgaste de anillos o retenes,MOTOR_002,Motor,alta
carro se apaga solo al soltar acelerador en semaforos,Cuerpo de aceleracion o valvula IAC sucia,COMBUSTIBLE_003,Inyección de Combustible,media
resulta que en mi carro carro se apaga solo al soltar acelerador en semaforos,Cuerpo de aceleracion o valvula IAC sucia,COMBUSTIBLE_003,Inyección de Combustible,media
sabes que carro se apaga solo al soltar acelerador en semaforos,Cuerpo de aceleracion o valvula IAC sucia,COMBUSTIBLE_003,Inyección de Combustible,media
buenas tardes mecanico carro se apaga solo al soltar acelerador en semaforos,Cuerpo de aceleracion o valvula IAC sucia,COMBUSTIBLE_003,Inyección de Combustible,media
amigo mi auto presenta carro se apaga solo al soltar acelerador en semaforos,Cuerpo de aceleracion o valvula IAC sucia,COMBUSTIBLE_003,Inyección de Combustible,media
al andar a 80 km/h carro se apaga solo al soltar acelerador en semaforos,Cuerpo de aceleracion o valvula IAC sucia,COMBUSTIBLE_003,Inyección de Combustible,media
en la panamericana norte carro se apaga solo al soltar acelerador en semaforos,Cuerpo de aceleracion o valvula IAC sucia,COMBUSTIBLE_003,Inyección de Combustible,media
al salir a trabajar en carabayllo carro se apaga solo al soltar acelerador en semaforos,Cuerpo de aceleracion o valvula IAC sucia,COMBUSTIBLE_003,Inyección de Combustible,media
hace dos dias noto que carro se apaga solo al soltar acelerador en semaforos,Cuerpo de aceleracion o valvula IAC sucia,COMBUSTIBLE_003,Inyección de Combustible,media
tengo un problema con mi auto carro se apaga solo al soltar acelerador en semaforos,Cuerpo de aceleracion o valvula IAC sucia,COMBUSTIBLE_003,Inyección de Combustible,media
maestro una consulta carro se apaga solo al soltar acelerador en semaforos,Cuerpo de aceleracion o valvula IAC sucia,COMBUSTIBLE_003,Inyección de Combustible,media
minimo oscila sube y baja solo,Cuerpo de aceleracion o valvula IAC sucia,COMBUSTIBLE_003,Inyección de Combustible,media
amigo mi auto presenta minimo oscila sube y baja solo,Cuerpo de aceleracion o valvula IAC sucia,COMBUSTIBLE_003,Inyección de Combustible,media
buenas tardes mecanico minimo oscila sube y baja solo,Cuerpo de aceleracion o valvula IAC sucia,COMBUSTIBLE_003,Inyección de Combustible,media
en la panamericana norte minimo oscila sube y baja solo,Cuerpo de aceleracion o valvula IAC sucia,COMBUSTIBLE_003,Inyección de Combustible,media
sabes que minimo oscila sube y baja solo,Cuerpo de aceleracion o valvula IAC sucia,COMBUSTIBLE_003,Inyección de Combustible,media
maestro una consulta minimo oscila sube y baja solo,Cuerpo de aceleracion o valvula IAC sucia,COMBUSTIBLE_003,Inyección de Combustible,media
al salir a trabajar en carabayllo minimo oscila sube y baja solo,Cuerpo de aceleracion o valvula IAC sucia,COMBUSTIBLE_003,Inyección de Combustible,media
resulta que en mi carro minimo oscila sube y baja solo,Cuerpo de aceleracion o valvula IAC sucia,COMBUSTIBLE_003,Inyección de Combustible,media
hace dos dias noto que minimo oscila sube y baja solo,Cuerpo de aceleracion o valvula IAC sucia,COMBUSTIBLE_003,Inyección de Combustible,media
tengo un problema con mi auto minimo oscila sube y baja solo,Cuerpo de aceleracion o valvula IAC sucia,COMBUSTIBLE_003,Inyección de Combustible,media
al andar a 80 km/h minimo oscila sube y baja solo,Cuerpo de aceleracion o valvula IAC sucia,COMBUSTIBLE_003,Inyección de Combustible,media
bota vapor blanco por el escape y junta agua con aceite,Empaque de culata soplado o danado,MOTOR_003,Motor,alta
tengo una falla en mi carro bota vapor blanco por el escape y junta agua con aceite,Empaque de culata soplado o danado,MOTOR_003,Motor,alta
al andar por carabayllo bota vapor blanco por el escape y junta agua con aceite,Empaque de culata soplado o danado,MOTOR_003,Motor,alta
en la panamericana norte bota vapor blanco por el escape y junta agua con aceite,Empaque de culata soplado o danado,MOTOR_003,Motor,alta
amigo una consulta bota vapor blanco por el escape y junta agua con aceite,Empaque de culata soplado o danado,MOTOR_003,Motor,alta
resulta que bota vapor blanco por el escape y junta agua con aceite,Empaque de culata soplado o danado,MOTOR_003,Motor,alta
maestro mi caña bota vapor blanco por el escape y junta agua con aceite,Empaque de culata soplado o danado,MOTOR_003,Motor,alta
buenas tardes maestro bota vapor blanco por el escape y junta agua con aceite,Empaque de culata soplado o danado,MOTOR_003,Motor,alta
mi auto presenta bota vapor blanco por el escape y junta agua con aceite,Empaque de culata soplado o danado,MOTOR_003,Motor,alta
en el taller me dijeron que bota vapor blanco por el escape y junta agua con aceite,Empaque de culata soplado o danado,MOTOR_003,Motor,alta
el radiador bota burbujas con el motor encendido,Empaque de culata soplado o danado,MOTOR_003,Motor,alta
resulta que el radiador bota burbujas con el motor encendido,Empaque de culata soplado o danado,MOTOR_003,Motor,alta
amigo una consulta el radiador bota burbujas con el motor encendido,Empaque de culata soplado o danado,MOTOR_003,Motor,alta
mi auto presenta el radiador bota burbujas con el motor encendido,Empaque de culata soplado o danado,MOTOR_003,Motor,alta
buenas tardes maestro el radiador bota burbujas con el motor encendido,Empaque de culata soplado o danado,MOTOR_003,Motor,alta
en el taller me dijeron que el radiador bota burbujas con el motor encendido,Empaque de culata soplado o danado,MOTOR_003,Motor,alta
maestro mi caña el radiador bota burbujas con el motor encendido,Empaque de culata soplado o danado,MOTOR_003,Motor,alta
en la panamericana norte el radiador bota burbujas con el motor encendido,Empaque de culata soplado o danado,MOTOR_003,Motor,alta
al andar por carabayllo el radiador bota burbujas con el motor encendido,Empaque de culata soplado o danado,MOTOR_003,Motor,alta
tengo una falla en mi carro el radiador bota burbujas con el motor encendido,Empaque de culata soplado o danado,MOTOR_003,Motor,alta
aceite de motor parece leche con cafe chocolatada,Empaque de culata soplado o danado,MOTOR_003,Motor,alta
tengo una falla en mi carro aceite de motor parece leche con cafe chocolatada,Empaque de culata soplado o danado,MOTOR_003,Motor,alta
buenas tardes maestro aceite de motor parece leche con cafe chocolatada,Empaque de culata soplado o danado,MOTOR_003,Motor,alta
al andar por carabayllo aceite de motor parece leche con cafe chocolatada,Empaque de culata soplado o danado,MOTOR_003,Motor,alta
en la panamericana norte aceite de motor parece leche con cafe chocolatada,Empaque de culata soplado o danado,MOTOR_003,Motor,alta
maestro mi caña aceite de motor parece leche con cafe chocolatada,Empaque de culata soplado o danado,MOTOR_003,Motor,alta
mi auto presenta aceite de motor parece leche con cafe chocolatada,Empaque de culata soplado o danado,MOTOR_003,Motor,alta
en el taller me dijeron que aceite de motor parece leche con cafe chocolatada,Empaque de culata soplado o danado,MOTOR_003,Motor,alta
amigo una consulta aceite de motor parece leche con cafe chocolatada,Empaque de culata soplado o danado,MOTOR_003,Motor,alta
resulta que aceite de motor parece leche con cafe chocolatada,Empaque de culata soplado o danado,MOTOR_003,Motor,alta
motor hizo un ruido seco feo y se apago al instante no vuelve a arrancar,Faja o cadena de distribucion destensada o con salto de punto,MOTOR_005,Motor,alta
al andar por carabayllo motor hizo un ruido seco feo y se apago al instante no vuelve a arrancar,Faja o cadena de distribucion destensada o con salto de punto,MOTOR_005,Motor,alta
en el taller me dijeron que motor hizo un ruido seco feo y se apago al instante no vuelve a arrancar,Faja o cadena de distribucion destensada o con salto de punto,MOTOR_005,Motor,alta
en la panamericana norte motor hizo un ruido seco feo y se apago al instante no vuelve a arrancar,Faja o cadena de distribucion destensada o con salto de punto,MOTOR_005,Motor,alta
amigo una consulta motor hizo un ruido seco feo y se apago al instante no vuelve a arrancar,Faja o cadena de distribucion destensada o con salto de punto,MOTOR_005,Motor,alta
tengo una falla en mi carro motor hizo un ruido seco feo y se apago al instante no vuelve a arrancar,Faja o cadena de distribucion destensada o con salto de punto,MOTOR_005,Motor,alta
mi auto presenta motor hizo un ruido seco feo y se apago al instante no vuelve a arrancar,Faja o cadena de distribucion destensada o con salto de punto,MOTOR_005,Motor,alta
resulta que motor hizo un ruido seco feo y se apago al instante no vuelve a arrancar,Faja o cadena de distribucion destensada o con salto de punto,MOTOR_005,Motor,alta
buenas tardes maestro motor hizo un ruido seco feo y se apago al instante no vuelve a arrancar,Faja o cadena de distribucion destensada o con salto de punto,MOTOR_005,Motor,alta
maestro mi caña motor hizo un ruido seco feo y se apago al instante no vuelve a arrancar,Faja o cadena de distribucion destensada o con salto de punto,MOTOR_005,Motor,alta
ruido de latigazo en la tapa de distribucion,Faja o cadena de distribucion destensada o con salto de punto,MOTOR_005,Motor,alta
en el taller me dijeron que ruido de latigazo en la tapa de distribucion,Faja o cadena de distribucion destensada o con salto de punto,MOTOR_005,Motor,alta
tengo una falla en mi carro ruido de latigazo en la tapa de distribucion,Faja o cadena de distribucion destensada o con salto de punto,MOTOR_005,Motor,alta
buenas tardes maestro ruido de latigazo en la tapa de distribucion,Faja o cadena de distribucion destensada o con salto de punto,MOTOR_005,Motor,alta
en la panamericana norte ruido de latigazo en la tapa de distribucion,Faja o cadena de distribucion destensada o con salto de punto,MOTOR_005,Motor,alta
al andar por carabayllo ruido de latigazo en la tapa de distribucion,Faja o cadena de distribucion destensada o con salto de punto,MOTOR_005,Motor,alta
mi auto presenta ruido de latigazo en la tapa de distribucion,Faja o cadena de distribucion destensada o con salto de punto,MOTOR_005,Motor,alta
resulta que ruido de latigazo en la tapa de distribucion,Faja o cadena de distribucion destensada o con salto de punto,MOTOR_005,Motor,alta
amigo una consulta ruido de latigazo en la tapa de distribucion,Faja o cadena de distribucion destensada o con salto de punto,MOTOR_005,Motor,alta
maestro mi caña ruido de latigazo en la tapa de distribucion,Faja o cadena de distribucion destensada o con salto de punto,MOTOR_005,Motor,alta
arbol de levas no gira al dar arranque,Faja o cadena de distribucion destensada o con salto de punto,MOTOR_005,Motor,alta
mi auto presenta arbol de levas no gira al dar arranque,Faja o cadena de distribucion destensada o con salto de punto,MOTOR_005,Motor,alta
al andar por carabayllo arbol de levas no gira al dar arranque,Faja o cadena de distribucion destensada o con salto de punto,MOTOR_005,Motor,alta
en la panamericana norte arbol de levas no gira al dar arranque,Faja o cadena de distribucion destensada o con salto de punto,MOTOR_005,Motor,alta
en el taller me dijeron que arbol de levas no gira al dar arranque,Faja o cadena de distribucion destensada o con salto de punto,MOTOR_005,Motor,alta
tengo una falla en mi carro arbol de levas no gira al dar arranque,Faja o cadena de distribucion destensada o con salto de punto,MOTOR_005,Motor,alta
buenas tardes maestro arbol de levas no gira al dar arranque,Faja o cadena de distribucion destensada o con salto de punto,MOTOR_005,Motor,alta
amigo una consulta arbol de levas no gira al dar arranque,Faja o cadena de distribucion destensada o con salto de punto,MOTOR_005,Motor,alta
resulta que arbol de levas no gira al dar arranque,Faja o cadena de distribucion destensada o con salto de punto,MOTOR_005,Motor,alta
maestro mi caña arbol de levas no gira al dar arranque,Faja o cadena de distribucion destensada o con salto de punto,MOTOR_005,Motor,alta
testigo de la aceitera se prende en rojo en el tablero,Baja presion de aceite o bomba de aceite defectuosa,MOTOR_004,Motor,alta
al andar por carabayllo testigo de la aceitera se prende en rojo en el tablero,Baja presion de aceite o bomba de aceite defectuosa,MOTOR_004,Motor,alta
tengo una falla en mi carro testigo de la aceitera se prende en rojo en el tablero,Baja presion de aceite o bomba de aceite defectuosa,MOTOR_004,Motor,alta
maestro mi caña testigo de la aceitera se prende en rojo en el tablero,Baja presion de aceite o bomba de aceite defectuosa,MOTOR_004,Motor,alta
mi auto presenta testigo de la aceitera se prende en rojo en el tablero,Baja presion de aceite o bomba de aceite defectuosa,MOTOR_004,Motor,alta
amigo una consulta testigo de la aceitera se prende en rojo en el tablero,Baja presion de aceite o bomba de aceite defectuosa,MOTOR_004,Motor,alta
en el taller me dijeron que testigo de la aceitera se prende en rojo en el tablero,Baja presion de aceite o bomba de aceite defectuosa,MOTOR_004,Motor,alta
resulta que testigo de la aceitera se prende en rojo en el tablero,Baja presion de aceite o bomba de aceite defectuosa,MOTOR_004,Motor,alta
en la panamericana norte testigo de la aceitera se prende en rojo en el tablero,Baja presion de aceite o bomba de aceite defectuosa,MOTOR_004,Motor,alta
buenas tardes maestro testigo de la aceitera se prende en rojo en el tablero,Baja presion de aceite o bomba de aceite defectuosa,MOTOR_004,Motor,alta
ruido de buzos y taques sonando como maquina de coser,Baja presion de aceite o bomba de aceite defectuosa,MOTOR_004,Motor,alta
tengo una falla en mi carro ruido de buzos y taques sonando como maquina de coser,Baja presion de aceite o bomba de aceite defectuosa,MOTOR_004,Motor,alta
mi auto presenta ruido de buzos y taques sonando como maquina de coser,Baja presion de aceite o bomba de aceite defectuosa,MOTOR_004,Motor,alta
al andar por carabayllo ruido de buzos y taques sonando como maquina de coser,Baja presion de aceite o bomba de aceite defectuosa,MOTOR_004,Motor,alta
buenas tardes maestro ruido de buzos y taques sonando como maquina de coser,Baja presion de aceite o bomba de aceite defectuosa,MOTOR_004,Motor,alta
amigo una consulta ruido de buzos y taques sonando como maquina de coser,Baja presion de aceite o bomba de aceite defectuosa,MOTOR_004,Motor,alta
maestro mi caña ruido de buzos y taques sonando como maquina de coser,Baja presion de aceite o bomba de aceite defectuosa,MOTOR_004,Motor,alta
en la panamericana norte ruido de buzos y taques sonando como maquina de coser,Baja presion de aceite o bomba de aceite defectuosa,MOTOR_004,Motor,alta
en el taller me dijeron que ruido de buzos y taques sonando como maquina de coser,Baja presion de aceite o bomba de aceite defectuosa,MOTOR_004,Motor,alta
resulta que ruido de buzos y taques sonando como maquina de coser,Baja presion de aceite o bomba de aceite defectuosa,MOTOR_004,Motor,alta
presion de aceite cae a cero en caliente,Baja presion de aceite o bomba de aceite defectuosa,MOTOR_004,Motor,alta
mi auto presenta presion de aceite cae a cero en caliente,Baja presion de aceite o bomba de aceite defectuosa,MOTOR_004,Motor,alta
en la panamericana norte presion de aceite cae a cero en caliente,Baja presion de aceite o bomba de aceite defectuosa,MOTOR_004,Motor,alta
resulta que presion de aceite cae a cero en caliente,Baja presion de aceite o bomba de aceite defectuosa,MOTOR_004,Motor,alta
tengo una falla en mi carro presion de aceite cae a cero en caliente,Baja presion de aceite o bomba de aceite defectuosa,MOTOR_004,Motor,alta
amigo una consulta presion de aceite cae a cero en caliente,Baja presion de aceite o bomba de aceite defectuosa,MOTOR_004,Motor,alta
buenas tardes maestro presion de aceite cae a cero en caliente,Baja presion de aceite o bomba de aceite defectuosa,MOTOR_004,Motor,alta
maestro mi caña presion de aceite cae a cero en caliente,Baja presion de aceite o bomba de aceite defectuosa,MOTOR_004,Motor,alta
en el taller me dijeron que presion de aceite cae a cero en caliente,Baja presion de aceite o bomba de aceite defectuosa,MOTOR_004,Motor,alta
al andar por carabayllo presion de aceite cae a cero en caliente,Baja presion de aceite o bomba de aceite defectuosa,MOTOR_004,Motor,alta
el motor acelera y ruge pero el carro no agarra velocidad en subida,Disco de embrague desgastado o patinando,EMBRAGUE_001,Transmisión y Embrague,alta
amigo una consulta el motor acelera y ruge pero el carro no agarra velocidad en subida,Disco de embrague desgastado o patinando,EMBRAGUE_001,Transmisión y Embrague,alta
maestro mi caña el motor acelera y ruge pero el carro no agarra velocidad en subida,Disco de embrague desgastado o patinando,EMBRAGUE_001,Transmisión y Embrague,alta
al andar por carabayllo el motor acelera y ruge pero el carro no agarra velocidad en subida,Disco de embrague desgastado o patinando,EMBRAGUE_001,Transmisión y Embrague,alta
en el taller me dijeron que el motor acelera y ruge pero el carro no agarra velocidad en subida,Disco de embrague desgastado o patinando,EMBRAGUE_001,Transmisión y Embrague,alta
en la panamericana norte el motor acelera y ruge pero el carro no agarra velocidad en subida,Disco de embrague desgastado o patinando,EMBRAGUE_001,Transmisión y Embrague,alta
resulta que el motor acelera y ruge pero el carro no agarra velocidad en subida,Disco de embrague desgastado o patinando,EMBRAGUE_001,Transmisión y Embrague,alta
mi auto presenta el motor acelera y ruge pero el carro no agarra velocidad en subida,Disco de embrague desgastado o patinando,EMBRAGUE_001,Transmisión y Embrague,alta
tengo una falla en mi carro el motor acelera y ruge pero el carro no agarra velocidad en subida,Disco de embrague desgastado o patinando,EMBRAGUE_001,Transmisión y Embrague,alta
buenas tardes maestro el motor acelera y ruge pero el carro no agarra velocidad en subida,Disco de embrague desgastado o patinando,EMBRAGUE_001,Transmisión y Embrague,alta
embrague resbala al pasar cambios,Disco de embrague desgastado o patinando,EMBRAGUE_001,Transmisión y Embrague,alta
buenas tardes maestro embrague resbala al pasar cambios,Disco de embrague desgastado o patinando,EMBRAGUE_001,Transmisión y Embrague,alta
tengo una falla en mi carro embrague resbala al pasar cambios,Disco de embrague desgastado o patinando,EMBRAGUE_001,Transmisión y Embrague,alta
resulta que embrague resbala al pasar cambios,Disco de embrague desgastado o patinando,EMBRAGUE_001,Transmisión y Embrague,alta
en el taller me dijeron que embrague resbala al pasar cambios,Disco de embrague desgastado o patinando,EMBRAGUE_001,Transmisión y Embrague,alta
en la panamericana norte embrague resbala al pasar cambios,Disco de embrague desgastado o patinando,EMBRAGUE_001,Transmisión y Embrague,alta
mi auto presenta embrague resbala al pasar cambios,Disco de embrague desgastado o patinando,EMBRAGUE_001,Transmisión y Embrague,alta
al andar por carabayllo embrague resbala al pasar cambios,Disco de embrague desgastado o patinando,EMBRAGUE_001,Transmisión y Embrague,alta
maestro mi caña embrague resbala al pasar cambios,Disco de embrague desgastado o patinando,EMBRAGUE_001,Transmisión y Embrague,alta
amigo una consulta embrague resbala al pasar cambios,Disco de embrague desgastado o patinando,EMBRAGUE_001,Transmisión y Embrague,alta
olor a quemado feo al soltar el pedal de embrague,Disco de embrague desgastado o patinando,EMBRAGUE_001,Transmisión y Embrague,alta
amigo una consulta olor a quemado feo al soltar el pedal de embrague,Disco de embrague desgastado o patinando,EMBRAGUE_001,Transmisión y Embrague,alta
en la panamericana norte olor a quemado feo al soltar el pedal de embrague,Disco de embrague desgastado o patinando,EMBRAGUE_001,Transmisión y Embrague,alta
tengo una falla en mi carro olor a quemado feo al soltar el pedal de embrague,Disco de embrague desgastado o patinando,EMBRAGUE_001,Transmisión y Embrague,alta
maestro mi caña olor a quemado feo al soltar el pedal de embrague,Disco de embrague desgastado o patinando,EMBRAGUE_001,Transmisión y Embrague,alta
buenas tardes maestro olor a quemado feo al soltar el pedal de embrague,Disco de embrague desgastado o patinando,EMBRAGUE_001,Transmisión y Embrague,alta
al andar por carabayllo olor a quemado feo al soltar el pedal de embrague,Disco de embrague desgastado o patinando,EMBRAGUE_001,Transmisión y Embrague,alta
mi auto presenta olor a quemado feo al soltar el pedal de embrague,Disco de embrague desgastado o patinando,EMBRAGUE_001,Transmisión y Embrague,alta
en el taller me dijeron que olor a quemado feo al soltar el pedal de embrague,Disco de embrague desgastado o patinando,EMBRAGUE_001,Transmisión y Embrague,alta
resulta que olor a quemado feo al soltar el pedal de embrague,Disco de embrague desgastado o patinando,EMBRAGUE_001,Transmisión y Embrague,alta
caja automatica da tirones y golpes al pasar de P a D,Sobrecalentamiento o solenoides en caja automatica CVT / DSG,TRANSMISION_001,Transmisión y Embrague,alta
al andar por carabayllo caja automatica da tirones y golpes al pasar de P a D,Sobrecalentamiento o solenoides en caja automatica CVT / DSG,TRANSMISION_001,Transmisión y Embrague,alta
en la panamericana norte caja automatica da tirones y golpes al pasar de P a D,Sobrecalentamiento o solenoides en caja automatica CVT / DSG,TRANSMISION_001,Transmisión y Embrague,alta
tengo una falla en mi carro caja automatica da tirones y golpes al pasar de P a D,Sobrecalentamiento o solenoides en caja automatica CVT / DSG,TRANSMISION_001,Transmisión y Embrague,alta
buenas tardes maestro caja automatica da tirones y golpes al pasar de P a D,Sobrecalentamiento o solenoides en caja automatica CVT / DSG,TRANSMISION_001,Transmisión y Embrague,alta
mi auto presenta caja automatica da tirones y golpes al pasar de P a D,Sobrecalentamiento o solenoides en caja automatica CVT / DSG,TRANSMISION_001,Transmisión y Embrague,alta
amigo una consulta caja automatica da tirones y golpes al pasar de P a D,Sobrecalentamiento o solenoides en caja automatica CVT / DSG,TRANSMISION_001,Transmisión y Embrague,alta
resulta que caja automatica da tirones y golpes al pasar de P a D,Sobrecalentamiento o solenoides en caja automatica CVT / DSG,TRANSMISION_001,Transmisión y Embrague,alta
en el taller me dijeron que caja automatica da tirones y golpes al pasar de P a D,Sobrecalentamiento o solenoides en caja automatica CVT / DSG,TRANSMISION_001,Transmisión y Embrague,alta
maestro mi caña caja automatica da tirones y golpes al pasar de P a D,Sobrecalentamiento o solenoides en caja automatica CVT / DSG,TRANSMISION_001,Transmisión y Embrague,alta
cambios automaticos no entran o se queda trabado en segunda,Sobrecalentamiento o solenoides en caja automatica CVT / DSG,TRANSMISION_001,Transmisión y Embrague,alta
en la panamericana norte cambios automaticos no entran o se queda trabado en segunda,Sobrecalentamiento o solenoides en caja automatica CVT / DSG,TRANSMISION_001,Transmisión y Embrague,alta
resulta que cambios automaticos no entran o se queda trabado en segunda,Sobrecalentamiento o solenoides en caja automatica CVT / DSG,TRANSMISION_001,Transmisión y Embrague,alta
mi auto presenta cambios automaticos no entran o se queda trabado en segunda,Sobrecalentamiento o solenoides en caja automatica CVT / DSG,TRANSMISION_001,Transmisión y Embrague,alta
al andar por carabayllo cambios automaticos no entran o se queda trabado en segunda,Sobrecalentamiento o solenoides en caja automatica CVT / DSG,TRANSMISION_001,Transmisión y Embrague,alta
maestro mi caña cambios automaticos no entran o se queda trabado en segunda,Sobrecalentamiento o solenoides en caja automatica CVT / DSG,TRANSMISION_001,Transmisión y Embrague,alta
amigo una consulta cambios automaticos no entran o se queda trabado en segunda,Sobrecalentamiento o solenoides en caja automatica CVT / DSG,TRANSMISION_001,Transmisión y Embrague,alta
en el taller me dijeron que cambios automaticos no entran o se queda trabado en segunda,Sobrecalentamiento o solenoides en caja automatica CVT / DSG,TRANSMISION_001,Transmisión y Embrague,alta
buenas tardes maestro cambios automaticos no entran o se queda trabado en segunda,Sobrecalentamiento o solenoides en caja automatica CVT / DSG,TRANSMISION_001,Transmisión y Embrague,alta
tengo una falla en mi carro cambios automaticos no entran o se queda trabado en segunda,Sobrecalentamiento o solenoides en caja automatica CVT / DSG,TRANSMISION_001,Transmisión y Embrague,alta
luz de alerta de transmision automatica encendida,Sobrecalentamiento o solenoides en caja automatica CVT / DSG,TRANSMISION_001,Transmisión y Embrague,alta
maestro mi caña luz de alerta de transmision automatica encendida,Sobrecalentamiento o solenoides en caja automatica CVT / DSG,TRANSMISION_001,Transmisión y Embrague,alta
resulta que luz de alerta de transmision automatica encendida,Sobrecalentamiento o solenoides en caja automatica CVT / DSG,TRANSMISION_001,Transmisión y Embrague,alta
tengo una falla en mi carro luz de alerta de transmision automatica encendida,Sobrecalentamiento o solenoides en caja automatica CVT / DSG,TRANSMISION_001,Transmisión y Embrague,alta
amigo una consulta luz de alerta de transmision automatica encendida,Sobrecalentamiento o solenoides en caja automatica CVT / DSG,TRANSMISION_001,Transmisión y Embrague,alta
en la panamericana norte luz de alerta de transmision automatica encendida,Sobrecalentamiento o solenoides en caja automatica CVT / DSG,TRANSMISION_001,Transmisión y Embrague,alta
al andar por carabayllo luz de alerta de transmision automatica encendida,Sobrecalentamiento o solenoides en caja automatica CVT / DSG,TRANSMISION_001,Transmisión y Embrague,alta
en el taller me dijeron que luz de alerta de transmision automatica encendida,Sobrecalentamiento o solenoides en caja automatica CVT / DSG,TRANSMISION_001,Transmisión y Embrague,alta
buenas tardes maestro luz de alerta de transmision automatica encendida,Sobrecalentamiento o solenoides en caja automatica CVT / DSG,TRANSMISION_001,Transmisión y Embrague,alta
mi auto presenta luz de alerta de transmision automatica encendida,Sobrecalentamiento o solenoides en caja automatica CVT / DSG,TRANSMISION_001,Transmisión y Embrague,alta
chillido de fierro con fierro al pisar el freno en la rueda,Desgaste de pastillas y zapatas de freno,FRENO_001,Frenos,alta
amigo una consulta chillido de fierro con fierro al pisar el freno en la rueda,Desgaste de pastillas y zapatas de freno,FRENO_001,Frenos,alta
maestro mi caña chillido de fierro con fierro al pisar el freno en la rueda,Desgaste de pastillas y zapatas de freno,FRENO_001,Frenos,alta
buenas tardes maestro chillido de fierro con fierro al pisar el freno en la rueda,Desgaste de pastillas y zapatas de freno,FRENO_001,Frenos,alta
tengo una falla en mi carro chillido de fierro con fierro al pisar el freno en la rueda,Desgaste de pastillas y zapatas de freno,FRENO_001,Frenos,alta
en la panamericana norte chillido de fierro con fierro al pisar el freno en la rueda,Desgaste de pastillas y zapatas de freno,FRENO_001,Frenos,alta
al andar por carabayllo chillido de fierro con fierro al pisar el freno en la rueda,Desgaste de pastillas y zapatas de freno,FRENO_001,Frenos,alta
en el taller me dijeron que chillido de fierro con fierro al pisar el freno en la rueda,Desgaste de pastillas y zapatas de freno,FRENO_001,Frenos,alta
resulta que chillido de fierro con fierro al pisar el freno en la rueda,Desgaste de pastillas y zapatas de freno,FRENO_001,Frenos,alta
mi auto presenta chillido de fierro con fierro al pisar el freno en la rueda,Desgaste de pastillas y zapatas de freno,FRENO_001,Frenos,alta
ruido metalico agudo al detenerse,Desgaste de pastillas y zapatas de freno,FRENO_001,Frenos,alta
mi auto presenta ruido metalico agudo al detenerse,Desgaste de pastillas y zapatas de freno,FRENO_001,Frenos,alta
maestro mi caña ruido metalico agudo al detenerse,Desgaste de pastillas y zapatas de freno,FRENO_001,Frenos,alta
en la panamericana norte ruido metalico agudo al detenerse,Desgaste de pastillas y zapatas de freno,FRENO_001,Frenos,alta
tengo una falla en mi carro ruido metalico agudo al detenerse,Desgaste de pastillas y zapatas de freno,FRENO_001,Frenos,alta
en el taller me dijeron que ruido metalico agudo al detenerse,Desgaste de pastillas y zapatas de freno,FRENO_001,Frenos,alta
resulta que ruido metalico agudo al detenerse,Desgaste de pastillas y zapatas de freno,FRENO_001,Frenos,alta
buenas tardes maestro ruido metalico agudo al detenerse,Desgaste de pastillas y zapatas de freno,FRENO_001,Frenos,alta
al andar por carabayllo ruido metalico agudo al detenerse,Desgaste de pastillas y zapatas de freno,FRENO_001,Frenos,alta
amigo una consulta ruido metalico agudo al detenerse,Desgaste de pastillas y zapatas de freno,FRENO_001,Frenos,alta
freno no agarra bien y chirria seco,Desgaste de pastillas y zapatas de freno,FRENO_001,Frenos,alta
resulta que freno no agarra bien y chirria seco,Desgaste de pastillas y zapatas de freno,FRENO_001,Frenos,alta
maestro mi caña freno no agarra bien y chirria seco,Desgaste de pastillas y zapatas de freno,FRENO_001,Frenos,alta
tengo una falla en mi carro freno no agarra bien y chirria seco,Desgaste de pastillas y zapatas de freno,FRENO_001,Frenos,alta
al andar por carabayllo freno no agarra bien y chirria seco,Desgaste de pastillas y zapatas de freno,FRENO_001,Frenos,alta
en el taller me dijeron que freno no agarra bien y chirria seco,Desgaste de pastillas y zapatas de freno,FRENO_001,Frenos,alta
amigo una consulta freno no agarra bien y chirria seco,Desgaste de pastillas y zapatas de freno,FRENO_001,Frenos,alta
buenas tardes maestro freno no agarra bien y chirria seco,Desgaste de pastillas y zapatas de freno,FRENO_001,Frenos,alta
en la panamericana norte freno no agarra bien y chirria seco,Desgaste de pastillas y zapatas de freno,FRENO_001,Frenos,alta
mi auto presenta freno no agarra bien y chirria seco,Desgaste de pastillas y zapatas de freno,FRENO_001,Frenos,alta
pedal de freno y timon tiemblan bastante al frenar bajando pendiente,Discos de freno alabeados o desgastados,FRENO_003,Frenos,media
en el taller me dijeron que pedal de freno y timon tiemblan bastante al frenar bajando pendiente,Discos de freno alabeados o desgastados,FRENO_003,Frenos,media
buenas tardes maestro pedal de freno y timon tiemblan bastante al frenar bajando pendiente,Discos de freno alabeados o desgastados,FRENO_003,Frenos,media
en la panamericana norte pedal de freno y timon tiemblan bastante al frenar bajando pendiente,Discos de freno alabeados o desgastados,FRENO_003,Frenos,media
mi auto presenta pedal de freno y timon tiemblan bastante al frenar bajando pendiente,Discos de freno alabeados o desgastados,FRENO_003,Frenos,media
resulta que pedal de freno y timon tiemblan bastante al frenar bajando pendiente,Discos de freno alabeados o desgastados,FRENO_003,Frenos,media
amigo una consulta pedal de freno y timon tiemblan bastante al frenar bajando pendiente,Discos de freno alabeados o desgastados,FRENO_003,Frenos,media
maestro mi caña pedal de freno y timon tiemblan bastante al frenar bajando pendiente,Discos de freno alabeados o desgastados,FRENO_003,Frenos,media
al andar por carabayllo pedal de freno y timon tiemblan bastante al frenar bajando pendiente,Discos de freno alabeados o desgastados,FRENO_003,Frenos,media
tengo una falla en mi carro pedal de freno y timon tiemblan bastante al frenar bajando pendiente,Discos de freno alabeados o desgastados,FRENO_003,Frenos,media
vibracion fuerte en la pierna al pisar el freno,Discos de freno alabeados o desgastados,FRENO_003,Frenos,media
al andar por carabayllo vibracion fuerte en la pierna al pisar el freno,Discos de freno alabeados o desgastados,FRENO_003,Frenos,media
buenas tardes maestro vibracion fuerte en la pierna al pisar el freno,Discos de freno alabeados o desgastados,FRENO_003,Frenos,media
tengo una falla en mi carro vibracion fuerte en la pierna al pisar el freno,Discos de freno alabeados o desgastados,FRENO_003,Frenos,media
amigo una consulta vibracion fuerte en la pierna al pisar el freno,Discos de freno alabeados o desgastados,FRENO_003,Frenos,media
resulta que vibracion fuerte en la pierna al pisar el freno,Discos de freno alabeados o desgastados,FRENO_003,Frenos,media
maestro mi caña vibracion fuerte en la pierna al pisar el freno,Discos de freno alabeados o desgastados,FRENO_003,Frenos,media
en el taller me dijeron que vibracion fuerte en la pierna al pisar el freno,Discos de freno alabeados o desgastados,FRENO_003,Frenos,media
mi auto presenta vibracion fuerte en la pierna al pisar el freno,Discos de freno alabeados o desgastados,FRENO_003,Frenos,media
en la panamericana norte vibracion fuerte en la pierna al pisar el freno,Discos de freno alabeados o desgastados,FRENO_003,Frenos,media
freno zapatea feo,Discos de freno alabeados o desgastados,FRENO_003,Frenos,media
maestro mi caña freno zapatea feo,Discos de freno alabeados o desgastados,FRENO_003,Frenos,media
en la panamericana norte freno zapatea feo,Discos de freno alabeados o desgastados,FRENO_003,Frenos,media
resulta que freno zapatea feo,Discos de freno alabeados o desgastados,FRENO_003,Frenos,media
buenas tardes maestro freno zapatea feo,Discos de freno alabeados o desgastados,FRENO_003,Frenos,media
mi auto presenta freno zapatea feo,Discos de freno alabeados o desgastados,FRENO_003,Frenos,media
al andar por carabayllo freno zapatea feo,Discos de freno alabeados o desgastados,FRENO_003,Frenos,media
en el taller me dijeron que freno zapatea feo,Discos de freno alabeados o desgastados,FRENO_003,Frenos,media
tengo una falla en mi carro freno zapatea feo,Discos de freno alabeados o desgastados,FRENO_003,Frenos,media
amigo una consulta freno zapatea feo,Discos de freno alabeados o desgastados,FRENO_003,Frenos,media
testigo de ABS y freno de mano encendidos juntos en el tablero,Falla en sensor de velocidad de rueda ABS,FRENO_005,Frenos,media
resulta que testigo de ABS y freno de mano encendidos juntos en el tablero,Falla en sensor de velocidad de rueda ABS,FRENO_005,Frenos,media
buenas tardes maestro testigo de ABS y freno de mano encendidos juntos en el tablero,Falla en sensor de velocidad de rueda ABS,FRENO_005,Frenos,media
maestro mi caña testigo de ABS y freno de mano encendidos juntos en el tablero,Falla en sensor de velocidad de rueda ABS,FRENO_005,Frenos,media
al andar por carabayllo testigo de ABS y freno de mano encendidos juntos en el tablero,Falla en sensor de velocidad de rueda ABS,FRENO_005,Frenos,media
en la panamericana norte testigo de ABS y freno de mano encendidos juntos en el tablero,Falla en sensor de velocidad de rueda ABS,FRENO_005,Frenos,media
tengo una falla en mi carro testigo de ABS y freno de mano encendidos juntos en el tablero,Falla en sensor de velocidad de rueda ABS,FRENO_005,Frenos,media
mi auto presenta testigo de ABS y freno de mano encendidos juntos en el tablero,Falla en sensor de velocidad de rueda ABS,FRENO_005,Frenos,media
en el taller me dijeron que testigo de ABS y freno de mano encendidos juntos en el tablero,Falla en sensor de velocidad de rueda ABS,FRENO_005,Frenos,media
amigo una consulta testigo de ABS y freno de mano encendidos juntos en el tablero,Falla en sensor de velocidad de rueda ABS,FRENO_005,Frenos,media
freno patea brusco al detenerse despacio,Falla en sensor de velocidad de rueda ABS,FRENO_005,Frenos,media
al andar por carabayllo freno patea brusco al detenerse despacio,Falla en sensor de velocidad de rueda ABS,FRENO_005,Frenos,media
amigo una consulta freno patea brusco al detenerse despacio,Falla en sensor de velocidad de rueda ABS,FRENO_005,Frenos,media
mi auto presenta freno patea brusco al detenerse despacio,Falla en sensor de velocidad de rueda ABS,FRENO_005,Frenos,media
maestro mi caña freno patea brusco al detenerse despacio,Falla en sensor de velocidad de rueda ABS,FRENO_005,Frenos,media
resulta que freno patea brusco al detenerse despacio,Falla en sensor de velocidad de rueda ABS,FRENO_005,Frenos,media
en el taller me dijeron que freno patea brusco al detenerse despacio,Falla en sensor de velocidad de rueda ABS,FRENO_005,Frenos,media
tengo una falla en mi carro freno patea brusco al detenerse despacio,Falla en sensor de velocidad de rueda ABS,FRENO_005,Frenos,media
en la panamericana norte freno patea brusco al detenerse despacio,Falla en sensor de velocidad de rueda ABS,FRENO_005,Frenos,media
buenas tardes maestro freno patea brusco al detenerse despacio,Falla en sensor de velocidad de rueda ABS,FRENO_005,Frenos,media
codigo DTC C0035 de sensor de rueda,Falla en sensor de velocidad de rueda ABS,FRENO_005,Frenos,media
en la panamericana norte codigo DTC C0035 de sensor de rueda,Falla en sensor de velocidad de rueda ABS,FRENO_005,Frenos,media
al andar por carabayllo codigo DTC C0035 de sensor de rueda,Falla en sensor de velocidad de rueda ABS,FRENO_005,Frenos,media
tengo una falla en mi carro codigo DTC C0035 de sensor de rueda,Falla en sensor de velocidad de rueda ABS,FRENO_005,Frenos,media
mi auto presenta codigo DTC C0035 de sensor de rueda,Falla en sensor de velocidad de rueda ABS,FRENO_005,Frenos,media
buenas tardes maestro codigo DTC C0035 de sensor de rueda,Falla en sensor de velocidad de rueda ABS,FRENO_005,Frenos,media
amigo una consulta codigo DTC C0035 de sensor de rueda,Falla en sensor de velocidad de rueda ABS,FRENO_005,Frenos,media
resulta que codigo DTC C0035 de sensor de rueda,Falla en sensor de velocidad de rueda ABS,FRENO_005,Frenos,media
maestro mi caña codigo DTC C0035 de sensor de rueda,Falla en sensor de velocidad de rueda ABS,FRENO_005,Frenos,media
en el taller me dijeron que codigo DTC C0035 de sensor de rueda,Falla en sensor de velocidad de rueda ABS,FRENO_005,Frenos,media
timon duro como piedra para doblar en esquinas,Cremallera de direccion asistida con holgura o fuga,SUSPENSION_003,Suspensión y Dirección,alta
buenas tardes maestro timon duro como piedra para doblar en esquinas,Cremallera de direccion asistida con holgura o fuga,SUSPENSION_003,Suspensión y Dirección,alta
resulta que timon duro como piedra para doblar en esquinas,Cremallera de direccion asistida con holgura o fuga,SUSPENSION_003,Suspensión y Dirección,alta
al andar por carabayllo timon duro como piedra para doblar en esquinas,Cremallera de direccion asistida con holgura o fuga,SUSPENSION_003,Suspensión y Dirección,alta
en la panamericana norte timon duro como piedra para doblar en esquinas,Cremallera de direccion asistida con holgura o fuga,SUSPENSION_003,Suspensión y Dirección,alta
en el taller me dijeron que timon duro como piedra para doblar en esquinas,Cremallera de direccion asistida con holgura o fuga,SUSPENSION_003,Suspensión y Dirección,alta
mi auto presenta timon duro como piedra para doblar en esquinas,Cremallera de direccion asistida con holgura o fuga,SUSPENSION_003,Suspensión y Dirección,alta
tengo una falla en mi carro timon duro como piedra para doblar en esquinas,Cremallera de direccion asistida con holgura o fuga,SUSPENSION_003,Suspensión y Dirección,alta
amigo una consulta timon duro como piedra para doblar en esquinas,Cremallera de direccion asistida con holgura o fuga,SUSPENSION_003,Suspensión y Dirección,alta
maestro mi caña timon duro como piedra para doblar en esquinas,Cremallera de direccion asistida con holgura o fuga,SUSPENSION_003,Suspensión y Dirección,alta
golpeteo en el volante al andar en pista afirmada,Cremallera de direccion asistida con holgura o fuga,SUSPENSION_003,Suspensión y Dirección,alta
al andar por carabayllo golpeteo en el volante al andar en pista afirmada,Cremallera de direccion asistida con holgura o fuga,SUSPENSION_003,Suspensión y Dirección,alta
resulta que golpeteo en el volante al andar en pista afirmada,Cremallera de direccion asistida con holgura o fuga,SUSPENSION_003,Suspensión y Dirección,alta
maestro mi caña golpeteo en el volante al andar en pista afirmada,Cremallera de direccion asistida con holgura o fuga,SUSPENSION_003,Suspensión y Dirección,alta
en la panamericana norte golpeteo en el volante al andar en pista afirmada,Cremallera de direccion asistida con holgura o fuga,SUSPENSION_003,Suspensión y Dirección,alta
tengo una falla en mi carro golpeteo en el volante al andar en pista afirmada,Cremallera de direccion asistida con holgura o fuga,SUSPENSION_003,Suspensión y Dirección,alta
en el taller me dijeron que golpeteo en el volante al andar en pista afirmada,Cremallera de direccion asistida con holgura o fuga,SUSPENSION_003,Suspensión y Dirección,alta
mi auto presenta golpeteo en el volante al andar en pista afirmada,Cremallera de direccion asistida con holgura o fuga,SUSPENSION_003,Suspensión y Dirección,alta
buenas tardes maestro golpeteo en el volante al andar en pista afirmada,Cremallera de direccion asistida con holgura o fuga,SUSPENSION_003,Suspensión y Dirección,alta
amigo una consulta golpeteo en el volante al andar en pista afirmada,Cremallera de direccion asistida con holgura o fuga,SUSPENSION_003,Suspensión y Dirección,alta
fuga de fluido de direccion en el guardapolvo,Cremallera de direccion asistida con holgura o fuga,SUSPENSION_003,Suspensión y Dirección,alta
en el taller me dijeron que fuga de fluido de direccion en el guardapolvo,Cremallera de direccion asistida con holgura o fuga,SUSPENSION_003,Suspensión y Dirección,alta
buenas tardes maestro fuga de fluido de direccion en el guardapolvo,Cremallera de direccion asistida con holgura o fuga,SUSPENSION_003,Suspensión y Dirección,alta
tengo una falla en mi carro fuga de fluido de direccion en el guardapolvo,Cremallera de direccion asistida con holgura o fuga,SUSPENSION_003,Suspensión y Dirección,alta
maestro mi caña fuga de fluido de direccion en el guardapolvo,Cremallera de direccion asistida con holgura o fuga,SUSPENSION_003,Suspensión y Dirección,alta
amigo una consulta fuga de fluido de direccion en el guardapolvo,Cremallera de direccion asistida con holgura o fuga,SUSPENSION_003,Suspensión y Dirección,alta
al andar por carabayllo fuga de fluido de direccion en el guardapolvo,Cremallera de direccion asistida con holgura o fuga,SUSPENSION_003,Suspensión y Dirección,alta
en la panamericana norte fuga de fluido de direccion en el guardapolvo,Cremallera de direccion asistida con holgura o fuga,SUSPENSION_003,Suspensión y Dirección,alta
mi auto presenta fuga de fluido de direccion en el guardapolvo,Cremallera de direccion asistida con holgura o fuga,SUSPENSION_003,Suspensión y Dirección,alta
resulta que fuga de fluido de direccion en el guardapolvo,Cremallera de direccion asistida con holgura o fuga,SUSPENSION_003,Suspensión y Dirección,alta
llanta rebota como pelota al pasar rompemuelles,Amortiguadores reventados o bujes de suspension gastados,SUSPENSION_001,Suspensión y Dirección,media
mi auto presenta llanta rebota como pelota al pasar rompemuelles,Amortiguadores reventados o bujes de suspension gastados,SUSPENSION_001,Suspensión y Dirección,media
en el taller me dijeron que llanta rebota como pelota al pasar rompemuelles,Amortiguadores reventados o bujes de suspension gastados,SUSPENSION_001,Suspensión y Dirección,media
en la panamericana norte llanta rebota como pelota al pasar rompemuelles,Amortiguadores reventados o bujes de suspension gastados,SUSPENSION_001,Suspensión y Dirección,media
amigo una consulta llanta rebota como pelota al pasar rompemuelles,Amortiguadores reventados o bujes de suspension gastados,SUSPENSION_001,Suspensión y Dirección,media
tengo una falla en mi carro llanta rebota como pelota al pasar rompemuelles,Amortiguadores reventados o bujes de suspension gastados,SUSPENSION_001,Suspensión y Dirección,media
al andar por carabayllo llanta rebota como pelota al pasar rompemuelles,Amortiguadores reventados o bujes de suspension gastados,SUSPENSION_001,Suspensión y Dirección,media
maestro mi caña llanta rebota como pelota al pasar rompemuelles,Amortiguadores reventados o bujes de suspension gastados,SUSPENSION_001,Suspensión y Dirección,media
resulta que llanta rebota como pelota al pasar rompemuelles,Amortiguadores reventados o bujes de suspension gastados,SUSPENSION_001,Suspensión y Dirección,media
buenas tardes maestro llanta rebota como pelota al pasar rompemuelles,Amortiguadores reventados o bujes de suspension gastados,SUSPENSION_001,Suspensión y Dirección,media
carro se hamaca feo en curvas,Amortiguadores reventados o bujes de suspension gastados,SUSPENSION_001,Suspensión y Dirección,media
en la panamericana norte carro se hamaca feo en curvas,Amortiguadores reventados o bujes de suspension gastados,SUSPENSION_001,Suspensión y Dirección,media
amigo una consulta carro se hamaca feo en curvas,Amortiguadores reventados o bujes de suspension gastados,SUSPENSION_001,Suspensión y Dirección,media
buenas tardes maestro carro se hamaca feo en curvas,Amortiguadores reventados o bujes de suspension gastados,SUSPENSION_001,Suspensión y Dirección,media
en el taller me dijeron que carro se hamaca feo en curvas,Amortiguadores reventados o bujes de suspension gastados,SUSPENSION_001,Suspensión y Dirección,media
resulta que carro se hamaca feo en curvas,Amortiguadores reventados o bujes de suspension gastados,SUSPENSION_001,Suspensión y Dirección,media
al andar por carabayllo carro se hamaca feo en curvas,Amortiguadores reventados o bujes de suspension gastados,SUSPENSION_001,Suspensión y Dirección,media
mi auto presenta carro se hamaca feo en curvas,Amortiguadores reventados o bujes de suspension gastados,SUSPENSION_001,Suspensión y Dirección,media
tengo una falla en mi carro carro se hamaca feo en curvas,Amortiguadores reventados o bujes de suspension gastados,SUSPENSION_001,Suspensión y Dirección,media
maestro mi caña carro se hamaca feo en curvas,Amortiguadores reventados o bujes de suspension gastados,SUSPENSION_001,Suspensión y Dirección,media
golpe seco al caer en baches,Amortiguadores reventados o bujes de suspension gastados,SUSPENSION_001,Suspensión y Dirección,media
al andar por carabayllo golpe seco al caer en baches,Amortiguadores reventados o bujes de suspension gastados,SUSPENSION_001,Suspensión y Dirección,media
maestro mi caña golpe seco al caer en baches,Amortiguadores reventados o bujes de suspension gastados,SUSPENSION_001,Suspensión y Dirección,media
amigo una consulta golpe seco al caer en baches,Amortiguadores reventados o bujes de suspension gastados,SUSPENSION_001,Suspensión y Dirección,media
buenas tardes maestro golpe seco al caer en baches,Amortiguadores reventados o bujes de suspension gastados,SUSPENSION_001,Suspensión y Dirección,media
en la panamericana norte golpe seco al caer en baches,Amortiguadores reventados o bujes de suspension gastados,SUSPENSION_001,Suspensión y Dirección,media
resulta que golpe seco al caer en baches,Amortiguadores reventados o bujes de suspension gastados,SUSPENSION_001,Suspensión y Dirección,media
en el taller me dijeron que golpe seco al caer en baches,Amortiguadores reventados o bujes de suspension gastados,SUSPENSION_001,Suspensión y Dirección,media
mi auto presenta golpe seco al caer en baches,Amortiguadores reventados o bujes de suspension gastados,SUSPENSION_001,Suspensión y Dirección,media
tengo una falla en mi carro golpe seco al caer en baches,Amortiguadores reventados o bujes de suspension gastados,SUSPENSION_001,Suspensión y Dirección,media
suena traca traca traca muy fuerte al dar vuelta en U,Juntas homocineticas o palieres danados,SUSPENSION_002,Suspensión y Dirección,alta
buenas tardes maestro suena traca traca traca muy fuerte al dar vuelta en U,Juntas homocineticas o palieres danados,SUSPENSION_002,Suspensión y Dirección,alta
tengo una falla en mi carro suena traca traca traca muy fuerte al dar vuelta en U,Juntas homocineticas o palieres danados,SUSPENSION_002,Suspensión y Dirección,alta
resulta que suena traca traca traca muy fuerte al dar vuelta en U,Juntas homocineticas o palieres danados,SUSPENSION_002,Suspensión y Dirección,alta
maestro mi caña suena traca traca traca muy fuerte al dar vuelta en U,Juntas homocineticas o palieres danados,SUSPENSION_002,Suspensión y Dirección,alta
mi auto presenta suena traca traca traca muy fuerte al dar vuelta en U,Juntas homocineticas o palieres danados,SUSPENSION_002,Suspensión y Dirección,alta
en la panamericana norte suena traca traca traca muy fuerte al dar vuelta en U,Juntas homocineticas o palieres danados,SUSPENSION_002,Suspensión y Dirección,alta
amigo una consulta suena traca traca traca muy fuerte al dar vuelta en U,Juntas homocineticas o palieres danados,SUSPENSION_002,Suspensión y Dirección,alta
en el taller me dijeron que suena traca traca traca muy fuerte al dar vuelta en U,Juntas homocineticas o palieres danados,SUSPENSION_002,Suspensión y Dirección,alta
al andar por carabayllo suena traca traca traca muy fuerte al dar vuelta en U,Juntas homocineticas o palieres danados,SUSPENSION_002,Suspensión y Dirección,alta
crujido feo en la rueda delantera al acelerar doblando,Juntas homocineticas o palieres danados,SUSPENSION_002,Suspensión y Dirección,alta
buenas tardes maestro crujido feo en la rueda delantera al acelerar doblando,Juntas homocineticas o palieres danados,SUSPENSION_002,Suspensión y Dirección,alta
maestro mi caña crujido feo en la rueda delantera al acelerar doblando,Juntas homocineticas o palieres danados,SUSPENSION_002,Suspensión y Dirección,alta
en la panamericana norte crujido feo en la rueda delantera al acelerar doblando,Juntas homocineticas o palieres danados,SUSPENSION_002,Suspensión y Dirección,alta
mi auto presenta crujido feo en la rueda delantera al acelerar doblando,Juntas homocineticas o palieres danados,SUSPENSION_002,Suspensión y Dirección,alta
amigo una consulta crujido feo en la rueda delantera al acelerar doblando,Juntas homocineticas o palieres danados,SUSPENSION_002,Suspensión y Dirección,alta
tengo una falla en mi carro crujido feo en la rueda delantera al acelerar doblando,Juntas homocineticas o palieres danados,SUSPENSION_002,Suspensión y Dirección,alta
resulta que crujido feo en la rueda delantera al acelerar doblando,Juntas homocineticas o palieres danados,SUSPENSION_002,Suspensión y Dirección,alta
al andar por carabayllo crujido feo en la rueda delantera al acelerar doblando,Juntas homocineticas o palieres danados,SUSPENSION_002,Suspensión y Dirección,alta
en el taller me dijeron que crujido feo en la rueda delantera al acelerar doblando,Juntas homocineticas o palieres danados,SUSPENSION_002,Suspensión y Dirección,alta
grasa de palier botada por el guardapolvo roto,Juntas homocineticas o palieres danados,SUSPENSION_002,Suspensión y Dirección,alta
al andar por carabayllo grasa de palier botada por el guardapolvo roto,Juntas homocineticas o palieres danados,SUSPENSION_002,Suspensión y Dirección,alta
buenas tardes maestro grasa de palier botada por el guardapolvo roto,Juntas homocineticas o palieres danados,SUSPENSION_002,Suspensión y Dirección,alta
mi auto presenta grasa de palier botada por el guardapolvo roto,Juntas homocineticas o palieres danados,SUSPENSION_002,Suspensión y Dirección,alta
amigo una consulta grasa de palier botada por el guardapolvo roto,Juntas homocineticas o palieres danados,SUSPENSION_002,Suspensión y Dirección,alta
maestro mi caña grasa de palier botada por el guardapolvo roto,Juntas homocineticas o palieres danados,SUSPENSION_002,Suspensión y Dirección,alta
en el taller me dijeron que grasa de palier botada por el guardapolvo roto,Juntas homocineticas o palieres danados,SUSPENSION_002,Suspensión y Dirección,alta
tengo una falla en mi carro grasa de palier botada por el guardapolvo roto,Juntas homocineticas o palieres danados,SUSPENSION_002,Suspensión y Dirección,alta
resulta que grasa de palier botada por el guardapolvo roto,Juntas homocineticas o palieres danados,SUSPENSION_002,Suspensión y Dirección,alta
en la panamericana norte grasa de palier botada por el guardapolvo roto,Juntas homocineticas o palieres danados,SUSPENSION_002,Suspensión y Dirección,alta
testigo de bateria prendido y las luces se bajan en la noche,Alternador defectuoso o placa de diodos quemada,ELECTRICO_001,Sistema Eléctrico y Carga,alta
resulta que testigo de bateria prendido y las luces se bajan en la noche,Alternador defectuoso o placa de diodos quemada,ELECTRICO_001,Sistema Eléctrico y Carga,alta
en la panamericana norte testigo de bateria prendido y las luces se bajan en la noche,Alternador defectuoso o placa de diodos quemada,ELECTRICO_001,Sistema Eléctrico y Carga,alta
amigo una consulta testigo de bateria prendido y las luces se bajan en la noche,Alternador defectuoso o placa de diodos quemada,ELECTRICO_001,Sistema Eléctrico y Carga,alta
al andar por carabayllo testigo de bateria prendido y las luces se bajan en la noche,Alternador defectuoso o placa de diodos quemada,ELECTRICO_001,Sistema Eléctrico y Carga,alta
tengo una falla en mi carro testigo de bateria prendido y las luces se bajan en la noche,Alternador defectuoso o placa de diodos quemada,ELECTRICO_001,Sistema Eléctrico y Carga,alta
en el taller me dijeron que testigo de bateria prendido y las luces se bajan en la noche,Alternador defectuoso o placa de diodos quemada,ELECTRICO_001,Sistema Eléctrico y Carga,alta
buenas tardes maestro testigo de bateria prendido y las luces se bajan en la noche,Alternador defectuoso o placa de diodos quemada,ELECTRICO_001,Sistema Eléctrico y Carga,alta
mi auto presenta testigo de bateria prendido y las luces se bajan en la noche,Alternador defectuoso o placa de diodos quemada,ELECTRICO_001,Sistema Eléctrico y Carga,alta
maestro mi caña testigo de bateria prendido y las luces se bajan en la noche,Alternador defectuoso o placa de diodos quemada,ELECTRICO_001,Sistema Eléctrico y Carga,alta
bateria nueva se descarga sola en dos dias,Alternador defectuoso o placa de diodos quemada,ELECTRICO_001,Sistema Eléctrico y Carga,alta
maestro mi caña bateria nueva se descarga sola en dos dias,Alternador defectuoso o placa de diodos quemada,ELECTRICO_001,Sistema Eléctrico y Carga,alta
resulta que bateria nueva se descarga sola en dos dias,Alternador defectuoso o placa de diodos quemada,ELECTRICO_001,Sistema Eléctrico y Carga,alta
buenas tardes maestro bateria nueva se descarga sola en dos dias,Alternador defectuoso o placa de diodos quemada,ELECTRICO_001,Sistema Eléctrico y Carga,alta
tengo una falla en mi carro bateria nueva se descarga sola en dos dias,Alternador defectuoso o placa de diodos quemada,ELECTRICO_001,Sistema Eléctrico y Carga,alta
en el taller me dijeron que bateria nueva se descarga sola en dos dias,Alternador defectuoso o placa de diodos quemada,ELECTRICO_001,Sistema Eléctrico y Carga,alta
al andar por carabayllo bateria nueva se descarga sola en dos dias,Alternador defectuoso o placa de diodos quemada,ELECTRICO_001,Sistema Eléctrico y Carga,alta
amigo una consulta bateria nueva se descarga sola en dos dias,Alternador defectuoso o placa de diodos quemada,ELECTRICO_001,Sistema Eléctrico y Carga,alta
en la panamericana norte bateria nueva se descarga sola en dos dias,Alternador defectuoso o placa de diodos quemada,ELECTRICO_001,Sistema Eléctrico y Carga,alta
mi auto presenta bateria nueva se descarga sola en dos dias,Alternador defectuoso o placa de diodos quemada,ELECTRICO_001,Sistema Eléctrico y Carga,alta
voltimetro marca menos de 12 voltios andando,Alternador defectuoso o placa de diodos quemada,ELECTRICO_001,Sistema Eléctrico y Carga,alta
buenas tardes maestro voltimetro marca menos de 12 voltios andando,Alternador defectuoso o placa de diodos quemada,ELECTRICO_001,Sistema Eléctrico y Carga,alta
en la panamericana norte voltimetro marca menos de 12 voltios andando,Alternador defectuoso o placa de diodos quemada,ELECTRICO_001,Sistema Eléctrico y Carga,alta
amigo una consulta voltimetro marca menos de 12 voltios andando,Alternador defectuoso o placa de diodos quemada,ELECTRICO_001,Sistema Eléctrico y Carga,alta
al andar por carabayllo voltimetro marca menos de 12 voltios andando,Alternador defectuoso o placa de diodos quemada,ELECTRICO_001,Sistema Eléctrico y Carga,alta
maestro mi caña voltimetro marca menos de 12 voltios andando,Alternador defectuoso o placa de diodos quemada,ELECTRICO_001,Sistema Eléctrico y Carga,alta
resulta que voltimetro marca menos de 12 voltios andando,Alternador defectuoso o placa de diodos quemada,ELECTRICO_001,Sistema Eléctrico y Carga,alta
tengo una falla en mi carro voltimetro marca menos de 12 voltios andando,Alternador defectuoso o placa de diodos quemada,ELECTRICO_001,Sistema Eléctrico y Carga,alta
en el taller me dijeron que voltimetro marca menos de 12 voltios andando,Alternador defectuoso o placa de diodos quemada,ELECTRICO_001,Sistema Eléctrico y Carga,alta
mi auto presenta voltimetro marca menos de 12 voltios andando,Alternador defectuoso o placa de diodos quemada,ELECTRICO_001,Sistema Eléctrico y Carga,alta
aire acondicionado bota aire caliente y no me enfria nada,Falla en compresor de aire acondicionado o fuga de gas R134a,CLIMA_001,Climatización y Confort,baja
tengo una falla en mi carro aire acondicionado bota aire caliente y no me enfria nada,Falla en compresor de aire acondicionado o fuga de gas R134a,CLIMA_001,Climatización y Confort,baja
resulta que aire acondicionado bota aire caliente y no me enfria nada,Falla en compresor de aire acondicionado o fuga de gas R134a,CLIMA_001,Climatización y Confort,baja
al andar por carabayllo aire acondicionado bota aire caliente y no me enfria nada,Falla en compresor de aire acondicionado o fuga de gas R134a,CLIMA_001,Climatización y Confort,baja
en el taller me dijeron que aire acondicionado bota aire caliente y no me enfria nada,Falla en compresor de aire acondicionado o fuga de gas R134a,CLIMA_001,Climatización y Confort,baja
buenas tardes maestro aire acondicionado bota aire caliente y no me enfria nada,Falla en compresor de aire acondicionado o fuga de gas R134a,CLIMA_001,Climatización y Confort,baja
amigo una consulta aire acondicionado bota aire caliente y no me enfria nada,Falla en compresor de aire acondicionado o fuga de gas R134a,CLIMA_001,Climatización y Confort,baja
mi auto presenta aire acondicionado bota aire caliente y no me enfria nada,Falla en compresor de aire acondicionado o fuga de gas R134a,CLIMA_001,Climatización y Confort,baja
en la panamericana norte aire acondicionado bota aire caliente y no me enfria nada,Falla en compresor de aire acondicionado o fuga de gas R134a,CLIMA_001,Climatización y Confort,baja
maestro mi caña aire acondicionado bota aire caliente y no me enfria nada,Falla en compresor de aire acondicionado o fuga de gas R134a,CLIMA_001,Climatización y Confort,baja
suena chillido feo al prender el botón A/C,Falla en compresor de aire acondicionado o fuga de gas R134a,CLIMA_001,Climatización y Confort,baja
en la panamericana norte suena chillido feo al prender el botón A/C,Falla en compresor de aire acondicionado o fuga de gas R134a,CLIMA_001,Climatización y Confort,baja
tengo una falla en mi carro suena chillido feo al prender el botón A/C,Falla en compresor de aire acondicionado o fuga de gas R134a,CLIMA_001,Climatización y Confort,baja
resulta que suena chillido feo al prender el botón A/C,Falla en compresor de aire acondicionado o fuga de gas R134a,CLIMA_001,Climatización y Confort,baja
al andar por carabayllo suena chillido feo al prender el botón A/C,Falla en compresor de aire acondicionado o fuga de gas R134a,CLIMA_001,Climatización y Confort,baja
amigo una consulta suena chillido feo al prender el botón A/C,Falla en compresor de aire acondicionado o fuga de gas R134a,CLIMA_001,Climatización y Confort,baja
buenas tardes maestro suena chillido feo al prender el botón A/C,Falla en compresor de aire acondicionado o fuga de gas R134a,CLIMA_001,Climatización y Confort,baja
en el taller me dijeron que suena chillido feo al prender el botón A/C,Falla en compresor de aire acondicionado o fuga de gas R134a,CLIMA_001,Climatización y Confort,baja
mi auto presenta suena chillido feo al prender el botón A/C,Falla en compresor de aire acondicionado o fuga de gas R134a,CLIMA_001,Climatización y Confort,baja
maestro mi caña suena chillido feo al prender el botón A/C,Falla en compresor de aire acondicionado o fuga de gas R134a,CLIMA_001,Climatización y Confort,baja
compresor de aire no engancha el embrague magnetico,Falla en compresor de aire acondicionado o fuga de gas R134a,CLIMA_001,Climatización y Confort,baja
al andar por carabayllo compresor de aire no engancha el embrague magnetico,Falla en compresor de aire acondicionado o fuga de gas R134a,CLIMA_001,Climatización y Confort,baja
resulta que compresor de aire no engancha el embrague magnetico,Falla en compresor de aire acondicionado o fuga de gas R134a,CLIMA_001,Climatización y Confort,baja
buenas tardes maestro compresor de aire no engancha el embrague magnetico,Falla en compresor de aire acondicionado o fuga de gas R134a,CLIMA_001,Climatización y Confort,baja
amigo una consulta compresor de aire no engancha el embrague magnetico,Falla en compresor de aire acondicionado o fuga de gas R134a,CLIMA_001,Climatización y Confort,baja
mi auto presenta compresor de aire no engancha el embrague magnetico,Falla en compresor de aire acondicionado o fuga de gas R134a,CLIMA_001,Climatización y Confort,baja
en el taller me dijeron que compresor de aire no engancha el embrague magnetico,Falla en compresor de aire acondicionado o fuga de gas R134a,CLIMA_001,Climatización y Confort,baja
en la panamericana norte compresor de aire no engancha el embrague magnetico,Falla en compresor de aire acondicionado o fuga de gas R134a,CLIMA_001,Climatización y Confort,baja
maestro mi caña compresor de aire no engancha el embrague magnetico,Falla en compresor de aire acondicionado o fuga de gas R134a,CLIMA_001,Climatización y Confort,baja
tengo una falla en mi carro compresor de aire no engancha el embrague magnetico,Falla en compresor de aire acondicionado o fuga de gas R134a,CLIMA_001,Climatización y Confort,baja
al girar la llave solo suena un clack seco y no da marcha,Bateria descargada o bornes sulfatados,ELECTRICO_002,Sistema Eléctrico y Carga,media
mi auto presenta al girar la llave solo suena un clack seco y no da marcha,Bateria descargada o bornes sulfatados,ELECTRICO_002,Sistema Eléctrico y Carga,media
tengo una falla en mi carro al girar la llave solo suena un clack seco y no da marcha,Bateria descargada o bornes sulfatados,ELECTRICO_002,Sistema Eléctrico y Carga,media
en la panamericana norte al girar la llave solo suena un clack seco y no da marcha,Bateria descargada o bornes sulfatados,ELECTRICO_002,Sistema Eléctrico y Carga,media
maestro mi caña al girar la llave solo suena un clack seco y no da marcha,Bateria descargada o bornes sulfatados,ELECTRICO_002,Sistema Eléctrico y Carga,media
al andar por carabayllo al girar la llave solo suena un clack seco y no da marcha,Bateria descargada o bornes sulfatados,ELECTRICO_002,Sistema Eléctrico y Carga,media
en el taller me dijeron que al girar la llave solo suena un clack seco y no da marcha,Bateria descargada o bornes sulfatados,ELECTRICO_002,Sistema Eléctrico y Carga,media
amigo una consulta al girar la llave solo suena un clack seco y no da marcha,Bateria descargada o bornes sulfatados,ELECTRICO_002,Sistema Eléctrico y Carga,media
resulta que al girar la llave solo suena un clack seco y no da marcha,Bateria descargada o bornes sulfatados,ELECTRICO_002,Sistema Eléctrico y Carga,media
buenas tardes maestro al girar la llave solo suena un clack seco y no da marcha,Bateria descargada o bornes sulfatados,ELECTRICO_002,Sistema Eléctrico y Carga,media
arrancador arrastra lento como sin fuerza,Bateria descargada o bornes sulfatados,ELECTRICO_002,Sistema Eléctrico y Carga,media
amigo una consulta arrancador arrastra lento como sin fuerza,Bateria descargada o bornes sulfatados,ELECTRICO_002,Sistema Eléctrico y Carga,media
resulta que arrancador arrastra lento como sin fuerza,Bateria descargada o bornes sulfatados,ELECTRICO_002,Sistema Eléctrico y Carga,media
en la panamericana norte arrancador arrastra lento como sin fuerza,Bateria descargada o bornes sulfatados,ELECTRICO_002,Sistema Eléctrico y Carga,media
maestro mi caña arrancador arrastra lento como sin fuerza,Bateria descargada o bornes sulfatados,ELECTRICO_002,Sistema Eléctrico y Carga,media
buenas tardes maestro arrancador arrastra lento como sin fuerza,Bateria descargada o bornes sulfatados,ELECTRICO_002,Sistema Eléctrico y Carga,media
mi auto presenta arrancador arrastra lento como sin fuerza,Bateria descargada o bornes sulfatados,ELECTRICO_002,Sistema Eléctrico y Carga,media
tengo una falla en mi carro arrancador arrastra lento como sin fuerza,Bateria descargada o bornes sulfatados,ELECTRICO_002,Sistema Eléctrico y Carga,media
al andar por carabayllo arrancador arrastra lento como sin fuerza,Bateria descargada o bornes sulfatados,ELECTRICO_002,Sistema Eléctrico y Carga,media
en el taller me dijeron que arrancador arrastra lento como sin fuerza,Bateria descargada o bornes sulfatados,ELECTRICO_002,Sistema Eléctrico y Carga,media
solenoide no empuja el bendix,Bateria descargada o bornes sulfatados,ELECTRICO_002,Sistema Eléctrico y Carga,media
al andar por carabayllo solenoide no empuja el bendix,Bateria descargada o bornes sulfatados,ELECTRICO_002,Sistema Eléctrico y Carga,media
amigo una consulta solenoide no empuja el bendix,Bateria descargada o bornes sulfatados,ELECTRICO_002,Sistema Eléctrico y Carga,media
buenas tardes maestro solenoide no empuja el bendix,Bateria descargada o bornes sulfatados,ELECTRICO_002,Sistema Eléctrico y Carga,media
en el taller me dijeron que solenoide no empuja el bendix,Bateria descargada o bornes sulfatados,ELECTRICO_002,Sistema Eléctrico y Carga,media
mi auto presenta solenoide no empuja el bendix,Bateria descargada o bornes sulfatados,ELECTRICO_002,Sistema Eléctrico y Carga,media
tengo una falla en mi carro solenoide no empuja el bendix,Bateria descargada o bornes sulfatados,ELECTRICO_002,Sistema Eléctrico y Carga,media
maestro mi caña solenoide no empuja el bendix,Bateria descargada o bornes sulfatados,ELECTRICO_002,Sistema Eléctrico y Carga,media
en la panamericana norte solenoide no empuja el bendix,Bateria descargada o bornes sulfatados,ELECTRICO_002,Sistema Eléctrico y Carga,media
resulta que solenoide no empuja el bendix,Bateria descargada o bornes sulfatados,ELECTRICO_002,Sistema Eléctrico y Carga,media
camion pierde torque en subidas pesadas y bota humo negro,Fuga en mangueras de intercooler o turbocompresor danado,TURBO_001,Sobrealimentación y Turbo,alta
amigo una consulta camion pierde torque en subidas pesadas y bota humo negro,Fuga en mangueras de intercooler o turbocompresor danado,TURBO_001,Sobrealimentación y Turbo,alta
mi auto presenta camion pierde torque en subidas pesadas y bota humo negro,Fuga en mangueras de intercooler o turbocompresor danado,TURBO_001,Sobrealimentación y Turbo,alta
en el taller me dijeron que camion pierde torque en subidas pesadas y bota humo negro,Fuga en mangueras de intercooler o turbocompresor danado,TURBO_001,Sobrealimentación y Turbo,alta
tengo una falla en mi carro camion pierde torque en subidas pesadas y bota humo negro,Fuga en mangueras de intercooler o turbocompresor danado,TURBO_001,Sobrealimentación y Turbo,alta
al andar por carabayllo camion pierde torque en subidas pesadas y bota humo negro,Fuga en mangueras de intercooler o turbocompresor danado,TURBO_001,Sobrealimentación y Turbo,alta
resulta que camion pierde torque en subidas pesadas y bota humo negro,Fuga en mangueras de intercooler o turbocompresor danado,TURBO_001,Sobrealimentación y Turbo,alta
en la panamericana norte camion pierde torque en subidas pesadas y bota humo negro,Fuga en mangueras de intercooler o turbocompresor danado,TURBO_001,Sobrealimentación y Turbo,alta
maestro mi caña camion pierde torque en subidas pesadas y bota humo negro,Fuga en mangueras de intercooler o turbocompresor danado,TURBO_001,Sobrealimentación y Turbo,alta
buenas tardes maestro camion pierde torque en subidas pesadas y bota humo negro,Fuga en mangueras de intercooler o turbocompresor danado,TURBO_001,Sobrealimentación y Turbo,alta
silbido de fuga de aire en mangueras de turbo,Fuga en mangueras de intercooler o turbocompresor danado,TURBO_001,Sobrealimentación y Turbo,alta
en la panamericana norte silbido de fuga de aire en mangueras de turbo,Fuga en mangueras de intercooler o turbocompresor danado,TURBO_001,Sobrealimentación y Turbo,alta
mi auto presenta silbido de fuga de aire en mangueras de turbo,Fuga en mangueras de intercooler o turbocompresor danado,TURBO_001,Sobrealimentación y Turbo,alta
maestro mi caña silbido de fuga de aire en mangueras de turbo,Fuga en mangueras de intercooler o turbocompresor danado,TURBO_001,Sobrealimentación y Turbo,alta
buenas tardes maestro silbido de fuga de aire en mangueras de turbo,Fuga en mangueras de intercooler o turbocompresor danado,TURBO_001,Sobrealimentación y Turbo,alta
en el taller me dijeron que silbido de fuga de aire en mangueras de turbo,Fuga en mangueras de intercooler o turbocompresor danado,TURBO_001,Sobrealimentación y Turbo,alta
resulta que silbido de fuga de aire en mangueras de turbo,Fuga en mangueras de intercooler o turbocompresor danado,TURBO_001,Sobrealimentación y Turbo,alta
al andar por carabayllo silbido de fuga de aire en mangueras de turbo,Fuga en mangueras de intercooler o turbocompresor danado,TURBO_001,Sobrealimentación y Turbo,alta
amigo una consulta silbido de fuga de aire en mangueras de turbo,Fuga en mangueras de intercooler o turbocompresor danado,TURBO_001,Sobrealimentación y Turbo,alta
tengo una falla en mi carro silbido de fuga de aire en mangueras de turbo,Fuga en mangueras de intercooler o turbocompresor danado,TURBO_001,Sobrealimentación y Turbo,alta
geometria variable del turbo pegada,Fuga en mangueras de intercooler o turbocompresor danado,TURBO_001,Sobrealimentación y Turbo,alta
en el taller me dijeron que geometria variable del turbo pegada,Fuga en mangueras de intercooler o turbocompresor danado,TURBO_001,Sobrealimentación y Turbo,alta
al andar por carabayllo geometria variable del turbo pegada,Fuga en mangueras de intercooler o turbocompresor danado,TURBO_001,Sobrealimentación y Turbo,alta
resulta que geometria variable del turbo pegada,Fuga en mangueras de intercooler o turbocompresor danado,TURBO_001,Sobrealimentación y Turbo,alta
maestro mi caña geometria variable del turbo pegada,Fuga en mangueras de intercooler o turbocompresor danado,TURBO_001,Sobrealimentación y Turbo,alta
tengo una falla en mi carro geometria variable del turbo pegada,Fuga en mangueras de intercooler o turbocompresor danado,TURBO_001,Sobrealimentación y Turbo,alta
en la panamericana norte geometria variable del turbo pegada,Fuga en mangueras de intercooler o turbocompresor danado,TURBO_001,Sobrealimentación y Turbo,alta
buenas tardes maestro geometria variable del turbo pegada,Fuga en mangueras de intercooler o turbocompresor danado,TURBO_001,Sobrealimentación y Turbo,alta
amigo una consulta geometria variable del turbo pegada,Fuga en mangueras de intercooler o turbocompresor danado,TURBO_001,Sobrealimentación y Turbo,alta
mi auto presenta geometria variable del turbo pegada,Fuga en mangueras de intercooler o turbocompresor danado,TURBO_001,Sobrealimentación y Turbo,alta
pedal de acelerador no responde y tablero marca potencia de motor reducida,Cuerpo de aceleracion o valvula IAC sucia,COMBUSTIBLE_003,Inyección de Combustible,media
amigo en subida pedal de acelerador no responde y tablero marca potencia de motor reducida,Cuerpo de aceleracion o valvula IAC sucia,COMBUSTIBLE_003,Inyección de Combustible,media
hola buenas tardes pedal de acelerador no responde y tablero marca potencia de motor reducida,Cuerpo de aceleracion o valvula IAC sucia,COMBUSTIBLE_003,Inyección de Combustible,media
mi auto brasilero presenta pedal de acelerador no responde y tablero marca potencia de motor reducida,Cuerpo de aceleracion o valvula IAC sucia,COMBUSTIBLE_003,Inyección de Combustible,media
maestro una consulta pedal de acelerador no responde y tablero marca potencia de motor reducida,Cuerpo de aceleracion o valvula IAC sucia,COMBUSTIBLE_003,Inyección de Combustible,media
en la escaner salio pedal de acelerador no responde y tablero marca potencia de motor reducida,Cuerpo de aceleracion o valvula IAC sucia,COMBUSTIBLE_003,Inyección de Combustible,media
tengo una falla en mi carro pedal de acelerador no responde y tablero marca potencia de motor reducida,Cuerpo de aceleracion o valvula IAC sucia,COMBUSTIBLE_003,Inyección de Combustible,media
maestro mi caña pedal de acelerador no responde y tablero marca potencia de motor reducida,Cuerpo de aceleracion o valvula IAC sucia,COMBUSTIBLE_003,Inyección de Combustible,media
el mecanico de carabayllo dice que pedal de acelerador no responde y tablero marca potencia de motor reducida,Cuerpo de aceleracion o valvula IAC sucia,COMBUSTIBLE_003,Inyección de Combustible,media
sensor TPS de pedal descalibrado,Cuerpo de aceleracion o valvula IAC sucia,COMBUSTIBLE_003,Inyección de Combustible,media
maestro una consulta sensor TPS de pedal descalibrado,Cuerpo de aceleracion o valvula IAC sucia,COMBUSTIBLE_003,Inyección de Combustible,media
el mecanico de carabayllo dice que sensor TPS de pedal descalibrado,Cuerpo de aceleracion o valvula IAC sucia,COMBUSTIBLE_003,Inyección de Combustible,media
amigo en subida sensor TPS de pedal descalibrado,Cuerpo de aceleracion o valvula IAC sucia,COMBUSTIBLE_003,Inyección de Combustible,media
en la escaner salio sensor TPS de pedal descalibrado,Cuerpo de aceleracion o valvula IAC sucia,COMBUSTIBLE_003,Inyección de Combustible,media
tengo una falla en mi carro sensor TPS de pedal descalibrado,Cuerpo de aceleracion o valvula IAC sucia,COMBUSTIBLE_003,Inyección de Combustible,media
maestro mi caña sensor TPS de pedal descalibrado,Cuerpo de aceleracion o valvula IAC sucia,COMBUSTIBLE_003,Inyección de Combustible,media
mi auto brasilero presenta sensor TPS de pedal descalibrado,Cuerpo de aceleracion o valvula IAC sucia,COMBUSTIBLE_003,Inyección de Combustible,media
hola buenas tardes sensor TPS de pedal descalibrado,Cuerpo de aceleracion o valvula IAC sucia,COMBUSTIBLE_003,Inyección de Combustible,media
cuerpo de aceleracion se queda trabado en modo limp home,Cuerpo de aceleracion o valvula IAC sucia,COMBUSTIBLE_003,Inyección de Combustible,media
hola buenas tardes cuerpo de aceleracion se queda trabado en modo limp home,Cuerpo de aceleracion o valvula IAC sucia,COMBUSTIBLE_003,Inyección de Combustible,media
maestro una consulta cuerpo de aceleracion se queda trabado en modo limp home,Cuerpo de aceleracion o valvula IAC sucia,COMBUSTIBLE_003,Inyección de Combustible,media
el mecanico de carabayllo dice que cuerpo de aceleracion se queda trabado en modo limp home,Cuerpo de aceleracion o valvula IAC sucia,COMBUSTIBLE_003,Inyección de Combustible,media
en la escaner salio cuerpo de aceleracion se queda trabado en modo limp home,Cuerpo de aceleracion o valvula IAC sucia,COMBUSTIBLE_003,Inyección de Combustible,media
mi auto brasilero presenta cuerpo de aceleracion se queda trabado en modo limp home,Cuerpo de aceleracion o valvula IAC sucia,COMBUSTIBLE_003,Inyección de Combustible,media
tengo una falla en mi carro cuerpo de aceleracion se queda trabado en modo limp home,Cuerpo de aceleracion o valvula IAC sucia,COMBUSTIBLE_003,Inyección de Combustible,media
amigo en subida cuerpo de aceleracion se queda trabado en modo limp home,Cuerpo de aceleracion o valvula IAC sucia,COMBUSTIBLE_003,Inyección de Combustible,media
maestro mi caña cuerpo de aceleracion se queda trabado en modo limp home,Cuerpo de aceleracion o valvula IAC sucia,COMBUSTIBLE_003,Inyección de Combustible,media
