"sintoma","tipo_vehiculo","codigo_obd","falla","codigo_falla","origen","estado_validacion"
"Chillido agudo de pastillas de freno desgastadas al detenerse en semaforo","Hatchback Kia Rio 2017","SIN_OBD","Desgaste de pastillas y zapatas de freno","FRENO_001","SINTETICO","NO_VALIDADO"
"Zapatas y pastillas de freno con friccion excesiva y rechinido constante","Sedan Nissan Versa 2019","SIN_OBD","Desgaste de pastillas y zapatas de freno","FRENO_001","SINTETICO","NO_VALIDADO"
"Fuerte chillido de pastillas de freno desgastadas en las cuatro ruedas","Sedan Hyundai Accent 2018","SIN_OBD","Desgaste de pastillas y zapatas de freno","FRENO_001","SINTETICO","NO_VALIDADO"
"Pastillas de freno desgastadas rozando con el disco al frenar en bajada","SUV Hyundai Tucson 2016","SIN_OBD","Desgaste de pastillas y zapatas de freno","FRENO_001","SINTETICO","NO_VALIDADO"
"Pastillas de freno totalmente desgastadas y zapatas traseras cristalizadas","Sedan Chevrolet Sail 2016","SIN_OBD","Desgaste de pastillas y zapatas de freno","FRENO_001","SINTETICO","NO_VALIDADO"
"Rechinido metalico de pastillas gastadas al frenar suavemente en autopista","Sedan Toyota Corolla 2015","SIN_OBD","Desgaste de pastillas y zapatas de freno","FRENO_001","SINTETICO","NO_VALIDADO"
"Chirrido en las ruedas delanteras por pastillas de freno que llegaron al testigo","Hatchback Suzuki Swift 2018","SIN_OBD","Desgaste de pastillas y zapatas de freno","FRENO_001","SINTETICO","NO_VALIDADO"
"Pastillas de freno cristalizadas que rechinan y alargan la distancia de frenado","Sedan Kia Cerato 2017","SIN_OBD","Desgaste de pastillas y zapatas de freno","FRENO_001","SINTETICO","NO_VALIDADO"
"Desgaste severo de zapatas y pastillas produciendo friccion metal con metal","Sedan Nissan Sentra 2018","SIN_OBD","Desgaste de pastillas y zapatas de freno","FRENO_001","SINTETICO","NO_VALIDADO"
"Chillido seco al pisar el pedal de freno por pastillas desgastadas al limite","SUV Changan CS35 2020","SIN_OBD","Desgaste de pastillas y zapatas de freno","FRENO_001","SINTETICO","NO_VALIDADO"
"Fuga de liquido de frenos por bombin de rueda y pedal esponjoso que se hunde","Hatchback VW Gol 2015","SIN_OBD","Fuga hidraulica o aire en el sistema de frenos","FRENO_002","SINTETICO","NO_VALIDADO"
"Aire en cañerias de frenos con fuga de liquido y pedal excesivamente blando","Pickup Toyota Hilux 2018","SIN_OBD","Fuga hidraulica o aire en el sistema de frenos","FRENO_002","SINTETICO","NO_VALIDADO"
"Perdida de presion hidraulica y fuga de liquido de frenos por cañerias picadas","Camion Isuzu Forward 2019","SIN_OBD","Fuga hidraulica o aire en el sistema de frenos","FRENO_002","SINTETICO","NO_VALIDADO"
"El pedal de freno se hunde al fondo por fuga de liquido en racor de conexion","Camion Volvo FH 2018","SIN_OBD","Fuga hidraulica o aire en el sistema de frenos","FRENO_002","SINTETICO","NO_VALIDADO"
"Fuga de liquido de frenos y aire en el sistema perdiendo eficacia al detenerse","Sedan Honda Civic 2016","SIN_OBD","Fuga hidraulica o aire en el sistema de frenos","FRENO_002","SINTETICO","NO_VALIDADO"
"Pedal de freno blando que requiere varios bombeos por entrada de aire hidraulico","SUV Nissan X-Trail 2017","SIN_OBD","Fuga hidraulica o aire en el sistema de frenos","FRENO_002","SINTETICO","NO_VALIDADO"
"Perdida de liquido de freno en bombines traseros mojando el tambor de rueda","Sedan Mazda 3 2018","SIN_OBD","Fuga hidraulica o aire en el sistema de frenos","FRENO_002","SINTETICO","NO_VALIDADO"
"Fuga de liquido DOT 4 por el cilindro maestro de freno con pedal esponjoso","Sedan Toyota Yaris 2018","SIN_OBD","Fuga hidraulica o aire en el sistema de frenos","FRENO_002","SINTETICO","NO_VALIDADO"
"Gotera de liquido de freno en manguera flexible delantera con perdida de presion","Hatchback Kia Rio 2017","SIN_OBD","Fuga hidraulica o aire en el sistema de frenos","FRENO_002","SINTETICO","NO_VALIDADO"
"Pedal de freno gomoso que se va al piso por burbujas de aire en cañeria","Sedan Nissan Versa 2019","SIN_OBD","Fuga hidraulica o aire en el sistema de frenos","FRENO_002","SINTETICO","NO_VALIDADO"
"Vibracion y temblor fuerte en el pedal de freno al frenar en autopista","Sedan Hyundai Accent 2018","SIN_OBD","Discos de freno alabeados o desgastados","FRENO_003","SINTETICO","NO_VALIDADO"
"Discos de freno alabeados y deformados que hacen vibrar el volante al frenar","SUV Hyundai Tucson 2016","SIN_OBD","Discos de freno alabeados o desgastados","FRENO_003","SINTETICO","NO_VALIDADO"
"Alabeo en discos de freno delanteros produciendo pulsaciones en el pedal","Sedan Chevrolet Sail 2016","SIN_OBD","Discos de freno alabeados o desgastados","FRENO_003","SINTETICO","NO_VALIDADO"
"Discos de freno con surcos profundos y deformacion termica al frenar fuerte","Sedan Toyota Corolla 2015","SIN_OBD","Discos de freno alabeados o desgastados","FRENO_003","SINTETICO","NO_VALIDADO"
"Trepida el pedal de freno en bajadas pronunciadas por discos alabeados","Hatchback Suzuki Swift 2018","SIN_OBD","Discos de freno alabeados o desgastados","FRENO_003","SINTETICO","NO_VALIDADO"
"Oscilacion y salto en el pedal de frenos causado por discos de freno torcidos","Sedan Kia Cerato 2017","SIN_OBD","Discos de freno alabeados o desgastados","FRENO_003","SINTETICO","NO_VALIDADO"
"Vibraciones molestas en el volante y pedal al aplicar presion en los frenos","Sedan Nissan Sentra 2018","SIN_OBD","Discos de freno alabeados o desgastados","FRENO_003","SINTETICO","NO_VALIDADO"
"Discos de freno con desgaste desparejo y alabeo lateral que hace temblar la rueda","SUV Changan CS35 2020","SIN_OBD","Discos de freno alabeados o desgastados","FRENO_003","SINTETICO","NO_VALIDADO"
"Sensacion de pedal pulsante y volante vibrando al pisar el freno a 80 km/h","Hatchback VW Gol 2015","SIN_OBD","Discos de freno alabeados o desgastados","FRENO_003","SINTETICO","NO_VALIDADO"
"Discos delanteros alabeados por sobrecalentamiento produciendo fuerte cabeceo","Pickup Toyota Hilux 2018","SIN_OBD","Discos de freno alabeados o desgastados","FRENO_003","SINTETICO","NO_VALIDADO"
"Pedal de freno excesivamente duro y rigido que cuesta mucho hundir para frenar","Camion Isuzu Forward 2019","SIN_OBD","Falla en servofreno (booster) o linea de vacio","FRENO_004","SINTETICO","NO_VALIDADO"
"Servofreno booster pinchado perdiendo vacio con pedal de freno durisimo","Camion Volvo FH 2018","SIN_OBD","Falla en servofreno (booster) o linea de vacio","FRENO_004","SINTETICO","NO_VALIDADO"
"Falta de asistencia de vacio en el servofreno con pedal de freno que no cede","Sedan Honda Civic 2016","SIN_OBD","Falla en servofreno (booster) o linea de vacio","FRENO_004","SINTETICO","NO_VALIDADO"
"Pedal de freno duro como una piedra por diafragma de servofreno roto","SUV Nissan X-Trail 2017","SIN_OBD","Falla en servofreno (booster) o linea de vacio","FRENO_004","SINTETICO","NO_VALIDADO"
"El pedal de freno no baja facilmente y requiere excesiva fuerza del conductor","Sedan Mazda 3 2018","SIN_OBD","Falla en servofreno (booster) o linea de vacio","FRENO_004","SINTETICO","NO_VALIDADO"
"Booster de freno con fuga de vacio produciendo un pedal de freno rigido","Sedan Toyota Yaris 2018","SIN_OBD","Falla en servofreno (booster) o linea de vacio","FRENO_004","SINTETICO","NO_VALIDADO"
"Perdida de vacio en el servofreno haciendo que el pedal este sumamente pesado","Hatchback Kia Rio 2017","SIN_OBD","Falla en servofreno (booster) o linea de vacio","FRENO_004","SINTETICO","NO_VALIDADO"
"Pedal de freno duro al tacto sin asistencia hidraulica ni servofreno","Sedan Nissan Versa 2019","SIN_OBD","Falla en servofreno (booster) o linea de vacio","FRENO_004","SINTETICO","NO_VALIDADO"
"Valvula check de vacio de booster averiada dejando el pedal de freno muy duro","Sedan Hyundai Accent 2018","SIN_OBD","Falla en servofreno (booster) o linea de vacio","FRENO_004","SINTETICO","NO_VALIDADO"
"Dificultad severa para clavar los frenos por servofreno booster desinflado","SUV Hyundai Tucson 2016","SIN_OBD","Falla en servofreno (booster) o linea de vacio","FRENO_004","SINTETICO","NO_VALIDADO"
"Luz de advertencia de sensor de velocidad ABS encendida fija en el cuadro","Sedan Chevrolet Sail 2016","SIN_OBD","Falla en sensor de velocidad de rueda ABS","FRENO_005","SINTETICO","NO_VALIDADO"
"Sensor de velocidad de rueda ABS sucio de limalla que hace saltar el pedal","Sedan Toyota Corolla 2015","SIN_OBD","Falla en sensor de velocidad de rueda ABS","FRENO_005","SINTETICO","NO_VALIDADO"
"Falla en sensor ABS de rueda delantera que activa el sistema en piso seco","Hatchback Suzuki Swift 2018","SIN_OBD","Falla en sensor de velocidad de rueda ABS","FRENO_005","SINTETICO","NO_VALIDADO"
"Lectura erratica del captador de velocidad de rueda ABS con testigo encendido","Sedan Kia Cerato 2017","SIN_OBD","Falla en sensor de velocidad de rueda ABS","FRENO_005","SINTETICO","NO_VALIDADO"
"Sensor de rueda ABS desconectado o con cable cortado marcando codigo de falla","Sedan Nissan Sentra 2018","SIN_OBD","Falla en sensor de velocidad de rueda ABS","FRENO_005","SINTETICO","NO_VALIDADO"
"Pulsaciones raras en el ABS a baja velocidad por anillo reluctor magnetico sucio","SUV Changan CS35 2020","SIN_OBD","Falla en sensor de velocidad de rueda ABS","FRENO_005","SINTETICO","NO_VALIDADO"
"Testigo de frenos ABS prendido continuo por sensor inductivo de rueda averiado","Hatchback VW Gol 2015","SIN_OBD","Falla en sensor de velocidad de rueda ABS","FRENO_005","SINTETICO","NO_VALIDADO"
"Sensor de giro de rueda ABS enviando señal nula a la centralita de frenado","Pickup Toyota Hilux 2018","SIN_OBD","Falla en sensor de velocidad de rueda ABS","FRENO_005","SINTETICO","NO_VALIDADO"
"Activacion falsa del ABS al frenar suave por sensor de rueda descalibrado","Camion Isuzu Forward 2019","SIN_OBD","Falla en sensor de velocidad de rueda ABS","FRENO_005","SINTETICO","NO_VALIDADO"
"Sensor de velocidad de rueda ABS con resistencia abierta y luz en tablero","Camion Volvo FH 2018","SIN_OBD","Falla en sensor de velocidad de rueda ABS","FRENO_005","SINTETICO","NO_VALIDADO"
"Perdida de presion de aire neumatico en tanques de freno de camion pesado","Sedan Honda Civic 2016","SIN_OBD","Fugas de aire o fallos en el sistema de frenos neumático (Camiones)","FRENO_006","SINTETICO","NO_VALIDADO"
"Freno de aire de camion no descarga y los pulmones de freno quedan clavados","SUV Nissan X-Trail 2017","SIN_OBD","Fugas de aire o fallos en el sistema de frenos neumático (Camiones)","FRENO_006","SINTETICO","NO_VALIDADO"
"Fuga audible de aire comprimido por valvula de descarga rapida de frenos","Sedan Mazda 3 2018","SIN_OBD","Fugas de aire o fallos en el sistema de frenos neumático (Camiones)","FRENO_006","SINTETICO","NO_VALIDADO"
"Pedal de freno de aire sin presion neumatica suficiente en el manometro","Sedan Toyota Yaris 2018","SIN_OBD","Fugas de aire o fallos en el sistema de frenos neumático (Camiones)","FRENO_006","SINTETICO","NO_VALIDADO"
"Camara de freno neumatico pulmon perdiendo presion de aire por diafragma","Hatchback Kia Rio 2017","SIN_OBD","Fugas de aire o fallos en el sistema de frenos neumático (Camiones)","FRENO_006","SINTETICO","NO_VALIDADO"
"Frenos neumaticos de camion demoran en cargar aire por fuga en cañerias","Sedan Nissan Versa 2019","SIN_OBD","Fugas de aire o fallos en el sistema de frenos neumático (Camiones)","FRENO_006","SINTETICO","NO_VALIDADO"
"Valvula de pedal de freno de aire soplando aire continuo por el escape","Sedan Hyundai Accent 2018","SIN_OBD","Fugas de aire o fallos en el sistema de frenos neumático (Camiones)","FRENO_006","SINTETICO","NO_VALIDADO"
"Perdida de aire neumatico en mangueras espiraladas de freno del semirremolque","SUV Hyundai Tucson 2016","SIN_OBD","Fugas de aire o fallos en el sistema de frenos neumático (Camiones)","FRENO_006","SINTETICO","NO_VALIDADO"
"Pulmon de freno de aire bloqueado que no libera el freno de estacionamiento","Sedan Chevrolet Sail 2016","SIN_OBD","Fugas de aire o fallos en el sistema de frenos neumático (Camiones)","FRENO_006","SINTETICO","NO_VALIDADO"
"Baja presion en circuito neumatico de frenos sonando la chicharra de alerta","Sedan Toyota Corolla 2015","SIN_OBD","Fugas de aire o fallos en el sistema de frenos neumático (Camiones)","FRENO_006","SINTETICO","NO_VALIDADO"
"Valvula secadora de aire APS obstruida escupiendo agua en tanques de freno","Hatchback Suzuki Swift 2018","SIN_OBD","Válvula de freno de aire o secador APS obstruido (Camiones)","FRENO_007","SINTETICO","NO_VALIDADO"
"Filtro secador de aire neumatico saturado con condensacion en todo el circuito","Sedan Kia Cerato 2017","SIN_OBD","Válvula de freno de aire o secador APS obstruido (Camiones)","FRENO_007","SINTETICO","NO_VALIDADO"
"Valvula APS de camion no realiza el ciclo de purga y acumula humedad de aire","Sedan Nissan Sentra 2018","SIN_OBD","Válvula de freno de aire o secador APS obstruido (Camiones)","FRENO_007","SINTETICO","NO_VALIDADO"
"Humedad y aceite excesivo saliendo por la valvula de purga del secador APS","SUV Changan CS35 2020","SIN_OBD","Válvula de freno de aire o secador APS obstruido (Camiones)","FRENO_007","SINTETICO","NO_VALIDADO"
"Falla en modulo secador de aire APS que bloquea la alimentacion de tanques","Hatchback VW Gol 2015","SIN_OBD","Válvula de freno de aire o secador APS obstruido (Camiones)","FRENO_007","SINTETICO","NO_VALIDADO"
"Cartucho de secador de aire neumatico tapado de carbon y agua condensada","Pickup Toyota Hilux 2018","SIN_OBD","Válvula de freno de aire o secador APS obstruido (Camiones)","FRENO_007","SINTETICO","NO_VALIDADO"
"Valvula secadora APS disparando descarga de aire continua sin regenerar","Camion Isuzu Forward 2019","SIN_OBD","Válvula de freno de aire o secador APS obstruido (Camiones)","FRENO_007","SINTETICO","NO_VALIDADO"
"Secador neumatico de aire APS con calentador quemado congelando cañerias","Camion Volvo FH 2018","SIN_OBD","Válvula de freno de aire o secador APS obstruido (Camiones)","FRENO_007","SINTETICO","NO_VALIDADO"
"Presencia de agua sucia en tanques de aire por filtro secador APS colmatado","Sedan Honda Civic 2016","SIN_OBD","Válvula de freno de aire o secador APS obstruido (Camiones)","FRENO_007","SINTETICO","NO_VALIDADO"
"Fuga constante por la valvula de purga automatica del secador de aire APS","SUV Nissan X-Trail 2017","SIN_OBD","Válvula de freno de aire o secador APS obstruido (Camiones)","FRENO_007","SINTETICO","NO_VALIDADO"
"Bujias desgastadas y bobina de encendido defectuosa con misfire y temblores","Sedan Mazda 3 2018","SIN_OBD","Falla en bujias o bobinas de encendido (misfire)","MOTOR_001","SINTETICO","NO_VALIDADO"
"Bujias gastadas con bobina quemada que produce cascabeleo al acelerar","Sedan Toyota Yaris 2018","SIN_OBD","Falla en bujias o bobinas de encendido (misfire)","MOTOR_001","SINTETICO","NO_VALIDADO"
"Bobina de encendido defectuosa y bujias empastadas con motor en 3 cilindros","Hatchback Kia Rio 2017","SIN_OBD","Falla en bujias o bobinas de encendido (misfire)","MOTOR_001","SINTETICO","NO_VALIDADO"
"Bujias de encendido desgastadas con bobina fallando y tironeos en ralenti","Sedan Nissan Versa 2019","SIN_OBD","Falla en bujias o bobinas de encendido (misfire)","MOTOR_001","SINTETICO","NO_VALIDADO"
"Motor tiembla en minimo por bujias carbonizadas y bobina de ignicion en corto","Sedan Hyundai Accent 2018","SIN_OBD","Falla en bujias o bobinas de encendido (misfire)","MOTOR_001","SINTETICO","NO_VALIDADO"
"Falla de encendido misfire en cilindro 1 por bujia gastada y bobina abierta","SUV Hyundai Tucson 2016","SIN_OBD","Falla en bujias o bobinas de encendido (misfire)","MOTOR_001","SINTETICO","NO_VALIDADO"
"Chispa debil en bujias de encendido con bobina fallando en altas revoluciones","Sedan Chevrolet Sail 2016","SIN_OBD","Falla en bujias o bobinas de encendido (misfire)","MOTOR_001","SINTETICO","NO_VALIDADO"
"Tirones fuertes al acelerar por bujias viejas con holgura de electrodo excesiva","Sedan Toyota Corolla 2015","SIN_OBD","Falla en bujias o bobinas de encendido (misfire)","MOTOR_001","SINTETICO","NO_VALIDADO"
"Bobina de ignicion quemada que apaga un cilindro y enciende el check engine","Hatchback Suzuki Swift 2018","SIN_OBD","Falla en bujias o bobinas de encendido (misfire)","MOTOR_001","SINTETICO","NO_VALIDADO"
"Bujias desgastadas produciendo explosiones leves por el escape y cabeceo","Sedan Kia Cerato 2017","SIN_OBD","Falla en bujias o bobinas de encendido (misfire)","MOTOR_001","SINTETICO","NO_VALIDADO"
"Consumo excesivo de aceite de motor con humo blanco azulado por el escape","Sedan Nissan Sentra 2018","SIN_OBD","Consumo de aceite por desgaste de anillos o retenes","MOTOR_002","SINTETICO","NO_VALIDADO"
"Desgaste de anillos de piston y retenes de valvula quemando aceite de motor","SUV Changan CS35 2020","SIN_OBD","Consumo de aceite por desgaste de anillos o retenes","MOTOR_002","SINTETICO","NO_VALIDADO"
"Humo azul continuo al acelerar por paso de aceite en guias y anillos gastados","Hatchback VW Gol 2015","SIN_OBD","Consumo de aceite por desgaste de anillos o retenes","MOTOR_002","SINTETICO","NO_VALIDADO"
"Consumo de un litro de aceite cada 1000 km por anillos de piston pegados","Pickup Toyota Hilux 2018","SIN_OBD","Consumo de aceite por desgaste de anillos o retenes","MOTOR_002","SINTETICO","NO_VALIDADO"
"Aceite pasando a la camara de combustion por retenes de valvula tostados","Camion Isuzu Forward 2019","SIN_OBD","Consumo de aceite por desgaste de anillos o retenes","MOTOR_002","SINTETICO","NO_VALIDADO"
"Bujias empapadas en aceite de motor por desgaste severo de cilindros y aros","Camion Volvo FH 2018","SIN_OBD","Consumo de aceite por desgaste de anillos o retenes","MOTOR_002","SINTETICO","NO_VALIDADO"
"Compresion baja por anillos de piston gastados con mucho humo azul al escape","Sedan Honda Civic 2016","SIN_OBD","Consumo de aceite por desgaste de anillos o retenes","MOTOR_002","SINTETICO","NO_VALIDADO"
"Perdida de nivel de aceite de motor por combustion interna en los cilindros","SUV Nissan X-Trail 2017","SIN_OBD","Consumo de aceite por desgaste de anillos o retenes","MOTOR_002","SINTETICO","NO_VALIDADO"
"Piston con holgura excesiva y aros gastados consumiendo lubricante de motor","Sedan Mazda 3 2018","SIN_OBD","Consumo de aceite por desgaste de anillos o retenes","MOTOR_002","SINTETICO","NO_VALIDADO"
"Retenes de guia de valvula resecos dejando caer aceite al multiple de escape","Sedan Toyota Yaris 2018","SIN_OBD","Consumo de aceite por desgaste de anillos o retenes","MOTOR_002","SINTETICO","NO_VALIDADO"
"Empaque de culata soplado con burbujas en el radiador y humo blanco espeso","Hatchback Kia Rio 2017","SIN_OBD","Empaque de culata soplado o danado","MOTOR_003","SINTETICO","NO_VALIDADO"
"Junta de culata quemada pasando compresion al circuito de refrigerante","Sedan Nissan Versa 2019","SIN_OBD","Empaque de culata soplado o danado","MOTOR_003","SINTETICO","NO_VALIDADO"
"Empaque de culata picado mezclando aceite con agua formando una pasta cafe","Sedan Hyundai Accent 2018","SIN_OBD","Empaque de culata soplado o danado","MOTOR_003","SINTETICO","NO_VALIDADO"
"Sobrepresion en mangueras de agua y recalentamiento por empaque de culata roto","SUV Hyundai Tucson 2016","SIN_OBD","Empaque de culata soplado o danado","MOTOR_003","SINTETICO","NO_VALIDADO"
"Humo blanco con olor dulce por el escape por empaque de culata soplado","Sedan Chevrolet Sail 2016","SIN_OBD","Empaque de culata soplado o danado","MOTOR_003","SINTETICO","NO_VALIDADO"
"Perdida de refrigerante sin fuga externa por filtracion en junta de culata","Sedan Toyota Corolla 2015","SIN_OBD","Empaque de culata soplado o danado","MOTOR_003","SINTETICO","NO_VALIDADO"
"Mezcla de refrigerante en el carter de aceite por empaque de culata averiado","Hatchback Suzuki Swift 2018","SIN_OBD","Empaque de culata soplado o danado","MOTOR_003","SINTETICO","NO_VALIDADO"
"Culata deformada y empaque quemado que hierve el vaso de expansion de agua","Sedan Kia Cerato 2017","SIN_OBD","Empaque de culata soplado o danado","MOTOR_003","SINTETICO","NO_VALIDADO"
"Paso de compresion de cilindro a las galerias de agua por junta rota","Sedan Nissan Sentra 2018","SIN_OBD","Empaque de culata soplado o danado","MOTOR_003","SINTETICO","NO_VALIDADO"
"Empaque de culata perforado provocando arranque en 3 cilindros por agua","SUV Changan CS35 2020","SIN_OBD","Empaque de culata soplado o danado","MOTOR_003","SINTETICO","NO_VALIDADO"
"Baja presion de aceite de motor con testigo de aladines prendido en caliente","Hatchback VW Gol 2015","SIN_OBD","Baja presion de aceite o bomba de aceite defectuosa","MOTOR_004","SINTETICO","NO_VALIDADO"
"Bomba de aceite de motor desgastada produciendo ruidos metalicos en el carter","Pickup Toyota Hilux 2018","SIN_OBD","Baja presion de aceite o bomba de aceite defectuosa","MOTOR_004","SINTETICO","NO_VALIDADO"
"Presion de aceite insuficiente que hace sonar los buzos hidraulicos del motor","Camion Isuzu Forward 2019","SIN_OBD","Baja presion de aceite o bomba de aceite defectuosa","MOTOR_004","SINTETICO","NO_VALIDADO"
"Testigo de presion de aceite parpadea en ralenti por desgaste de bomba de aceite","Camion Volvo FH 2018","SIN_OBD","Baja presion de aceite o bomba de aceite defectuosa","MOTOR_004","SINTETICO","NO_VALIDADO"
"Colador de bomba de aceite en el carter tapado de lodo bajando la lubricacion","Sedan Honda Civic 2016","SIN_OBD","Baja presion de aceite o bomba de aceite defectuosa","MOTOR_004","SINTETICO","NO_VALIDADO"
"Falta de lubricacion y baja presion de aceite por bomba de engranajes gastada","SUV Nissan X-Trail 2017","SIN_OBD","Baja presion de aceite o bomba de aceite defectuosa","MOTOR_004","SINTETICO","NO_VALIDADO"
"Golpeteo en metales de biela y bancada por caida critica de presion de aceite","Sedan Mazda 3 2018","SIN_OBD","Baja presion de aceite o bomba de aceite defectuosa","MOTOR_004","SINTETICO","NO_VALIDADO"
"Bomba de aceite con holgura excesiva que no levanta presion en altas RPM","Sedan Toyota Yaris 2018","SIN_OBD","Baja presion de aceite o bomba de aceite defectuosa","MOTOR_004","SINTETICO","NO_VALIDADO"
"Luz roja de aceite encendida por valvula de alivio de bomba pegada abierta","Hatchback Kia Rio 2017","SIN_OBD","Baja presion de aceite o bomba de aceite defectuosa","MOTOR_004","SINTETICO","NO_VALIDADO"
"Manometro de presion de aceite marca menos de 10 PSI en caliente al ralenti","Sedan Nissan Versa 2019","SIN_OBD","Baja presion de aceite o bomba de aceite defectuosa","MOTOR_004","SINTETICO","NO_VALIDADO"
"Faja de distribucion destensada o con salto de punto perdiendo sincronizacion","Sedan Hyundai Accent 2018","SIN_OBD","Faja o cadena de distribucion destensada o con salto de punto","MOTOR_005","SINTETICO","NO_VALIDADO"
"Cadena de distribucion estirada con ruido de matraca y sincronismo corrido","SUV Hyundai Tucson 2016","SIN_OBD","Faja o cadena de distribucion destensada o con salto de punto","MOTOR_005","SINTETICO","NO_VALIDADO"
"Salto de dientes en la faja de distribucion provocando dificultad de arranque","Sedan Chevrolet Sail 2016","SIN_OBD","Faja o cadena de distribucion destensada o con salto de punto","MOTOR_005","SINTETICO","NO_VALIDADO"
"Tensor de cadena de distribucion vencido con cascabeleo al encender el motor","Sedan Toyota Corolla 2015","SIN_OBD","Faja o cadena de distribucion destensada o con salto de punto","MOTOR_005","SINTETICO","NO_VALIDADO"
"Faja de distribucion agrietada y floja que altera la puesta a punto del motor","Hatchback Suzuki Swift 2018","SIN_OBD","Faja o cadena de distribucion destensada o con salto de punto","MOTOR_005","SINTETICO","NO_VALIDADO"
"Cadena de tiempo desfasada marcando desincronizacion de cigueñal y levas","Sedan Kia Cerato 2017","SIN_OBD","Faja o cadena de distribucion destensada o con salto de punto","MOTOR_005","SINTETICO","NO_VALIDADO"
"Chirrido y holgura en rodillos guias de la faja de distribucion del motor","Sedan Nissan Sentra 2018","SIN_OBD","Faja o cadena de distribucion destensada o con salto de punto","MOTOR_005","SINTETICO","NO_VALIDADO"
"Motor descalibrado en la distribucion por salto de punto en pinon de levas","SUV Changan CS35 2020","SIN_OBD","Faja o cadena de distribucion destensada o con salto de punto","MOTOR_005","SINTETICO","NO_VALIDADO"
"Cadena de distribucion raspando contra la tapa por patines guia rotos","Hatchback VW Gol 2015","SIN_OBD","Faja o cadena de distribucion destensada o con salto de punto","MOTOR_005","SINTETICO","NO_VALIDADO"
"Faja de tiempo floja que produce explosiones en admision por desfase de levas","Pickup Toyota Hilux 2018","SIN_OBD","Faja o cadena de distribucion destensada o con salto de punto","MOTOR_005","SINTETICO","NO_VALIDADO"
"Falla en actuador de turbocompresor o VGT en motores alemanes TSI TFSI","Camion Isuzu Forward 2019","SIN_OBD","Falla de descarbonizacion e inyeccion directa GDI (acumulacion de carbon en valvulas)","MOTOR_006","SINTETICO","NO_VALIDADO"
"Valvula de descarga wastegate y actuador electronico de turbo trabado","Camion Volvo FH 2018","SIN_OBD","Falla de descarbonizacion e inyeccion directa GDI (acumulacion de carbon en valvulas)","MOTOR_006","SINTETICO","NO_VALIDADO"
"Perdida de presion de sobrealimentacion por actuador de turbo descalibrado","Sedan Honda Civic 2016","SIN_OBD","Falla de descarbonizacion e inyeccion directa GDI (acumulacion de carbon en valvulas)","MOTOR_006","SINTETICO","NO_VALIDADO"
"Actuador VGT de geometria variable de turbo pegado con falta de potencia","SUV Nissan X-Trail 2017","SIN_OBD","Falla de descarbonizacion e inyeccion directa GDI (acumulacion de carbon en valvulas)","MOTOR_006","SINTETICO","NO_VALIDADO"
"Geometria variable del turbocompresor trabada por carbonilla en alabes","Sedan Mazda 3 2018","SIN_OBD","Falla de descarbonizacion e inyeccion directa GDI (acumulacion de carbon en valvulas)","MOTOR_006","SINTETICO","NO_VALIDADO"
"Actuador electronico de presion de turbo con engranajes internos rotos","Sedan Toyota Yaris 2018","SIN_OBD","Falla de descarbonizacion e inyeccion directa GDI (acumulacion de carbon en valvulas)","MOTOR_006","SINTETICO","NO_VALIDADO"
"Fallo de presion de turbo baja en motor TSI por varilla de actuador suelta","Hatchback Kia Rio 2017","SIN_OBD","Falla de descarbonizacion e inyeccion directa GDI (acumulacion de carbon en valvulas)","MOTOR_006","SINTETICO","NO_VALIDADO"
"Sobrepresion de turbo por actuador VGT que no abre los alabes en alta carga","Sedan Nissan Versa 2019","SIN_OBD","Falla de descarbonizacion e inyeccion directa GDI (acumulacion de carbon en valvulas)","MOTOR_006","SINTETICO","NO_VALIDADO"
"Motor entra en modo de emergencia por desfase en la posicion de actuador turbo","Sedan Hyundai Accent 2018","SIN_OBD","Falla de descarbonizacion e inyeccion directa GDI (acumulacion de carbon en valvulas)","MOTOR_006","SINTETICO","NO_VALIDADO"
"Actuador de wastegate perdiendo vacio con codigo de presion de turbo P0299","SUV Hyundai Tucson 2016","SIN_OBD","Falla de descarbonizacion e inyeccion directa GDI (acumulacion de carbon en valvulas)","MOTOR_006","SINTETICO","NO_VALIDADO"
"Falla de descarbonizacion e inyeccion directa GDI carbon en valvulas","Sedan Chevrolet Sail 2016","SIN_OBD","Falla en sistema de sincronizacion variable de valvulas (VVT / VVT-i / Valvetronic)","MOTOR_007","SINTETICO","NO_VALIDADO"
"Valvulas de admision tupidas de carbonilla en motor de inyeccion directa GDI","Sedan Toyota Corolla 2015","SIN_OBD","Falla en sistema de sincronizacion variable de valvulas (VVT / VVT-i / Valvetronic)","MOTOR_007","SINTETICO","NO_VALIDADO"
"Perdida de potencia y ralenti inestable por acumulacion de carbon en valvula GDI","Hatchback Suzuki Swift 2018","SIN_OBD","Falla en sistema de sincronizacion variable de valvulas (VVT / VVT-i / Valvetronic)","MOTOR_007","SINTETICO","NO_VALIDADO"
"Motor GDI con ahogo al acelerar por costra de carbon en conductos de culata","Sedan Kia Cerato 2017","SIN_OBD","Falla en sistema de sincronizacion variable de valvulas (VVT / VVT-i / Valvetronic)","MOTOR_007","SINTETICO","NO_VALIDADO"
"Falta de flujo de aire en admision por valvulas carbonizadas en inyeccion directa","Sedan Nissan Sentra 2018","SIN_OBD","Falla en sistema de sincronizacion variable de valvulas (VVT / VVT-i / Valvetronic)","MOTOR_007","SINTETICO","NO_VALIDADO"
"Tirones en frio en motor GDI que requiere limpieza de valvulas con cascara de nuez","SUV Changan CS35 2020","SIN_OBD","Falla en sistema de sincronizacion variable de valvulas (VVT / VVT-i / Valvetronic)","MOTOR_007","SINTETICO","NO_VALIDADO"
"Carbonilla en toberas y asientos de valvulas de admision en sistema GDI","Hatchback VW Gol 2015","SIN_OBD","Falla en sistema de sincronizacion variable de valvulas (VVT / VVT-i / Valvetronic)","MOTOR_007","SINTETICO","NO_VALIDADO"
"Misfire aleatorio en motor de inyeccion directa por valvulas pegajosas de carbon","Pickup Toyota Hilux 2018","SIN_OBD","Falla en sistema de sincronizacion variable de valvulas (VVT / VVT-i / Valvetronic)","MOTOR_007","SINTETICO","NO_VALIDADO"
"Perdida severa de par motor en bajas revoluciones por admision GDI tupida","Camion Isuzu Forward 2019","SIN_OBD","Falla en sistema de sincronizacion variable de valvulas (VVT / VVT-i / Valvetronic)","MOTOR_007","SINTETICO","NO_VALIDADO"
"Acumulacion densa de carbon en las valvulas de admision de inyeccion directa","Camion Volvo FH 2018","SIN_OBD","Falla en sistema de sincronizacion variable de valvulas (VVT / VVT-i / Valvetronic)","MOTOR_007","SINTETICO","NO_VALIDADO"
"Falla de correa dentada bañada en aceite en motor Ford Dragon GM Turbo","Sedan Honda Civic 2016","SIN_OBD","Falla de correa dentada banada en aceite (Motor Ford 1.0 Dragon / GM Turbo)","MOTOR_008","SINTETICO","NO_VALIDADO"
"Correa de distribucion humeda en aceite desgranandose y tapando la chupa de aceite","SUV Nissan X-Trail 2017","SIN_OBD","Falla de correa dentada banada en aceite (Motor Ford 1.0 Dragon / GM Turbo)","MOTOR_008","SINTETICO","NO_VALIDADO"
"Desprendimiento de goma de correa en aceite que obstruye el colador de bomba","Sedan Mazda 3 2018","SIN_OBD","Falla de correa dentada banada en aceite (Motor Ford 1.0 Dragon / GM Turbo)","MOTOR_008","SINTETICO","NO_VALIDADO"
"Baja presion de aceite por restos de correa bañada en aceite en el carter","Sedan Toyota Yaris 2018","SIN_OBD","Falla de correa dentada banada en aceite (Motor Ford 1.0 Dragon / GM Turbo)","MOTOR_008","SINTETICO","NO_VALIDADO"
"Correa wet belt desgastada por aceite inadecuado perdiendo los dientes","Hatchback Kia Rio 2017","SIN_OBD","Falla de correa dentada banada en aceite (Motor Ford 1.0 Dragon / GM Turbo)","MOTOR_008","SINTETICO","NO_VALIDADO"
"Falla catastrofica inminente por degradacion de correa bañada en aceite Dragon","Sedan Nissan Versa 2019","SIN_OBD","Falla de correa dentada banada en aceite (Motor Ford 1.0 Dragon / GM Turbo)","MOTOR_008","SINTETICO","NO_VALIDADO"
"Trozos de caucho de correa humeda flotando en el carter y tapando el filtro","Sedan Hyundai Accent 2018","SIN_OBD","Falla de correa dentada banada en aceite (Motor Ford 1.0 Dragon / GM Turbo)","MOTOR_008","SINTETICO","NO_VALIDADO"
"Falla de sincronizacion por estiramiento de correa dentada sumergida en aceite","SUV Hyundai Tucson 2016","SIN_OBD","Falla de correa dentada banada en aceite (Motor Ford 1.0 Dragon / GM Turbo)","MOTOR_008","SINTETICO","NO_VALIDADO"
"Averia en distribucion de correa en aceite que obstruye la bomba de vacio","Sedan Chevrolet Sail 2016","SIN_OBD","Falla de correa dentada banada en aceite (Motor Ford 1.0 Dragon / GM Turbo)","MOTOR_008","SINTETICO","NO_VALIDADO"
"Colador de carter totalmente colmatado de residuos de correa bañada en aceite","Sedan Toyota Corolla 2015","SIN_OBD","Falla de correa dentada banada en aceite (Motor Ford 1.0 Dragon / GM Turbo)","MOTOR_008","SINTETICO","NO_VALIDADO"
"Inyectores sucios y filtro de combustible obstruido con jaloneo en subidas","Hatchback Suzuki Swift 2018","SIN_OBD","Inyectores sucios o filtro de combustible obstruido","COMBUSTIBLE_001","SINTETICO","NO_VALIDADO"
"Filtro de gasolina tapado e inyectores con mala pulverizacion al acelerar","Sedan Kia Cerato 2017","SIN_OBD","Inyectores sucios o filtro de combustible obstruido","COMBUSTIBLE_001","SINTETICO","NO_VALIDADO"
"Tirones al acelerar a fondo por inyectores sucios y filtro de combustible sucio","Sedan Nissan Sentra 2018","SIN_OBD","Inyectores sucios o filtro de combustible obstruido","COMBUSTIBLE_001","SINTETICO","NO_VALIDADO"
"Inyectores tupidos de sedimentos y filtro de combustible que no deja pasar caudal","SUV Changan CS35 2020","SIN_OBD","Inyectores sucios o filtro de combustible obstruido","COMBUSTIBLE_001","SINTETICO","NO_VALIDADO"
"Perdida de fuerza en alta por filtro de gasolina taponado e inyectores sucios","Hatchback VW Gol 2015","SIN_OBD","Inyectores sucios o filtro de combustible obstruido","COMBUSTIBLE_001","SINTETICO","NO_VALIDADO"
"Inyectores con goteo y filtro de combustible saturado de impurezas","Pickup Toyota Hilux 2018","SIN_OBD","Inyectores sucios o filtro de combustible obstruido","COMBUSTIBLE_001","SINTETICO","NO_VALIDADO"
"Motor cabecea al acelerar fuerte por inyectores tapados y filtro de combustible","Camion Isuzu Forward 2019","SIN_OBD","Inyectores sucios o filtro de combustible obstruido","COMBUSTIBLE_001","SINTETICO","NO_VALIDADO"
"Falta de combustible en los cilindros por microfiltros de inyectores sucios","Camion Volvo FH 2018","SIN_OBD","Inyectores sucios o filtro de combustible obstruido","COMBUSTIBLE_001","SINTETICO","NO_VALIDADO"
"Inyectores con bajo caudal cc/min y filtro de gasolina totalmente tapado","Sedan Honda Civic 2016","SIN_OBD","Inyectores sucios o filtro de combustible obstruido","COMBUSTIBLE_001","SINTETICO","NO_VALIDADO"
"Jaloneos continuos por suciedad acumulada en inyectores y filtro de gasolina","SUV Nissan X-Trail 2017","SIN_OBD","Inyectores sucios o filtro de combustible obstruido","COMBUSTIBLE_001","SINTETICO","NO_VALIDADO"
"Bomba de gasolina quemada o con baja presion que no arranca en caliente","Sedan Mazda 3 2018","SIN_OBD","Bomba de gasolina quemada o con baja presion","COMBUSTIBLE_002","SINTETICO","NO_VALIDADO"
"Bomba de combustible electrica perdiendo presion en el riel a menos de 2 bar","Sedan Toyota Yaris 2018","SIN_OBD","Bomba de gasolina quemada o con baja presion","COMBUSTIBLE_002","SINTETICO","NO_VALIDADO"
"El carro demora en encender por bomba de gasolina sin retencion de presion","Hatchback Kia Rio 2017","SIN_OBD","Bomba de gasolina quemada o con baja presion","COMBUSTIBLE_002","SINTETICO","NO_VALIDADO"
"Bomba de gasolina en el tanque se calienta y corta el suministro de combustible","Sedan Nissan Versa 2019","SIN_OBD","Bomba de gasolina quemada o con baja presion","COMBUSTIBLE_002","SINTETICO","NO_VALIDADO"
"Falta de presion de combustible en el riel por bomba de gasolina defectuosa","Sedan Hyundai Accent 2018","SIN_OBD","Bomba de gasolina quemada o con baja presion","COMBUSTIBLE_002","SINTETICO","NO_VALIDADO"
"Bomba de gasolina sumergida no zumba al poner contacto y el motor no arranca","SUV Hyundai Tucson 2016","SIN_OBD","Bomba de gasolina quemada o con baja presion","COMBUSTIBLE_002","SINTETICO","NO_VALIDADO"
"Perdida repentina de alimentacion de gasolina por pila de bomba quemada","Sedan Chevrolet Sail 2016","SIN_OBD","Bomba de gasolina quemada o con baja presion","COMBUSTIBLE_002","SINTETICO","NO_VALIDADO"
"Presion de bomba de gasolina cae a cero al acelerar apagando el motor","Sedan Toyota Corolla 2015","SIN_OBD","Bomba de gasolina quemada o con baja presion","COMBUSTIBLE_002","SINTETICO","NO_VALIDADO"
"Regulador o bomba de gasolina con baja presion que ahoga el arranque","Hatchback Suzuki Swift 2018","SIN_OBD","Bomba de gasolina quemada o con baja presion","COMBUSTIBLE_002","SINTETICO","NO_VALIDADO"
"Pila de bomba de combustible sin presion suficiente para alimentar los inyectores","Sedan Kia Cerato 2017","SIN_OBD","Bomba de gasolina quemada o con baja presion","COMBUSTIBLE_002","SINTETICO","NO_VALIDADO"
"Cuerpo de aceleracion sucio y valvula IAC con ralenti inestable oscilante","Sedan Nissan Sentra 2018","SIN_OBD","Cuerpo de aceleracion o valvula IAC sucia","COMBUSTIBLE_003","SINTETICO","NO_VALIDADO"
"El motor se apaga al frenar en el semaforo por cuerpo de aceleracion sucio","SUV Changan CS35 2020","SIN_OBD","Cuerpo de aceleracion o valvula IAC sucia","COMBUSTIBLE_003","SINTETICO","NO_VALIDADO"
"Valvula IAC trabada y cuerpo de mariposa pegajoso que apaga el minimo","Hatchback VW Gol 2015","SIN_OBD","Cuerpo de aceleracion o valvula IAC sucia","COMBUSTIBLE_003","SINTETICO","NO_VALIDADO"
"Revoluciones suben y bajan solas por cuerpo de aceleracion electronico sucio","Pickup Toyota Hilux 2018","SIN_OBD","Cuerpo de aceleracion o valvula IAC sucia","COMBUSTIBLE_003","SINTETICO","NO_VALIDADO"
"Carbonilla en la mariposa de aceleracion y valvula IAC que altera el ralenti","Camion Isuzu Forward 2019","SIN_OBD","Cuerpo de aceleracion o valvula IAC sucia","COMBUSTIBLE_003","SINTETICO","NO_VALIDADO"
"Motor no sostiene el minimo y se apaga al soltar el pedal por valvula IAC sucia","Camion Volvo FH 2018","SIN_OBD","Cuerpo de aceleracion o valvula IAC sucia","COMBUSTIBLE_003","SINTETICO","NO_VALIDADO"
"Cuerpo de mariposa descalibrado y sucio de aceite con ralenti muy bajo","Sedan Honda Civic 2016","SIN_OBD","Cuerpo de aceleracion o valvula IAC sucia","COMBUSTIBLE_003","SINTETICO","NO_VALIDADO"
"Valvula IAC pegada con suciedad que ahoga el motor al encender el aire","SUV Nissan X-Trail 2017","SIN_OBD","Cuerpo de aceleracion o valvula IAC sucia","COMBUSTIBLE_003","SINTETICO","NO_VALIDADO"
"Oscilacion de RPM entre 600 y 1400 por cuerpo de aceleracion sucio","Sedan Mazda 3 2018","SIN_OBD","Cuerpo de aceleracion o valvula IAC sucia","COMBUSTIBLE_003","SINTETICO","NO_VALIDADO"
"Mariposa de aceleracion motorizada trabada por carbonilla en los bordes","Sedan Toyota Yaris 2018","SIN_OBD","Cuerpo de aceleracion o valvula IAC sucia","COMBUSTIBLE_003","SINTETICO","NO_VALIDADO"
"Falla en sensor de oxigeno o mezcla rica con humo negro y alto consumo","Hatchback Kia Rio 2017","SIN_OBD","Falla en sensor de oxigeno o mezcla rica","COMBUSTIBLE_004","SINTETICO","NO_VALIDADO"
"Sensor lambda de oxigeno con señal pegada en rica aumentando el gasto de gasolina","Sedan Nissan Versa 2019","SIN_OBD","Falla en sensor de oxigeno o mezcla rica","COMBUSTIBLE_004","SINTETICO","NO_VALIDADO"
"Humo negro por el tubo de escape y bujias negras por sensor de oxigeno dañado","Sedan Hyundai Accent 2018","SIN_OBD","Falla en sensor de oxigeno o mezcla rica","COMBUSTIBLE_004","SINTETICO","NO_VALIDADO"
"Sensor de oxigeno banco 1 sin respuesta rapida provocando mezcla muy rica","SUV Hyundai Tucson 2016","SIN_OBD","Falla en sensor de oxigeno o mezcla rica","COMBUSTIBLE_004","SINTETICO","NO_VALIDADO"
"Exceso de consumo de combustible y olor a gasolina cruda por sensor lambda roto","Sedan Chevrolet Sail 2016","SIN_OBD","Falla en sensor de oxigeno o mezcla rica","COMBUSTIBLE_004","SINTETICO","NO_VALIDADO"
"Resistencia calefactora de sensor de oxigeno quemada con testigo de motor","Sedan Toyota Corolla 2015","SIN_OBD","Falla en sensor de oxigeno o mezcla rica","COMBUSTIBLE_004","SINTETICO","NO_VALIDADO"
"Sensor de oxigeno enviando voltaje alto continuo que ahoga la combustion","Hatchback Suzuki Swift 2018","SIN_OBD","Falla en sensor de oxigeno o mezcla rica","COMBUSTIBLE_004","SINTETICO","NO_VALIDADO"
"Mezcla de combustible excesivamente rica por lectura erratica de sensor de oxigeno","Sedan Kia Cerato 2017","SIN_OBD","Falla en sensor de oxigeno o mezcla rica","COMBUSTIBLE_004","SINTETICO","NO_VALIDADO"
"Codigo P0130 en sensor de oxigeno delantero con bujias llenas de hollin","Sedan Nissan Sentra 2018","SIN_OBD","Falla en sensor de oxigeno o mezcla rica","COMBUSTIBLE_004","SINTETICO","NO_VALIDADO"
"Falla en sonda lambda previa a catalizador que descontrola la inyeccion de nafta","SUV Changan CS35 2020","SIN_OBD","Falla en sensor de oxigeno o mezcla rica","COMBUSTIBLE_004","SINTETICO","NO_VALIDADO"
"Fuga o baja presion en sistema Common Rail Diesel camiones y pickups","Hatchback VW Gol 2015","SIN_OBD","Fuga o baja presion en sistema Common Rail Diesel (Camiones/Pickups)","COMBUSTIBLE_005","SINTETICO","NO_VALIDADO"
"Riel de inyeccion Common Rail Diesel pierde presion y el motor se apaga en carga","Pickup Toyota Hilux 2018","SIN_OBD","Fuga o baja presion en sistema Common Rail Diesel (Camiones/Pickups)","COMBUSTIBLE_005","SINTETICO","NO_VALIDADO"
"Inyectores Common Rail con fuga por retorno excesivo que impiden el arranque","Camion Isuzu Forward 2019","SIN_OBD","Fuga o baja presion en sistema Common Rail Diesel (Camiones/Pickups)","COMBUSTIBLE_005","SINTETICO","NO_VALIDADO"
"Valvula reguladora SCV de bomba Common Rail pegada con tirones en diesel","Camion Volvo FH 2018","SIN_OBD","Fuga o baja presion en sistema Common Rail Diesel (Camiones/Pickups)","COMBUSTIBLE_005","SINTETICO","NO_VALIDADO"
"Sensor de presion del riel Common Rail marcando baja presion de combustible","Sedan Honda Civic 2016","SIN_OBD","Fuga o baja presion en sistema Common Rail Diesel (Camiones/Pickups)","COMBUSTIBLE_005","SINTETICO","NO_VALIDADO"
"Bomba de alta presion Common Rail Diesel no levanta los 1600 bar de arranque","SUV Nissan X-Trail 2017","SIN_OBD","Fuga o baja presion en sistema Common Rail Diesel (Camiones/Pickups)","COMBUSTIBLE_005","SINTETICO","NO_VALIDADO"
"Fuga de petroleo en cañerias metalicas de alta presion del riel Common Rail","Sedan Mazda 3 2018","SIN_OBD","Fuga o baja presion en sistema Common Rail Diesel (Camiones/Pickups)","COMBUSTIBLE_005","SINTETICO","NO_VALIDADO"
"Motor diesel Common Rail se apaga al acelerar a fondo por caida de presion en riel","Sedan Toyota Yaris 2018","SIN_OBD","Fuga o baja presion en sistema Common Rail Diesel (Camiones/Pickups)","COMBUSTIBLE_005","SINTETICO","NO_VALIDADO"
"Inyector piezoelectrico Common Rail con tobera trancada y golpeteo diesel","Hatchback Kia Rio 2017","SIN_OBD","Fuga o baja presion en sistema Common Rail Diesel (Camiones/Pickups)","COMBUSTIBLE_005","SINTETICO","NO_VALIDADO"
"Falta de presion en rampa Common Rail por valvula limitadora de presion abierta","Sedan Nissan Versa 2019","SIN_OBD","Fuga o baja presion en sistema Common Rail Diesel (Camiones/Pickups)","COMBUSTIBLE_005","SINTETICO","NO_VALIDADO"
"Falla en modulo de bomba de gasolina FSCM PEM en Ford y Chevrolet","Sedan Hyundai Accent 2018","SIN_OBD","Falla en modulo de bomba de gasolina FSCM / PEM (Ford / Chevrolet)","COMBUSTIBLE_006","SINTETICO","NO_VALIDADO"
"Modulo controlador FSCM de bomba de combustible se calienta y corta corriente","SUV Hyundai Tucson 2016","SIN_OBD","Falla en modulo de bomba de gasolina FSCM / PEM (Ford / Chevrolet)","COMBUSTIBLE_006","SINTETICO","NO_VALIDADO"
"Modulo PEM de bomba de gasolina sin comunicacion dejando el auto sin encender","Sedan Chevrolet Sail 2016","SIN_OBD","Falla en modulo de bomba de gasolina FSCM / PEM (Ford / Chevrolet)","COMBUSTIBLE_006","SINTETICO","NO_VALIDADO"
"Falta de modulacion PWM hacia la bomba de gasolina por modulo FSCM averiado","Sedan Toyota Corolla 2015","SIN_OBD","Falla en modulo de bomba de gasolina FSCM / PEM (Ford / Chevrolet)","COMBUSTIBLE_006","SINTETICO","NO_VALIDADO"
"Modulo de control de bomba de combustible FSCM con sulfatacion en conector","Hatchback Suzuki Swift 2018","SIN_OBD","Falla en modulo de bomba de gasolina FSCM / PEM (Ford / Chevrolet)","COMBUSTIBLE_006","SINTETICO","NO_VALIDADO"
"Corte intermitente de alimentacion de combustible por modulo FSCM defectuoso","Sedan Kia Cerato 2017","SIN_OBD","Falla en modulo de bomba de gasolina FSCM / PEM (Ford / Chevrolet)","COMBUSTIBLE_006","SINTETICO","NO_VALIDADO"
"Bomba de combustible no recibe señal de velocidad por modulo PEM dañado","Sedan Nissan Sentra 2018","SIN_OBD","Falla en modulo de bomba de gasolina FSCM / PEM (Ford / Chevrolet)","COMBUSTIBLE_006","SINTETICO","NO_VALIDADO"
"Fallo de arranque aleatorio originado por placa electronica de modulo FSCM","SUV Changan CS35 2020","SIN_OBD","Falla en modulo de bomba de gasolina FSCM / PEM (Ford / Chevrolet)","COMBUSTIBLE_006","SINTETICO","NO_VALIDADO"
"Modulo FSCM de gestion de bomba de nafta con corto interno bajo el asiento","Hatchback VW Gol 2015","SIN_OBD","Falla en modulo de bomba de gasolina FSCM / PEM (Ford / Chevrolet)","COMBUSTIBLE_006","SINTETICO","NO_VALIDADO"
"Perdida de presion en rampa por falla en el driver electronico de modulo PEM","Pickup Toyota Hilux 2018","SIN_OBD","Falla en modulo de bomba de gasolina FSCM / PEM (Ford / Chevrolet)","COMBUSTIBLE_006","SINTETICO","NO_VALIDADO"
"Falla en sistema Flex Bi-combustible alcohol etanol con arranque dificil","Camion Isuzu Forward 2019","SIN_OBD","Falla en sistema Flex / Bi-combustible (Alcohol/Etanol)","COMBUSTIBLE_007","SINTETICO","NO_VALIDADO"
"Sensor de composicion de etanol o algoritmo Flex descalibrado con mezcla pobre","Camion Volvo FH 2018","SIN_OBD","Falla en sistema Flex / Bi-combustible (Alcohol/Etanol)","COMBUSTIBLE_007","SINTETICO","NO_VALIDADO"
"Dificultad severa de arranque en frio por porcentaje erroneo de alcohol etanol","Sedan Honda Civic 2016","SIN_OBD","Falla en sistema Flex / Bi-combustible (Alcohol/Etanol)","COMBUSTIBLE_007","SINTETICO","NO_VALIDADO"
"Sistema Flex fuel inyecta parametros de etanol usando gasolina pura ahogando","SUV Nissan X-Trail 2017","SIN_OBD","Falla en sistema Flex / Bi-combustible (Alcohol/Etanol)","COMBUSTIBLE_007","SINTETICO","NO_VALIDADO"
"Sensor de porcentaje de etanol en linea de combustible con lectura erronea","Sedan Mazda 3 2018","SIN_OBD","Falla en sistema Flex / Bi-combustible (Alcohol/Etanol)","COMBUSTIBLE_007","SINTETICO","NO_VALIDADO"
"Motor flex tiembla en las mañanas por falta de calentamiento de alcohol","Sedan Toyota Yaris 2018","SIN_OBD","Falla en sistema Flex / Bi-combustible (Alcohol/Etanol)","COMBUSTIBLE_007","SINTETICO","NO_VALIDADO"
"Mapa de inyeccion Flex descalibrado tras cargar combustible etanol mixto","Hatchback Kia Rio 2017","SIN_OBD","Falla en sistema Flex / Bi-combustible (Alcohol/Etanol)","COMBUSTIBLE_007","SINTETICO","NO_VALIDADO"
"Falla de adaptacion de combustible Flex Bi-fuel provocando tirones y ahogos","Sedan Nissan Versa 2019","SIN_OBD","Falla en sistema Flex / Bi-combustible (Alcohol/Etanol)","COMBUSTIBLE_007","SINTETICO","NO_VALIDADO"
"Inyectores de sistema Flex con caudal inadecuado para la mezcla de alcohol","Sedan Hyundai Accent 2018","SIN_OBD","Falla en sistema Flex / Bi-combustible (Alcohol/Etanol)","COMBUSTIBLE_007","SINTETICO","NO_VALIDADO"
"Consumo disparado y marcha erratica por calculo incorrecto de relacion Flex","SUV Hyundai Tucson 2016","SIN_OBD","Falla en sistema Flex / Bi-combustible (Alcohol/Etanol)","COMBUSTIBLE_007","SINTETICO","NO_VALIDADO"
"Disco de embrague desgastado y patinando con olor a quemado en subidas","Sedan Chevrolet Sail 2016","SIN_OBD","Disco de embrague desgastado o patinando","EMBRAGUE_001","SINTETICO","NO_VALIDADO"
"Embrague patina al acelerar en tercera marcha y las revoluciones suben solas","Sedan Toyota Corolla 2015","SIN_OBD","Disco de embrague desgastado o patinando","EMBRAGUE_001","SINTETICO","NO_VALIDADO"
"Desgaste de forros de disco de embrague y plato de presion perdiendo traccion","Hatchback Suzuki Swift 2018","SIN_OBD","Disco de embrague desgastado o patinando","EMBRAGUE_001","SINTETICO","NO_VALIDADO"
"El motor se acelera pero el auto no avanza con rapidez por embrague patinado","Sedan Kia Cerato 2017","SIN_OBD","Disco de embrague desgastado o patinando","EMBRAGUE_001","SINTETICO","NO_VALIDADO"
"Prensa de embrague desgastada y disco gastado hasta los remaches metalicos","Sedan Nissan Sentra 2018","SIN_OBD","Disco de embrague desgastado o patinando","EMBRAGUE_001","SINTETICO","NO_VALIDADO"
"Olor penetrante a embrague quemado al arrancar en pendientes pronunciadas","SUV Changan CS35 2020","SIN_OBD","Disco de embrague desgastado o patinando","EMBRAGUE_001","SINTETICO","NO_VALIDADO"
"Collarin de embrague ruidoso y disco patinando al soltar el pedal en primera","Hatchback VW Gol 2015","SIN_OBD","Disco de embrague desgastado o patinando","EMBRAGUE_001","SINTETICO","NO_VALIDADO"
"Perdida de fuerza en el tren motriz causada por embrague desgastado al limite","Pickup Toyota Hilux 2018","SIN_OBD","Disco de embrague desgastado o patinando","EMBRAGUE_001","SINTETICO","NO_VALIDADO"
"Disco de embrague cristalizado que patina al exigir torque al motor","Camion Isuzu Forward 2019","SIN_OBD","Disco de embrague desgastado o patinando","EMBRAGUE_001","SINTETICO","NO_VALIDADO"
"Patina el clutch de embrague al meter cambios fuertes sin transferir la potencia","Camion Volvo FH 2018","SIN_OBD","Disco de embrague desgastado o patinando","EMBRAGUE_001","SINTETICO","NO_VALIDADO"
"Falla en bombin o bomba hidraulica de embrague con pedal que se queda en el fondo","Sedan Honda Civic 2016","SIN_OBD","Falla en bombin o bomba hidraulica de embrague","EMBRAGUE_002","SINTETICO","NO_VALIDADO"
"Bomba maestra de embrague perdiendo presion con dificultad para meter cambios","SUV Nissan X-Trail 2017","SIN_OBD","Falla en bombin o bomba hidraulica de embrague","EMBRAGUE_002","SINTETICO","NO_VALIDADO"
"Bombin secundario de embrague con fuga de liquido hidraulico en la caja","Sedan Mazda 3 2018","SIN_OBD","Falla en bombin o bomba hidraulica de embrague","EMBRAGUE_002","SINTETICO","NO_VALIDADO"
"El pedal de embrague no retorna y se queda pegado abajo por bombin dañado","Sedan Toyota Yaris 2018","SIN_OBD","Falla en bombin o bomba hidraulica de embrague","EMBRAGUE_002","SINTETICO","NO_VALIDADO"
"Imposible engranar primera y retroceso por falta de desacople en bombin hidraulico","Hatchback Kia Rio 2017","SIN_OBD","Falla en bombin o bomba hidraulica de embrague","EMBRAGUE_002","SINTETICO","NO_VALIDADO"
"Fuga de liquido en el cilindro esclavo de embrague perdiendo accionamiento","Sedan Nissan Versa 2019","SIN_OBD","Falla en bombin o bomba hidraulica de embrague","EMBRAGUE_002","SINTETICO","NO_VALIDADO"
"Pedal de embrague esponjoso que no corta el cambio por aire en el bombin","Sedan Hyundai Accent 2018","SIN_OBD","Falla en bombin o bomba hidraulica de embrague","EMBRAGUE_002","SINTETICO","NO_VALIDADO"
"Bomba de embrague pasa liquido internamente y no empuja la horquilla","SUV Hyundai Tucson 2016","SIN_OBD","Falla en bombin o bomba hidraulica de embrague","EMBRAGUE_002","SINTETICO","NO_VALIDADO"
"Gotera de liquido de freno en el bombin de embrague bajo la campana de caja","Sedan Chevrolet Sail 2016","SIN_OBD","Falla en bombin o bomba hidraulica de embrague","EMBRAGUE_002","SINTETICO","NO_VALIDADO"
"Dificultad para desacoplar el embrague por embolos gastados en bomba hidraulica","Sedan Toyota Corolla 2015","SIN_OBD","Falla en bombin o bomba hidraulica de embrague","EMBRAGUE_002","SINTETICO","NO_VALIDADO"
"Sobrecalentamiento o falla en solenoides de caja automatica CVT y DSG","Hatchback Suzuki Swift 2018","SIN_OBD","Sobrecalentamiento o solenoides en caja automatica CVT / DSG","TRANSMISION_001","SINTETICO","NO_VALIDADO"
"Caja automatica patina entre cambios y da golpes bruscos al pasar marchas","Sedan Kia Cerato 2017","SIN_OBD","Sobrecalentamiento o solenoides en caja automatica CVT / DSG","TRANSMISION_001","SINTETICO","NO_VALIDADO"
"Caja CVT no acelera y se queda trabada en modo de proteccion por temperatura","Sedan Nissan Sentra 2018","SIN_OBD","Sobrecalentamiento o solenoides en caja automatica CVT / DSG","TRANSMISION_001","SINTETICO","NO_VALIDADO"
"Solenoides de presion de caja automatica pegados con tirones severos","SUV Changan CS35 2020","SIN_OBD","Sobrecalentamiento o solenoides en caja automatica CVT / DSG","TRANSMISION_001","SINTETICO","NO_VALIDADO"
"Transmision automatica DSG demora en acoplar primera con fuerte sacudida","Hatchback VW Gol 2015","SIN_OBD","Sobrecalentamiento o solenoides en caja automatica CVT / DSG","TRANSMISION_001","SINTETICO","NO_VALIDADO"
"Caja automatica no cambia de velocidad y se queda bloqueada en tercera marcha","Pickup Toyota Hilux 2018","SIN_OBD","Sobrecalentamiento o solenoides en caja automatica CVT / DSG","TRANSMISION_001","SINTETICO","NO_VALIDADO"
"Sobrecalentamiento de fluido ATF en caja automatica con aviso en tablero","Camion Isuzu Forward 2019","SIN_OBD","Sobrecalentamiento o solenoides en caja automatica CVT / DSG","TRANSMISION_001","SINTETICO","NO_VALIDADO"
"Deslizamiento en poleas de caja CVT con zumbido agudo en carretera","Camion Volvo FH 2018","SIN_OBD","Sobrecalentamiento o solenoides en caja automatica CVT / DSG","TRANSMISION_001","SINTETICO","NO_VALIDADO"
"Golpeteo seco al poner reversa o directa en transmision automatica secuencial","Sedan Honda Civic 2016","SIN_OBD","Sobrecalentamiento o solenoides en caja automatica CVT / DSG","TRANSMISION_001","SINTETICO","NO_VALIDADO"
"Cuerpo de valvulas de caja automatica trancado provocando cambios tardios","SUV Nissan X-Trail 2017","SIN_OBD","Sobrecalentamiento o solenoides en caja automatica CVT / DSG","TRANSMISION_001","SINTETICO","NO_VALIDADO"
"Rodajes de caja mecanica o diferencial gastados con zumbido de engranajes","Sedan Mazda 3 2018","SIN_OBD","Rodajes de caja mecanica o diferencial gastados","TRANSMISION_002","SINTETICO","NO_VALIDADO"
"Zumbido constante en caja de cambios manual que aumenta con la velocidad","Sedan Toyota Yaris 2018","SIN_OBD","Rodajes de caja mecanica o diferencial gastados","TRANSMISION_002","SINTETICO","NO_VALIDADO"
"Rodamiento de eje primario de caja mecanica roncando al soltar el embrague","Hatchback Kia Rio 2017","SIN_OBD","Rodajes de caja mecanica o diferencial gastados","TRANSMISION_002","SINTETICO","NO_VALIDADO"
"Diferencial con desgaste en piñon y corona que zumba fuertemente al acelerar","Sedan Nissan Versa 2019","SIN_OBD","Rodajes de caja mecanica o diferencial gastados","TRANSMISION_002","SINTETICO","NO_VALIDADO"
"Rodajes de transmision manual picados produciendo friccion y ruido sordo","Sedan Hyundai Accent 2018","SIN_OBD","Rodajes de caja mecanica o diferencial gastados","TRANSMISION_002","SINTETICO","NO_VALIDADO"
"Zumbido metalico dentro de la caja de cambios que desaparece al pisar clutch","SUV Hyundai Tucson 2016","SIN_OBD","Rodajes de caja mecanica o diferencial gastados","TRANSMISION_002","SINTETICO","NO_VALIDADO"
"Desgaste en rodamientos conicos del diferencial con juego en los palieres","Sedan Chevrolet Sail 2016","SIN_OBD","Rodajes de caja mecanica o diferencial gastados","TRANSMISION_002","SINTETICO","NO_VALIDADO"
"Ruido de avion en transmision manual originado por rodajes picados","Sedan Toyota Corolla 2015","SIN_OBD","Rodajes de caja mecanica o diferencial gastados","TRANSMISION_002","SINTETICO","NO_VALIDADO"
"Holgura y zumbido en el tren de engranajes de la caja mecanica de cambios","Hatchback Suzuki Swift 2018","SIN_OBD","Rodajes de caja mecanica o diferencial gastados","TRANSMISION_002","SINTETICO","NO_VALIDADO"
"Rodaje de piñon de ataque del diferencial con pista picada y vibracion","Sedan Kia Cerato 2017","SIN_OBD","Rodajes de caja mecanica o diferencial gastados","TRANSMISION_002","SINTETICO","NO_VALIDADO"
"Falta o degradacion de aceite de caja de cambios valvulina con cambios duros","Sedan Nissan Sentra 2018","SIN_OBD","Falta o degradacion de aceite de caja de cambios","TRANSMISION_003","SINTETICO","NO_VALIDADO"
"Nivel bajo de valvulina en caja de cambios manual provocando dificultad al meter marcha","SUV Changan CS35 2020","SIN_OBD","Falta o degradacion de aceite de caja de cambios","TRANSMISION_003","SINTETICO","NO_VALIDADO"
"Aceite de transmision manual quemado y degradado con friccion en sincronizadores","Hatchback VW Gol 2015","SIN_OBD","Falta o degradacion de aceite de caja de cambios","TRANSMISION_003","SINTETICO","NO_VALIDADO"
"Cambios de marcha muy duros y rasposos por falta de aceite de caja mecanica","Pickup Toyota Hilux 2018","SIN_OBD","Falta o degradacion de aceite de caja de cambios","TRANSMISION_003","SINTETICO","NO_VALIDADO"
"Fuga de valvulina por retenes de palier dejando la caja de cambios seca","Camion Isuzu Forward 2019","SIN_OBD","Falta o degradacion de aceite de caja de cambios","TRANSMISION_003","SINTETICO","NO_VALIDADO"
"Valvulina con virutas metalicas y olor a quemado en la transmision manual","Camion Volvo FH 2018","SIN_OBD","Falta o degradacion de aceite de caja de cambios","TRANSMISION_003","SINTETICO","NO_VALIDADO"
"Caja de cambios raspa al meter segunda por aceite de caja degradado","Sedan Honda Civic 2016","SIN_OBD","Falta o degradacion de aceite de caja de cambios","TRANSMISION_003","SINTETICO","NO_VALIDADO"
"Falta de lubricante en caja de cambios manual produciendo recalentamiento","SUV Nissan X-Trail 2017","SIN_OBD","Falta o degradacion de aceite de caja de cambios","TRANSMISION_003","SINTETICO","NO_VALIDADO"
"Perdida de aceite de transmision por tapon de drenaje flojo en la caja","Sedan Mazda 3 2018","SIN_OBD","Falta o degradacion de aceite de caja de cambios","TRANSMISION_003","SINTETICO","NO_VALIDADO"
"Sincronizadores duros y lentos por valvulina vencida fuera de viscosidad","Sedan Toyota Yaris 2018","SIN_OBD","Falta o degradacion de aceite de caja de cambios","TRANSMISION_003","SINTETICO","NO_VALIDADO"
"Falla en caja robotizada Dualogic I-Motion Easytronic en Fiat y VW","Hatchback Kia Rio 2017","SIN_OBD","Falla en caja robotizada Dualogic / I-Motion / Easytronic (Fiat / VW)","TRANSMISION_004","SINTETICO","NO_VALIDADO"
"Caja robotizada Dualogic salta a neutro sola en pleno trafico de subida","Sedan Nissan Versa 2019","SIN_OBD","Falla en caja robotizada Dualogic / I-Motion / Easytronic (Fiat / VW)","TRANSMISION_004","SINTETICO","NO_VALIDADO"
"Bomba de presion electrohidraulica de caja robotizada I-Motion no carga","Sedan Hyundai Accent 2018","SIN_OBD","Falla en caja robotizada Dualogic / I-Motion / Easytronic (Fiat / VW)","TRANSMISION_004","SINTETICO","NO_VALIDADO"
"Caja Dualogic no acopla marchas y marca averia de transmision en el cuadro","SUV Hyundai Tucson 2016","SIN_OBD","Falla en caja robotizada Dualogic / I-Motion / Easytronic (Fiat / VW)","TRANSMISION_004","SINTETICO","NO_VALIDADO"
"Perdida de fluido hidraulico Tutela CS Speed en robot de caja Dualogic","Sedan Chevrolet Sail 2016","SIN_OBD","Falla en caja robotizada Dualogic / I-Motion / Easytronic (Fiat / VW)","TRANSMISION_004","SINTETICO","NO_VALIDADO"
"Acumulador de presion de caja robotizada sin carga provocando cambios lentos","Sedan Toyota Corolla 2015","SIN_OBD","Falla en caja robotizada Dualogic / I-Motion / Easytronic (Fiat / VW)","TRANSMISION_004","SINTETICO","NO_VALIDADO"
"Sensor de posicion de embrague de caja robotizada enviando señal erronea","Hatchback Suzuki Swift 2018","SIN_OBD","Falla en caja robotizada Dualogic / I-Motion / Easytronic (Fiat / VW)","TRANSMISION_004","SINTETICO","NO_VALIDADO"
"Caja robotizada Easytronic da tirones bruscos al arrancar y se bloquea","Sedan Kia Cerato 2017","SIN_OBD","Falla en caja robotizada Dualogic / I-Motion / Easytronic (Fiat / VW)","TRANSMISION_004","SINTETICO","NO_VALIDADO"
"Electroválvula de seleccion de marchas de robot Dualogic pegada","Sedan Nissan Sentra 2018","SIN_OBD","Falla en caja robotizada Dualogic / I-Motion / Easytronic (Fiat / VW)","TRANSMISION_004","SINTETICO","NO_VALIDADO"
"Transmision robotizada no engrana retroceso y pita alarma de advertencia","SUV Changan CS35 2020","SIN_OBD","Falla en caja robotizada Dualogic / I-Motion / Easytronic (Fiat / VW)","TRANSMISION_004","SINTETICO","NO_VALIDADO"
"Amortiguadores reventados y bujes de suspension gastados con golpe en baches","Hatchback VW Gol 2015","SIN_OBD","Amortiguadores reventados o bujes de suspension gastados","SUSPENSION_001","SINTETICO","NO_VALIDADO"
"Bujes de trapecio rotos y amortiguadores con fuga rebotando continuamente","Pickup Toyota Hilux 2018","SIN_OBD","Amortiguadores reventados o bujes de suspension gastados","SUSPENSION_001","SINTETICO","NO_VALIDADO"
"Golpeteo seco en la suspension delantera al pasar por rompemuelles y baches","Camion Isuzu Forward 2019","SIN_OBD","Amortiguadores reventados o bujes de suspension gastados","SUSPENSION_001","SINTETICO","NO_VALIDADO"
"Amortiguadores traseros reventados con perdida de estabilidad en curvas","Camion Volvo FH 2018","SIN_OBD","Amortiguadores reventados o bujes de suspension gastados","SUSPENSION_001","SINTETICO","NO_VALIDADO"
"Bujes de barra estabilizadora desgastados con rechinido en terreno irregular","Sedan Honda Civic 2016","SIN_OBD","Amortiguadores reventados o bujes de suspension gastados","SUSPENSION_001","SINTETICO","NO_VALIDADO"
"Vastago de amortiguador aceitado y sin retencion provocando saltos bruscos","SUV Nissan X-Trail 2017","SIN_OBD","Amortiguadores reventados o bujes de suspension gastados","SUSPENSION_001","SINTETICO","NO_VALIDADO"
"Bujes de muelles y trapecios rajados con ruido metalico al frenar","Sedan Mazda 3 2018","SIN_OBD","Amortiguadores reventados o bujes de suspension gastados","SUSPENSION_001","SINTETICO","NO_VALIDADO"
"Suspension delantera golpea en seco por topes y amortiguadores destruidos","Sedan Toyota Yaris 2018","SIN_OBD","Amortiguadores reventados o bujes de suspension gastados","SUSPENSION_001","SINTETICO","NO_VALIDADO"
"Bujes de suspension con juego excesivo que desalinean las ruedas","Hatchback Kia Rio 2017","SIN_OBD","Amortiguadores reventados o bujes de suspension gastados","SUSPENSION_001","SINTETICO","NO_VALIDADO"
"Amortiguadores vencidos que hacen cabecear la carroceria en frenadas","Sedan Nissan Versa 2019","SIN_OBD","Amortiguadores reventados o bujes de suspension gastados","SUSPENSION_001","SINTETICO","NO_VALIDADO"
"Juntas homocineticas y palieres dañados con sonido clac clac al girar timon","Sedan Hyundai Accent 2018","SIN_OBD","Juntas homocineticas o palieres danados","SUSPENSION_002","SINTETICO","NO_VALIDADO"
"Palier con tripoide destruido y homocinetica rota con chasquido al doblar","SUV Hyundai Tucson 2016","SIN_OBD","Juntas homocineticas o palieres danados","SUSPENSION_002","SINTETICO","NO_VALIDADO"
"Chasquido metalico en rueda delantera al acelerar doblando la esquina","Sedan Chevrolet Sail 2016","SIN_OBD","Juntas homocineticas o palieres danados","SUSPENSION_002","SINTETICO","NO_VALIDADO"
"Junta homocinetica lado rueda con guardapolvo roto y perdida de grasa","Sedan Toyota Corolla 2015","SIN_OBD","Juntas homocineticas o palieres danados","SUSPENSION_002","SINTETICO","NO_VALIDADO"
"Vibracion al acelerar fuerte por desgaste en copas y tripoides de palier","Hatchback Suzuki Swift 2018","SIN_OBD","Juntas homocineticas o palieres danados","SUSPENSION_002","SINTETICO","NO_VALIDADO"
"Ruido clac clac continuo al dar vuelta en U por homocinetica gastada","Sedan Kia Cerato 2017","SIN_OBD","Juntas homocineticas o palieres danados","SUSPENSION_002","SINTETICO","NO_VALIDADO"
"Palier delantero con holgura severa en la canastilla de rodamientos","Sedan Nissan Sentra 2018","SIN_OBD","Juntas homocineticas o palieres danados","SUSPENSION_002","SINTETICO","NO_VALIDADO"
"Crujido de palieres y juntas homocineticas al girar la direccion en marcha","SUV Changan CS35 2020","SIN_OBD","Juntas homocineticas o palieres danados","SUSPENSION_002","SINTETICO","NO_VALIDADO"
"Fuelle de palier roto con arena dentro de la junta homocinetica sonando","Hatchback VW Gol 2015","SIN_OBD","Juntas homocineticas o palieres danados","SUSPENSION_002","SINTETICO","NO_VALIDADO"
"Homocinetica delantera trancada que produce vibracion lateral en aceleracion","Pickup Toyota Hilux 2018","SIN_OBD","Juntas homocineticas o palieres danados","SUSPENSION_002","SINTETICO","NO_VALIDADO"
"Cremallera de direccion asistida con holgura fuga hidraulica o timon duro","Camion Isuzu Forward 2019","SIN_OBD","Cremallera de direccion asistida con holgura o fuga","SUSPENSION_003","SINTETICO","NO_VALIDADO"
"Fuga de liquido de direccion por los retenes de la cremallera en fuelles","Camion Volvo FH 2018","SIN_OBD","Cremallera de direccion asistida con holgura o fuga","SUSPENSION_003","SINTETICO","NO_VALIDADO"
"Direccion hidraulica sumamente dura con chirrido de bomba de direccion","Sedan Honda Civic 2016","SIN_OBD","Cremallera de direccion asistida con holgura o fuga","SUSPENSION_003","SINTETICO","NO_VALIDADO"
"Juego y golpeteo en la cremallera de direccion al mover el volante","SUV Nissan X-Trail 2017","SIN_OBD","Cremallera de direccion asistida con holgura o fuga","SUSPENSION_003","SINTETICO","NO_VALIDADO"
"Cremallera electroasistida EPS con ruido de piñon y timon desalineado","Sedan Mazda 3 2018","SIN_OBD","Cremallera de direccion asistida con holgura o fuga","SUSPENSION_003","SINTETICO","NO_VALIDADO"
"Perdida de retorno de direccion al centro por cremallera apretada o gastada","Sedan Toyota Yaris 2018","SIN_OBD","Cremallera de direccion asistida con holgura o fuga","SUSPENSION_003","SINTETICO","NO_VALIDADO"
"Bomba de direccion hidraulica sin presion con zumbido al doblar a topes","Hatchback Kia Rio 2017","SIN_OBD","Cremallera de direccion asistida con holgura o fuga","SUSPENSION_003","SINTETICO","NO_VALIDADO"
"Holgura en terminales y axiales de cremallera haciendo bailar el timon","Sedan Nissan Versa 2019","SIN_OBD","Cremallera de direccion asistida con holgura o fuga","SUSPENSION_003","SINTETICO","NO_VALIDADO"
"Fuga de liquido ATF por la caja de direccion asistida dejando charco","Sedan Hyundai Accent 2018","SIN_OBD","Cremallera de direccion asistida con holgura o fuga","SUSPENSION_003","SINTETICO","NO_VALIDADO"
"Timon pesado y duro hacia un lado por valvula rotativa de cremallera trabada","SUV Hyundai Tucson 2016","SIN_OBD","Cremallera de direccion asistida con holgura o fuga","SUSPENSION_003","SINTETICO","NO_VALIDADO"
"Llantas desbalanceadas o desalineadas con vibracion en volante a 80 km/h","Sedan Chevrolet Sail 2016","SIN_OBD","Llantas desbalanceadas o desalineadas","SUSPENSION_004","SINTETICO","NO_VALIDADO"
"Volante tiembla intensamente en autopista por falta de plomos de balanceo","Sedan Toyota Corolla 2015","SIN_OBD","Llantas desbalanceadas o desalineadas","SUSPENSION_004","SINTETICO","NO_VALIDADO"
"Desgaste desparejo en los hombros de las llantas por mala alineacion","Hatchback Suzuki Swift 2018","SIN_OBD","Llantas desbalanceadas o desalineadas","SUSPENSION_004","SINTETICO","NO_VALIDADO"
"El vehiculo tira hacia el lado derecho al soltar el timon en pista recta","Sedan Kia Cerato 2017","SIN_OBD","Llantas desbalanceadas o desalineadas","SUSPENSION_004","SINTETICO","NO_VALIDADO"
"Llantas deformadas con chichones que hacen saltar el carro en asfalto","Sedan Nissan Sentra 2018","SIN_OBD","Llantas desbalanceadas o desalineadas","SUSPENSION_004","SINTETICO","NO_VALIDADO"
"Vibracion en cabina y volante que aparece exactamente entre 70 y 100 km/h","SUV Changan CS35 2020","SIN_OBD","Llantas desbalanceadas o desalineadas","SUSPENSION_004","SINTETICO","NO_VALIDADO"
"Desalineacion en angulos camber y convergencia gastando llantas por dentro","Hatchback VW Gol 2015","SIN_OBD","Llantas desbalanceadas o desalineadas","SUSPENSION_004","SINTETICO","NO_VALIDADO"
"Neumaticos con balanceo dinamico descalibrado produciendo vibracion","Pickup Toyota Hilux 2018","SIN_OBD","Llantas desbalanceadas o desalineadas","SUSPENSION_004","SINTETICO","NO_VALIDADO"
"Timon torcido al avanzar en linea recta por desalineacion de ruedas","Camion Isuzu Forward 2019","SIN_OBD","Llantas desbalanceadas o desalineadas","SUSPENSION_004","SINTETICO","NO_VALIDADO"
"Llantas con desgaste escalonado que zumban como si fueran rodajes","Camion Volvo FH 2018","SIN_OBD","Llantas desbalanceadas o desalineadas","SUSPENSION_004","SINTETICO","NO_VALIDADO"
"Falla en termostato o motoventilador de radiador con temperatura al maximo","Sedan Honda Civic 2016","SIN_OBD","Falla en termostato o motoventilador de radiador","REFRIGERACION_001","SINTETICO","NO_VALIDADO"
"Termostato pegado cerrado que hace hervir el refrigerante en el motor","SUV Nissan X-Trail 2017","SIN_OBD","Falla en termostato o motoventilador de radiador","REFRIGERACION_001","SINTETICO","NO_VALIDADO"
"Electroventilador de radiador no enciende en trafico y sube la temperatura","Sedan Mazda 3 2018","SIN_OBD","Falla en termostato o motoventilador de radiador","REFRIGERACION_001","SINTETICO","NO_VALIDADO"
"Motor recalienta en caliente por termostato bloqueado sin abrir paso","Sedan Toyota Yaris 2018","SIN_OBD","Falla en termostato o motoventilador de radiador","REFRIGERACION_001","SINTETICO","NO_VALIDADO"
"Ventilador de radiador no activa la segunda velocidad y hierve el deposito","Hatchback Kia Rio 2017","SIN_OBD","Falla en termostato o motoventilador de radiador","REFRIGERACION_001","SINTETICO","NO_VALIDADO"
"Temperatura sube a la zona roja al detenerse por motoventilador quemado","Sedan Nissan Versa 2019","SIN_OBD","Falla en termostato o motoventilador de radiador","REFRIGERACION_001","SINTETICO","NO_VALIDADO"
"Termostato atascado cerrado impidiendo el paso de refrigerante hacia el radiador","Sedan Hyundai Accent 2018","SIN_OBD","Falla en termostato o motoventilador de radiador","REFRIGERACION_001","SINTETICO","NO_VALIDADO"
"Rele de electroventilador dañado impidiendo el enfriamiento del radiador","SUV Hyundai Tucson 2016","SIN_OBD","Falla en termostato o motoventilador de radiador","REFRIGERACION_001","SINTETICO","NO_VALIDADO"
"Recalentamiento subito de motor por termostato trabado en su carcasa","Sedan Chevrolet Sail 2016","SIN_OBD","Falla en termostato o motoventilador de radiador","REFRIGERACION_001","SINTETICO","NO_VALIDADO"
"Motoventilador no gira y el indicador de temperatura del tablero parpadea","Sedan Toyota Corolla 2015","SIN_OBD","Falla en termostato o motoventilador de radiador","REFRIGERACION_001","SINTETICO","NO_VALIDADO"
"Fuga en mangueras de refrigerante o radiador picado con charco verde","Hatchback Suzuki Swift 2018","SIN_OBD","Fuga en mangueras de refrigerante o radiador picado","REFRIGERACION_002","SINTETICO","NO_VALIDADO"
"Radiador picado con perdida de refrigerante por los paneles de aluminio","Sedan Kia Cerato 2017","SIN_OBD","Fuga en mangueras de refrigerante o radiador picado","REFRIGERACION_002","SINTETICO","NO_VALIDADO"
"Manguera superior de radiador rota y rajada botando chorro de agua caliente","Sedan Nissan Sentra 2018","SIN_OBD","Fuga en mangueras de refrigerante o radiador picado","REFRIGERACION_002","SINTETICO","NO_VALIDADO"
"Fuga de liquido refrigerante por abrazadera suelta o manguera reventada","SUV Changan CS35 2020","SIN_OBD","Fuga en mangueras de refrigerante o radiador picado","REFRIGERACION_002","SINTETICO","NO_VALIDADO"
"Tapa de radiador no retiene presion y bota refrigerante por el rebose","Hatchback VW Gol 2015","SIN_OBD","Fuga en mangueras de refrigerante o radiador picado","REFRIGERACION_002","SINTETICO","NO_VALIDADO"
"Fisura en el tanque plastico lateral del radiador con goteo constante de agua","Pickup Toyota Hilux 2018","SIN_OBD","Fuga en mangueras de refrigerante o radiador picado","REFRIGERACION_002","SINTETICO","NO_VALIDADO"
"Charco de refrigerante verde o rosado bajo el motor por manguera picada","Camion Isuzu Forward 2019","SIN_OBD","Fuga en mangueras de refrigerante o radiador picado","REFRIGERACION_002","SINTETICO","NO_VALIDADO"
"Radiador goteando liquido anticongelante en las uniones de las celdas","Camion Volvo FH 2018","SIN_OBD","Fuga en mangueras de refrigerante o radiador picado","REFRIGERACION_002","SINTETICO","NO_VALIDADO"
"Manguera de calefaccion perforada dejando sin agua el circuito de enfriamiento","Sedan Honda Civic 2016","SIN_OBD","Fuga en mangueras de refrigerante o radiador picado","REFRIGERACION_002","SINTETICO","NO_VALIDADO"
"Fuga visible de refrigerante por la pipa de agua termostatica del motor","SUV Nissan X-Trail 2017","SIN_OBD","Fuga en mangueras de refrigerante o radiador picado","REFRIGERACION_002","SINTETICO","NO_VALIDADO"
"Falla en compresor de aire acondicionado o fuga de gas R134a no enfria","Sedan Mazda 3 2018","SIN_OBD","Falla en compresor de aire acondicionado o fuga de gas R134a","CLIMA_001","SINTETICO","NO_VALIDADO"
"Aire acondicionado solo bota aire tibio por fuga de gas refrigerante R134a","Sedan Toyota Yaris 2018","SIN_OBD","Falla en compresor de aire acondicionado o fuga de gas R134a","CLIMA_001","SINTETICO","NO_VALIDADO"
"Compresor de aire acondicionado no acopla el embrague electromagnetico","Hatchback Kia Rio 2017","SIN_OBD","Falla en compresor de aire acondicionado o fuga de gas R134a","CLIMA_001","SINTETICO","NO_VALIDADO"
"Fuga de gas de aire acondicionado por condensador picado o retenes secos","Sedan Nissan Versa 2019","SIN_OBD","Falla en compresor de aire acondicionado o fuga de gas R134a","CLIMA_001","SINTETICO","NO_VALIDADO"
"Compresor de A/C ruidoso y trancado que frena la correa de accesorios","Sedan Hyundai Accent 2018","SIN_OBD","Falla en compresor de aire acondicionado o fuga de gas R134a","CLIMA_001","SINTETICO","NO_VALIDADO"
"El sistema de climatizacion no enfria la cabina y no hay presion de gas","SUV Hyundai Tucson 2016","SIN_OBD","Falla en compresor de aire acondicionado o fuga de gas R134a","CLIMA_001","SINTETICO","NO_VALIDADO"
"Evaporador de aire acondicionado con fuga de gas y mal olor en habitaculo","Sedan Chevrolet Sail 2016","SIN_OBD","Falla en compresor de aire acondicionado o fuga de gas R134a","CLIMA_001","SINTETICO","NO_VALIDADO"
"Valvula de expansion de A/C tapada impidiendo el enfriamiento del aire","Sedan Toyota Corolla 2015","SIN_OBD","Falla en compresor de aire acondicionado o fuga de gas R134a","CLIMA_001","SINTETICO","NO_VALIDADO"
"Embrague de compresor de aire acondicionado patina y huele a quemado","Hatchback Suzuki Swift 2018","SIN_OBD","Falla en compresor de aire acondicionado o fuga de gas R134a","CLIMA_001","SINTETICO","NO_VALIDADO"
"Falta de enfriamiento en A/C por perdida total de carga de refrigerante","Sedan Kia Cerato 2017","SIN_OBD","Falla en compresor de aire acondicionado o fuga de gas R134a","CLIMA_001","SINTETICO","NO_VALIDADO"
"Alternador defectuoso o placa de diodos quemada con luz de bateria prendida","Sedan Nissan Sentra 2018","SIN_OBD","Alternador defectuoso o placa de diodos quemada","ELECTRICO_001","SINTETICO","NO_VALIDADO"
"El alternador no carga la bateria de 12V y las luces bajan de intensidad","SUV Changan CS35 2020","SIN_OBD","Alternador defectuoso o placa de diodos quemada","ELECTRICO_001","SINTETICO","NO_VALIDADO"
"Testigo de bateria encendido en marcha por alternador sin generar voltaje","Hatchback VW Gol 2015","SIN_OBD","Alternador defectuoso o placa de diodos quemada","ELECTRICO_001","SINTETICO","NO_VALIDADO"
"Regulador de voltaje de alternador quemado enviando mas de 16V al sistema","Pickup Toyota Hilux 2018","SIN_OBD","Alternador defectuoso o placa de diodos quemada","ELECTRICO_001","SINTETICO","NO_VALIDADO"
"Placa de diodos de alternador en corto con zumbido y descarga de bateria","Camion Isuzu Forward 2019","SIN_OBD","Alternador defectuoso o placa de diodos quemada","ELECTRICO_001","SINTETICO","NO_VALIDADO"
"Alternador genera solo 11.8V dejando el vehiculo sin energia electrica","Camion Volvo FH 2018","SIN_OBD","Alternador defectuoso o placa de diodos quemada","ELECTRICO_001","SINTETICO","NO_VALIDADO"
"Carbones de alternador gastados que cortan la carga de la bateria","Sedan Honda Civic 2016","SIN_OBD","Alternador defectuoso o placa de diodos quemada","ELECTRICO_001","SINTETICO","NO_VALIDADO"
"Polea de alternador libre trancada haciendo chillar la faja de accesorios","SUV Nissan X-Trail 2017","SIN_OBD","Alternador defectuoso o placa de diodos quemada","ELECTRICO_001","SINTETICO","NO_VALIDADO"
"El carro se apaga rodando al agotarse la bateria por alternador que no carga","Sedan Mazda 3 2018","SIN_OBD","Alternador defectuoso o placa de diodos quemada","ELECTRICO_001","SINTETICO","NO_VALIDADO"
"Alternador defectuoso recalentando y fundiendo los fusibles principales","Sedan Toyota Yaris 2018","SIN_OBD","Alternador defectuoso o placa de diodos quemada","ELECTRICO_001","SINTETICO","NO_VALIDADO"
"Bateria descargada no arranca en las mañanas y el arrancador hace clic","Hatchback Kia Rio 2017","SIN_OBD","Bateria descargada o bornes sulfatados","ELECTRICO_002","SINTETICO","NO_VALIDADO"
"Bornes sulfatados y bateria descargada con arrancador defectuoso al encender","Sedan Nissan Versa 2019","SIN_OBD","Bateria descargada o bornes sulfatados","ELECTRICO_002","SINTETICO","NO_VALIDADO"
"Motor de arrancador defectuoso y bateria descargada sin fuerza para girar","Sedan Hyundai Accent 2018","SIN_OBD","Bateria descargada o bornes sulfatados","ELECTRICO_002","SINTETICO","NO_VALIDADO"
"Bateria descargada con bornes sulfatados y motor de arrancador que no da","SUV Hyundai Tucson 2016","SIN_OBD","Bateria descargada o bornes sulfatados","ELECTRICO_002","SINTETICO","NO_VALIDADO"
"Bateria descargada y arrancador defectuoso que no arranca el auto","Sedan Chevrolet Sail 2016","SIN_OBD","Bateria descargada o bornes sulfatados","ELECTRICO_002","SINTETICO","NO_VALIDADO"
"Bateria de 12V muerta que no retiene carga tras dejar el auto estacionado","Sedan Toyota Corolla 2015","SIN_OBD","Bateria descargada o bornes sulfatados","ELECTRICO_002","SINTETICO","NO_VALIDADO"
"Arrancador pegado que solo emite sonido de chasquido sin mover el motor","Hatchback Suzuki Swift 2018","SIN_OBD","Bateria descargada o bornes sulfatados","ELECTRICO_002","SINTETICO","NO_VALIDADO"
"Caida de voltaje severa en bornes de bateria al girar la llave de contacto","Sedan Kia Cerato 2017","SIN_OBD","Bateria descargada o bornes sulfatados","ELECTRICO_002","SINTETICO","NO_VALIDADO"
"Solenoide de arranque pegado y bateria con baja densidad de electrolito","Sedan Nissan Sentra 2018","SIN_OBD","Bateria descargada o bornes sulfatados","ELECTRICO_002","SINTETICO","NO_VALIDADO"
"Falta de arranque por acumulador de bateria sin amperaje de arranque CCA","SUV Changan CS35 2020","SIN_OBD","Bateria descargada o bornes sulfatados","ELECTRICO_002","SINTETICO","NO_VALIDADO"
"Falla en filtro de particulas DPF FAP y sistema AdBlue DEF diesel","Hatchback VW Gol 2015","SIN_OBD","Falla en filtro de particulas DPF / FAP y sistema AdBlue DEF (Diesel Euro 5/6)","ESCAPE_001","SINTETICO","NO_VALIDADO"
"Filtro de particulas DPF colmatado de hollin con aviso de regeneracion","Pickup Toyota Hilux 2018","SIN_OBD","Falla en filtro de particulas DPF / FAP y sistema AdBlue DEF (Diesel Euro 5/6)","ESCAPE_001","SINTETICO","NO_VALIDADO"
"Inyector de AdBlue DEF cristalizado que bloquea el sistema de escape diesel","Camion Isuzu Forward 2019","SIN_OBD","Falla en filtro de particulas DPF / FAP y sistema AdBlue DEF (Diesel Euro 5/6)","ESCAPE_001","SINTETICO","NO_VALIDADO"
"Averia en bomba de AdBlue con cuenta regresiva de kilometros para no arrancar","Camion Volvo FH 2018","SIN_OBD","Falla en filtro de particulas DPF / FAP y sistema AdBlue DEF (Diesel Euro 5/6)","ESCAPE_001","SINTETICO","NO_VALIDADO"
"Filtro DPF FAP saturado al 85% de ceniza requiriendo regeneracion forzada","Sedan Honda Civic 2016","SIN_OBD","Falla en filtro de particulas DPF / FAP y sistema AdBlue DEF (Diesel Euro 5/6)","ESCAPE_001","SINTETICO","NO_VALIDADO"
"Perdida severa de potencia y modo de emergencia por filtro DPF taponado","SUV Nissan X-Trail 2017","SIN_OBD","Falla en filtro de particulas DPF / FAP y sistema AdBlue DEF (Diesel Euro 5/6)","ESCAPE_001","SINTETICO","NO_VALIDADO"
"Sensor de presion diferencial de DPF marcando exceso de contrapresion","Sedan Mazda 3 2018","SIN_OBD","Falla en filtro de particulas DPF / FAP y sistema AdBlue DEF (Diesel Euro 5/6)","ESCAPE_001","SINTETICO","NO_VALIDADO"
"Sensor de calidad o nivel de AdBlue DEF defectuoso con luz de motor","Sedan Toyota Yaris 2018","SIN_OBD","Falla en filtro de particulas DPF / FAP y sistema AdBlue DEF (Diesel Euro 5/6)","ESCAPE_001","SINTETICO","NO_VALIDADO"
"Regeneracion de DPF abortada constantemente con dilucion de diesel en aceite","Hatchback Kia Rio 2017","SIN_OBD","Falla en filtro de particulas DPF / FAP y sistema AdBlue DEF (Diesel Euro 5/6)","ESCAPE_001","SINTETICO","NO_VALIDADO"
"Escape diesel humeando y saturado por cristalizacion de urea AdBlue DEF","Sedan Nissan Versa 2019","SIN_OBD","Falla en filtro de particulas DPF / FAP y sistema AdBlue DEF (Diesel Euro 5/6)","ESCAPE_001","SINTETICO","NO_VALIDADO"
"Falla en modulo de bateria de alto voltaje HV en vehiculo hibrido o EV","Sedan Hyundai Accent 2018","SIN_OBD","Degradacion o falla en paquete de bateria de alto voltaje (EV / Hibridos)","ELECTRICO_HV_001","SINTETICO","NO_VALIDADO"
"Celda de bateria de alta tension HV desbalanceada con codigo de advertencia","SUV Hyundai Tucson 2016","SIN_OBD","Degradacion o falla en paquete de bateria de alto voltaje (EV / Hibridos)","ELECTRICO_HV_001","SINTETICO","NO_VALIDADO"
"Bateria hibrida HV pierde carga rapidamente y el motor termico no se apaga","Sedan Chevrolet Sail 2016","SIN_OBD","Degradacion o falla en paquete de bateria de alto voltaje (EV / Hibridos)","ELECTRICO_HV_001","SINTETICO","NO_VALIDADO"
"Modulo de gestion BMS de bateria de alto voltaje reporta fallo de aislamiento","Sedan Toyota Corolla 2015","SIN_OBD","Degradacion o falla en paquete de bateria de alto voltaje (EV / Hibridos)","ELECTRICO_HV_001","SINTETICO","NO_VALIDADO"
"Resistencia interna alta en bloques de celdas de bateria hibrida Prius","Hatchback Suzuki Swift 2018","SIN_OBD","Degradacion o falla en paquete de bateria de alto voltaje (EV / Hibridos)","ELECTRICO_HV_001","SINTETICO","NO_VALIDADO"
"Ventilador de refrigeracion de bateria HV tapado de polvo sobrecalentando celdas","Sedan Kia Cerato 2017","SIN_OBD","Degradacion o falla en paquete de bateria de alto voltaje (EV / Hibridos)","ELECTRICO_HV_001","SINTETICO","NO_VALIDADO"
"Averia de aislamiento de alto voltaje a chasis en pack de bateria hibrida","Sedan Nissan Sentra 2018","SIN_OBD","Degradacion o falla en paquete de bateria de alto voltaje (EV / Hibridos)","ELECTRICO_HV_001","SINTETICO","NO_VALIDADO"
"Contactor principal de alta tension de bateria HV no acopla el circuito","SUV Changan CS35 2020","SIN_OBD","Degradacion o falla en paquete de bateria de alto voltaje (EV / Hibridos)","ELECTRICO_HV_001","SINTETICO","NO_VALIDADO"
"Fallo en rele de precarga de bateria de alto voltaje impidiendo el modo Ready","Hatchback VW Gol 2015","SIN_OBD","Degradacion o falla en paquete de bateria de alto voltaje (EV / Hibridos)","ELECTRICO_HV_001","SINTETICO","NO_VALIDADO"
"Pack de bateria de traccion EV con bajo rendimiento en capacidad kilowatt-hora","Pickup Toyota Hilux 2018","SIN_OBD","Degradacion o falla en paquete de bateria de alto voltaje (EV / Hibridos)","ELECTRICO_HV_001","SINTETICO","NO_VALIDADO"
"Fallo en inversor de corriente IGBT o motor electrico en vehiculo hibrido","Camion Isuzu Forward 2019","SIN_OBD","Fallo en inversor de corriente IGBT o motor electrico (EV)","ELECTRICO_HV_002","SINTETICO","NO_VALIDADO"
"Modulo inversor de alta tension IGBT en corto sin propulsion electrica","Camion Volvo FH 2018","SIN_OBD","Fallo en inversor de corriente IGBT o motor electrico (EV)","ELECTRICO_HV_002","SINTETICO","NO_VALIDADO"
"Inversor hibrido de corriente no convierte DC a AC para los motores MG1 MG2","Sedan Honda Civic 2016","SIN_OBD","Fallo en inversor de corriente IGBT o motor electrico (EV)","ELECTRICO_HV_002","SINTETICO","NO_VALIDADO"
"Sobrecalentamiento en modulo de potencia IGBT de inversor de alto voltaje","SUV Nissan X-Trail 2017","SIN_OBD","Fallo en inversor de corriente IGBT o motor electrico (EV)","ELECTRICO_HV_002","SINTETICO","NO_VALIDADO"
"Falla en convertidor DC-DC de alta tension que no recarga la bateria de 12V","Sedan Mazda 3 2018","SIN_OBD","Fallo en inversor de corriente IGBT o motor electrico (EV)","ELECTRICO_HV_002","SINTETICO","NO_VALIDADO"
"Motor electrico de traccion con ruido de rodamientos de alta velocidad en EV","Sedan Toyota Yaris 2018","SIN_OBD","Fallo en inversor de corriente IGBT o motor electrico (EV)","ELECTRICO_HV_002","SINTETICO","NO_VALIDADO"
"Inversor de alto voltaje bloquea el arranque Ready por sobrecorriente","Hatchback Kia Rio 2017","SIN_OBD","Fallo en inversor de corriente IGBT o motor electrico (EV)","ELECTRICO_HV_002","SINTETICO","NO_VALIDADO"
"Averia en sensor resolver de posicion de motor electrico de traccion","Sedan Nissan Versa 2019","SIN_OBD","Fallo en inversor de corriente IGBT o motor electrico (EV)","ELECTRICO_HV_002","SINTETICO","NO_VALIDADO"
"Fuga de refrigerante dielectrico dentro de la carcasa del inversor IGBT","Sedan Hyundai Accent 2018","SIN_OBD","Fallo en inversor de corriente IGBT o motor electrico (EV)","ELECTRICO_HV_002","SINTETICO","NO_VALIDADO"
"Modulo elevador Boost del inversor de alta tension con voltaje inestable","SUV Hyundai Tucson 2016","SIN_OBD","Fallo en inversor de corriente IGBT o motor electrico (EV)","ELECTRICO_HV_002","SINTETICO","NO_VALIDADO"
"Falla en sistema de frenado regenerativo en vehiculo electrico o hibrido","Sedan Chevrolet Sail 2016","SIN_OBD","Falla en sistema de frenado regenerativo (EV / Hibridos)","ELECTRICO_HV_003","SINTETICO","NO_VALIDADO"
"Freno regenerativo no recupera energia y pasa bruscamente a freno hidraulico","Sedan Toyota Corolla 2015","SIN_OBD","Falla en sistema de frenado regenerativo (EV / Hibridos)","ELECTRICO_HV_003","SINTETICO","NO_VALIDADO"
"Actuador electrohidraulico de freno regenerativo con sensacion esponjosa","Hatchback Suzuki Swift 2018","SIN_OBD","Falla en sistema de frenado regenerativo (EV / Hibridos)","ELECTRICO_HV_003","SINTETICO","NO_VALIDADO"
"Fallo de comunicacion entre ECU de frenos y modulo inversor en frenada regenerativa","Sedan Kia Cerato 2017","SIN_OBD","Falla en sistema de frenado regenerativo (EV / Hibridos)","ELECTRICO_HV_003","SINTETICO","NO_VALIDADO"
"Perdida de frenado regenerativo en bajadas prolongadas con testigo en cuadro","Sedan Nissan Sentra 2018","SIN_OBD","Falla en sistema de frenado regenerativo (EV / Hibridos)","ELECTRICO_HV_003","SINTETICO","NO_VALIDADO"
"Bomba de precarga de frenos regenerativos trabajando continuo por fuga de presion","SUV Changan CS35 2020","SIN_OBD","Falla en sistema de frenado regenerativo (EV / Hibridos)","ELECTRICO_HV_003","SINTETICO","NO_VALIDADO"
"Transicion brusca e irregular entre frenado electrico por recuperacion y friccion","Hatchback VW Gol 2015","SIN_OBD","Falla en sistema de frenado regenerativo (EV / Hibridos)","ELECTRICO_HV_003","SINTETICO","NO_VALIDADO"
"Simulador de carrera de pedal de freno regenerativo con lectura descalibrada","Pickup Toyota Hilux 2018","SIN_OBD","Falla en sistema de frenado regenerativo (EV / Hibridos)","ELECTRICO_HV_003","SINTETICO","NO_VALIDADO"
"Frenado regenerativo desconectado por limite de temperatura en pack de celdas","Camion Isuzu Forward 2019","SIN_OBD","Falla en sistema de frenado regenerativo (EV / Hibridos)","ELECTRICO_HV_003","SINTETICO","NO_VALIDADO"
"Fallo en valvulas lineales de control de presion de freno regenerativo hibrido","Camion Volvo FH 2018","SIN_OBD","Falla en sistema de frenado regenerativo (EV / Hibridos)","ELECTRICO_HV_003","SINTETICO","NO_VALIDADO"
"Fuga o sobrecalentamiento en circuito de refrigeracion de inversor y bateria EV","Sedan Honda Civic 2016","SIN_OBD","Foco o falla en sistema de refrigeracion de bateria/inversor (EV)","ELECTRICO_HV_004","SINTETICO","NO_VALIDADO"
"Bomba de agua electrica de refrigeracion de inversor hibrido quemada","SUV Nissan X-Trail 2017","SIN_OBD","Foco o falla en sistema de refrigeracion de bateria/inversor (EV)","ELECTRICO_HV_004","SINTETICO","NO_VALIDADO"
"Temperatura critica en circuito refrigerante dedicado de inversor y motor MG","Sedan Mazda 3 2018","SIN_OBD","Foco o falla en sistema de refrigeracion de bateria/inversor (EV)","ELECTRICO_HV_004","SINTETICO","NO_VALIDADO"
"Bomba electrica de refrigeracion de bateria HV no circula el fluido termico","Sedan Toyota Yaris 2018","SIN_OBD","Foco o falla en sistema de refrigeracion de bateria/inversor (EV)","ELECTRICO_HV_004","SINTETICO","NO_VALIDADO"
"Nivel bajo de refrigerante dielectrico en circuito de enfriamiento de alta tension","Hatchback Kia Rio 2017","SIN_OBD","Foco o falla en sistema de refrigeracion de bateria/inversor (EV)","ELECTRICO_HV_004","SINTETICO","NO_VALIDADO"
"Radiador secundario de inversor tapado provocando corte de potencia por calor","Sedan Nissan Versa 2019","SIN_OBD","Foco o falla en sistema de refrigeracion de bateria/inversor (EV)","ELECTRICO_HV_004","SINTETICO","NO_VALIDADO"
"Aire en el circuito de refrigeracion de modulo electronico de potencia EV","Sedan Hyundai Accent 2018","SIN_OBD","Foco o falla en sistema de refrigeracion de bateria/inversor (EV)","ELECTRICO_HV_004","SINTETICO","NO_VALIDADO"
"Sensor de temperatura de refrigerante de inversor marcando sobrecalentamiento","SUV Hyundai Tucson 2016","SIN_OBD","Foco o falla en sistema de refrigeracion de bateria/inversor (EV)","ELECTRICO_HV_004","SINTETICO","NO_VALIDADO"
"Fuga de liquido refrigerante en cañerias de enfriamiento de pack de baterias","Sedan Chevrolet Sail 2016","SIN_OBD","Foco o falla en sistema de refrigeracion de bateria/inversor (EV)","ELECTRICO_HV_004","SINTETICO","NO_VALIDADO"
"Enfriador Chiller de refrigeracion de bateria de alto voltaje con bajo flujo","Sedan Toyota Corolla 2015","SIN_OBD","Foco o falla en sistema de refrigeracion de bateria/inversor (EV)","ELECTRICO_HV_004","SINTETICO","NO_VALIDADO"
"Al aplastar el control remoto la puerta sigue bloqueada y el actuador no responde","Hatchback Suzuki Swift 2018","SIN_OBD","Falla electrica del cierre centralizado o actuador de puerta","CARROCERIA_001","SINTETICO","NO_VALIDADO"
"Pestillo electrico salta intermitentemente y no traba la chapa con el mando","Sedan Kia Cerato 2017","SIN_OBD","Falla electrica del cierre centralizado o actuador de puerta","CARROCERIA_001","SINTETICO","NO_VALIDADO"
"Presiono el control de la puerta y el seguro electrico se queda trabado sin abrir","Sedan Nissan Sentra 2018","SIN_OBD","Falla electrica del cierre centralizado o actuador de puerta","CARROCERIA_001","SINTETICO","NO_VALIDADO"
"El actuador de la puerta no desbloquea el seguro electrico al usar el control","SUV Changan CS35 2020","SIN_OBD","Falla electrica del cierre centralizado o actuador de puerta","CARROCERIA_001","SINTETICO","NO_VALIDADO"
"Al usar el control remoto el pestillo electrico salta y la puerta sigue bloqueada","Hatchback VW Gol 2015","SIN_OBD","Falla electrica del cierre centralizado o actuador de puerta","CARROCERIA_001","SINTETICO","NO_VALIDADO"
"Cierre centralizado no acciona la puerta del piloto al presionar el llavero","Pickup Toyota Hilux 2018","SIN_OBD","Falla electrica del cierre centralizado o actuador de puerta","CARROCERIA_001","SINTETICO","NO_VALIDADO"
"Seguro electrico de puerta rebota y no asegura al cerrar con el control remoto","Camion Isuzu Forward 2019","SIN_OBD","Falla electrica del cierre centralizado o actuador de puerta","CARROCERIA_001","SINTETICO","NO_VALIDADO"
"Actuador electrico de puerta quemado sin sonido al operar el mando de la alarma","Camion Volvo FH 2018","SIN_OBD","Falla electrica del cierre centralizado o actuador de puerta","CARROCERIA_001","SINTETICO","NO_VALIDADO"
"Puerta bloqueada que no abre con el control de cierre centralizado a distancia","Sedan Honda Civic 2016","SIN_OBD","Falla electrica del cierre centralizado o actuador de puerta","CARROCERIA_001","SINTETICO","NO_VALIDADO"
"Mando a distancia activa la alarma pero el actuador electrico de puerta no destraba","SUV Nissan X-Trail 2017","SIN_OBD","Falla electrica del cierre centralizado o actuador de puerta","CARROCERIA_001","SINTETICO","NO_VALIDADO"
"La chapa de la puerta esta chueca y no abre al accionar la manija exterior","Sedan Mazda 3 2018","SIN_OBD","Cerradura, chapa o pestillo mecanico de puerta trabado o desalineado","CARROCERIA_002","SINTETICO","NO_VALIDADO"
"El pestillo de la puerta se quedo chueco y trabado y la chapa no responde","Sedan Toyota Yaris 2018","SIN_OBD","Cerradura, chapa o pestillo mecanico de puerta trabado o desalineado","CARROCERIA_002","SINTETICO","NO_VALIDADO"
"La cerradura de la puerta se quedo trabada y la chapa mecanica no abre por dentro","Hatchback Kia Rio 2017","SIN_OBD","Cerradura, chapa o pestillo mecanico de puerta trabado o desalineado","CARROCERIA_002","SINTETICO","NO_VALIDADO"
"La chapa de la puerta esta inclinada y desalineada y no encaja en el marco","Sedan Nissan Versa 2019","SIN_OBD","Cerradura, chapa o pestillo mecanico de puerta trabado o desalineado","CARROCERIA_002","SINTETICO","NO_VALIDADO"
"Mecanismo de chapa y cerradura de puerta trabada que no encaja ni cierra bien","Sedan Hyundai Accent 2018","SIN_OBD","Cerradura, chapa o pestillo mecanico de puerta trabado o desalineado","CARROCERIA_002","SINTETICO","NO_VALIDADO"
"Pestillo mecanico trabado que impide abrir la puerta tirando de la manija","SUV Hyundai Tucson 2016","SIN_OBD","Cerradura, chapa o pestillo mecanico de puerta trabado o desalineado","CARROCERIA_002","SINTETICO","NO_VALIDADO"
"Chapa mecanica de puerta desalineada que golpea contra el cerradero del pilar","Sedan Chevrolet Sail 2016","SIN_OBD","Cerradura, chapa o pestillo mecanico de puerta trabado o desalineado","CARROCERIA_002","SINTETICO","NO_VALIDADO"
"Cerradura trabada por rotura de resorte interno del trinquete de la puerta","Sedan Toyota Corolla 2015","SIN_OBD","Cerradura, chapa o pestillo mecanico de puerta trabado o desalineado","CARROCERIA_002","SINTETICO","NO_VALIDADO"
"La manija interior se siente dura y no destraba la chapa mecanica de la puerta","Hatchback Suzuki Swift 2018","SIN_OBD","Cerradura, chapa o pestillo mecanico de puerta trabado o desalineado","CARROCERIA_002","SINTETICO","NO_VALIDADO"
"Chapa de puerta descolgada que requiere levantar la puerta para poder cerrar","Sedan Kia Cerato 2017","SIN_OBD","Cerradura, chapa o pestillo mecanico de puerta trabado o desalineado","CARROCERIA_002","SINTETICO","NO_VALIDADO"
"El elevalunas electrico no sube ni baja la luna y suena el motor girando","Sedan Nissan Sentra 2018","SIN_OBD","Elevalunas electrico o guaya de alzacristales rota o trabada","CARROCERIA_003","SINTETICO","NO_VALIDADO"
"El elevador de vidrio tiene la guaya rota y el cristal de la ventana cayo","SUV Changan CS35 2020","SIN_OBD","Elevalunas electrico o guaya de alzacristales rota o trabada","CARROCERIA_003","SINTETICO","NO_VALIDADO"
"Al accionar el alzacristales electrico suena la guaya rota y el vidrio no sube","Hatchback VW Gol 2015","SIN_OBD","Elevalunas electrico o guaya de alzacristales rota o trabada","CARROCERIA_003","SINTETICO","NO_VALIDADO"
"Elevador de vidrio y alzacristales quemado con la guaya rota trabada","Pickup Toyota Hilux 2018","SIN_OBD","Elevalunas electrico o guaya de alzacristales rota o trabada","CARROCERIA_003","SINTETICO","NO_VALIDADO"
"El elevalunas electrico del piloto se quedo trabado y no mueve el vidrio","Camion Isuzu Forward 2019","SIN_OBD","Elevalunas electrico o guaya de alzacristales rota o trabada","CARROCERIA_003","SINTETICO","NO_VALIDADO"
"Vidrio de puerta caido al interior por ruptura de cable acerado del alzacristales","Camion Volvo FH 2018","SIN_OBD","Elevalunas electrico o guaya de alzacristales rota o trabada","CARROCERIA_003","SINTETICO","NO_VALIDADO"
"Motor del elevalunas electrico zumba en falso pero la luna de cristal no se mueve","Sedan Honda Civic 2016","SIN_OBD","Elevalunas electrico o guaya de alzacristales rota o trabada","CARROCERIA_003","SINTETICO","NO_VALIDADO"
"Guaya de alzacristales deshilachada trabando el recorrido del vidrio de la ventana","SUV Nissan X-Trail 2017","SIN_OBD","Elevalunas electrico o guaya de alzacristales rota o trabada","CARROCERIA_003","SINTETICO","NO_VALIDADO"
"Luna de la puerta del conductor atascada a medio subir con crujido de elevalunas","Sedan Mazda 3 2018","SIN_OBD","Elevalunas electrico o guaya de alzacristales rota o trabada","CARROCERIA_003","SINTETICO","NO_VALIDADO"
"El boton de alzacristales activa el motor pero la guaya rota no levanta el cristal","Sedan Toyota Yaris 2018","SIN_OBD","Elevalunas electrico o guaya de alzacristales rota o trabada","CARROCERIA_003","SINTETICO","NO_VALIDADO"
"Limpiaparabrisas y motor pluma quemado que no se mueve en el parabrisas","Hatchback Kia Rio 2017","SIN_OBD","Limpiaparabrisas o motor pluma quemado","CARROCERIA_004","SINTETICO","NO_VALIDADO"
"Las plumas del limpiaparabrisas se quedaron trabadas a mitad del vidrio","Sedan Nissan Versa 2019","SIN_OBD","Limpiaparabrisas o motor pluma quemado","CARROCERIA_004","SINTETICO","NO_VALIDADO"
"El limpiaparabrisas no funciona y el motor pluma quemado no barre el agua","Sedan Hyundai Accent 2018","SIN_OBD","Limpiaparabrisas o motor pluma quemado","CARROCERIA_004","SINTETICO","NO_VALIDADO"
"Motor pluma del limpiaparabrisas quemado y las plumas estan trabadas","SUV Hyundai Tucson 2016","SIN_OBD","Limpiaparabrisas o motor pluma quemado","CARROCERIA_004","SINTETICO","NO_VALIDADO"
"Limpiaparabrisas con motor de pluma quemado que no funciona en ninguna velocidad","Sedan Chevrolet Sail 2016","SIN_OBD","Limpiaparabrisas o motor pluma quemado","CARROCERIA_004","SINTETICO","NO_VALIDADO"
"Escobillas de limpiaparabrisas congeladas en el parabrisas con motor quemado","Sedan Toyota Corolla 2015","SIN_OBD","Limpiaparabrisas o motor pluma quemado","CARROCERIA_004","SINTETICO","NO_VALIDADO"
"Brazos de plumas del parabrisas trabados por engranaje de motorreductor roto","Hatchback Suzuki Swift 2018","SIN_OBD","Limpiaparabrisas o motor pluma quemado","CARROCERIA_004","SINTETICO","NO_VALIDADO"
"El limpiaparabrisas funde el fusible de inmediato y el motor pluma huele a quemado","Sedan Kia Cerato 2017","SIN_OBD","Limpiaparabrisas o motor pluma quemado","CARROCERIA_004","SINTETICO","NO_VALIDADO"
"Plumas del limpiaparabrisas sin movimiento al activar la palanca de barrido","Sedan Nissan Sentra 2018","SIN_OBD","Limpiaparabrisas o motor pluma quemado","CARROCERIA_004","SINTETICO","NO_VALIDADO"
"Motor de pluma del limpiaparabrisas sin fuerza que se detiene al barrer lluvia","SUV Changan CS35 2020","SIN_OBD","Limpiaparabrisas o motor pluma quemado","CARROCERIA_004","SINTETICO","NO_VALIDADO"
"Perdida de fuerza y silbido agudo en mangueras de intercooler o turbocompresor","Hatchback VW Gol 2015","SIN_OBD","Fuga en mangueras de intercooler o turbocompresor danado","TURBO_001","SINTETICO","NO_VALIDADO"
"Fuga de presion de turbo por abrazadera suelta en manguera de intercooler","Pickup Toyota Hilux 2018","SIN_OBD","Fuga en mangueras de intercooler o turbocompresor danado","TURBO_001","SINTETICO","NO_VALIDADO"
"Turbocompresor con holgura radial en turbina rozando contra la caracola","Camion Isuzu Forward 2019","SIN_OBD","Fuga en mangueras de intercooler o turbocompresor danado","TURBO_001","SINTETICO","NO_VALIDADO"
"Silbido fuerte al acelerar y humo negro por fuga en cañerias de intercooler","Camion Volvo FH 2018","SIN_OBD","Fuga en mangueras de intercooler o turbocompresor danado","TURBO_001","SINTETICO","NO_VALIDADO"
"Intercooler de turbo rajado perdiendo presion de admision en carretera","Sedan Honda Civic 2016","SIN_OBD","Fuga en mangueras de intercooler o turbocompresor danado","TURBO_001","SINTETICO","NO_VALIDADO"
"Eje de turbocompresor con fuga de aceite pasando lubricante a la admision","SUV Nissan X-Trail 2017","SIN_OBD","Fuga en mangueras de intercooler o turbocompresor danado","TURBO_001","SINTETICO","NO_VALIDADO"
"Perdida de empuje de turbo y silbido de sirena por alabes de turbina picados","Sedan Mazda 3 2018","SIN_OBD","Fuga en mangueras de intercooler o turbocompresor danado","TURBO_001","SINTETICO","NO_VALIDADO"
"Manguera de intercooler hinchada y perforada que sopla aire a presion","Sedan Toyota Yaris 2018","SIN_OBD","Fuga en mangueras de intercooler o turbocompresor danado","TURBO_001","SINTETICO","NO_VALIDADO"
"Baja presion de turbo P0299 por fuga de aire entre turbo e intercooler","Hatchback Kia Rio 2017","SIN_OBD","Fuga en mangueras de intercooler o turbocompresor danado","TURBO_001","SINTETICO","NO_VALIDADO"
"Falta de potencia en subida con silbido de escape de aire en sobrealimentacion","Sedan Nissan Versa 2019","SIN_OBD","Fuga en mangueras de intercooler o turbocompresor danado","TURBO_001","SINTETICO","NO_VALIDADO"
"Falla en valvula de alivio blow-off recirculadora o wastegate de turbo","Sedan Hyundai Accent 2018","SIN_OBD","Falla en actuador de turbocompresor o VGT en motores alemanes TSI / TFSI","TURBO_002","SINTETICO","NO_VALIDADO"
"Valvula de alivio blow-off de turbo abierta dejando escapar presion al acelerar","SUV Hyundai Tucson 2016","SIN_OBD","Falla en actuador de turbocompresor o VGT en motores alemanes TSI / TFSI","TURBO_002","SINTETICO","NO_VALIDADO"
"Valvula diverter recirculadora de turbo con membrana de goma rajada","Sedan Chevrolet Sail 2016","SIN_OBD","Falla en actuador de turbocompresor o VGT en motores alemanes TSI / TFSI","TURBO_002","SINTETICO","NO_VALIDADO"
"Perdida de boost por valvula blow-off pegada que no sella la admision","Sedan Toyota Corolla 2015","SIN_OBD","Falla en actuador de turbocompresor o VGT en motores alemanes TSI / TFSI","TURBO_002","SINTETICO","NO_VALIDADO"
"Ruido de aleteo flutter al soltar el acelerador por blow-off trabada","Hatchback Suzuki Swift 2018","SIN_OBD","Falla en actuador de turbocompresor o VGT en motores alemanes TSI / TFSI","TURBO_002","SINTETICO","NO_VALIDADO"
"Fuga de sobrealimentacion por solenoide N75 de control de valvula diverter","Sedan Kia Cerato 2017","SIN_OBD","Falla en actuador de turbocompresor o VGT en motores alemanes TSI / TFSI","TURBO_002","SINTETICO","NO_VALIDADO"
"Valvula de alivio de turbocompresor con fuga constante de presion de aire","Sedan Nissan Sentra 2018","SIN_OBD","Falla en actuador de turbocompresor o VGT en motores alemanes TSI / TFSI","TURBO_002","SINTETICO","NO_VALIDADO"
"Retardo excesivo turbo lag por valvula recirculadora que no cierra rapido","SUV Changan CS35 2020","SIN_OBD","Falla en actuador de turbocompresor o VGT en motores alemanes TSI / TFSI","TURBO_002","SINTETICO","NO_VALIDADO"
"Sobrepresion en desaceleracion por valvula blow-off trancada en la caracola","Hatchback VW Gol 2015","SIN_OBD","Falla en actuador de turbocompresor o VGT en motores alemanes TSI / TFSI","TURBO_002","SINTETICO","NO_VALIDADO"
"Presion inestable de turbo provocada por actuador diverter electronico en corto","Pickup Toyota Hilux 2018","SIN_OBD","Falla en actuador de turbocompresor o VGT en motores alemanes TSI / TFSI","TURBO_002","SINTETICO","NO_VALIDADO"
