fila_base,familia_sha256,particion
0,fa03c225c607223887d74ec80ad09d88de67fa93d3a7cba6d1fa65141fd41999,desarrollo
1,fa03c225c607223887d74ec80ad09d88de67fa93d3a7cba6d1fa65141fd41999,desarrollo
2,6cce803d80d6ef77cbf4f6225b15e83384f4873d5a2a6067afe8c658ef2e1995,desarrollo
3,fa03c225c607223887d74ec80ad09d88de67fa93d3a7cba6d1fa65141fd41999,desarrollo
4,3e268b447f0bc1d36c9b30b55492f43b2ab92f5964496d4cc659e593eafb06fe,desarrollo
5,690cb04c2d0cbb8f9214deb61fd71c0009a230f0010f1ae857a829617ecc494b,desarrollo
6,3e268b447f0bc1d36c9b30b55492f43b2ab92f5964496d4cc659e593eafb06fe,desarrollo
7,15b2f63cfc8682d1f96f0dcd843970b2b5bd46c03ade1ffab3f7e607107cb9ee,holdout
8,48f9bd63a956c41cebf9b7af9a3b11f9824deeaf501f35b0282025eb2e6bbecc,desarrollo
9,48f9bd63a956c41cebf9b7af9a3b11f9824deeaf501f35b0282025eb2e6bbecc,desarrollo
10,48f9bd63a956c41cebf9b7af9a3b11f9824deeaf501f35b0282025eb2e6bbecc,desarrollo
11,34ad59215145c81bf2060a553f95d61c8fc32aa684f275e9231e5b0558927112,holdout
12,6e676d8c11c0aae310899b807015a8e1f21bfba756aae4dcece2a437333ab30c,desarrollo
13,1449c9c1c9757670e8c628bd49ab0ceced5b309230b19afe811fbbf190785945,desarrollo
14,c8844ffc83e97f76467e83c70df35e6a03a59286230e525840a97a69d6b40c82,desarrollo
15,6e676d8c11c0aae310899b807015a8e1f21bfba756aae4dcece2a437333ab30c,desarrollo
16,1ed0f89e4cd9a3d3a6614f7fd6282dd362c8fdd78fc4ee4addc565f8344b07f2,desarrollo
17,1ed0f89e4cd9a3d3a6614f7fd6282dd362c8fdd78fc4ee4addc565f8344b07f2,desarrollo
18,e56dc04b17d6dd69ce61a4665123cdabfc8ef54fad82f61b73917eb1c61892ac,desarrollo
19,1ed0f89e4cd9a3d3a6614f7fd6282dd362c8fdd78fc4ee4addc565f8344b07f2,desarrollo
20,69651817ca6dc9acf9020c9384a7870d62934d24d48ef554fa95509109d6a51b,desarrollo
21,69651817ca6dc9acf9020c9384a7870d62934d24d48ef554fa95509109d6a51b,desarrollo
22,69651817ca6dc9acf9020c9384a7870d62934d24d48ef554fa95509109d6a51b,desarrollo
23,69651817ca6dc9acf9020c9384a7870d62934d24d48ef554fa95509109d6a51b,desarrollo
24,e244d4d17404d223715dde35151dd48e1c5bf9f7bf45f484065d464a694a0f29,desarrollo
25,e244d4d17404d223715dde35151dd48e1c5bf9f7bf45f484065d464a694a0f29,desarrollo
26,e244d4d17404d223715dde35151dd48e1c5bf9f7bf45f484065d464a694a0f29,desarrollo
27,e244d4d17404d223715dde35151dd48e1c5bf9f7bf45f484065d464a694a0f29,desarrollo
28,0bc58641e84f77780c335b7de2e2038e6f75b37bc64b735593512a6fd3e690a1,desarrollo
29,797767b4a431ad29bfaaa866fec82c142ce39749fc39bd0351300c588a91db23,desarrollo
30,0bc58641e84f77780c335b7de2e2038e6f75b37bc64b735593512a6fd3e690a1,desarrollo
31,b29aa4758cf3d0ff874894425b2d1b464b680227358d4e6df7192644fb3dbdcc,desarrollo
32,b8b563ce8b2687289f0c03a474d3eb3b16f0ae774608c9d0621d90cadb0e36ba,desarrollo
33,b8b563ce8b2687289f0c03a474d3eb3b16f0ae774608c9d0621d90cadb0e36ba,desarrollo
34,b8b563ce8b2687289f0c03a474d3eb3b16f0ae774608c9d0621d90cadb0e36ba,desarrollo
35,b8b563ce8b2687289f0c03a474d3eb3b16f0ae774608c9d0621d90cadb0e36ba,desarrollo
36,6b01e95e356c15c5533bc45fe35e565bfd8f38684a7a08ace3e762b7aa7bec36,holdout
37,6b01e95e356c15c5533bc45fe35e565bfd8f38684a7a08ace3e762b7aa7bec36,holdout
38,6b01e95e356c15c5533bc45fe35e565bfd8f38684a7a08ace3e762b7aa7bec36,holdout
39,6b01e95e356c15c5533bc45fe35e565bfd8f38684a7a08ace3e762b7aa7bec36,holdout
40,90f2e6a8aad1a85a8569e3a771ee116371f3626be373900ee90563c076a56908,holdout
41,90f2e6a8aad1a85a8569e3a771ee116371f3626be373900ee90563c076a56908,holdout
42,90f2e6a8aad1a85a8569e3a771ee116371f3626be373900ee90563c076a56908,holdout
43,21effd9769db435a57938f85414fd1b6a0450108a70b65e6d58b5e16c7e473bc,desarrollo
44,0ad40e2a713f28b068d4201776b1e32da4a978f78a70fc82ce1d09a5df8fad6f,desarrollo
45,0ad40e2a713f28b068d4201776b1e32da4a978f78a70fc82ce1d09a5df8fad6f,desarrollo
46,0ad40e2a713f28b068d4201776b1e32da4a978f78a70fc82ce1d09a5df8fad6f,desarrollo
47,0ad40e2a713f28b068d4201776b1e32da4a978f78a70fc82ce1d09a5df8fad6f,desarrollo
48,71b927e12c025f043b2a491e47435bf38cf9e2eb1ec4d97c7396faea10c213d6,holdout
49,62c5053edfd3d8fc43cccc220a4f01604e21d5b89ad16bb79313c67df9585ea6,desarrollo
50,439d7a962574416806f97e5c28b8d6d4ee20b318dd62792c135017288d614020,desarrollo
51,5774505c582a245eda391abb379cabb22b0b7c9b64ba96480e160964ae0e4ba8,desarrollo
52,19f1d1000067c3967c37c11f05eac87596440e107e2c0159b76421629f1d9f0d,desarrollo
53,19f1d1000067c3967c37c11f05eac87596440e107e2c0159b76421629f1d9f0d,desarrollo
54,19f1d1000067c3967c37c11f05eac87596440e107e2c0159b76421629f1d9f0d,desarrollo
55,e2c70f83931df145dc5e88c1cd436b9729d6aa0cc1a563db4cad4581a79f6692,holdout
56,52842c1068aeba0f7bb2bb9b3bee898af4c9e2f7b5bf356f543fb1a80239eccc,holdout
57,52842c1068aeba0f7bb2bb9b3bee898af4c9e2f7b5bf356f543fb1a80239eccc,holdout
58,d1f0ddaecfb9e3945b67c31859738910b678228a1a63d2e886e7b0c60e561177,desarrollo
59,52842c1068aeba0f7bb2bb9b3bee898af4c9e2f7b5bf356f543fb1a80239eccc,holdout
60,8ae74a09b2c70c2198f7ee09c9fedbed1c1921b149c21547382dd2946a9f1499,desarrollo
61,8ae74a09b2c70c2198f7ee09c9fedbed1c1921b149c21547382dd2946a9f1499,desarrollo
62,7e2978a7b626f2b5e115a77bd174bc98e0c0c7412e73240e19bcecb7a3484099,desarrollo
63,8ae74a09b2c70c2198f7ee09c9fedbed1c1921b149c21547382dd2946a9f1499,desarrollo
64,245a23c2d3d208821160cf79985d39b60b50eeabf24a590cb76d916c6d21ec78,holdout
65,d0ec069f0ec4d6285818e620ec3a63405b42cd139230413e792e5e470337853b,desarrollo
66,cd828bf7b67529928f4250207cc1dd5864995661ef192d8250abd5a69556152c,desarrollo
67,245a23c2d3d208821160cf79985d39b60b50eeabf24a590cb76d916c6d21ec78,holdout
68,69c5f36b2e4cb1eccfd88d03ef42d429eb4d17331426a4ceba8026aa83cd012b,desarrollo
69,70a315b454c2a3bb6a7f8fbb48182b82e3392d7140a58ee42d127b244ea4c561,desarrollo
70,69c5f36b2e4cb1eccfd88d03ef42d429eb4d17331426a4ceba8026aa83cd012b,desarrollo
71,cc7198f3e17eb8a12aefe52f3868e3c27289496603256c736e14c83c9878aec7,desarrollo
72,4ecfde5f3c5f2ad0d1bf99d29140726d05ce598cc6532deaa0a790fa005a355a,desarrollo
73,4ecfde5f3c5f2ad0d1bf99d29140726d05ce598cc6532deaa0a790fa005a355a,desarrollo
74,4ecfde5f3c5f2ad0d1bf99d29140726d05ce598cc6532deaa0a790fa005a355a,desarrollo
75,4ecfde5f3c5f2ad0d1bf99d29140726d05ce598cc6532deaa0a790fa005a355a,desarrollo
76,9036bf71fcda363be31f9e70b1b090c0ff8e656cc2617cebd83a45a06ab35227,desarrollo
77,5f7e3ad11f2a4bb8986412dcdd9f5e81513f9586b9fce060f87ad58d7d651d99,desarrollo
78,9036bf71fcda363be31f9e70b1b090c0ff8e656cc2617cebd83a45a06ab35227,desarrollo
79,9036bf71fcda363be31f9e70b1b090c0ff8e656cc2617cebd83a45a06ab35227,desarrollo
80,4e2bdd064b169bf01ebad1d9718bd2c53db8efdb7c0125946ba2964496758d86,desarrollo
81,4e2bdd064b169bf01ebad1d9718bd2c53db8efdb7c0125946ba2964496758d86,desarrollo
82,6996a354d56cd0c849351f1c090b647589f2cb9ecc9b84a9d76fd31d648a6b62,desarrollo
83,2d36666206196b402a9f8f63af3e10d7269acdd2ef1159c0b862a3728991e8bc,desarrollo
84,f193d2ce5acae053fbd8e6c2d63ce81bc36992ab8deb73e07b13d82f4e632059,desarrollo
85,2d36666206196b402a9f8f63af3e10d7269acdd2ef1159c0b862a3728991e8bc,desarrollo
86,6d20670d3455c8309921f920fef8d12aecfba90b1900d6f51ec8740e71f0957b,desarrollo
87,7f259fbaa2784698235985afaf1b6466345f3ac48e7390ff184abbd25ee4500c,desarrollo
88,7f259fbaa2784698235985afaf1b6466345f3ac48e7390ff184abbd25ee4500c,desarrollo
89,7f259fbaa2784698235985afaf1b6466345f3ac48e7390ff184abbd25ee4500c,desarrollo
90,a1cb1e154651458cd5a3f040f91cfec9ce13a28f09d39c91c96e03f6d28f185f,holdout
91,a1cb1e154651458cd5a3f040f91cfec9ce13a28f09d39c91c96e03f6d28f185f,holdout
92,84f306ee3f1a0f38a45d78498cb675ac28350b2e02443198a5d51f8ad2056737,desarrollo
93,5314aa0ba3ba9be0469414d298021abd129dfa7eda8e535f579e77a10ec28d0b,desarrollo
94,0eb5038276970da1ddfab810c142b3b62239b33cf890694d5f0bc1de1cc0b369,holdout
95,0eb5038276970da1ddfab810c142b3b62239b33cf890694d5f0bc1de1cc0b369,holdout
96,511801617d981bbf934fe4a0d6f4153280954b19dde168d1c7617115290f07c5,holdout
97,0eb5038276970da1ddfab810c142b3b62239b33cf890694d5f0bc1de1cc0b369,holdout
98,09f9fac0631a2a6377d8f3ea4a6d2fbd94daff8091befadac523aee4c03b5d4b,holdout
99,09f9fac0631a2a6377d8f3ea4a6d2fbd94daff8091befadac523aee4c03b5d4b,holdout
100,ed070583f526cef0f2663b90f2f9c1b57bca7b261b3769acfb5a6c7450d51f4a,desarrollo
101,e0e901592fff91a3ac24d6a0b9edbbb998fc38c41c008cf69bbcb29bce0641c2,desarrollo
102,77a42355b22eb02cb32f23e57f22dc5f7ff204b8e66774f71370ca3ceacba1f8,desarrollo
103,77a42355b22eb02cb32f23e57f22dc5f7ff204b8e66774f71370ca3ceacba1f8,desarrollo
104,77a42355b22eb02cb32f23e57f22dc5f7ff204b8e66774f71370ca3ceacba1f8,desarrollo
105,77a42355b22eb02cb32f23e57f22dc5f7ff204b8e66774f71370ca3ceacba1f8,desarrollo
106,a79b3aa381f1fc3887517b572cb59f9608938b90be947f3d89c6907648d4d6b8,desarrollo
107,d08e5590abac5f4f00d2e0ce9f4694c74a5653e752cf96e91f46e59a9ea735be,desarrollo
108,d08e5590abac5f4f00d2e0ce9f4694c74a5653e752cf96e91f46e59a9ea735be,desarrollo
109,a79b3aa381f1fc3887517b572cb59f9608938b90be947f3d89c6907648d4d6b8,desarrollo
110,f3a3be624900f1ff31834b11357eff5df311bca6e56a88d66744b540883aabec,desarrollo
111,53b1edcfb9b92d7dccc5ab6aa89c6d68847b5f6c2fe2d3c9e6a234719c5f6ddc,holdout
112,f3a3be624900f1ff31834b11357eff5df311bca6e56a88d66744b540883aabec,desarrollo
113,f3a3be624900f1ff31834b11357eff5df311bca6e56a88d66744b540883aabec,desarrollo
114,9f72e690d22369b42ef1836cfe2967f3ebe141a170c5d6242820547b274c44ec,desarrollo
115,e406d3b50b35a2523fc8f0b0a845a41ee827020d134ba9c7ace8d5af72043b91,desarrollo
116,9f72e690d22369b42ef1836cfe2967f3ebe141a170c5d6242820547b274c44ec,desarrollo
117,e406d3b50b35a2523fc8f0b0a845a41ee827020d134ba9c7ace8d5af72043b91,desarrollo
118,87590ca59fa967391c8ca58f5892f550824a8f460659be14506620ff2f14d1b7,desarrollo
119,87590ca59fa967391c8ca58f5892f550824a8f460659be14506620ff2f14d1b7,desarrollo
120,4577c9aaf4c799c83956de3ae2897c5350c49ecea60c7d7c343b762ffc203ea4,desarrollo
121,4577c9aaf4c799c83956de3ae2897c5350c49ecea60c7d7c343b762ffc203ea4,desarrollo
122,c7e6006a9ede0aedfda9783dee257dd484c78c272e55286c2f85d63d6b93f524,desarrollo
123,1e08f88430bcc483edb398bddf1f04720c6f2f0aec1d2f6ae07e5c95a15d5075,desarrollo
124,c7e6006a9ede0aedfda9783dee257dd484c78c272e55286c2f85d63d6b93f524,desarrollo
125,c7e6006a9ede0aedfda9783dee257dd484c78c272e55286c2f85d63d6b93f524,desarrollo
126,6d79c95872101caa4d14eb8aaf1dae968663cdaf2fde62c4445c8fce28bf902a,desarrollo
127,6d79c95872101caa4d14eb8aaf1dae968663cdaf2fde62c4445c8fce28bf902a,desarrollo
128,6d79c95872101caa4d14eb8aaf1dae968663cdaf2fde62c4445c8fce28bf902a,desarrollo
129,3f8dd4794953ea2ffb7b0d1f770a5e39965a8bbd22bb70a8cbec60b48b7aff86,desarrollo
130,ddd56cee08fce8089b21ec2a32cb2efea3904e0d95a4174d4da85dd47047cd39,desarrollo
131,ddd56cee08fce8089b21ec2a32cb2efea3904e0d95a4174d4da85dd47047cd39,desarrollo
132,4caa456e81e53dd8d5d268aa8f7f176766d70d32b7eb3da78e2172c3657f9ea6,desarrollo
133,ddd56cee08fce8089b21ec2a32cb2efea3904e0d95a4174d4da85dd47047cd39,desarrollo
134,32e1f0cb3b9dec264e38a938de257874d3d2f436d8956051d4fe9005152e3b1e,desarrollo
135,32e1f0cb3b9dec264e38a938de257874d3d2f436d8956051d4fe9005152e3b1e,desarrollo
136,e6ccecf579b0099a9f0e5a62e97e3d79f68baba765b1cf1a5f2865201ce85f73,holdout
137,32e1f0cb3b9dec264e38a938de257874d3d2f436d8956051d4fe9005152e3b1e,desarrollo
138,66d48d70ad0702d970569b333fa085ea731138128a7f06a3355e7f5236e7807c,desarrollo
139,66d48d70ad0702d970569b333fa085ea731138128a7f06a3355e7f5236e7807c,desarrollo
140,d7a6f19235ebb269d51f699849e322fc286b959f79d4ad14af519bc54b7f4985,desarrollo
141,e89383f4fc56d18ab502ff2d80ddc77b8b3bfc6f700d7935f0e7943048c56ad4,desarrollo
142,e89383f4fc56d18ab502ff2d80ddc77b8b3bfc6f700d7935f0e7943048c56ad4,desarrollo
143,e89383f4fc56d18ab502ff2d80ddc77b8b3bfc6f700d7935f0e7943048c56ad4,desarrollo
144,3eee372ee6890bb30848c020b30b941cf313554bb67e119d80bfe2dc6478d90b,desarrollo
145,7936f585e8be62d011fd12d16ab80286895e059b1ea02866ff4f38238380c344,desarrollo
146,24e91633781b0023d2f998bc98fc0df85e38c1c179b0d4b1d121b6251a1447cc,holdout
147,24e91633781b0023d2f998bc98fc0df85e38c1c179b0d4b1d121b6251a1447cc,holdout
148,7936f585e8be62d011fd12d16ab80286895e059b1ea02866ff4f38238380c344,desarrollo
149,6a858e89e4118eec481efaa1fd6c295d8f6eaeb1eb98bd12a8842ca17ae6ff17,holdout
150,6a858e89e4118eec481efaa1fd6c295d8f6eaeb1eb98bd12a8842ca17ae6ff17,holdout
151,3d09e959b7fd1456f48ee5fd26d8f879f91cdf2691f15c0db72cd26318b8a509,holdout
152,433d17cd6c3fad3d71727f37861a627bf9f861291754d69e47bf4c80d246e91d,desarrollo
153,079473325b182f08431c361e2dc7c4866a71a513c4a2bd580e5f993dfa12b4c9,desarrollo
154,065644f288f62693bfa3666e506c6ad915cabf8e08d5c7968470e205d7059151,holdout
155,065644f288f62693bfa3666e506c6ad915cabf8e08d5c7968470e205d7059151,holdout
156,079473325b182f08431c361e2dc7c4866a71a513c4a2bd580e5f993dfa12b4c9,desarrollo
157,a7290bc39050f2333155fd7d56213d6977ec87a49b87bbd746bbb940561292cb,desarrollo
158,8a52df120bc2b8d233ae92deee117925030dac016174b787155d7c85b2103acd,desarrollo
159,86460a48130a115aea4960b5dc9cf260493671edff214a1369c79d31febcd9e5,desarrollo
160,a7290bc39050f2333155fd7d56213d6977ec87a49b87bbd746bbb940561292cb,desarrollo
161,0049ec51d398d570dcc4b1986c6b6fa264f7b5898cf9a1e01bbee05bfa6d6960,desarrollo
162,49eb84b58f5b9f64ce211ac2c5530a8b7b8d7f335899a1c19a7bff78616db778,desarrollo
163,0476eed83c74af2f04d03e93f871059d1a31835e18b7c4037600c061f42ddcb8,desarrollo
164,0049ec51d398d570dcc4b1986c6b6fa264f7b5898cf9a1e01bbee05bfa6d6960,desarrollo
165,246ce378d6603ce8ff58703463ed2a92414b61709378121a602a68746c1c489c,desarrollo
166,246ce378d6603ce8ff58703463ed2a92414b61709378121a602a68746c1c489c,desarrollo
167,246ce378d6603ce8ff58703463ed2a92414b61709378121a602a68746c1c489c,desarrollo
168,272d26359cc3dd7cfe25a2a7f717f9a66ae8250538ca56438ab3457256d53d0e,desarrollo
169,2e833490e63a4a533dff167d62ab19973aa57b5b09a021ce5f3058c317d1eef6,holdout
170,59658751e61f6b1223a0f3d6a3665b2e681c589ccc0445ffb7b2a7671dc173f0,desarrollo
171,272d26359cc3dd7cfe25a2a7f717f9a66ae8250538ca56438ab3457256d53d0e,desarrollo
172,cf78441a9cac10aa0d26716172a76b6fa5125f0b61c1cc7fa5664602bbd48e10,holdout
173,cf78441a9cac10aa0d26716172a76b6fa5125f0b61c1cc7fa5664602bbd48e10,holdout
174,7351a5190d288e6ef5c0ddb2906e97dce892c0730de9af398ddd7ee72e96dd6a,desarrollo
175,d1a0ec1927aab79f9a20c1d56f061a12deca9ca80f812dcf945623e9017d56d8,holdout
176,6237c9d44af1a92be9777282581570b19a986cc174d23e060a74139c7b5642aa,desarrollo
177,e90461e9ffbdbbeb5775e60fb3dd43b8fa841d31118b1918bd50d0127fc83e94,holdout
178,933212275b911cf667db9df3d3e3197b4518d3bfb9c49eeb09afd25afc81f29e,desarrollo
179,e90461e9ffbdbbeb5775e60fb3dd43b8fa841d31118b1918bd50d0127fc83e94,holdout
180,24894472342c8eda885a0bb8d221f2d06a1f1db63738105835060cf4a89f8b85,desarrollo
181,24894472342c8eda885a0bb8d221f2d06a1f1db63738105835060cf4a89f8b85,desarrollo
182,da6ceded411645f5cb7d78244b787af2adb1c90ffce2fd784dc05f13117b3dac,holdout
183,da6ceded411645f5cb7d78244b787af2adb1c90ffce2fd784dc05f13117b3dac,holdout
184,cf732b266ab2bc72afcd8881111fc1b40bacb176813342ffcf3cf21c01bec730,desarrollo
185,cf732b266ab2bc72afcd8881111fc1b40bacb176813342ffcf3cf21c01bec730,desarrollo
186,cf732b266ab2bc72afcd8881111fc1b40bacb176813342ffcf3cf21c01bec730,desarrollo
187,acfaf9702d38502e438a2ef5bfbfaf556fe12eb694cd96afc733939dbf662511,desarrollo
188,9bf6ca8d772a3888b8bb47c7954975c64958d430dd4562a4c1ac27ab8bad0283,desarrollo
189,acfaf9702d38502e438a2ef5bfbfaf556fe12eb694cd96afc733939dbf662511,desarrollo
190,7af4a0ec7f82c440b0969c35173cb0f4dde30aecebe057ef9fa5bb28af7c4a21,holdout
191,89d32dbb6eb40eb79f0c382ce2ac3a0ab98c06f35cccae42cf645718ef48dc84,desarrollo
192,89d32dbb6eb40eb79f0c382ce2ac3a0ab98c06f35cccae42cf645718ef48dc84,desarrollo
193,89d32dbb6eb40eb79f0c382ce2ac3a0ab98c06f35cccae42cf645718ef48dc84,desarrollo
194,585946b148c91b31a94bd3b60480979312b26862cd8110ddf3a9a6633c9af152,desarrollo
195,ce5c39d9d9901b382ff58d830dc9a53a2afde31e7f1ad23aaba8705dac8e9900,desarrollo
196,ce7794a2442874eb824ba6c2741d825564e10cd52ed5c27d890b21a775f67642,holdout
197,ce5c39d9d9901b382ff58d830dc9a53a2afde31e7f1ad23aaba8705dac8e9900,desarrollo
198,ac7d29991e1a044eaf58f3054d3fedd19494b5ba22d1a142e4a599a77eb79733,desarrollo
199,cbfe55567f028ce6f7424cddf0ec98bcd5c5d9b3288319863a520b7b6fbef240,desarrollo
200,ac7d29991e1a044eaf58f3054d3fedd19494b5ba22d1a142e4a599a77eb79733,desarrollo
201,ac7d29991e1a044eaf58f3054d3fedd19494b5ba22d1a142e4a599a77eb79733,desarrollo
202,99888befd6ee8f5d036bc6eb0340c87ddd595010281aec9de3cea7a9e10e00e0,desarrollo
203,99888befd6ee8f5d036bc6eb0340c87ddd595010281aec9de3cea7a9e10e00e0,desarrollo
204,99888befd6ee8f5d036bc6eb0340c87ddd595010281aec9de3cea7a9e10e00e0,desarrollo
205,9720bb3bd087571bd7855a852a55eee22e7796c78a6d430b9209e80fa309cfbe,holdout
206,cdeb99c90252f1445f89c8be4971c97beb16465eb52381e1b790375a5b1f83f7,desarrollo
207,cdeb99c90252f1445f89c8be4971c97beb16465eb52381e1b790375a5b1f83f7,desarrollo
208,512aa8abc3694620f489798fe23a4cda125a75aaf36eb86de338152abf0666e3,holdout
209,cdeb99c90252f1445f89c8be4971c97beb16465eb52381e1b790375a5b1f83f7,desarrollo
210,cfbcb28efb5bd3f630bfba63e309c998a9f6be9819c0fc0c0cf75762eb3d9ed2,desarrollo
211,a052b7ae341b11ef0ac096312c7856586b3a80375fc1881fc4dc79296e74d654,desarrollo
212,a052b7ae341b11ef0ac096312c7856586b3a80375fc1881fc4dc79296e74d654,desarrollo
213,8cc2d8f313d95f4c41f7acd81ae3d2838a8ff03d4d4e5c97fd24c6fc12f6c037,desarrollo
214,5023ee229fee8619e971c9ca96a625a4c1f36fc4fc4e4641abae36b97b6fb05e,desarrollo
215,5023ee229fee8619e971c9ca96a625a4c1f36fc4fc4e4641abae36b97b6fb05e,desarrollo
216,5023ee229fee8619e971c9ca96a625a4c1f36fc4fc4e4641abae36b97b6fb05e,desarrollo
217,617f75de9e74ee8fc2e8ed800aac6ef1fe93674fd84a05d3309e01a0bd8dbc68,desarrollo
218,51dbe2f898a3fc21dc0078437ff134307999c475028fc297442e8800c6f329e7,desarrollo
219,51dbe2f898a3fc21dc0078437ff134307999c475028fc297442e8800c6f329e7,desarrollo
220,51dbe2f898a3fc21dc0078437ff134307999c475028fc297442e8800c6f329e7,desarrollo
221,b1a3d939257192586bf4d747f2d4cf6c986b969a09c8e4d99e6436183f111d2c,desarrollo
222,800184689ac4418626644b572173b78e2555f74ceeccb0c6639ece0779a21e6b,desarrollo
223,800184689ac4418626644b572173b78e2555f74ceeccb0c6639ece0779a21e6b,desarrollo
224,800184689ac4418626644b572173b78e2555f74ceeccb0c6639ece0779a21e6b,desarrollo
225,51600c3193add7b7dd4aa01ebcc4f5b3eae54a2f952e202b906049ab42e9c27d,holdout
226,275675de2f2dd4a4a459dd669d8bd5248311e61522b3ed8a9d19c847cfd3c157,desarrollo
227,b09d0eb625f24c19ad0cda45b31bbe824454635a0f177b7b020197c1ef8b2451,desarrollo
228,275675de2f2dd4a4a459dd669d8bd5248311e61522b3ed8a9d19c847cfd3c157,desarrollo
229,275675de2f2dd4a4a459dd669d8bd5248311e61522b3ed8a9d19c847cfd3c157,desarrollo
230,c8e045f81124f47784d8535c22a0d82f36c802663439a8e4e7a2e52ddb790f5a,desarrollo
231,c8e045f81124f47784d8535c22a0d82f36c802663439a8e4e7a2e52ddb790f5a,desarrollo
232,c8e045f81124f47784d8535c22a0d82f36c802663439a8e4e7a2e52ddb790f5a,desarrollo
233,1facc07434f568cd9bf68ba5c5bd0cef3780b374e7401e3163e0195b9ce707c3,desarrollo
234,be1897222b472ee3655db7f2dba61fe4b8e73cb1ad1593bf17c087c37c6c14e9,holdout
235,af2a09d7bc39b45bd6f46b19723343dfa98c3625ee68db5e7c35d4f17a3befca,desarrollo
236,be1897222b472ee3655db7f2dba61fe4b8e73cb1ad1593bf17c087c37c6c14e9,holdout
237,be1897222b472ee3655db7f2dba61fe4b8e73cb1ad1593bf17c087c37c6c14e9,holdout
238,7ead409e2b1174e5f9fbd112da49add7e7ac3ba8c936413ce8fceb217ced2535,desarrollo
239,7ead409e2b1174e5f9fbd112da49add7e7ac3ba8c936413ce8fceb217ced2535,desarrollo
240,095ffaeede2ea1fdc42bc192f8ba3e0174f9acb5e40003149c0c3637332b8833,desarrollo
241,7ead409e2b1174e5f9fbd112da49add7e7ac3ba8c936413ce8fceb217ced2535,desarrollo
242,a64c2e424cd7cc51621ee032d98bf6a120d4c66260a806b7d8335dede36ded2d,desarrollo
243,57da7828420e75969ebeaa6c3eaf1cdfe9b4982914e5e47e2291667c5f98130d,desarrollo
244,a64c2e424cd7cc51621ee032d98bf6a120d4c66260a806b7d8335dede36ded2d,desarrollo
245,b1db638015ec1162fbc7c49c6900ea0ef5b1b8376a6933a8eb96e86a736746fd,desarrollo
246,e509f64a753bd15d000fbfff2c725a3ee2f1a3447b1589728ee869a9f8242419,desarrollo
247,e509f64a753bd15d000fbfff2c725a3ee2f1a3447b1589728ee869a9f8242419,desarrollo
248,e509f64a753bd15d000fbfff2c725a3ee2f1a3447b1589728ee869a9f8242419,desarrollo
249,be6862835afd5a53eded659ef9daf652012cda3fb55d9341c6f718da048658ed,holdout
250,cab73fad36d243e6ee87e65442f9aa53fd640a962e9fdc3f834ef4642f4b6d17,desarrollo
251,cab73fad36d243e6ee87e65442f9aa53fd640a962e9fdc3f834ef4642f4b6d17,desarrollo
252,e9f768b1cb9d7a8d810b9904378cf7ca880334f75a46fe0f47aef30ffcd1eef3,desarrollo
253,cab73fad36d243e6ee87e65442f9aa53fd640a962e9fdc3f834ef4642f4b6d17,desarrollo
254,2ccb42d4b5c4a0d81091b1dac0ca997c5c8159f106948117e89fdefcb367779f,desarrollo
255,2ccb42d4b5c4a0d81091b1dac0ca997c5c8159f106948117e89fdefcb367779f,desarrollo
256,68b546b3dd33c21db8648db402cc7243d36c7f2b6262fb5bf14ca844a520b304,desarrollo
257,48a104af24a168fc023455d082029a5ae09e800ed597b5c40aaa7014d68fa50b,desarrollo
258,6422351063d93df8c2169cdca86452efd9624deb17ee02a3df488f0236f5e5c6,desarrollo
259,6422351063d93df8c2169cdca86452efd9624deb17ee02a3df488f0236f5e5c6,desarrollo
260,a28fc3f35cd4473faec797a6a821c9ce4dd7b975ff05ed9b1aac1dd6a1473258,holdout
261,6422351063d93df8c2169cdca86452efd9624deb17ee02a3df488f0236f5e5c6,desarrollo
262,4314d676fb8da145554b7ad24395686e4979895c725bbaaa6f0bf6cb6ea2e509,desarrollo
263,4314d676fb8da145554b7ad24395686e4979895c725bbaaa6f0bf6cb6ea2e509,desarrollo
264,c5bf09bd4089338ae2be75204f440c95f501d89416a5ec977a8aa10a74e46849,desarrollo
265,4314d676fb8da145554b7ad24395686e4979895c725bbaaa6f0bf6cb6ea2e509,desarrollo
266,937f1bccadcfadfdd21b4c27be791d44bf3563b627b6c39989540b87a4cf7818,desarrollo
267,937f1bccadcfadfdd21b4c27be791d44bf3563b627b6c39989540b87a4cf7818,desarrollo
268,a61b6d2a9a39f66a22e779cd7614d3deac2b207183bc2593b6654a31b6057f3b,desarrollo
269,35b1b0999df58731ebd72f4edb80bb475ad04d52535373a025675932274532df,holdout
270,270878a944135054d4ca9050dd975fa614d3f1cfd8b06d20421d4b528287eaa9,desarrollo
271,270878a944135054d4ca9050dd975fa614d3f1cfd8b06d20421d4b528287eaa9,desarrollo
272,172a585ae5cd525e24317543bef937f0ac0a28c543087c9163fa5c50218aaec5,desarrollo
273,270878a944135054d4ca9050dd975fa614d3f1cfd8b06d20421d4b528287eaa9,desarrollo
274,2b84c3533f6af9b3067c580bb912b4b65704045ff16d1d40c40cfc7812081d20,desarrollo
275,853e511e1082802e463dd838875a16dbadb2b4031575c89aabb1bdfc2cfae181,desarrollo
276,45e8729f61cd020c2e7a377accce33796febab7aa780bf4759a5e507c2de68ea,desarrollo
277,d524d4a12ee3a78f6935e81504be0933d4d3d767eb7e26408ebe3b20ce742334,holdout
278,dff62de5a53504571c4744f3229ace61ffd2f80dd77bf8740bf440c93b16f456,desarrollo
279,115ac298ec86a574c5989fcd0411e03ae7f9726b15bcb524f3eadfb0413f06bb,desarrollo
280,cc71db06ab7617052d7526db339f8ad30300d06b0709fd5cefa6d4afdd4d837e,holdout
281,bb512d55b3a6f17d28628cb62671fb76a19c3358cb09d028ac60fb924ac33dd0,desarrollo
282,bb512d55b3a6f17d28628cb62671fb76a19c3358cb09d028ac60fb924ac33dd0,desarrollo
283,bb512d55b3a6f17d28628cb62671fb76a19c3358cb09d028ac60fb924ac33dd0,desarrollo
284,bb512d55b3a6f17d28628cb62671fb76a19c3358cb09d028ac60fb924ac33dd0,desarrollo
285,66e8a5a097545010a95cebcc2ba461dd79b4a65a7fba6e419ee5500c3ae37b37,desarrollo
286,bb512d55b3a6f17d28628cb62671fb76a19c3358cb09d028ac60fb924ac33dd0,desarrollo
287,d3d3a7a6984f10260e34541704caeb0a599f4c9ef6478e9a09e6035c6d89e9ad,desarrollo
288,d3d3a7a6984f10260e34541704caeb0a599f4c9ef6478e9a09e6035c6d89e9ad,desarrollo
289,77edb7a548edad8479e92802786319fa73faaf153449227e7dccfe242e61b384,holdout
290,77edb7a548edad8479e92802786319fa73faaf153449227e7dccfe242e61b384,holdout
291,77edb7a548edad8479e92802786319fa73faaf153449227e7dccfe242e61b384,holdout
292,b00c017af95d12e48d642eb695d5a1da8ddbe7138441039399fb217e5f844bdb,desarrollo
293,5de987b18965c83407b545c1b6d55f14cf94598b98a62fe391db0aeb6de74847,desarrollo
294,77edb7a548edad8479e92802786319fa73faaf153449227e7dccfe242e61b384,holdout
295,77edb7a548edad8479e92802786319fa73faaf153449227e7dccfe242e61b384,holdout
296,77edb7a548edad8479e92802786319fa73faaf153449227e7dccfe242e61b384,holdout
297,77edb7a548edad8479e92802786319fa73faaf153449227e7dccfe242e61b384,holdout
298,d40fe269d1b5e5a5929ba8b7740fafdfd7cec8fbe2cd2ba9af1a91ccf812959d,desarrollo
299,d40fe269d1b5e5a5929ba8b7740fafdfd7cec8fbe2cd2ba9af1a91ccf812959d,desarrollo
300,d40fe269d1b5e5a5929ba8b7740fafdfd7cec8fbe2cd2ba9af1a91ccf812959d,desarrollo
301,d40fe269d1b5e5a5929ba8b7740fafdfd7cec8fbe2cd2ba9af1a91ccf812959d,desarrollo
302,d40fe269d1b5e5a5929ba8b7740fafdfd7cec8fbe2cd2ba9af1a91ccf812959d,desarrollo
303,d40fe269d1b5e5a5929ba8b7740fafdfd7cec8fbe2cd2ba9af1a91ccf812959d,desarrollo
304,d40fe269d1b5e5a5929ba8b7740fafdfd7cec8fbe2cd2ba9af1a91ccf812959d,desarrollo
305,d40fe269d1b5e5a5929ba8b7740fafdfd7cec8fbe2cd2ba9af1a91ccf812959d,desarrollo
306,d40fe269d1b5e5a5929ba8b7740fafdfd7cec8fbe2cd2ba9af1a91ccf812959d,desarrollo
307,604f5ef9449568111254dccfe1313e345b888d534e439e633e4936c517369d8a,holdout
308,604f5ef9449568111254dccfe1313e345b888d534e439e633e4936c517369d8a,holdout
309,a8d5beed9a889015ca8e36ee1edc6f107b70a32f86cf7559effd8ccba1eb2e62,desarrollo
310,17513d89291f5bff1cee9184d2dc793eef24bc213f4013c3b5a8999f48852d64,desarrollo
311,604f5ef9449568111254dccfe1313e345b888d534e439e633e4936c517369d8a,holdout
312,604f5ef9449568111254dccfe1313e345b888d534e439e633e4936c517369d8a,holdout
313,604f5ef9449568111254dccfe1313e345b888d534e439e633e4936c517369d8a,holdout
314,604f5ef9449568111254dccfe1313e345b888d534e439e633e4936c517369d8a,holdout
315,604f5ef9449568111254dccfe1313e345b888d534e439e633e4936c517369d8a,holdout
316,a093f7eeedde856f5c556a8a9b07cf384b0e95e2f97affef9096d3bec53380fb,desarrollo
317,a093f7eeedde856f5c556a8a9b07cf384b0e95e2f97affef9096d3bec53380fb,desarrollo
318,a093f7eeedde856f5c556a8a9b07cf384b0e95e2f97affef9096d3bec53380fb,desarrollo
319,a093f7eeedde856f5c556a8a9b07cf384b0e95e2f97affef9096d3bec53380fb,desarrollo
320,a093f7eeedde856f5c556a8a9b07cf384b0e95e2f97affef9096d3bec53380fb,desarrollo
321,5c24d0443dffb5227b980b9fa633d0bb9ccd07c8bb16874d249f4f19a5cb4a53,holdout
322,5c24d0443dffb5227b980b9fa633d0bb9ccd07c8bb16874d249f4f19a5cb4a53,holdout
323,c83ee8dfb2ccf129dd3c47bd1466951a7bc8dd2f8b70cf0f436020300db27864,desarrollo
324,a093f7eeedde856f5c556a8a9b07cf384b0e95e2f97affef9096d3bec53380fb,desarrollo
325,f3aec793ba590ccac84205ebee86352a30b7fd83fcd4b7dcac0a4519e9c3d977,desarrollo
326,b2017e81653cbce1f0710c69652ab686e0bc923d4d03e72be512bc2ae1381fe8,desarrollo
327,f3aec793ba590ccac84205ebee86352a30b7fd83fcd4b7dcac0a4519e9c3d977,desarrollo
328,f3aec793ba590ccac84205ebee86352a30b7fd83fcd4b7dcac0a4519e9c3d977,desarrollo
329,f3aec793ba590ccac84205ebee86352a30b7fd83fcd4b7dcac0a4519e9c3d977,desarrollo
330,19438ac2a094da06d6240acd6c84f270b82a11cb76e34912aa2ec2092fdbdf03,desarrollo
331,f3aec793ba590ccac84205ebee86352a30b7fd83fcd4b7dcac0a4519e9c3d977,desarrollo
332,f3aec793ba590ccac84205ebee86352a30b7fd83fcd4b7dcac0a4519e9c3d977,desarrollo
333,8948a5a1eb895a579cd224884174c8d73e53b945a34fd792d2d63d28758abcfa,desarrollo
334,8948a5a1eb895a579cd224884174c8d73e53b945a34fd792d2d63d28758abcfa,desarrollo
335,8948a5a1eb895a579cd224884174c8d73e53b945a34fd792d2d63d28758abcfa,desarrollo
336,437f8df3ded2a35e38cd17c3c0110bd4339ea62003e8a14953f4e590fc532a43,desarrollo
337,8948a5a1eb895a579cd224884174c8d73e53b945a34fd792d2d63d28758abcfa,desarrollo
338,8948a5a1eb895a579cd224884174c8d73e53b945a34fd792d2d63d28758abcfa,desarrollo
339,8948a5a1eb895a579cd224884174c8d73e53b945a34fd792d2d63d28758abcfa,desarrollo
340,8948a5a1eb895a579cd224884174c8d73e53b945a34fd792d2d63d28758abcfa,desarrollo
341,437f8df3ded2a35e38cd17c3c0110bd4339ea62003e8a14953f4e590fc532a43,desarrollo
342,28778e68c8d4821401212b6d0772b7fe540ec66b60ff8fb22f2e85f71c70c77f,desarrollo
343,28778e68c8d4821401212b6d0772b7fe540ec66b60ff8fb22f2e85f71c70c77f,desarrollo
344,28778e68c8d4821401212b6d0772b7fe540ec66b60ff8fb22f2e85f71c70c77f,desarrollo
345,28778e68c8d4821401212b6d0772b7fe540ec66b60ff8fb22f2e85f71c70c77f,desarrollo
346,28778e68c8d4821401212b6d0772b7fe540ec66b60ff8fb22f2e85f71c70c77f,desarrollo
347,28778e68c8d4821401212b6d0772b7fe540ec66b60ff8fb22f2e85f71c70c77f,desarrollo
348,28778e68c8d4821401212b6d0772b7fe540ec66b60ff8fb22f2e85f71c70c77f,desarrollo
349,28778e68c8d4821401212b6d0772b7fe540ec66b60ff8fb22f2e85f71c70c77f,desarrollo
350,28778e68c8d4821401212b6d0772b7fe540ec66b60ff8fb22f2e85f71c70c77f,desarrollo
351,65d150996aa4c73b7ce74ea5886097c5ea76c84190ff49f7bda42691bcafbd07,holdout
352,65d150996aa4c73b7ce74ea5886097c5ea76c84190ff49f7bda42691bcafbd07,holdout
353,65d150996aa4c73b7ce74ea5886097c5ea76c84190ff49f7bda42691bcafbd07,holdout
354,65d150996aa4c73b7ce74ea5886097c5ea76c84190ff49f7bda42691bcafbd07,holdout
355,65d150996aa4c73b7ce74ea5886097c5ea76c84190ff49f7bda42691bcafbd07,holdout
356,65d150996aa4c73b7ce74ea5886097c5ea76c84190ff49f7bda42691bcafbd07,holdout
357,ea4db6d10bab1703ce76fb0a17601b2f09a96bafb51516f8dc74eba4754a2586,desarrollo
358,65d150996aa4c73b7ce74ea5886097c5ea76c84190ff49f7bda42691bcafbd07,holdout
359,8d3034ab7b17644222f8087dfe2c9d3b999b7dce2a22be09d0a4bc719c1d78ca,desarrollo
360,8d3034ab7b17644222f8087dfe2c9d3b999b7dce2a22be09d0a4bc719c1d78ca,desarrollo
361,8d3034ab7b17644222f8087dfe2c9d3b999b7dce2a22be09d0a4bc719c1d78ca,desarrollo
362,4a77cc34a6e8ac697a67394a0dba0edf7ca572e7d005e87a7ff6a08ce89c5090,desarrollo
363,8d3034ab7b17644222f8087dfe2c9d3b999b7dce2a22be09d0a4bc719c1d78ca,desarrollo
364,8d3034ab7b17644222f8087dfe2c9d3b999b7dce2a22be09d0a4bc719c1d78ca,desarrollo
365,8d3034ab7b17644222f8087dfe2c9d3b999b7dce2a22be09d0a4bc719c1d78ca,desarrollo
366,8d3034ab7b17644222f8087dfe2c9d3b999b7dce2a22be09d0a4bc719c1d78ca,desarrollo
367,8d3034ab7b17644222f8087dfe2c9d3b999b7dce2a22be09d0a4bc719c1d78ca,desarrollo
368,157f3d21099058d4d210d1b9e230a6d1e6737fec8a2e4a9dfd3967c4a554a3ba,desarrollo
369,157f3d21099058d4d210d1b9e230a6d1e6737fec8a2e4a9dfd3967c4a554a3ba,desarrollo
370,157f3d21099058d4d210d1b9e230a6d1e6737fec8a2e4a9dfd3967c4a554a3ba,desarrollo
371,157f3d21099058d4d210d1b9e230a6d1e6737fec8a2e4a9dfd3967c4a554a3ba,desarrollo
372,157f3d21099058d4d210d1b9e230a6d1e6737fec8a2e4a9dfd3967c4a554a3ba,desarrollo
373,157f3d21099058d4d210d1b9e230a6d1e6737fec8a2e4a9dfd3967c4a554a3ba,desarrollo
374,f19061c8c126786543573cf5fb35ab9fdcd3d6caadd86b11c11f54724d44ee47,desarrollo
375,970426d4565db16f3c927733e2ce9b80c0518ef11f5966d29c47024360d3f428,holdout
376,970426d4565db16f3c927733e2ce9b80c0518ef11f5966d29c47024360d3f428,holdout
377,970426d4565db16f3c927733e2ce9b80c0518ef11f5966d29c47024360d3f428,holdout
378,5d216d0264440d2416d27313bdcd450a434827e9643e6097e785fdb30caa373b,desarrollo
379,970426d4565db16f3c927733e2ce9b80c0518ef11f5966d29c47024360d3f428,holdout
380,5d216d0264440d2416d27313bdcd450a434827e9643e6097e785fdb30caa373b,desarrollo
381,970426d4565db16f3c927733e2ce9b80c0518ef11f5966d29c47024360d3f428,holdout
382,970426d4565db16f3c927733e2ce9b80c0518ef11f5966d29c47024360d3f428,holdout
383,970426d4565db16f3c927733e2ce9b80c0518ef11f5966d29c47024360d3f428,holdout
384,e76e12908beb4079454cf0d136053e5a23d3b45093f6a34a10deb1226cf5a91b,desarrollo
385,e76e12908beb4079454cf0d136053e5a23d3b45093f6a34a10deb1226cf5a91b,desarrollo
386,13b7403871564ba068a4c2f6adabaa60d5e65334ca464a9bcce44ddf278e5ec6,holdout
387,e76e12908beb4079454cf0d136053e5a23d3b45093f6a34a10deb1226cf5a91b,desarrollo
388,e76e12908beb4079454cf0d136053e5a23d3b45093f6a34a10deb1226cf5a91b,desarrollo
389,e76e12908beb4079454cf0d136053e5a23d3b45093f6a34a10deb1226cf5a91b,desarrollo
390,13b7403871564ba068a4c2f6adabaa60d5e65334ca464a9bcce44ddf278e5ec6,holdout
391,e76e12908beb4079454cf0d136053e5a23d3b45093f6a34a10deb1226cf5a91b,desarrollo
392,097fdf6cf8e455080c3d7759a61486a3c1f7d1bd6393178c7aea1b22ad2d6ee6,holdout
393,34f5e4ef690154bc43fa6e4922fe1d904276ad7fabab5b1a2cf30993afa34e99,desarrollo
394,34f5e4ef690154bc43fa6e4922fe1d904276ad7fabab5b1a2cf30993afa34e99,desarrollo
395,9390d2dd5025ce26fad1eada4dc66af418917f75a780f401095274af7a80c148,desarrollo
396,34f5e4ef690154bc43fa6e4922fe1d904276ad7fabab5b1a2cf30993afa34e99,desarrollo
397,34f5e4ef690154bc43fa6e4922fe1d904276ad7fabab5b1a2cf30993afa34e99,desarrollo
398,34f5e4ef690154bc43fa6e4922fe1d904276ad7fabab5b1a2cf30993afa34e99,desarrollo
399,34f5e4ef690154bc43fa6e4922fe1d904276ad7fabab5b1a2cf30993afa34e99,desarrollo
400,34f5e4ef690154bc43fa6e4922fe1d904276ad7fabab5b1a2cf30993afa34e99,desarrollo
401,0bc04de9cb5d128ea61948351bc6c5a9aa73814edd7d8bc00945cbe2934f3806,desarrollo
402,0bc04de9cb5d128ea61948351bc6c5a9aa73814edd7d8bc00945cbe2934f3806,desarrollo
403,0bc04de9cb5d128ea61948351bc6c5a9aa73814edd7d8bc00945cbe2934f3806,desarrollo
404,c6d3c1cf48792443b069b1f35f58526ffcab93172f5e3761c7abe8277c10958e,holdout
405,505d830f6de71765c1371f734ad0d1a32fa8716fe5ec48b6c3a95b71e06fd9d8,desarrollo
406,0bc04de9cb5d128ea61948351bc6c5a9aa73814edd7d8bc00945cbe2934f3806,desarrollo
407,c6d3c1cf48792443b069b1f35f58526ffcab93172f5e3761c7abe8277c10958e,holdout
408,0bc04de9cb5d128ea61948351bc6c5a9aa73814edd7d8bc00945cbe2934f3806,desarrollo
409,0bc04de9cb5d128ea61948351bc6c5a9aa73814edd7d8bc00945cbe2934f3806,desarrollo
410,558a8b5eef569fe819291b1bb30a2fc52621ee8d75344334a46953c6b2931642,desarrollo
411,558a8b5eef569fe819291b1bb30a2fc52621ee8d75344334a46953c6b2931642,desarrollo
412,558a8b5eef569fe819291b1bb30a2fc52621ee8d75344334a46953c6b2931642,desarrollo
413,0e7533d979431af3178bb99c81d16a42ea450213a1afe099ce69de88f0cdf9a4,desarrollo
414,558a8b5eef569fe819291b1bb30a2fc52621ee8d75344334a46953c6b2931642,desarrollo
415,558a8b5eef569fe819291b1bb30a2fc52621ee8d75344334a46953c6b2931642,desarrollo
416,558a8b5eef569fe819291b1bb30a2fc52621ee8d75344334a46953c6b2931642,desarrollo
417,e716990e05b4a64330ab68b19c50bb3666655c9e86d2a897349a3129f592cd9d,desarrollo
418,e716990e05b4a64330ab68b19c50bb3666655c9e86d2a897349a3129f592cd9d,desarrollo
419,bda0e2bfac80ffec4a2c3190872fa8796bb4b3d178a1e05edff645c492a464bd,desarrollo
420,e716990e05b4a64330ab68b19c50bb3666655c9e86d2a897349a3129f592cd9d,desarrollo
421,bda0e2bfac80ffec4a2c3190872fa8796bb4b3d178a1e05edff645c492a464bd,desarrollo
422,e716990e05b4a64330ab68b19c50bb3666655c9e86d2a897349a3129f592cd9d,desarrollo
423,e716990e05b4a64330ab68b19c50bb3666655c9e86d2a897349a3129f592cd9d,desarrollo
424,25d845b5de52617b0c776c3cf0543ab040e350cfa971757369c90d0da246f209,desarrollo
425,e716990e05b4a64330ab68b19c50bb3666655c9e86d2a897349a3129f592cd9d,desarrollo
426,472d9827c53314d27c792f6c472c458c0f9df7fe59deb2de307c8f2c423973e4,holdout
427,472d9827c53314d27c792f6c472c458c0f9df7fe59deb2de307c8f2c423973e4,holdout
428,472d9827c53314d27c792f6c472c458c0f9df7fe59deb2de307c8f2c423973e4,holdout
429,472d9827c53314d27c792f6c472c458c0f9df7fe59deb2de307c8f2c423973e4,holdout
430,472d9827c53314d27c792f6c472c458c0f9df7fe59deb2de307c8f2c423973e4,holdout
431,472d9827c53314d27c792f6c472c458c0f9df7fe59deb2de307c8f2c423973e4,holdout
432,472d9827c53314d27c792f6c472c458c0f9df7fe59deb2de307c8f2c423973e4,holdout
433,f9ebd76bac4df12525d0bcc6f82ed80454f1acd05b504b003d1215ebdea4cee4,desarrollo
434,2a815a7d3e39a6a96b82063d9ca5a3141f129f250f29561e1710962749519cb8,desarrollo
435,2a815a7d3e39a6a96b82063d9ca5a3141f129f250f29561e1710962749519cb8,desarrollo
436,2a815a7d3e39a6a96b82063d9ca5a3141f129f250f29561e1710962749519cb8,desarrollo
437,2a815a7d3e39a6a96b82063d9ca5a3141f129f250f29561e1710962749519cb8,desarrollo
438,dd34bbd3eed0d7819aee3f84b4a8df74161de6c55c00ade8f9eb213c18ac0c7b,desarrollo
439,2a815a7d3e39a6a96b82063d9ca5a3141f129f250f29561e1710962749519cb8,desarrollo
440,2a815a7d3e39a6a96b82063d9ca5a3141f129f250f29561e1710962749519cb8,desarrollo
441,2a815a7d3e39a6a96b82063d9ca5a3141f129f250f29561e1710962749519cb8,desarrollo
442,2a815a7d3e39a6a96b82063d9ca5a3141f129f250f29561e1710962749519cb8,desarrollo
443,9dcbaa8c286faaf22d3a490e6d3f6779e777535555d699cd6661a5866c732615,desarrollo
444,9dcbaa8c286faaf22d3a490e6d3f6779e777535555d699cd6661a5866c732615,desarrollo
445,9dcbaa8c286faaf22d3a490e6d3f6779e777535555d699cd6661a5866c732615,desarrollo
446,9dcbaa8c286faaf22d3a490e6d3f6779e777535555d699cd6661a5866c732615,desarrollo
447,9dcbaa8c286faaf22d3a490e6d3f6779e777535555d699cd6661a5866c732615,desarrollo
448,42a6fd7ffbd42c23dd35bc9f17c3eeb0a516c7c59471a6fa8ffdcd0257ed5eb3,desarrollo
449,9dcbaa8c286faaf22d3a490e6d3f6779e777535555d699cd6661a5866c732615,desarrollo
450,9dcbaa8c286faaf22d3a490e6d3f6779e777535555d699cd6661a5866c732615,desarrollo
451,16c778dd79655c4e7479f306a897c52dbb3423f98f90e3f03ede10307300384d,desarrollo
452,16c778dd79655c4e7479f306a897c52dbb3423f98f90e3f03ede10307300384d,desarrollo
453,16c778dd79655c4e7479f306a897c52dbb3423f98f90e3f03ede10307300384d,desarrollo
454,16c778dd79655c4e7479f306a897c52dbb3423f98f90e3f03ede10307300384d,desarrollo
455,16c778dd79655c4e7479f306a897c52dbb3423f98f90e3f03ede10307300384d,desarrollo
456,16c778dd79655c4e7479f306a897c52dbb3423f98f90e3f03ede10307300384d,desarrollo
457,8a66a515b58603cd15bd1ebc55677310e2feb57c726e78cbffe2f80f97267584,desarrollo
458,16c778dd79655c4e7479f306a897c52dbb3423f98f90e3f03ede10307300384d,desarrollo
459,aeff3da0bbbc10b7f95f6fb946efc2618213ef77ad066eb5b90f25a8295a8b1a,desarrollo
460,aeff3da0bbbc10b7f95f6fb946efc2618213ef77ad066eb5b90f25a8295a8b1a,desarrollo
461,aeff3da0bbbc10b7f95f6fb946efc2618213ef77ad066eb5b90f25a8295a8b1a,desarrollo
462,aeff3da0bbbc10b7f95f6fb946efc2618213ef77ad066eb5b90f25a8295a8b1a,desarrollo
463,aeff3da0bbbc10b7f95f6fb946efc2618213ef77ad066eb5b90f25a8295a8b1a,desarrollo
464,cfaa7d5bb168e24d7c3e3722c5eae6a402cebd67f3d5c2800db42748d4d49ee6,desarrollo
465,aeff3da0bbbc10b7f95f6fb946efc2618213ef77ad066eb5b90f25a8295a8b1a,desarrollo
466,aeff3da0bbbc10b7f95f6fb946efc2618213ef77ad066eb5b90f25a8295a8b1a,desarrollo
467,aeff3da0bbbc10b7f95f6fb946efc2618213ef77ad066eb5b90f25a8295a8b1a,desarrollo
468,2ad84535449faa3914e3b027d2053b027b3fd0e12a1ac14d7f5cc2135ab02cf4,desarrollo
469,2ad84535449faa3914e3b027d2053b027b3fd0e12a1ac14d7f5cc2135ab02cf4,desarrollo
470,2ad84535449faa3914e3b027d2053b027b3fd0e12a1ac14d7f5cc2135ab02cf4,desarrollo
471,d1357e3c60d855dd764be5e9389f639e19b17fd01ea211a5df40fdb2f55df5ed,desarrollo
472,2ad84535449faa3914e3b027d2053b027b3fd0e12a1ac14d7f5cc2135ab02cf4,desarrollo
473,2ad84535449faa3914e3b027d2053b027b3fd0e12a1ac14d7f5cc2135ab02cf4,desarrollo
474,d1357e3c60d855dd764be5e9389f639e19b17fd01ea211a5df40fdb2f55df5ed,desarrollo
475,2ad84535449faa3914e3b027d2053b027b3fd0e12a1ac14d7f5cc2135ab02cf4,desarrollo
476,2ad84535449faa3914e3b027d2053b027b3fd0e12a1ac14d7f5cc2135ab02cf4,desarrollo
477,04e13cb4304f9970821af47685e1c64e91285b51e708b32e944bca2efd71ab0a,desarrollo
478,04e13cb4304f9970821af47685e1c64e91285b51e708b32e944bca2efd71ab0a,desarrollo
479,04e13cb4304f9970821af47685e1c64e91285b51e708b32e944bca2efd71ab0a,desarrollo
480,04e13cb4304f9970821af47685e1c64e91285b51e708b32e944bca2efd71ab0a,desarrollo
481,a8e8a7f91a2f3c18d1050270be93376c7bd2db5a66a33ebbe91a13bc82962a6f,desarrollo
482,04e13cb4304f9970821af47685e1c64e91285b51e708b32e944bca2efd71ab0a,desarrollo
483,53aea58203bf137509e32dda15bdb6ff40d7d555c0175e0257bd7a66b5620bd5,holdout
484,04e13cb4304f9970821af47685e1c64e91285b51e708b32e944bca2efd71ab0a,desarrollo
485,04e13cb4304f9970821af47685e1c64e91285b51e708b32e944bca2efd71ab0a,desarrollo
486,21dccecfc38150b3f23f4330a2f2e53a5a522e61d6a10379cd2d5fe488ec7e0a,desarrollo
487,21dccecfc38150b3f23f4330a2f2e53a5a522e61d6a10379cd2d5fe488ec7e0a,desarrollo
488,77f09eba7c0169c46ec8d1b10c38e9cb3d7234f9a493ba5eaf6d08c1952319a7,desarrollo
489,77f09eba7c0169c46ec8d1b10c38e9cb3d7234f9a493ba5eaf6d08c1952319a7,desarrollo
490,21dccecfc38150b3f23f4330a2f2e53a5a522e61d6a10379cd2d5fe488ec7e0a,desarrollo
491,21dccecfc38150b3f23f4330a2f2e53a5a522e61d6a10379cd2d5fe488ec7e0a,desarrollo
492,21dccecfc38150b3f23f4330a2f2e53a5a522e61d6a10379cd2d5fe488ec7e0a,desarrollo
493,21dccecfc38150b3f23f4330a2f2e53a5a522e61d6a10379cd2d5fe488ec7e0a,desarrollo
494,21dccecfc38150b3f23f4330a2f2e53a5a522e61d6a10379cd2d5fe488ec7e0a,desarrollo
495,89c51b06d3acbae0e18b53407a667330363a051c9c41a9a095811177f062f666,desarrollo
496,ff2407e741224ff97f748481497a55faca4031bcd2fcd3891482ed9c2e91ec67,holdout
497,89c51b06d3acbae0e18b53407a667330363a051c9c41a9a095811177f062f666,desarrollo
498,89c51b06d3acbae0e18b53407a667330363a051c9c41a9a095811177f062f666,desarrollo
499,ff2407e741224ff97f748481497a55faca4031bcd2fcd3891482ed9c2e91ec67,holdout
500,3536d82dd5fa3d9f3af6dfe595b2167e4db260841c9d4360087b343cb12e6457,desarrollo
501,ff2407e741224ff97f748481497a55faca4031bcd2fcd3891482ed9c2e91ec67,holdout
502,89c51b06d3acbae0e18b53407a667330363a051c9c41a9a095811177f062f666,desarrollo
503,89c51b06d3acbae0e18b53407a667330363a051c9c41a9a095811177f062f666,desarrollo
504,a4315f970d1c5e33cb495b7c94c48edec4aec179bbd27e4101fad8d3e3c776ce,desarrollo
505,a4315f970d1c5e33cb495b7c94c48edec4aec179bbd27e4101fad8d3e3c776ce,desarrollo
506,a4315f970d1c5e33cb495b7c94c48edec4aec179bbd27e4101fad8d3e3c776ce,desarrollo
507,4ed988659133eabf11caa6f41109611082eeba5617a2a2fdc8562e845f1f9f2e,desarrollo
508,a4315f970d1c5e33cb495b7c94c48edec4aec179bbd27e4101fad8d3e3c776ce,desarrollo
509,a4315f970d1c5e33cb495b7c94c48edec4aec179bbd27e4101fad8d3e3c776ce,desarrollo
510,a4315f970d1c5e33cb495b7c94c48edec4aec179bbd27e4101fad8d3e3c776ce,desarrollo
511,a4315f970d1c5e33cb495b7c94c48edec4aec179bbd27e4101fad8d3e3c776ce,desarrollo
512,a4315f970d1c5e33cb495b7c94c48edec4aec179bbd27e4101fad8d3e3c776ce,desarrollo
513,0ef0bcd9707bd3d155438babdad1bb63be90fe0ddbb3d02deda2c342e7bbf25e,holdout
514,0ef0bcd9707bd3d155438babdad1bb63be90fe0ddbb3d02deda2c342e7bbf25e,holdout
515,0ef0bcd9707bd3d155438babdad1bb63be90fe0ddbb3d02deda2c342e7bbf25e,holdout
516,0ef0bcd9707bd3d155438babdad1bb63be90fe0ddbb3d02deda2c342e7bbf25e,holdout
517,0ef0bcd9707bd3d155438babdad1bb63be90fe0ddbb3d02deda2c342e7bbf25e,holdout
518,0ef0bcd9707bd3d155438babdad1bb63be90fe0ddbb3d02deda2c342e7bbf25e,holdout
519,0ef0bcd9707bd3d155438babdad1bb63be90fe0ddbb3d02deda2c342e7bbf25e,holdout
520,fee0884e6d18a0c3e21cada422d1dacaa87dcdf74fbb1485acb0b120f8528d44,desarrollo
521,047d4fed32b5d089a324ebdfcf6fb778deaccd904b5c9da2821b88caaf49888e,desarrollo
522,0bdda5a6546aebf4423bf48da433969316146d833b3bbced16119502b10274f6,desarrollo
523,047d4fed32b5d089a324ebdfcf6fb778deaccd904b5c9da2821b88caaf49888e,desarrollo
524,0bdda5a6546aebf4423bf48da433969316146d833b3bbced16119502b10274f6,desarrollo
525,047d4fed32b5d089a324ebdfcf6fb778deaccd904b5c9da2821b88caaf49888e,desarrollo
526,0bdda5a6546aebf4423bf48da433969316146d833b3bbced16119502b10274f6,desarrollo
527,0bdda5a6546aebf4423bf48da433969316146d833b3bbced16119502b10274f6,desarrollo
528,047d4fed32b5d089a324ebdfcf6fb778deaccd904b5c9da2821b88caaf49888e,desarrollo
529,10ef7e0124c07f65477be28d74d7fc8b6da6b434a154f202ed6756790707e842,desarrollo
530,10ef7e0124c07f65477be28d74d7fc8b6da6b434a154f202ed6756790707e842,desarrollo
531,10ef7e0124c07f65477be28d74d7fc8b6da6b434a154f202ed6756790707e842,desarrollo
532,10ef7e0124c07f65477be28d74d7fc8b6da6b434a154f202ed6756790707e842,desarrollo
533,10ef7e0124c07f65477be28d74d7fc8b6da6b434a154f202ed6756790707e842,desarrollo
534,10ef7e0124c07f65477be28d74d7fc8b6da6b434a154f202ed6756790707e842,desarrollo
535,10ef7e0124c07f65477be28d74d7fc8b6da6b434a154f202ed6756790707e842,desarrollo
536,10ef7e0124c07f65477be28d74d7fc8b6da6b434a154f202ed6756790707e842,desarrollo
537,10ef7e0124c07f65477be28d74d7fc8b6da6b434a154f202ed6756790707e842,desarrollo
538,14494be23177e8bb8aa9327a63b5bf330d1d631ac757f4f2ee3cb4b761527d8b,desarrollo
539,14494be23177e8bb8aa9327a63b5bf330d1d631ac757f4f2ee3cb4b761527d8b,desarrollo
540,14494be23177e8bb8aa9327a63b5bf330d1d631ac757f4f2ee3cb4b761527d8b,desarrollo
541,14494be23177e8bb8aa9327a63b5bf330d1d631ac757f4f2ee3cb4b761527d8b,desarrollo
542,14494be23177e8bb8aa9327a63b5bf330d1d631ac757f4f2ee3cb4b761527d8b,desarrollo
543,14494be23177e8bb8aa9327a63b5bf330d1d631ac757f4f2ee3cb4b761527d8b,desarrollo
544,14494be23177e8bb8aa9327a63b5bf330d1d631ac757f4f2ee3cb4b761527d8b,desarrollo
545,14494be23177e8bb8aa9327a63b5bf330d1d631ac757f4f2ee3cb4b761527d8b,desarrollo
546,14494be23177e8bb8aa9327a63b5bf330d1d631ac757f4f2ee3cb4b761527d8b,desarrollo
547,e731c1695242c859d90d7f0c76132f780e0a5779c95ee2e4dcd2d098f151fc71,desarrollo
548,e731c1695242c859d90d7f0c76132f780e0a5779c95ee2e4dcd2d098f151fc71,desarrollo
549,e731c1695242c859d90d7f0c76132f780e0a5779c95ee2e4dcd2d098f151fc71,desarrollo
550,e731c1695242c859d90d7f0c76132f780e0a5779c95ee2e4dcd2d098f151fc71,desarrollo
551,e731c1695242c859d90d7f0c76132f780e0a5779c95ee2e4dcd2d098f151fc71,desarrollo
552,e731c1695242c859d90d7f0c76132f780e0a5779c95ee2e4dcd2d098f151fc71,desarrollo
553,e731c1695242c859d90d7f0c76132f780e0a5779c95ee2e4dcd2d098f151fc71,desarrollo
554,ec708d75d18e80009586ef015ade97197fd46231737c871a17ddb6a947f5761c,desarrollo
555,dfff94e80d2b7437ac7e408ce6bb30dd54bbf1b7821bae1c7b73e6f07cb6d77f,holdout
556,ec708d75d18e80009586ef015ade97197fd46231737c871a17ddb6a947f5761c,desarrollo
557,ec708d75d18e80009586ef015ade97197fd46231737c871a17ddb6a947f5761c,desarrollo
558,ec708d75d18e80009586ef015ade97197fd46231737c871a17ddb6a947f5761c,desarrollo
559,ec708d75d18e80009586ef015ade97197fd46231737c871a17ddb6a947f5761c,desarrollo
560,ec708d75d18e80009586ef015ade97197fd46231737c871a17ddb6a947f5761c,desarrollo
561,ec708d75d18e80009586ef015ade97197fd46231737c871a17ddb6a947f5761c,desarrollo
562,b32f04482ce3c26bdcac23632575534988497270c289a0be5dc11b6d981fcf0d,desarrollo
563,b32f04482ce3c26bdcac23632575534988497270c289a0be5dc11b6d981fcf0d,desarrollo
564,b32f04482ce3c26bdcac23632575534988497270c289a0be5dc11b6d981fcf0d,desarrollo
565,b32f04482ce3c26bdcac23632575534988497270c289a0be5dc11b6d981fcf0d,desarrollo
566,b32f04482ce3c26bdcac23632575534988497270c289a0be5dc11b6d981fcf0d,desarrollo
567,8def0797fd5ca0dd0ce9505e2994c4db21b0f0836dfeafd7e6994bea96091d31,holdout
568,b32f04482ce3c26bdcac23632575534988497270c289a0be5dc11b6d981fcf0d,desarrollo
569,b32f04482ce3c26bdcac23632575534988497270c289a0be5dc11b6d981fcf0d,desarrollo
570,b32f04482ce3c26bdcac23632575534988497270c289a0be5dc11b6d981fcf0d,desarrollo
571,4761d40f5e8ba252f83a25fa34efd46e5320eae9729f9583e69dfb8f08c7b111,desarrollo
572,4761d40f5e8ba252f83a25fa34efd46e5320eae9729f9583e69dfb8f08c7b111,desarrollo
573,7c7c5e65f649a0e58c6755a08d4f74c53d8121a4f33854ce01878e505fdeaa7f,desarrollo
574,7c7c5e65f649a0e58c6755a08d4f74c53d8121a4f33854ce01878e505fdeaa7f,desarrollo
575,4761d40f5e8ba252f83a25fa34efd46e5320eae9729f9583e69dfb8f08c7b111,desarrollo
576,4761d40f5e8ba252f83a25fa34efd46e5320eae9729f9583e69dfb8f08c7b111,desarrollo
577,4761d40f5e8ba252f83a25fa34efd46e5320eae9729f9583e69dfb8f08c7b111,desarrollo
578,8824b09fa111b117497e20ee9d5ee76f0f3ea406fa154ec431baf268e23cb031,desarrollo
579,4761d40f5e8ba252f83a25fa34efd46e5320eae9729f9583e69dfb8f08c7b111,desarrollo
580,9ddd2d12afb2cdf64e86c66fb288d5994873abba317a54ada8448b1b22cbca3f,desarrollo
581,48e6cbbc9ea352d22b2bc1b6bc7203bee987162583cfce134f743addf7f2bbb1,desarrollo
582,9ddd2d12afb2cdf64e86c66fb288d5994873abba317a54ada8448b1b22cbca3f,desarrollo
583,9ddd2d12afb2cdf64e86c66fb288d5994873abba317a54ada8448b1b22cbca3f,desarrollo
584,9ddd2d12afb2cdf64e86c66fb288d5994873abba317a54ada8448b1b22cbca3f,desarrollo
585,9ddd2d12afb2cdf64e86c66fb288d5994873abba317a54ada8448b1b22cbca3f,desarrollo
586,9ddd2d12afb2cdf64e86c66fb288d5994873abba317a54ada8448b1b22cbca3f,desarrollo
587,9ddd2d12afb2cdf64e86c66fb288d5994873abba317a54ada8448b1b22cbca3f,desarrollo
588,57653f1fcd4659bd5b909af35d64bc7c5e091dad9b4cf36fe1a713840570aeca,desarrollo
589,57653f1fcd4659bd5b909af35d64bc7c5e091dad9b4cf36fe1a713840570aeca,desarrollo
590,57653f1fcd4659bd5b909af35d64bc7c5e091dad9b4cf36fe1a713840570aeca,desarrollo
591,a7a96f5be45131583dce5dbcd4d5c4dc00f9b42b9830450f3c13914ac609bb0e,desarrollo
592,57653f1fcd4659bd5b909af35d64bc7c5e091dad9b4cf36fe1a713840570aeca,desarrollo
593,57653f1fcd4659bd5b909af35d64bc7c5e091dad9b4cf36fe1a713840570aeca,desarrollo
594,57653f1fcd4659bd5b909af35d64bc7c5e091dad9b4cf36fe1a713840570aeca,desarrollo
595,8d2c13289feb5f9f3a7fe1a7b42cc1decd5d33ac12923bb9999162a8e18dc66f,desarrollo
596,57653f1fcd4659bd5b909af35d64bc7c5e091dad9b4cf36fe1a713840570aeca,desarrollo
597,aac445c1a3629561070e8dd80d6629936ad76e4d944829c7d2eab967b7f450ce,holdout
598,0af64b861552e3f9380275254246c0c862981495766dd7feb93f69d5c9e86394,desarrollo
599,aac445c1a3629561070e8dd80d6629936ad76e4d944829c7d2eab967b7f450ce,holdout
600,aac445c1a3629561070e8dd80d6629936ad76e4d944829c7d2eab967b7f450ce,holdout
601,aac445c1a3629561070e8dd80d6629936ad76e4d944829c7d2eab967b7f450ce,holdout
602,aac445c1a3629561070e8dd80d6629936ad76e4d944829c7d2eab967b7f450ce,holdout
603,aac445c1a3629561070e8dd80d6629936ad76e4d944829c7d2eab967b7f450ce,holdout
604,aac445c1a3629561070e8dd80d6629936ad76e4d944829c7d2eab967b7f450ce,holdout
605,aac445c1a3629561070e8dd80d6629936ad76e4d944829c7d2eab967b7f450ce,holdout
606,18facfa99ab1a2fac512c9f0452fc3496ac9a54b837c8839fa6e286798754f7e,desarrollo
607,18facfa99ab1a2fac512c9f0452fc3496ac9a54b837c8839fa6e286798754f7e,desarrollo
608,18facfa99ab1a2fac512c9f0452fc3496ac9a54b837c8839fa6e286798754f7e,desarrollo
609,90e59f5f72a6f472bde198b1e2567e8c52eb5ec3dbb8e873a90364ed1c057986,desarrollo
610,18facfa99ab1a2fac512c9f0452fc3496ac9a54b837c8839fa6e286798754f7e,desarrollo
611,18facfa99ab1a2fac512c9f0452fc3496ac9a54b837c8839fa6e286798754f7e,desarrollo
612,18facfa99ab1a2fac512c9f0452fc3496ac9a54b837c8839fa6e286798754f7e,desarrollo
613,18facfa99ab1a2fac512c9f0452fc3496ac9a54b837c8839fa6e286798754f7e,desarrollo
614,18facfa99ab1a2fac512c9f0452fc3496ac9a54b837c8839fa6e286798754f7e,desarrollo
615,9f1a4bc4e7b7a22493286aadef47f4cd5f9797d29a9c62a83dfce0b44e1c65c6,holdout
616,9f1a4bc4e7b7a22493286aadef47f4cd5f9797d29a9c62a83dfce0b44e1c65c6,holdout
617,9f1a4bc4e7b7a22493286aadef47f4cd5f9797d29a9c62a83dfce0b44e1c65c6,holdout
618,9f1a4bc4e7b7a22493286aadef47f4cd5f9797d29a9c62a83dfce0b44e1c65c6,holdout
619,9f1a4bc4e7b7a22493286aadef47f4cd5f9797d29a9c62a83dfce0b44e1c65c6,holdout
620,9f1a4bc4e7b7a22493286aadef47f4cd5f9797d29a9c62a83dfce0b44e1c65c6,holdout
621,9f1a4bc4e7b7a22493286aadef47f4cd5f9797d29a9c62a83dfce0b44e1c65c6,holdout
622,9f1a4bc4e7b7a22493286aadef47f4cd5f9797d29a9c62a83dfce0b44e1c65c6,holdout
623,9f1a4bc4e7b7a22493286aadef47f4cd5f9797d29a9c62a83dfce0b44e1c65c6,holdout
624,02193f4cd14289342603f30eec5220d16b46d9fdff5910fcc0c18bef14cee1cd,desarrollo
625,02193f4cd14289342603f30eec5220d16b46d9fdff5910fcc0c18bef14cee1cd,desarrollo
626,80d056067aa6ed10d53fc95c7f8f068a7412e4bdb06e5a4b4768730d44516be6,desarrollo
627,02193f4cd14289342603f30eec5220d16b46d9fdff5910fcc0c18bef14cee1cd,desarrollo
628,02193f4cd14289342603f30eec5220d16b46d9fdff5910fcc0c18bef14cee1cd,desarrollo
629,02193f4cd14289342603f30eec5220d16b46d9fdff5910fcc0c18bef14cee1cd,desarrollo
630,02193f4cd14289342603f30eec5220d16b46d9fdff5910fcc0c18bef14cee1cd,desarrollo
631,02193f4cd14289342603f30eec5220d16b46d9fdff5910fcc0c18bef14cee1cd,desarrollo
632,6df7f9c4acc185fae6a0f1714ec5e3d873b8d4049183b9d7e848078fca2666a1,desarrollo
633,74525a89e7bb125cf7ddb2b37aab0e159cea02a8d177c72fb307d877d439b4a3,desarrollo
634,6df7f9c4acc185fae6a0f1714ec5e3d873b8d4049183b9d7e848078fca2666a1,desarrollo
635,6df7f9c4acc185fae6a0f1714ec5e3d873b8d4049183b9d7e848078fca2666a1,desarrollo
636,6df7f9c4acc185fae6a0f1714ec5e3d873b8d4049183b9d7e848078fca2666a1,desarrollo
637,74525a89e7bb125cf7ddb2b37aab0e159cea02a8d177c72fb307d877d439b4a3,desarrollo
638,6df7f9c4acc185fae6a0f1714ec5e3d873b8d4049183b9d7e848078fca2666a1,desarrollo
639,e00f2341b1e86879c478b8dd69c5651380ee2e980a775e039f9e5a0e35468c32,desarrollo
640,6df7f9c4acc185fae6a0f1714ec5e3d873b8d4049183b9d7e848078fca2666a1,desarrollo
641,9c4d4021670f811ea85377bc8498a27e204d7ef4818cf14e871ff25d3328891c,desarrollo
642,9c4d4021670f811ea85377bc8498a27e204d7ef4818cf14e871ff25d3328891c,desarrollo
643,9c4d4021670f811ea85377bc8498a27e204d7ef4818cf14e871ff25d3328891c,desarrollo
644,9378777ff7b39701cfb5e2cab213e4b150e7b2a63758a4628288fe8e940d04a9,desarrollo
645,9c4d4021670f811ea85377bc8498a27e204d7ef4818cf14e871ff25d3328891c,desarrollo
646,9c4d4021670f811ea85377bc8498a27e204d7ef4818cf14e871ff25d3328891c,desarrollo
647,9c4d4021670f811ea85377bc8498a27e204d7ef4818cf14e871ff25d3328891c,desarrollo
648,9c4d4021670f811ea85377bc8498a27e204d7ef4818cf14e871ff25d3328891c,desarrollo
649,9c4d4021670f811ea85377bc8498a27e204d7ef4818cf14e871ff25d3328891c,desarrollo
650,95f83f1df00617f75cb45d8fb7c637bd68f821fd05f7c412c6ceed7df365970c,desarrollo
651,95f83f1df00617f75cb45d8fb7c637bd68f821fd05f7c412c6ceed7df365970c,desarrollo
652,95f83f1df00617f75cb45d8fb7c637bd68f821fd05f7c412c6ceed7df365970c,desarrollo
653,95f83f1df00617f75cb45d8fb7c637bd68f821fd05f7c412c6ceed7df365970c,desarrollo
654,95f83f1df00617f75cb45d8fb7c637bd68f821fd05f7c412c6ceed7df365970c,desarrollo
655,beb8debf2ec5ab9166155eb72490d62a29dc53fe611fc6939e224716d45b424a,desarrollo
656,95f83f1df00617f75cb45d8fb7c637bd68f821fd05f7c412c6ceed7df365970c,desarrollo
657,95f83f1df00617f75cb45d8fb7c637bd68f821fd05f7c412c6ceed7df365970c,desarrollo
658,95f83f1df00617f75cb45d8fb7c637bd68f821fd05f7c412c6ceed7df365970c,desarrollo
659,d0809525f14d4d4de58df6b708161b976f277f98b77d8c9fabb5fa097cf12cb9,holdout
660,d0809525f14d4d4de58df6b708161b976f277f98b77d8c9fabb5fa097cf12cb9,holdout
661,d0809525f14d4d4de58df6b708161b976f277f98b77d8c9fabb5fa097cf12cb9,holdout
662,d0809525f14d4d4de58df6b708161b976f277f98b77d8c9fabb5fa097cf12cb9,holdout
663,c1c9702a5841ffb1d58f7f303300a7b2082972771f43b05f3f3fcf051e447ee7,desarrollo
664,d0809525f14d4d4de58df6b708161b976f277f98b77d8c9fabb5fa097cf12cb9,holdout
665,c1c9702a5841ffb1d58f7f303300a7b2082972771f43b05f3f3fcf051e447ee7,desarrollo
666,d0809525f14d4d4de58df6b708161b976f277f98b77d8c9fabb5fa097cf12cb9,holdout
667,854bd395eeee8e6e4e7bf113ebb1a8e8ec97d54ea3d3257063f53ba559c0e0a4,desarrollo
668,854bd395eeee8e6e4e7bf113ebb1a8e8ec97d54ea3d3257063f53ba559c0e0a4,desarrollo
669,854bd395eeee8e6e4e7bf113ebb1a8e8ec97d54ea3d3257063f53ba559c0e0a4,desarrollo
670,854bd395eeee8e6e4e7bf113ebb1a8e8ec97d54ea3d3257063f53ba559c0e0a4,desarrollo
671,317e5f588aab489fd61e13128ed183e5536e4178ac110b13d09ef0bf6cde13e6,desarrollo
672,854bd395eeee8e6e4e7bf113ebb1a8e8ec97d54ea3d3257063f53ba559c0e0a4,desarrollo
673,854bd395eeee8e6e4e7bf113ebb1a8e8ec97d54ea3d3257063f53ba559c0e0a4,desarrollo
674,8cf3c3c4774d2a1058a7af01c49a402cf3234bb7851a5d53df3a602bfa6f1fb8,desarrollo
675,854bd395eeee8e6e4e7bf113ebb1a8e8ec97d54ea3d3257063f53ba559c0e0a4,desarrollo
676,e6e65851f438a95199dbcc6c2477efa20e42d196ee4d450d8daf7f0da5a567c0,desarrollo
677,e6e65851f438a95199dbcc6c2477efa20e42d196ee4d450d8daf7f0da5a567c0,desarrollo
678,3af93189a3d7ef9e85c3f1f46a69da56bb28b6a5a143f67e21a5f876df2b19d8,desarrollo
679,e6e65851f438a95199dbcc6c2477efa20e42d196ee4d450d8daf7f0da5a567c0,desarrollo
680,e6e65851f438a95199dbcc6c2477efa20e42d196ee4d450d8daf7f0da5a567c0,desarrollo
681,52290ad545277a54d7228a2d806dc0f77a525f035b2c0b038d60af3d657aed1b,desarrollo
682,e6e65851f438a95199dbcc6c2477efa20e42d196ee4d450d8daf7f0da5a567c0,desarrollo
683,e6e65851f438a95199dbcc6c2477efa20e42d196ee4d450d8daf7f0da5a567c0,desarrollo
684,e6e65851f438a95199dbcc6c2477efa20e42d196ee4d450d8daf7f0da5a567c0,desarrollo
685,3bbc24c9c585baaa43c82f9b10787d91919e92355c228dc90807e8388d6ccb38,desarrollo
686,240c49183cd50157b419adf53824f16e91d9ae3bc9b1b206f2a5575786f1f3d3,desarrollo
687,3bbc24c9c585baaa43c82f9b10787d91919e92355c228dc90807e8388d6ccb38,desarrollo
688,3bbc24c9c585baaa43c82f9b10787d91919e92355c228dc90807e8388d6ccb38,desarrollo
689,3bbc24c9c585baaa43c82f9b10787d91919e92355c228dc90807e8388d6ccb38,desarrollo
690,c3ed53991a1135089eee5fe69be8d93b3adcbbdb37be67b305fc034d613f7600,holdout
691,3bbc24c9c585baaa43c82f9b10787d91919e92355c228dc90807e8388d6ccb38,desarrollo
692,3bbc24c9c585baaa43c82f9b10787d91919e92355c228dc90807e8388d6ccb38,desarrollo
693,3bbc24c9c585baaa43c82f9b10787d91919e92355c228dc90807e8388d6ccb38,desarrollo
694,4a3b96467b987eafe619098afeafb2125060a82b9b3c523344017ddd893d5048,holdout
695,4a3b96467b987eafe619098afeafb2125060a82b9b3c523344017ddd893d5048,holdout
696,4a3b96467b987eafe619098afeafb2125060a82b9b3c523344017ddd893d5048,holdout
697,c52675d3a242390261832ccb338524e1d1e1968223e10531ad0000da8000da4c,holdout
698,4a3b96467b987eafe619098afeafb2125060a82b9b3c523344017ddd893d5048,holdout
699,4a3b96467b987eafe619098afeafb2125060a82b9b3c523344017ddd893d5048,holdout
700,4a3b96467b987eafe619098afeafb2125060a82b9b3c523344017ddd893d5048,holdout
701,4a3b96467b987eafe619098afeafb2125060a82b9b3c523344017ddd893d5048,holdout
702,4a3b96467b987eafe619098afeafb2125060a82b9b3c523344017ddd893d5048,holdout
703,d8681b08a708a2c4147663eb7267e5c8a7dc9679fd3c14e632428583626882c5,desarrollo
704,d8681b08a708a2c4147663eb7267e5c8a7dc9679fd3c14e632428583626882c5,desarrollo
705,d8681b08a708a2c4147663eb7267e5c8a7dc9679fd3c14e632428583626882c5,desarrollo
706,d8681b08a708a2c4147663eb7267e5c8a7dc9679fd3c14e632428583626882c5,desarrollo
707,d8681b08a708a2c4147663eb7267e5c8a7dc9679fd3c14e632428583626882c5,desarrollo
708,1239eeb967501dc679871f6c3e5306b2d3254ee76625f27aa3c24b6486836ce3,desarrollo
709,7c89753fe4b1d53ec724b269b0ab8e5e99517a1a6981299228c4736b337f40a6,desarrollo
710,3a70e53b6868fea06eb22c9da9d3e59bed51a79e2667fec74f8c4fd4c0a101ca,desarrollo
711,3a70e53b6868fea06eb22c9da9d3e59bed51a79e2667fec74f8c4fd4c0a101ca,desarrollo
712,3a70e53b6868fea06eb22c9da9d3e59bed51a79e2667fec74f8c4fd4c0a101ca,desarrollo
713,520e2f54eebaa9c8266eefbe89682408042756ee11070bef7e35e0cf9789e0ae,desarrollo
714,3a70e53b6868fea06eb22c9da9d3e59bed51a79e2667fec74f8c4fd4c0a101ca,desarrollo
715,3a70e53b6868fea06eb22c9da9d3e59bed51a79e2667fec74f8c4fd4c0a101ca,desarrollo
716,520e2f54eebaa9c8266eefbe89682408042756ee11070bef7e35e0cf9789e0ae,desarrollo
717,3a70e53b6868fea06eb22c9da9d3e59bed51a79e2667fec74f8c4fd4c0a101ca,desarrollo
718,3a70e53b6868fea06eb22c9da9d3e59bed51a79e2667fec74f8c4fd4c0a101ca,desarrollo
719,59b8be55842b50345b3147ad1ab11d053f777bd682e263df52ba8c6a55566852,desarrollo
720,7d39ab4cff251c6455edefbd99e2b2b7e05eb248dab6ce164c81a65f485a97f3,desarrollo
721,59b8be55842b50345b3147ad1ab11d053f777bd682e263df52ba8c6a55566852,desarrollo
722,59b8be55842b50345b3147ad1ab11d053f777bd682e263df52ba8c6a55566852,desarrollo
723,59b8be55842b50345b3147ad1ab11d053f777bd682e263df52ba8c6a55566852,desarrollo
724,59b8be55842b50345b3147ad1ab11d053f777bd682e263df52ba8c6a55566852,desarrollo
725,59b8be55842b50345b3147ad1ab11d053f777bd682e263df52ba8c6a55566852,desarrollo
726,c45d96caccfae8f010145df9d906e97b43ce4d8a4e5fb53f08cd11bf4ac7c60a,desarrollo
727,a0b8a20ef765b0cbb1ffe021bc274ec0c6a40ceed463f1289f155aa3538b4d9b,desarrollo
728,a0b8a20ef765b0cbb1ffe021bc274ec0c6a40ceed463f1289f155aa3538b4d9b,desarrollo
729,a320994311d852f82bac068e42c63da21038e7cb559d68a6494cc7a5613477f2,holdout
730,a0b8a20ef765b0cbb1ffe021bc274ec0c6a40ceed463f1289f155aa3538b4d9b,desarrollo
731,a0b8a20ef765b0cbb1ffe021bc274ec0c6a40ceed463f1289f155aa3538b4d9b,desarrollo
732,a0b8a20ef765b0cbb1ffe021bc274ec0c6a40ceed463f1289f155aa3538b4d9b,desarrollo
733,a0b8a20ef765b0cbb1ffe021bc274ec0c6a40ceed463f1289f155aa3538b4d9b,desarrollo
734,a0b8a20ef765b0cbb1ffe021bc274ec0c6a40ceed463f1289f155aa3538b4d9b,desarrollo
735,c4dda0869dfc929a179af983cdbff51cd0714ca6a296003150ea12d59f1a3e30,desarrollo
736,fe1c290f99e1973831176c249c4eb5e9e644510db266b149a75ed1f9aa90fa33,desarrollo
737,fe1c290f99e1973831176c249c4eb5e9e644510db266b149a75ed1f9aa90fa33,desarrollo
738,fe1c290f99e1973831176c249c4eb5e9e644510db266b149a75ed1f9aa90fa33,desarrollo
739,58b1a6e6944e0f5eb55fa59f4e8d2b09efb2572577c22d641109481822e14072,desarrollo
740,58b1a6e6944e0f5eb55fa59f4e8d2b09efb2572577c22d641109481822e14072,desarrollo
741,fe1c290f99e1973831176c249c4eb5e9e644510db266b149a75ed1f9aa90fa33,desarrollo
742,fe1c290f99e1973831176c249c4eb5e9e644510db266b149a75ed1f9aa90fa33,desarrollo
743,fe1c290f99e1973831176c249c4eb5e9e644510db266b149a75ed1f9aa90fa33,desarrollo
744,58b1a6e6944e0f5eb55fa59f4e8d2b09efb2572577c22d641109481822e14072,desarrollo
745,be1346586e79a9712b311fb008e14a944f2ce13828df4fb13a473cda14ebf266,desarrollo
746,be1346586e79a9712b311fb008e14a944f2ce13828df4fb13a473cda14ebf266,desarrollo
747,be1346586e79a9712b311fb008e14a944f2ce13828df4fb13a473cda14ebf266,desarrollo
748,be1346586e79a9712b311fb008e14a944f2ce13828df4fb13a473cda14ebf266,desarrollo
749,be1346586e79a9712b311fb008e14a944f2ce13828df4fb13a473cda14ebf266,desarrollo
750,be1346586e79a9712b311fb008e14a944f2ce13828df4fb13a473cda14ebf266,desarrollo
751,be1346586e79a9712b311fb008e14a944f2ce13828df4fb13a473cda14ebf266,desarrollo
752,be1346586e79a9712b311fb008e14a944f2ce13828df4fb13a473cda14ebf266,desarrollo
753,ce3ab99143e9f6635b374768ce37b1eae2f874e6e80293ee06c7b9cbdce3d9f3,desarrollo
754,eb31cb4e054b02ca120a644d982c342151c114c71aeddbf2302531123c7fed14,desarrollo
755,eb31cb4e054b02ca120a644d982c342151c114c71aeddbf2302531123c7fed14,desarrollo
756,eb31cb4e054b02ca120a644d982c342151c114c71aeddbf2302531123c7fed14,desarrollo
757,eb31cb4e054b02ca120a644d982c342151c114c71aeddbf2302531123c7fed14,desarrollo
758,eb31cb4e054b02ca120a644d982c342151c114c71aeddbf2302531123c7fed14,desarrollo
759,eb31cb4e054b02ca120a644d982c342151c114c71aeddbf2302531123c7fed14,desarrollo
760,1a0c27640c14883c08f6437c94f8191fc822052d52d581f064d56ca00f8dbc32,desarrollo
761,eb31cb4e054b02ca120a644d982c342151c114c71aeddbf2302531123c7fed14,desarrollo
762,1f468bd57eaa4b6878f9962e4cbe988652188fd9551900bb6eb947e6091b7833,desarrollo
763,0331b3033ee081c44fab941bb3722612734f0d77aedb91d3a8ca4d879f06431e,desarrollo
764,0331b3033ee081c44fab941bb3722612734f0d77aedb91d3a8ca4d879f06431e,desarrollo
765,0331b3033ee081c44fab941bb3722612734f0d77aedb91d3a8ca4d879f06431e,desarrollo
766,0331b3033ee081c44fab941bb3722612734f0d77aedb91d3a8ca4d879f06431e,desarrollo
767,8b4644acfb3587b77f9b2484e79c15a9f4abaddec60bf4cb423067d2ad4d2b43,desarrollo
768,0331b3033ee081c44fab941bb3722612734f0d77aedb91d3a8ca4d879f06431e,desarrollo
769,8b4644acfb3587b77f9b2484e79c15a9f4abaddec60bf4cb423067d2ad4d2b43,desarrollo
770,0331b3033ee081c44fab941bb3722612734f0d77aedb91d3a8ca4d879f06431e,desarrollo
771,0331b3033ee081c44fab941bb3722612734f0d77aedb91d3a8ca4d879f06431e,desarrollo
772,a0f8679e19405267218969b3fc0093d6d42df144b5ae82560d588992efec19da,holdout
773,2c7a36657f694c724d80f23e959348345f1eda65c0d3c2ce786474ab2d7ced18,desarrollo
774,a0f8679e19405267218969b3fc0093d6d42df144b5ae82560d588992efec19da,holdout
775,2c7a36657f694c724d80f23e959348345f1eda65c0d3c2ce786474ab2d7ced18,desarrollo
776,a0f8679e19405267218969b3fc0093d6d42df144b5ae82560d588992efec19da,holdout
777,a0f8679e19405267218969b3fc0093d6d42df144b5ae82560d588992efec19da,holdout
778,a7c89a246e8cbe021be0f323ae8d13e5afbfde62d3896b8f08729cd4cb67e18e,holdout
779,a0f8679e19405267218969b3fc0093d6d42df144b5ae82560d588992efec19da,holdout
780,a0f8679e19405267218969b3fc0093d6d42df144b5ae82560d588992efec19da,holdout
781,fa4bdc536537a4abc3ca2563f56fe9ed6b581ee75a82d7ae929b8ae1b0fc8ca8,desarrollo
782,fa4bdc536537a4abc3ca2563f56fe9ed6b581ee75a82d7ae929b8ae1b0fc8ca8,desarrollo
783,22ad848b421d9aafac4c34ecd46578738d64ba8f974dbcb27d48f17bdfd6d474,desarrollo
784,fa4bdc536537a4abc3ca2563f56fe9ed6b581ee75a82d7ae929b8ae1b0fc8ca8,desarrollo
785,fa4bdc536537a4abc3ca2563f56fe9ed6b581ee75a82d7ae929b8ae1b0fc8ca8,desarrollo
786,22ad848b421d9aafac4c34ecd46578738d64ba8f974dbcb27d48f17bdfd6d474,desarrollo
787,fa4bdc536537a4abc3ca2563f56fe9ed6b581ee75a82d7ae929b8ae1b0fc8ca8,desarrollo
788,22ad848b421d9aafac4c34ecd46578738d64ba8f974dbcb27d48f17bdfd6d474,desarrollo
789,fa4bdc536537a4abc3ca2563f56fe9ed6b581ee75a82d7ae929b8ae1b0fc8ca8,desarrollo
790,9e83f0805a50fc8861623b1f5fbf4a0f78508193bad8ec10988f9f23d493f7fe,desarrollo
791,9e83f0805a50fc8861623b1f5fbf4a0f78508193bad8ec10988f9f23d493f7fe,desarrollo
792,9e83f0805a50fc8861623b1f5fbf4a0f78508193bad8ec10988f9f23d493f7fe,desarrollo
793,9e83f0805a50fc8861623b1f5fbf4a0f78508193bad8ec10988f9f23d493f7fe,desarrollo
794,bca36e76cbb5ef4248f46081f02f8c7b23f34b7775d9a8edb806523d07adde1c,desarrollo
795,9e83f0805a50fc8861623b1f5fbf4a0f78508193bad8ec10988f9f23d493f7fe,desarrollo
796,821736366af688e2330709f74c91bafaf1fcb6a9a3e7af8cdde34c17f16d6b83,desarrollo
797,9e83f0805a50fc8861623b1f5fbf4a0f78508193bad8ec10988f9f23d493f7fe,desarrollo
798,f5ef283d40eac0fe1d4b54e5c43c551b94bb867b8c47ffa5c84afc4cef090c1e,desarrollo
799,f5ef283d40eac0fe1d4b54e5c43c551b94bb867b8c47ffa5c84afc4cef090c1e,desarrollo
800,f5ef283d40eac0fe1d4b54e5c43c551b94bb867b8c47ffa5c84afc4cef090c1e,desarrollo
801,f5ef283d40eac0fe1d4b54e5c43c551b94bb867b8c47ffa5c84afc4cef090c1e,desarrollo
802,f5ef283d40eac0fe1d4b54e5c43c551b94bb867b8c47ffa5c84afc4cef090c1e,desarrollo
803,f5ef283d40eac0fe1d4b54e5c43c551b94bb867b8c47ffa5c84afc4cef090c1e,desarrollo
804,53a7a309685a0d9b40818f55d979499ad876e62c79ad9846415498c41da66804,holdout
805,f5ef283d40eac0fe1d4b54e5c43c551b94bb867b8c47ffa5c84afc4cef090c1e,desarrollo
806,7329492dff06d079277d89f3af18f70f70dd22d5a15682f00f6cf1fda0f71a80,desarrollo
807,529840943794dd612d950d695cefc78a9d3f3b4bd0bee0c1582fe7249a247df7,desarrollo
808,861f5093bd024ec20316d74102f2407ae43497739d6f399f07eb0d49249240d6,desarrollo
809,7329492dff06d079277d89f3af18f70f70dd22d5a15682f00f6cf1fda0f71a80,desarrollo
810,7329492dff06d079277d89f3af18f70f70dd22d5a15682f00f6cf1fda0f71a80,desarrollo
811,7329492dff06d079277d89f3af18f70f70dd22d5a15682f00f6cf1fda0f71a80,desarrollo
812,7329492dff06d079277d89f3af18f70f70dd22d5a15682f00f6cf1fda0f71a80,desarrollo
813,7329492dff06d079277d89f3af18f70f70dd22d5a15682f00f6cf1fda0f71a80,desarrollo
814,7329492dff06d079277d89f3af18f70f70dd22d5a15682f00f6cf1fda0f71a80,desarrollo
815,0858af500e382b5c29c210ae695fdddcb7c5ce93607647d17415392f551ef6cb,holdout
816,8d6a67db29f581218f9101ea86bcc281705cbfd1c13a183bb258680345b55bb0,holdout
817,0858af500e382b5c29c210ae695fdddcb7c5ce93607647d17415392f551ef6cb,holdout
818,0858af500e382b5c29c210ae695fdddcb7c5ce93607647d17415392f551ef6cb,holdout
819,8d6a67db29f581218f9101ea86bcc281705cbfd1c13a183bb258680345b55bb0,holdout
820,8d6a67db29f581218f9101ea86bcc281705cbfd1c13a183bb258680345b55bb0,holdout
821,0858af500e382b5c29c210ae695fdddcb7c5ce93607647d17415392f551ef6cb,holdout
822,0858af500e382b5c29c210ae695fdddcb7c5ce93607647d17415392f551ef6cb,holdout
823,4c91a2b0081ed706273157e01666bae8f98ee644aedf5253f58803d81996f3b2,desarrollo
824,4c91a2b0081ed706273157e01666bae8f98ee644aedf5253f58803d81996f3b2,desarrollo
825,4c91a2b0081ed706273157e01666bae8f98ee644aedf5253f58803d81996f3b2,desarrollo
826,4c91a2b0081ed706273157e01666bae8f98ee644aedf5253f58803d81996f3b2,desarrollo
827,4c91a2b0081ed706273157e01666bae8f98ee644aedf5253f58803d81996f3b2,desarrollo
828,4c91a2b0081ed706273157e01666bae8f98ee644aedf5253f58803d81996f3b2,desarrollo
829,4c91a2b0081ed706273157e01666bae8f98ee644aedf5253f58803d81996f3b2,desarrollo
830,4c91a2b0081ed706273157e01666bae8f98ee644aedf5253f58803d81996f3b2,desarrollo
831,76572543a5375eb13a223c483cd55cdf05a4176b0d1244fae6cfd72bbb54758e,holdout
832,76572543a5375eb13a223c483cd55cdf05a4176b0d1244fae6cfd72bbb54758e,holdout
833,dc576073f2cb10cd63fa0cca755cb283e020a2b133af8607af1a156693b95d0f,holdout
834,76572543a5375eb13a223c483cd55cdf05a4176b0d1244fae6cfd72bbb54758e,holdout
835,76572543a5375eb13a223c483cd55cdf05a4176b0d1244fae6cfd72bbb54758e,holdout
836,b08bab1ca22d9314fb6da2975c8a05c8c844d3bdc937e27b4da98b5791385d94,holdout
837,76572543a5375eb13a223c483cd55cdf05a4176b0d1244fae6cfd72bbb54758e,holdout
838,76572543a5375eb13a223c483cd55cdf05a4176b0d1244fae6cfd72bbb54758e,holdout
839,76572543a5375eb13a223c483cd55cdf05a4176b0d1244fae6cfd72bbb54758e,holdout
840,5883525255aff6dc0d4dba7e202ed09a90a8c4ca1a3b75d7cb72f1e85dc906d5,desarrollo
841,5883525255aff6dc0d4dba7e202ed09a90a8c4ca1a3b75d7cb72f1e85dc906d5,desarrollo
842,5883525255aff6dc0d4dba7e202ed09a90a8c4ca1a3b75d7cb72f1e85dc906d5,desarrollo
843,5883525255aff6dc0d4dba7e202ed09a90a8c4ca1a3b75d7cb72f1e85dc906d5,desarrollo
844,8c72ac33a0a83b300c77e31423f8735386d82890ccef58be1e3dced050ec8ae7,desarrollo
845,5883525255aff6dc0d4dba7e202ed09a90a8c4ca1a3b75d7cb72f1e85dc906d5,desarrollo
846,5883525255aff6dc0d4dba7e202ed09a90a8c4ca1a3b75d7cb72f1e85dc906d5,desarrollo
847,5883525255aff6dc0d4dba7e202ed09a90a8c4ca1a3b75d7cb72f1e85dc906d5,desarrollo
848,39d1c1858ca0dff03ad9d558fde3a7731451234ad4f8ee59a478eae9cdeed579,desarrollo
849,a35140604f38e0b1e2d336de228960685b669751ac300588596b65effd299b21,desarrollo
850,39d1c1858ca0dff03ad9d558fde3a7731451234ad4f8ee59a478eae9cdeed579,desarrollo
851,39d1c1858ca0dff03ad9d558fde3a7731451234ad4f8ee59a478eae9cdeed579,desarrollo
852,39d1c1858ca0dff03ad9d558fde3a7731451234ad4f8ee59a478eae9cdeed579,desarrollo
853,39d1c1858ca0dff03ad9d558fde3a7731451234ad4f8ee59a478eae9cdeed579,desarrollo
854,c7222121d1ba921b5841daf3817484417b59ef54b58b87c1c717ce0b7cd2e6fb,desarrollo
855,39d1c1858ca0dff03ad9d558fde3a7731451234ad4f8ee59a478eae9cdeed579,desarrollo
856,c7222121d1ba921b5841daf3817484417b59ef54b58b87c1c717ce0b7cd2e6fb,desarrollo
857,0bf0449d76c8e4fc7acbb0d763ed15ef327bfe8a0bb182de4da1f10ac10446d0,holdout
858,0bf0449d76c8e4fc7acbb0d763ed15ef327bfe8a0bb182de4da1f10ac10446d0,holdout
859,0bf0449d76c8e4fc7acbb0d763ed15ef327bfe8a0bb182de4da1f10ac10446d0,holdout
860,0bf0449d76c8e4fc7acbb0d763ed15ef327bfe8a0bb182de4da1f10ac10446d0,holdout
861,0bf0449d76c8e4fc7acbb0d763ed15ef327bfe8a0bb182de4da1f10ac10446d0,holdout
862,0bf0449d76c8e4fc7acbb0d763ed15ef327bfe8a0bb182de4da1f10ac10446d0,holdout
863,def70cd6e251a0d1dc5bacd773724077663ef5280dd2849e20eb52de99aa9e4d,desarrollo
864,0bf0449d76c8e4fc7acbb0d763ed15ef327bfe8a0bb182de4da1f10ac10446d0,holdout
865,a917b55824dcb93024c5a952b2f7e84dfa9a78100ba0fff95d54643694c2a003,desarrollo
866,1bbe74d7217468298253cfbce230c7be9ce36ddfcad2035bbbd6777e5cd02f91,desarrollo
867,a917b55824dcb93024c5a952b2f7e84dfa9a78100ba0fff95d54643694c2a003,desarrollo
868,a917b55824dcb93024c5a952b2f7e84dfa9a78100ba0fff95d54643694c2a003,desarrollo
869,a917b55824dcb93024c5a952b2f7e84dfa9a78100ba0fff95d54643694c2a003,desarrollo
870,a917b55824dcb93024c5a952b2f7e84dfa9a78100ba0fff95d54643694c2a003,desarrollo
871,a917b55824dcb93024c5a952b2f7e84dfa9a78100ba0fff95d54643694c2a003,desarrollo
872,da2b668eb669d98ae222982e0fd331ba55ce1a78ec1a43be69b8d52fc80557a6,holdout
873,a917b55824dcb93024c5a952b2f7e84dfa9a78100ba0fff95d54643694c2a003,desarrollo
874,9dbe1f8c3d7a04f5aeda5e78d9feeb95e562e021b2047dc8e9034de3f11c00fd,desarrollo
875,9dbe1f8c3d7a04f5aeda5e78d9feeb95e562e021b2047dc8e9034de3f11c00fd,desarrollo
876,9dbe1f8c3d7a04f5aeda5e78d9feeb95e562e021b2047dc8e9034de3f11c00fd,desarrollo
877,9dbe1f8c3d7a04f5aeda5e78d9feeb95e562e021b2047dc8e9034de3f11c00fd,desarrollo
878,9dbe1f8c3d7a04f5aeda5e78d9feeb95e562e021b2047dc8e9034de3f11c00fd,desarrollo
879,9dbe1f8c3d7a04f5aeda5e78d9feeb95e562e021b2047dc8e9034de3f11c00fd,desarrollo
880,00e77276a7cc1852dd0d26f7108ee9a7ee63823b1333d94634935370bf105b13,desarrollo
881,9dbe1f8c3d7a04f5aeda5e78d9feeb95e562e021b2047dc8e9034de3f11c00fd,desarrollo
882,9dbe1f8c3d7a04f5aeda5e78d9feeb95e562e021b2047dc8e9034de3f11c00fd,desarrollo
883,00fa48a855cda085eb01f0dfb6d08df38aaae67ac266e54e93f9de4c00b0c0ef,desarrollo
884,e73ca71813fa2787ab9d54dd1d1d1d3d7b4e4bbe1e69e2cf330e85095ab6389e,holdout
885,61917c568a91ccfd4b34ca98322303c8a321aed242a52912f45dff0e4989c0a8,desarrollo
886,00fa48a855cda085eb01f0dfb6d08df38aaae67ac266e54e93f9de4c00b0c0ef,desarrollo
887,00fa48a855cda085eb01f0dfb6d08df38aaae67ac266e54e93f9de4c00b0c0ef,desarrollo
888,00fa48a855cda085eb01f0dfb6d08df38aaae67ac266e54e93f9de4c00b0c0ef,desarrollo
889,00fa48a855cda085eb01f0dfb6d08df38aaae67ac266e54e93f9de4c00b0c0ef,desarrollo
890,00fa48a855cda085eb01f0dfb6d08df38aaae67ac266e54e93f9de4c00b0c0ef,desarrollo
891,b0ce3b5795461aebd43d69583875bc0ace359f1788078305d81db707fd3afb3b,holdout
892,b0ce3b5795461aebd43d69583875bc0ace359f1788078305d81db707fd3afb3b,holdout
893,b0ce3b5795461aebd43d69583875bc0ace359f1788078305d81db707fd3afb3b,holdout
894,b0ce3b5795461aebd43d69583875bc0ace359f1788078305d81db707fd3afb3b,holdout
895,ecd3a29b746fe93cdd27457ceb2db92a0b1712a757dec481b90a8d7baceedaec,desarrollo
896,b0ce3b5795461aebd43d69583875bc0ace359f1788078305d81db707fd3afb3b,holdout
897,b0ce3b5795461aebd43d69583875bc0ace359f1788078305d81db707fd3afb3b,holdout
898,b0ce3b5795461aebd43d69583875bc0ace359f1788078305d81db707fd3afb3b,holdout
899,b0ce3b5795461aebd43d69583875bc0ace359f1788078305d81db707fd3afb3b,holdout
900,ea440c38097a6d44993a3e016dc5fea4c20651da6df460f50f8a9c27d0ebd0f1,desarrollo
901,ea440c38097a6d44993a3e016dc5fea4c20651da6df460f50f8a9c27d0ebd0f1,desarrollo
902,ea440c38097a6d44993a3e016dc5fea4c20651da6df460f50f8a9c27d0ebd0f1,desarrollo
903,b5632bf028d4adf770b76e32b12c7b7aeb4e19bdcdaee8f2d4241dc73be29f58,desarrollo
904,ea440c38097a6d44993a3e016dc5fea4c20651da6df460f50f8a9c27d0ebd0f1,desarrollo
905,ea440c38097a6d44993a3e016dc5fea4c20651da6df460f50f8a9c27d0ebd0f1,desarrollo
906,47ede3de52bff4efa248361c47246a8fcf05e5db740b8bb8a0e5b62633d715f8,holdout
907,ea440c38097a6d44993a3e016dc5fea4c20651da6df460f50f8a9c27d0ebd0f1,desarrollo
908,7ddd33fd96a6a8d3048e509df0d7e874f77d278c017420e5677b8ba633e4e198,desarrollo
909,7ddd33fd96a6a8d3048e509df0d7e874f77d278c017420e5677b8ba633e4e198,desarrollo
910,7ddd33fd96a6a8d3048e509df0d7e874f77d278c017420e5677b8ba633e4e198,desarrollo
911,7ddd33fd96a6a8d3048e509df0d7e874f77d278c017420e5677b8ba633e4e198,desarrollo
912,215aa1dcebfe440dcff3a227d6821e40d6e6d3acbbff62a3b1dca76e71130186,desarrollo
913,7ddd33fd96a6a8d3048e509df0d7e874f77d278c017420e5677b8ba633e4e198,desarrollo
914,7ddd33fd96a6a8d3048e509df0d7e874f77d278c017420e5677b8ba633e4e198,desarrollo
915,7ddd33fd96a6a8d3048e509df0d7e874f77d278c017420e5677b8ba633e4e198,desarrollo
916,e6ea0705fed0e97d83baca446916f9cdbe6e1d0ced13febe094072a34db8d236,desarrollo
917,e6ea0705fed0e97d83baca446916f9cdbe6e1d0ced13febe094072a34db8d236,desarrollo
918,e6ea0705fed0e97d83baca446916f9cdbe6e1d0ced13febe094072a34db8d236,desarrollo
919,e6ea0705fed0e97d83baca446916f9cdbe6e1d0ced13febe094072a34db8d236,desarrollo
920,e6ea0705fed0e97d83baca446916f9cdbe6e1d0ced13febe094072a34db8d236,desarrollo
921,e6ea0705fed0e97d83baca446916f9cdbe6e1d0ced13febe094072a34db8d236,desarrollo
922,e6ea0705fed0e97d83baca446916f9cdbe6e1d0ced13febe094072a34db8d236,desarrollo
923,e6ea0705fed0e97d83baca446916f9cdbe6e1d0ced13febe094072a34db8d236,desarrollo
924,0354774acaddae8b7da59c27f049d3a4843a488c2a575a92b43bcc7cfc8e2928,desarrollo
925,0354774acaddae8b7da59c27f049d3a4843a488c2a575a92b43bcc7cfc8e2928,desarrollo
926,0354774acaddae8b7da59c27f049d3a4843a488c2a575a92b43bcc7cfc8e2928,desarrollo
927,0354774acaddae8b7da59c27f049d3a4843a488c2a575a92b43bcc7cfc8e2928,desarrollo
928,0354774acaddae8b7da59c27f049d3a4843a488c2a575a92b43bcc7cfc8e2928,desarrollo
929,0354774acaddae8b7da59c27f049d3a4843a488c2a575a92b43bcc7cfc8e2928,desarrollo
930,0354774acaddae8b7da59c27f049d3a4843a488c2a575a92b43bcc7cfc8e2928,desarrollo
931,79e049032c676e3e49cc7fe22e3a3601260aef61947a8f62c806413c52a96d85,desarrollo
932,0354774acaddae8b7da59c27f049d3a4843a488c2a575a92b43bcc7cfc8e2928,desarrollo
933,0be25c585554dcb016d9fa22b8dfd94d3d2cdfe9157c9987a94d81f02e286740,desarrollo
934,63da747cc8f8d289890ff7bbe5b2f2572ba716077a501dc565c98871c0f5041b,desarrollo
935,c71d9de3f636436b6cbd50817df478bf41b5234c1e63e361ed9f8e38aab3e8f7,desarrollo
936,f47dca8e98fb94d3bfb2b5a679a6e324647d1f8adc95149c8982c223eb7e9a2c,desarrollo
937,66e64b70785e2dc73c7c62d1484dbf6f6765fe80ef377f350145751e5b4841f2,desarrollo
938,6f1657289c0c9258016c78aafabe6ce489e86a2cf3781ef9d6b032e1d2a5f15d,desarrollo
939,f31a3423a48eb507dcb0b132562b49799b71384c63c7d51e488515c5e0dd816e,desarrollo
940,de463a25e027bdeafc380bb5dd3a1cc50145bd73f57b4e58960ec96c07b5b1c3,desarrollo
941,2f0c27a3da207c6ab3d600bcee0523f8d461edcd263a1704922c10423d0d100a,desarrollo
942,72d6cc84415262c1dbf7c50cc122820365bc8d60812386243c493ae693f29e50,desarrollo
943,f31a3423a48eb507dcb0b132562b49799b71384c63c7d51e488515c5e0dd816e,desarrollo
944,3fd4327fce7181174e2dab306c691869d3e0a04c8ebd75ba610c805aeddb6a04,desarrollo
945,113f5013c7ba7acadfd24d13276ceca96dd970c53ec40b0b86a5a6b249f99bd5,holdout
946,3e49d3fa45810f92594ae4e3c4fdb16a10473e4d43f6aee3fbc219eb374ca962,desarrollo
947,4da312f5a5b6ba4ba35b35f63fb7c442bf87cf856184168ba327f3f359d227b8,desarrollo
948,087945cf1e08e7dcb5ca36d11a2690a569b74442d0a5cac16d29c97cff0db4c1,desarrollo
949,69361aca43c43c31e487be7dae944adf7e781800bba5408be8746d75617aec9e,desarrollo
950,5b2e8e99e648d9ae63b7d40d9d9e45f5244cd21f0152cc603accfa98b7a8157b,desarrollo
951,ff14493d1d6047c3a3f823d559dd3af6016083ea1c4bc8b5a95386e04b35f4ef,desarrollo
952,8bd460cb1c75d4f7aa8103b197d3739eb074b1f27fb846a38f0527a21460ec08,desarrollo
953,0ceca66e14e4181ec8a2b81be164f73c40fbce8d70f2f06727462e469db90f77,desarrollo
954,9225200260210b504e5f5bcb018fdeef4fa09a69d94a76049e662aebc980fb3a,desarrollo
955,66149147c96d38516a27ba28bb16e65c1387f1d952dc0cc3456a0f3ce2be3db5,desarrollo
956,043c84cbd1440da89a2231659b351243f44a903021dd2f5e0f7e7fa614eedefa,desarrollo
957,0ceca66e14e4181ec8a2b81be164f73c40fbce8d70f2f06727462e469db90f77,desarrollo
958,0374a565d7197ea7e7e3afdfbcc2cedb334f97fc32414632af683bd762acbe84,desarrollo
959,654177f8cb2b36fd9eedb09d9569dacaf45a76b52b0caed372d84e763b6fa5ed,desarrollo
960,832c4b264ef941b3ec7864f43463a8748351b8c39cd36af50e0c6840e608e36e,holdout
961,19b9e1588e20db505657a55334455f681b4615e08b64afee4b267022472b468a,desarrollo
962,64e2d822c38e392478feeb2de1e7da67430c4765716db3d04b8b8ef0c2c9dc3e,holdout
963,cf1db89ebbd840586290a66668ff2379e2b15e9b643036e7597e125e130b9bcd,desarrollo
964,832c4b264ef941b3ec7864f43463a8748351b8c39cd36af50e0c6840e608e36e,holdout
965,220b650008909aeaae62e7db61810318556f90d58cfd6d8563ec50d80067c25c,desarrollo
966,c960d2299770d29d90055e17da546a2ffc279fa41f8bb8bf5efc7f76b2b606c6,desarrollo
967,c3158232f58b422012a8ec1d425e3e679e62b6997ff0a3bd8c59401242dbed39,holdout
968,bb5f7afbdb837b62e1f24531a0b3a895117c500436b629b14444b4516d499a17,desarrollo
969,50be1af2611093c620c21cc08ac3e51029b931444c177f09e45b5b94d8cd9955,desarrollo
970,f5c15a8fd82697c88ef5a3241c5f2f4d4bdacc78d102f8f0fc5e8f8201197c3f,desarrollo
971,724696c477e74696d787c148e7da9b2bf6ffcf137872e4098de8c7b51037e1de,desarrollo
972,c7da0788c155de011d1a4bba6189a0d54e7dd86d6002dcd71dfa885587edf0df,desarrollo
973,ab242d37cb2820cef8e310ba25a238eeda20ec55f38f3bd1024853a3a23171f1,desarrollo
974,9861d1bcf061568a300ebab6b390ca707deae98b93e0b404f4f87ccf8ec3f84a,holdout
975,2a99d7b933e85b4ae0076c7aa8c072596979be3d83b33ff5d7cf9bfbfab4a705,desarrollo
976,8f176fed3993b636015ec690fafe07c38850c7af780b97724e73cb8f93d30cff,desarrollo
977,ab242d37cb2820cef8e310ba25a238eeda20ec55f38f3bd1024853a3a23171f1,desarrollo
978,df9523911d4dd622504aee79158b4bc67a3f0bf8947058a3a5ca721c2d50fe02,holdout
979,ab242d37cb2820cef8e310ba25a238eeda20ec55f38f3bd1024853a3a23171f1,desarrollo
980,958ef419f0414f49ec43e94e93ff4ae5e3abba70188df6c6a7b70dbcf670ecb8,desarrollo
981,02bdf74a89c0ad48f2de4340fa1d3d30177cde4cfecd5bdc9cb991d943864370,desarrollo
982,958ef419f0414f49ec43e94e93ff4ae5e3abba70188df6c6a7b70dbcf670ecb8,desarrollo
983,fb1dd2298afc6943e6a0ef32da75b2b5f9cf748ce57afe031b4ff2d152128a1c,desarrollo
984,8d7305334f5556dae748292460667c156aa37d0ab2fe530f91e9416b25c3dce4,desarrollo
985,3f9e903f687b833482b1f432b1de967981b34996f77065bfe7c6456b747a50c7,desarrollo
986,31abb5649a2de43d6daec7018cdfba8dd444d05e81ad7e45cded2951596f101a,desarrollo
987,fcd0470ee2d542ac9d039434ac5ed3d18b147a26e66cfaed63fed5fccd50c85d,desarrollo
988,8e1a7325608387e57848507b784d306cf2f13916e681021ee857303e25558b26,desarrollo
989,99698710e09bc64e73db255eae63e1210597fd8885ac52fdeb7774b072455951,desarrollo
990,13c728bc826c8157f20eaaa45d24c6f3b77915f04d7e1b0eef93edfbaefe0132,holdout
991,589a9aa5bd567d008fe8816b8fe66de658b65812ced2018098b2b27715a8be9d,desarrollo
992,d0738562f65c60b39d67885aca94814c5b575ddf4d74cf0e924540a885a41a91,desarrollo
993,57221224e6b03cc7be91fe46c162bc5cb47b7205b3d43da99d21fc5ffbaf4abf,desarrollo
994,549e9358ef816cf10ef2907f728cc181b327ac40b339fa71af26ea71acfc8bc5,desarrollo
995,3207d63b7fa5c264556dc3c33e56f4ae734782497372b62640559c670a3e9ede,desarrollo
996,0dd6133ec882de05bf92fb479af50b5a4f97d3e8dbdd1f052ff546ad7810e462,desarrollo
997,0deeced501d9a172fdf7122acd62764d8cc632324677a62501c428f05017135a,desarrollo
998,6bafbc136755f641dadbdf3487588dda80c87b96385ff3574fb24cce2f028416,desarrollo
999,9e562f1bc432c7e211ccdd34c897e681f45c3ebba7064eb106a9b29f3fb3a39a,desarrollo
1000,8bbcb1da7626cb935e867422f009de1a0215e9387d97db1f9c2a2d66a7373b16,desarrollo
1001,e73e99ac0954dd99748fc28e1f908e3ed3350c13237d819988a95b70f4634b8d,desarrollo
1002,90c29af6da17969e78cb0db4bece44f21e2cbd803af764fcddce70182908bf10,desarrollo
1003,ca6bad32aa1f87a40b6617225fb8681f534bcbb5f60ca26f7a6cf2a3b1c94b32,desarrollo
1004,68260189c7aba80c1ca536ab0f45069cb9bd989bddfc3a060608f1ba39996e4d,desarrollo
1005,723c3eabff2326868912f404ea578eb0fe7d3a81dd8917bb3070257f49abcb05,desarrollo
1006,731d94fe3096ee3409fe27d3fa62cd6200b91b63c884c0666c9395cac92c9f58,desarrollo
1007,8012d7bdf7ebdf92c74bf05f63989ed994a70ab587f39519df283385a2227362,desarrollo
1008,159828db379d3cd22e647d53a8baa247d7b5451c10c6e503be5a6dfec839e9ae,desarrollo
1009,f233b130c8c99f3b2aa18ffe7f6d474a542a0164e28bfb9165774d7e99e32dcd,desarrollo
1010,4be10962a5c68b1ad4f3869ef4d2f173491eab0e149a8149b9f1a2474c7c435f,holdout
1011,6ecd3e42487522ad40f45d87cd5f1bf73ffa52a57718cedc6e15c21013f8e3d0,desarrollo
1012,cf399bd97ca82e6923df274c28c20afaea0270613884fb0e209fbb26fe5a52da,desarrollo
1013,09db8688b7ea67f3d23ba8664c63f6a0f162eb262f42039049c160e78bf00576,desarrollo
1014,f91a1044f822ed3ba483f2cd9fdd76d7f4564751fb9c3c642eed519fb1b08c15,desarrollo
1015,5c2b67496f71b7d6c4b415b5f015aaaa7c8239ae67b0295fd09236dcc851bac8,desarrollo
1016,849875a98e0c45a2e3c1ed2630363da463c85fa0bcce7c4f679e2dcd158098b1,desarrollo
1017,174a2f10d475221c1b00c339dc7b393b08f4b233a33ed226421229e0552280be,holdout
1018,cbd533b8b9f19b33206d3a0675b34c071cd708620158212ffdfafcac89a945fb,desarrollo
1019,b50919cf7edfa6017e5869da0e02e343e18c897ea1736a2b295a85518c8f76a9,holdout
1020,163ea91c87040d0854afb4f7161de8c60a896bafe1285c03fa32446cb720ddb2,desarrollo
1021,8725795e1d4e98c35b1715550f452484afe19a14be0c92c23f138d5eef68086c,desarrollo
1022,59648aa653ee7b9a625a9778b4bc984402f284b11361482bf532fb54ba667fdc,desarrollo
1023,bd5075bd77f82602ea44d98f60623c5e980c670b3421f49d6dbee48a18f7d8ed,desarrollo
1024,1ee0cea9045240136a934830ee3e286fe565f3b2d01ec7a9bfd84617f9123014,desarrollo
1025,1ee0cea9045240136a934830ee3e286fe565f3b2d01ec7a9bfd84617f9123014,desarrollo
1026,e393e2960c6a4338794cb2fc12e620ec786b091f8d06c4bab1c655c7fe57078c,desarrollo
1027,759ad8385bea14723bf342e76eb49c749b595a8a67b47194557be0e3aeba4867,holdout
1028,53653f8873b6d8ca0b7c7bfa66a71c9d20374d30d2b9c6c3c84a141dbf7acd34,desarrollo
1029,7df10d51795d13219336d4ad3f8b1da86db762c72aeecee4fec2d42c4034b198,desarrollo
1030,4dec352c5663df69f2a4f0345f1e1b58c94da5b787c0da7946ef56c36c698c60,desarrollo
1031,0daee77f12aa79379c1611025cb5278b6c5a0f7cad55904b49b0224c08c300c9,desarrollo
1032,7c1ff11427cb2757dd254eca3d8226149bec79b36f24fc10b42821aad233b370,desarrollo
1033,63ced3788445394b0448527b61e328c690c1e52c17c90c3c2adbdb10484e51f8,desarrollo
1034,b9276cca3d05c92e9c6917b8efcba06ea519a951c148db9d0db927eb4c5fc7a9,desarrollo
1035,6d2b88fa4fa355594647e4154c845a3b4574db41c49cbe1b2138a14a0a8e85e9,desarrollo
1036,693b4d22cb21641169a9b61652e1e58f973ac7576596f40f8c82cc3289ebecb4,desarrollo
1037,9dd15a62e4d8e2b694e56c5d6a42c5f8c563048affe0f08422769b8de7ba3d0e,desarrollo
1038,fb5c2f78d7386d9bb870bdc75f7d05ccd3b48a58cd91efc478ac260154ce885e,holdout
1039,598e95eba0d19a450899b0029774723530a38c1287ca19543d3faa492adf2851,desarrollo
1040,8d67819164c61aa5cbb5a85a3b947ae34ac4dc758fac9217bf3ed112a6e4e9b6,desarrollo
1041,9dd15a62e4d8e2b694e56c5d6a42c5f8c563048affe0f08422769b8de7ba3d0e,desarrollo
1042,a4c9bcc8d0cb67fea0c746b620cdd37a67de63f088202fda25a5cb0a6505e201,holdout
1043,e356b6f0b509b8a442761bfc63099411b8e596de70d536d6e8210854c848a0f7,holdout
1044,0c5f7929a0b38b20bcca4ddfcd667be2c100f8bed41eedd9d791296f3677c3c4,desarrollo
1045,181a47bfbb482abe96fe2a1ea94c508cb88f88bbc2a63fd524b49de12e4fc5c2,desarrollo
1046,027c4f3b2ad71f91506b555a4092356dc403a4a199a3e8e6f435a29b4c7b4643,desarrollo
1047,5b4deeaba5ac6b987801cb7453bd5a1fc0b5d64656e29e964b377b2cc01dc1e2,holdout
1048,0a3157540c5074c5dee572d7385b170a2182a4826d7393d57946c7c74c7e95f1,desarrollo
1049,65793499691e193590b8aa43750beca4058ab26e385ae233e99236c007da7440,desarrollo
1050,99813589b96f955d03682e3888cec18fda2fb4867bc1f69f02157610cb2739be,desarrollo
1051,f70d53c8fc66b69930d6aa769c85fdeffae8ee617604791e3aea612cd22b8507,desarrollo
1052,b6db9002d8dc9e10ccaec1090d963b127d30dd112561c7b1f9d8129676b49e25,desarrollo
1053,078908f6a8f02136f9156b887da131a926d0eb334ab9a9f3623ee143b24456eb,desarrollo
1054,99813589b96f955d03682e3888cec18fda2fb4867bc1f69f02157610cb2739be,desarrollo
1055,db124763b854d7c1f7ad3ebce7f67d494c0bf2945d35e0fc2d482ce1474e726c,desarrollo
1056,d10f93ab3fff46b61e6afd739569657ce33e07b04fa73d8d5b45af6e71913f65,desarrollo
1057,3d413c9bd4b3a1e632a565505192a72ad87d2ca43d42be03e3fd0b2e5e7d3339,desarrollo
1058,4d65640c2092e5b11443bb6315346d0de68ff63f5a4882c06360561786eb7c90,desarrollo
1059,6ff7e67f58a5e740f037ee5e3dca15773395150462998b76f0eec9f1aca9c704,desarrollo
1060,0d57b0e5099563aa835148c8f9152efd15a94569bb75cfd839e09adad45d8a3a,holdout
1061,fd40e268675a4effffdd83b62260feb7442b9a28e8e73e83a2c3145a3f650dbe,desarrollo
1062,6b037396749e7c23a1c55351bb586fad7438f3816bc0da618a3860bdb4ef6eb6,desarrollo
1063,be4e2813c0135684d77bbd27eb4e08f1bcc7ff21335a10dfd35c4e09627bb997,desarrollo
1064,e25ccbbba80daa151f345d31022afe7148bfcf37943438c2dd1b629de1dd16e2,desarrollo
1065,cf696584d2e859dedbe69984432c5b4e539d4a04426f814885c1e9722d4276a0,desarrollo
1066,a41fc8f68560af96407e5f7342f9409c60de6cad9053e168882d05c7307695e1,desarrollo
1067,7626fd0e195c5aea1d34163e35980868ba386972f2750eba1d24560e49279bc9,desarrollo
1068,be4e2813c0135684d77bbd27eb4e08f1bcc7ff21335a10dfd35c4e09627bb997,desarrollo
1069,4cfaa4d30edd017aa635a7f0427ce42a0b07428a6d84e5cbf9b69fc4996990a2,desarrollo
1070,e96656259bf00dec1b049653ae1aa404a0fbada56cdfcf2fb462b7c35024b739,desarrollo
1071,7675d973cce62b5bb79ac38a037442bd461ef73c054a4d748853de5c2e70cca2,desarrollo
1072,50bddcf1a97d1ec2d38046707d052f6fc4388f73855d8bbb8f3f96ee6efd9576,desarrollo
1073,223aa79fe678306aa3531ec401a82e7d0a56ef36d39fb026dd2f10fcca21c5b5,desarrollo
1074,4ebbcca2f50c04958173e304d7fdd83f0ef0a355754149595bf70a81cb8894d8,desarrollo
1075,b7d49c2ff3558938cd93a4961cb4686083bac1284cf0eee4051cb356b47179fd,desarrollo
1076,e392aa8201fab8f625d12cfd72501db5010db698aa75c6c593fa229efd0b565b,desarrollo
1077,b448f604a433b29017308bdf3ca589d7534320507b612a948fb05dcb1d9fdec9,desarrollo
1078,3cf562d3fabe8af9e4095b7e1ebf804332ca851d658595acddfcaf6cdf85ea5a,desarrollo
1079,cee5bfa847f2d9ec3d4cd5f2de334b616039aaab25dafe7b7cd44983db477255,desarrollo
1080,e8c162564085f153864a655e96bf0c08c9eaa0bab689d0916b1dfdb4e85b51b8,desarrollo
1081,bdec2584402c1e53b8cde8df6620ee813122d1709cac8846e6c44e42b2211b4e,desarrollo
1082,c37a5504be6da0cc104d89ede87d736c8c5ebb8bdfd2e8f6af465fa5e7abc8dd,desarrollo
1083,39d041b105aa7587e6890b5a18095fce2cfa35c102bd6e842470d3790d1f4075,desarrollo
1084,dd6c01594fd8f1f8eb42eeedbae6296d0a3ef4db7f20e9d145ecc2ff07694fbb,desarrollo
1085,24f4d7ec55b48509db6a2a5c17ac4c284f107581cad94c1633b049c3c60d523c,desarrollo
1086,a97dc303edf4282dccc2a63805217c18446ab92820eca6492adca904eb4e0a56,desarrollo
1087,84523d847c2e6802d38e610b5e45670c603d58881afa1a7d844df2db00bd18f5,desarrollo
1088,18ed3fcef98ed556dc4c27cfc43964db8aa976f77ce3879a2eccfb8387f5cc1f,desarrollo
1089,b724e1d1624d56edc78300a49d12c81bdef8ff4deb381594a47c31794315e01b,desarrollo
1090,e853754914599dec9d1206c74e6e937ca432b56aa0d0ededfdffce59f83e18e8,holdout
1091,8e5133e9f848971cb29005515b1870018c47a188ba1c0d781cfc277cd9618d45,desarrollo
1092,b67b163397ca15b0f7a2dec5312a39342e0a911b511162f2565dd6f7feb2579a,desarrollo
1093,315b3ad7868b91b377fda4c40d2071b06ceba853678b4df98344c3e063692232,holdout
1094,c5a29a91a1afa954bbd2b5e41681cc8eeed62252f803c44e5b791fe91efb4571,desarrollo
1095,e8f542909590bf6da2525d9f53e51b4e6a7b61c7f4180fb39c69ad2f29adb992,holdout
1096,7e2958c94cc6248722ce4e62905732c437c29274d27fb98d389ef8c90c6d8731,holdout
1097,54ef18e8e2fbb8f8c047ab0127bbf087ab0fc26e956a7d8002639e2296eb942d,holdout
1098,b7d01d61bb2e9acd7b287f512caed4e58b39dd9f80665283b0dd4385d33b82a7,holdout
1099,cf8778cb8682c14918987987adc1d9d258b6d0b0cee796d81bcb1ee391dd2f9b,desarrollo
1100,764f7ea3705ba39fe9e7bd89446bf905fc6486938f5c293282a2dba515633379,desarrollo
1101,2622de7fd873cce7672d04eeec70d3b1f6b0e5878f2f69b6f4ad728937368ec2,desarrollo
1102,2622de7fd873cce7672d04eeec70d3b1f6b0e5878f2f69b6f4ad728937368ec2,desarrollo
1103,8148e3c9f5b3e0f1fcbfc7370ab2526cb16bb0f938a168514fefa5efcdcfa42e,desarrollo
1104,916bcdf91676773ef22edc49690006b55ff670bfed5c00fbf0ee8561ea660b9b,desarrollo
1105,7183f287742960dbe6246c692c26a31e19677d02b0647be71526b473811b3cf7,holdout
1106,2622de7fd873cce7672d04eeec70d3b1f6b0e5878f2f69b6f4ad728937368ec2,desarrollo
1107,2622de7fd873cce7672d04eeec70d3b1f6b0e5878f2f69b6f4ad728937368ec2,desarrollo
1108,2622de7fd873cce7672d04eeec70d3b1f6b0e5878f2f69b6f4ad728937368ec2,desarrollo
1109,b6e8ad82ce57604e1fdfbde9764107d63d8763df7e5e4c52875623629340b50e,desarrollo
1110,b6e8ad82ce57604e1fdfbde9764107d63d8763df7e5e4c52875623629340b50e,desarrollo
1111,b6e8ad82ce57604e1fdfbde9764107d63d8763df7e5e4c52875623629340b50e,desarrollo
1112,b6e8ad82ce57604e1fdfbde9764107d63d8763df7e5e4c52875623629340b50e,desarrollo
1113,44ff7eb86d21514ced52ba3fbc3ad88404a2dac42d3f57c25f0401051b7992f1,holdout
1114,b6e8ad82ce57604e1fdfbde9764107d63d8763df7e5e4c52875623629340b50e,desarrollo
1115,6bf00254fa8a5b87f4a97272405990e23a367e09e14eeb0f611a04aad5373e64,desarrollo
1116,c1d5f19c0d366b5bd7c7f167c96c0863512fe01e24924453c7a21b747e084890,desarrollo
1117,dc13e31aec8628278dc739a767413fdc0752924aa0e89456b2a7877b15343742,desarrollo
1118,d7baf30853f8fedce2e0603e9750382acb59000e518ea2143b992ed6db2cd09d,desarrollo
1119,d7baf30853f8fedce2e0603e9750382acb59000e518ea2143b992ed6db2cd09d,desarrollo
1120,88424cc2c25d6d6bc7a687c2446f876171fe6dd4a274ba05b08c417fdc9eec3d,desarrollo
1121,d7baf30853f8fedce2e0603e9750382acb59000e518ea2143b992ed6db2cd09d,desarrollo
1122,86107e280499666222f21406798d6a55dfd85b7b85d964d4e6ca9cb543e50d45,desarrollo
1123,9137c687ef3b6a101da4538c32063cce1e496dde9762e59aee5459622cfc5670,desarrollo
1124,d7baf30853f8fedce2e0603e9750382acb59000e518ea2143b992ed6db2cd09d,desarrollo
1125,d7baf30853f8fedce2e0603e9750382acb59000e518ea2143b992ed6db2cd09d,desarrollo
1126,8ee668170a735bcc473cf51eeab82a55a933817606aa908c46fdbe03e9cc609c,desarrollo
1127,fd71e419ff8d6ea956748486b57a7c534d37a1ab565f108421c84b404414afba,desarrollo
1128,fd71e419ff8d6ea956748486b57a7c534d37a1ab565f108421c84b404414afba,desarrollo
1129,fd71e419ff8d6ea956748486b57a7c534d37a1ab565f108421c84b404414afba,desarrollo
1130,8cf0099ccfdb498f8d7b507844822dcc716c2f91b66f48006e6daf1e6814069f,holdout
1131,fd71e419ff8d6ea956748486b57a7c534d37a1ab565f108421c84b404414afba,desarrollo
1132,a80aa2baf43e3e7e5f134989398b069194816a83713c65eac9073c98e290f66d,desarrollo
1133,fd71e419ff8d6ea956748486b57a7c534d37a1ab565f108421c84b404414afba,desarrollo
1134,b570e8ce63f341e20d49948d03f75f81cf8cf8f553f5e3c66c2dba5aeddb70d3,desarrollo
1135,72ed80f2e613bdd2baa27adf37338cf1954914da5952147eeddb3ac02b251f44,desarrollo
1136,d9349a44375fd4bc5b9a98947b838e19c9419f62d0aaf61c9345d015b3de0cc9,desarrollo
1137,d9349a44375fd4bc5b9a98947b838e19c9419f62d0aaf61c9345d015b3de0cc9,desarrollo
1138,d9349a44375fd4bc5b9a98947b838e19c9419f62d0aaf61c9345d015b3de0cc9,desarrollo
1139,d9349a44375fd4bc5b9a98947b838e19c9419f62d0aaf61c9345d015b3de0cc9,desarrollo
1140,3bec026eb9cd58d92da2e5e4ee03869656006163fe723c7f6f385ad4c630dbd4,holdout
1141,d9349a44375fd4bc5b9a98947b838e19c9419f62d0aaf61c9345d015b3de0cc9,desarrollo
1142,2d2d5fce6bd1b9db74dd41ea3145b1c4f171698cf97a999ecc57b22d2d85b011,desarrollo
1143,b7943301afbcf9789b30c1de6364444bf165a3142ebf9ae560d3a177e2e32e87,desarrollo
1144,dc727570c9c47f8fa0e994b77d97ca77d7ae0eda395227d25135670a2aa1cac9,desarrollo
1145,34c0d7c8c0c9624c43d47fa4c90749bdd330914eb3e8dd25521a299ac9d8dd0c,holdout
1146,60c197ae627589d05ee035c7c6b4abbb271a91abc70aaf6d19b383ce1736fd47,desarrollo
1147,c1b42b64d9b014e9041739fc1f06750c719295618d4fb21e12cddf1e86c78212,desarrollo
1148,b83320360916357bbb0e14265ae7e1710367c276d6f3210c6b11dabf9f551f19,holdout
1149,34c0d7c8c0c9624c43d47fa4c90749bdd330914eb3e8dd25521a299ac9d8dd0c,holdout
1150,34c0d7c8c0c9624c43d47fa4c90749bdd330914eb3e8dd25521a299ac9d8dd0c,holdout
1151,de2d3c2b71efa5e9ed4243750988162e2fda00bd4a55d234aebf4c1e66c1ea15,desarrollo
1152,34c0d7c8c0c9624c43d47fa4c90749bdd330914eb3e8dd25521a299ac9d8dd0c,holdout
1153,34c0d7c8c0c9624c43d47fa4c90749bdd330914eb3e8dd25521a299ac9d8dd0c,holdout
1154,3a72f2d582d21438abd1e8676c87944c2a5bf343672851034fe4bc4ff996d8a5,holdout
1155,81432b2705cc1f534c61d7d57b5c0db3afab7d83baeb92a47196433daf3b7c27,desarrollo
1156,18db155dd7d61b7bb0895f5c7d096d0f7a318b9de69433171de514624036f1e7,desarrollo
1157,3a72f2d582d21438abd1e8676c87944c2a5bf343672851034fe4bc4ff996d8a5,holdout
1158,880f823b0dfcdbea3461bc98ac2d8455657b0186acb4390e19dd8b19fd71cd17,desarrollo
1159,3a72f2d582d21438abd1e8676c87944c2a5bf343672851034fe4bc4ff996d8a5,holdout
1160,3a72f2d582d21438abd1e8676c87944c2a5bf343672851034fe4bc4ff996d8a5,holdout
1161,6c46c6d393968afc0b0c23583d23b390d98f1ef63b1f0f3eb1830980aca1125b,desarrollo
1162,3a72f2d582d21438abd1e8676c87944c2a5bf343672851034fe4bc4ff996d8a5,holdout
1163,729bafae186da8bf74564934bff9816a1ab9ef76a569a1aa57d2e7c26f2775cb,holdout
1164,df8ed7c60e2a73bef3ef24c604a7c439af7d549b6a007cf95fbe4689853500ba,desarrollo
1165,729bafae186da8bf74564934bff9816a1ab9ef76a569a1aa57d2e7c26f2775cb,holdout
1166,3783019d7a0797033893dcf5b049e3d233a5bf1ad656540608970c670843c009,desarrollo
1167,315ee6a35dc48ca9b53834b906bdb45dd3fb09ebd1e72386bfb47e9df70e3705,desarrollo
1168,729bafae186da8bf74564934bff9816a1ab9ef76a569a1aa57d2e7c26f2775cb,holdout
1169,729bafae186da8bf74564934bff9816a1ab9ef76a569a1aa57d2e7c26f2775cb,holdout
1170,41ba70a4fc5fd441a5b4f9fdcbc5fa8112990b2bcd5d68744956a97f6fe45e6b,desarrollo
1171,729bafae186da8bf74564934bff9816a1ab9ef76a569a1aa57d2e7c26f2775cb,holdout
1172,d24bc04f0a6c6493b49cf30f778c181036df5e8ca78d3d6cffe7e39466937608,desarrollo
1173,b636201d710889709d5df6aa8d163dfbde863cd98101a1abcfd3a0039dae0356,desarrollo
1174,d24bc04f0a6c6493b49cf30f778c181036df5e8ca78d3d6cffe7e39466937608,desarrollo
1175,a32987e1f49c9cb1a488dc492a00b96ea842b11b47d6626b3fa4be66facf6e5b,desarrollo
1176,c25805d9f42e30aadaab389ba6a8fa5f2510136b1f3af0e168566d70bd237c28,desarrollo
1177,d24bc04f0a6c6493b49cf30f778c181036df5e8ca78d3d6cffe7e39466937608,desarrollo
1178,d24bc04f0a6c6493b49cf30f778c181036df5e8ca78d3d6cffe7e39466937608,desarrollo
1179,22cc4affd0f89ed163bed06bcc68b6987c973c474a084193179e2384facabe78,desarrollo
1180,c52b4d912aa9c7463ea61ac97ed9c915547395e83cdc1e370a68510833906698,desarrollo
1181,c52b4d912aa9c7463ea61ac97ed9c915547395e83cdc1e370a68510833906698,desarrollo
1182,d2e85740afd5ed742a1f90c69aca80e17aa9b777622a97beb776e1c3b22eb0d1,desarrollo
1183,cbd2a7b9feea639717e855c0e8669fab1c38d1ec74ab45c0b159baeb60bc6593,holdout
1184,c52b4d912aa9c7463ea61ac97ed9c915547395e83cdc1e370a68510833906698,desarrollo
1185,c52b4d912aa9c7463ea61ac97ed9c915547395e83cdc1e370a68510833906698,desarrollo
1186,349e194026f114674fa859939d8de29fa5eb7e406d3372c4769ae019a09fce26,desarrollo
1187,71ef3568189bb746929108587037583f448f14c3cea16bbd74f3a29e679b045a,desarrollo
1188,c52b4d912aa9c7463ea61ac97ed9c915547395e83cdc1e370a68510833906698,desarrollo
1189,f07d2f07ddb7cfca071b3cb10f84a7eb124d50f8ee0d3d89ffcea0a541d34516,desarrollo
1190,f07d2f07ddb7cfca071b3cb10f84a7eb124d50f8ee0d3d89ffcea0a541d34516,desarrollo
1191,b4c066178e0e71c5ae9c5ed616038fffa4da2271b2d2ac3c93ad9d9bcf7153fe,desarrollo
1192,f07d2f07ddb7cfca071b3cb10f84a7eb124d50f8ee0d3d89ffcea0a541d34516,desarrollo
1193,d63b83acca4347527aa9519ab5c916d28b01e0c4ec5d92663044e9c6223ed92f,desarrollo
1194,f07d2f07ddb7cfca071b3cb10f84a7eb124d50f8ee0d3d89ffcea0a541d34516,desarrollo
1195,f07d2f07ddb7cfca071b3cb10f84a7eb124d50f8ee0d3d89ffcea0a541d34516,desarrollo
1196,a11872eb969ac391aba2f8c28878c4aa8c97ac250cfd9684e418660427c25187,desarrollo
1197,249ae3975e610f9f9f81d42888d3e1c6c9d067ef23bdd717f62fcdd2be77b52d,desarrollo
1198,d345bf4a6e648d1e5a2c71613a4ec8897a8c9ffd2cfeecec5eb627b1e7868160,desarrollo
1199,d345bf4a6e648d1e5a2c71613a4ec8897a8c9ffd2cfeecec5eb627b1e7868160,desarrollo
1200,d345bf4a6e648d1e5a2c71613a4ec8897a8c9ffd2cfeecec5eb627b1e7868160,desarrollo
1201,7372464c3c5121f00aa1fd78a16dbd6d3101e882abc65ef05bc6113cd3b3ef3d,desarrollo
1202,9c9581b8843a75b76875d51448cbe6c8ccdf828cfb789976b03522d58fadc534,desarrollo
1203,d345bf4a6e648d1e5a2c71613a4ec8897a8c9ffd2cfeecec5eb627b1e7868160,desarrollo
1204,0d5c3beebf0523bc6015f63e42331d30d673e2f0e6ed31d010dc165a5b34c24e,holdout
1205,b1e4cfd8754e4c95a62b15b3626a743dff7357fff876362ae539285c462bfdf3,desarrollo
1206,f3d0a412c07bcb828ab7e61ad32d04f5390a393d635b39e46f372b9fd38f87a8,desarrollo
1207,f3d0a412c07bcb828ab7e61ad32d04f5390a393d635b39e46f372b9fd38f87a8,desarrollo
1208,5a8054160f5010ab7a41fb1f7ed11fe73f969b3e27b00bbd1722e68bd46e2b3c,desarrollo
1209,ef57e3ce5aeb765839085768c842f757c57221760051dea67a720f4d26be61eb,holdout
1210,f3d0a412c07bcb828ab7e61ad32d04f5390a393d635b39e46f372b9fd38f87a8,desarrollo
1211,f3d0a412c07bcb828ab7e61ad32d04f5390a393d635b39e46f372b9fd38f87a8,desarrollo
1212,6c8ed68342a2bcc552d05be554df74e13ae108099850f73fb742852c16d60b3f,holdout
1213,f3d0a412c07bcb828ab7e61ad32d04f5390a393d635b39e46f372b9fd38f87a8,desarrollo
1214,574a93d1e600dcfa0a54975b20341453018e7ccdbd495441824914ad943f39c4,desarrollo
1215,ae3dd47f1f912aa3815812748078589087efbc8e5157733264bdf130e9843e24,holdout
1216,338e1a69bea6ff71a4a9cbf5297041002991f3383dfa881cfaee12256f603841,desarrollo
1217,ae3dd47f1f912aa3815812748078589087efbc8e5157733264bdf130e9843e24,holdout
1218,ae3dd47f1f912aa3815812748078589087efbc8e5157733264bdf130e9843e24,holdout
1219,73d8d0e99a7aaade14dc833a159330b04dfdc0b7c721faf7e69791591ff90a05,desarrollo
1220,ae3dd47f1f912aa3815812748078589087efbc8e5157733264bdf130e9843e24,holdout
1221,2ca84801b7900a409587db0cf93c2e747ebfefa94b16d2cca8243b47d3a9f130,desarrollo
1222,e21496a3dd0628ca125be974bd9f513b72c9fb5dac52273fef0f79ac21e2dd1c,desarrollo
1223,a2a4bc56ffdaafb60b4c50445241698a39045b9917141a41deb8b18b19107359,desarrollo
1224,a2a4bc56ffdaafb60b4c50445241698a39045b9917141a41deb8b18b19107359,desarrollo
1225,d37bc024f5e21083621149c81cd1fd8dca70c49c9663f2377fbab56807b8bfa8,desarrollo
1226,e9d0ef893ed2514e2c8d3e3dec1e6ed4d6261709c22e8aeda83d6a87ebd99049,desarrollo
1227,8a96aabccf58f76aec84477276c1182dd11be1cca4141fb8bf44c4f650d68516,desarrollo
1228,c37b649fad52d723519228289a086b51cdc6ea7a2146094857a556df4dd293f1,holdout
1229,a2a4bc56ffdaafb60b4c50445241698a39045b9917141a41deb8b18b19107359,desarrollo
1230,a2a4bc56ffdaafb60b4c50445241698a39045b9917141a41deb8b18b19107359,desarrollo
1231,0cb174c2666dbb8ea1a0e1389dfcc6e009a129dc6133040cba249704f26df14a,desarrollo
1232,0cb174c2666dbb8ea1a0e1389dfcc6e009a129dc6133040cba249704f26df14a,desarrollo
1233,0cb174c2666dbb8ea1a0e1389dfcc6e009a129dc6133040cba249704f26df14a,desarrollo
1234,88efee0377f8890da8326395755e7f4692cec455b8b9380a226b17e9b307083b,holdout
1235,0cb174c2666dbb8ea1a0e1389dfcc6e009a129dc6133040cba249704f26df14a,desarrollo
1236,b20aab8112773c0680b58b2f23c743b534ba8b120707c973048996c4b7d2662f,desarrollo
1237,0cb174c2666dbb8ea1a0e1389dfcc6e009a129dc6133040cba249704f26df14a,desarrollo
1238,f645db3b9eb340f4a8b47294657fbeca2feb8e9bdb2d0b3f6790a42df2f10b32,holdout
1239,469e4514374d1a86ce35fffb60c7af5746d44d339066d8703f171cbbe6e1394f,desarrollo
1240,477432082daa8b587ec81bd0cbbabf6808b88feee6c62bf221d7842b72069955,holdout
1241,d7232664b62044a7acfb940139bb49b7822a93ae36f578803c398a8e9bf3929d,desarrollo
1242,477432082daa8b587ec81bd0cbbabf6808b88feee6c62bf221d7842b72069955,holdout
1243,5d2d24daeef59804149623f427d5a4a41453bb2a3d20193f12778adf90c9d16c,desarrollo
1244,477432082daa8b587ec81bd0cbbabf6808b88feee6c62bf221d7842b72069955,holdout
1245,477432082daa8b587ec81bd0cbbabf6808b88feee6c62bf221d7842b72069955,holdout
1246,477432082daa8b587ec81bd0cbbabf6808b88feee6c62bf221d7842b72069955,holdout
1247,635567a49be4bc7e4bc4ed0e6990931da5db6439a031253d9d8410aa2fc7e34b,desarrollo
1248,80a9b7c44da63bce1a1a30865c450c0d11da7886b45c5677de74d608b1f709ab,desarrollo
1249,45083ec0108d14a087095eaf91213040cbcf04c746863bda1f24b0166152159d,desarrollo
1250,6d685d6add11115e7b614a248ec9230c448749068e288205b92bc2205bff5d9a,desarrollo
1251,45083ec0108d14a087095eaf91213040cbcf04c746863bda1f24b0166152159d,desarrollo
1252,45083ec0108d14a087095eaf91213040cbcf04c746863bda1f24b0166152159d,desarrollo
1253,45083ec0108d14a087095eaf91213040cbcf04c746863bda1f24b0166152159d,desarrollo
1254,72bcdf504d8e4888d36911bd39b3b710619d4611c17b9fb99d48b70afe1e255d,desarrollo
1255,783b07828651f7280d3ff50b607dcf4d52516d05cc62e98d48a070a4c88536e1,holdout
1256,45083ec0108d14a087095eaf91213040cbcf04c746863bda1f24b0166152159d,desarrollo
1257,e5efa0bad2b8875638c9becb728bcc0096b4125c377977d4d7453257d8e0cece,desarrollo
1258,b43cffaf5ffabacc80707bbe1111ca447d4089514bdc5d68aee33199b686d553,desarrollo
1259,b43cffaf5ffabacc80707bbe1111ca447d4089514bdc5d68aee33199b686d553,desarrollo
1260,7fb11f59a5a85e10e814283d360d699eed8e21b6d6eca804735e296cdefe4592,desarrollo
1261,4d446b412422ea534e6a27f0d3bbdf8d19e66401d937fb6c39683e10fd6d4c35,desarrollo
1262,b43cffaf5ffabacc80707bbe1111ca447d4089514bdc5d68aee33199b686d553,desarrollo
1263,c6cc46352f865997d943fa0f8e3cb4541418be1640ae6e6496f2c07b90d3b3e1,desarrollo
1264,b43cffaf5ffabacc80707bbe1111ca447d4089514bdc5d68aee33199b686d553,desarrollo
1265,b43cffaf5ffabacc80707bbe1111ca447d4089514bdc5d68aee33199b686d553,desarrollo
1266,7b607cfc4db5d2ef140cf13295cf8e6aabed44adb37c5989127ba3260b032f25,desarrollo
1267,57653f1fcd4659bd5b909af35d64bc7c5e091dad9b4cf36fe1a713840570aeca,desarrollo
1268,57653f1fcd4659bd5b909af35d64bc7c5e091dad9b4cf36fe1a713840570aeca,desarrollo
1269,eaf1a0eaabc1737663fcda9a0f31e587314dd0c0453da30ee4fae30b8f450002,holdout
1270,5a8df8d8e11187b32c39ba1c74733c7a1d59ea5b5b5bf241844283000fb7422d,holdout
1271,b6e9440d69650c7507fd560326a585ce11d106ce0f9aff058cb94a21b80b7e76,holdout
1272,57653f1fcd4659bd5b909af35d64bc7c5e091dad9b4cf36fe1a713840570aeca,desarrollo
1273,a7a96f5be45131583dce5dbcd4d5c4dc00f9b42b9830450f3c13914ac609bb0e,desarrollo
1274,34e23b40e6b893b67ff3ce82fb10164d7259b2272721ed2f49e1a70f4244e8ef,desarrollo
1275,b9194bd5032cd84709164d1a40b7465f84080bdbe06f0c7ad105ff7ff2909066,holdout
1276,97a2695e82467926f52b670f94a034e4bcc4617e7e828663b095859330246106,desarrollo
1277,34e23b40e6b893b67ff3ce82fb10164d7259b2272721ed2f49e1a70f4244e8ef,desarrollo
1278,34e23b40e6b893b67ff3ce82fb10164d7259b2272721ed2f49e1a70f4244e8ef,desarrollo
1279,a8f9c8246df89f9f8f0fa2972be98029816083189aff46330e0a3417b5dadd41,desarrollo
1280,34e23b40e6b893b67ff3ce82fb10164d7259b2272721ed2f49e1a70f4244e8ef,desarrollo
1281,94ebc2809e36cebe03c8043f2a07c5fa7d87cc9a3d0cad6a8732a6012921f2f6,desarrollo
1282,34e23b40e6b893b67ff3ce82fb10164d7259b2272721ed2f49e1a70f4244e8ef,desarrollo
1283,2622de7fd873cce7672d04eeec70d3b1f6b0e5878f2f69b6f4ad728937368ec2,desarrollo
1284,2622de7fd873cce7672d04eeec70d3b1f6b0e5878f2f69b6f4ad728937368ec2,desarrollo
1285,2622de7fd873cce7672d04eeec70d3b1f6b0e5878f2f69b6f4ad728937368ec2,desarrollo
1286,2622de7fd873cce7672d04eeec70d3b1f6b0e5878f2f69b6f4ad728937368ec2,desarrollo
1287,2622de7fd873cce7672d04eeec70d3b1f6b0e5878f2f69b6f4ad728937368ec2,desarrollo
1288,2622de7fd873cce7672d04eeec70d3b1f6b0e5878f2f69b6f4ad728937368ec2,desarrollo
1289,b6e8ad82ce57604e1fdfbde9764107d63d8763df7e5e4c52875623629340b50e,desarrollo
1290,b6e8ad82ce57604e1fdfbde9764107d63d8763df7e5e4c52875623629340b50e,desarrollo
1291,b6e8ad82ce57604e1fdfbde9764107d63d8763df7e5e4c52875623629340b50e,desarrollo
1292,b6e8ad82ce57604e1fdfbde9764107d63d8763df7e5e4c52875623629340b50e,desarrollo
1293,b6e8ad82ce57604e1fdfbde9764107d63d8763df7e5e4c52875623629340b50e,desarrollo
1294,b6e8ad82ce57604e1fdfbde9764107d63d8763df7e5e4c52875623629340b50e,desarrollo
1295,d7baf30853f8fedce2e0603e9750382acb59000e518ea2143b992ed6db2cd09d,desarrollo
1296,d7baf30853f8fedce2e0603e9750382acb59000e518ea2143b992ed6db2cd09d,desarrollo
1297,d7baf30853f8fedce2e0603e9750382acb59000e518ea2143b992ed6db2cd09d,desarrollo
1298,d7baf30853f8fedce2e0603e9750382acb59000e518ea2143b992ed6db2cd09d,desarrollo
1299,d7baf30853f8fedce2e0603e9750382acb59000e518ea2143b992ed6db2cd09d,desarrollo
1300,d7baf30853f8fedce2e0603e9750382acb59000e518ea2143b992ed6db2cd09d,desarrollo
1301,fd71e419ff8d6ea956748486b57a7c534d37a1ab565f108421c84b404414afba,desarrollo
1302,fd71e419ff8d6ea956748486b57a7c534d37a1ab565f108421c84b404414afba,desarrollo
1303,fd71e419ff8d6ea956748486b57a7c534d37a1ab565f108421c84b404414afba,desarrollo
1304,fd71e419ff8d6ea956748486b57a7c534d37a1ab565f108421c84b404414afba,desarrollo
1305,fd71e419ff8d6ea956748486b57a7c534d37a1ab565f108421c84b404414afba,desarrollo
1306,fd71e419ff8d6ea956748486b57a7c534d37a1ab565f108421c84b404414afba,desarrollo
1307,d9349a44375fd4bc5b9a98947b838e19c9419f62d0aaf61c9345d015b3de0cc9,desarrollo
1308,d9349a44375fd4bc5b9a98947b838e19c9419f62d0aaf61c9345d015b3de0cc9,desarrollo
1309,d9349a44375fd4bc5b9a98947b838e19c9419f62d0aaf61c9345d015b3de0cc9,desarrollo
1310,d9349a44375fd4bc5b9a98947b838e19c9419f62d0aaf61c9345d015b3de0cc9,desarrollo
1311,d9349a44375fd4bc5b9a98947b838e19c9419f62d0aaf61c9345d015b3de0cc9,desarrollo
1312,d9349a44375fd4bc5b9a98947b838e19c9419f62d0aaf61c9345d015b3de0cc9,desarrollo
1313,34c0d7c8c0c9624c43d47fa4c90749bdd330914eb3e8dd25521a299ac9d8dd0c,holdout
1314,34c0d7c8c0c9624c43d47fa4c90749bdd330914eb3e8dd25521a299ac9d8dd0c,holdout
1315,34c0d7c8c0c9624c43d47fa4c90749bdd330914eb3e8dd25521a299ac9d8dd0c,holdout
1316,34c0d7c8c0c9624c43d47fa4c90749bdd330914eb3e8dd25521a299ac9d8dd0c,holdout
1317,34c0d7c8c0c9624c43d47fa4c90749bdd330914eb3e8dd25521a299ac9d8dd0c,holdout
1318,34c0d7c8c0c9624c43d47fa4c90749bdd330914eb3e8dd25521a299ac9d8dd0c,holdout
1319,65d150996aa4c73b7ce74ea5886097c5ea76c84190ff49f7bda42691bcafbd07,holdout
1320,65d150996aa4c73b7ce74ea5886097c5ea76c84190ff49f7bda42691bcafbd07,holdout
1321,65d150996aa4c73b7ce74ea5886097c5ea76c84190ff49f7bda42691bcafbd07,holdout
1322,17aa715d4e4921278dcc3b34d6f95962522b1e64b4300df80b3ec34a5399eab6,desarrollo
1323,65d150996aa4c73b7ce74ea5886097c5ea76c84190ff49f7bda42691bcafbd07,holdout
1324,65d150996aa4c73b7ce74ea5886097c5ea76c84190ff49f7bda42691bcafbd07,holdout
1325,65d150996aa4c73b7ce74ea5886097c5ea76c84190ff49f7bda42691bcafbd07,holdout
1326,65d150996aa4c73b7ce74ea5886097c5ea76c84190ff49f7bda42691bcafbd07,holdout
1327,65d150996aa4c73b7ce74ea5886097c5ea76c84190ff49f7bda42691bcafbd07,holdout
1328,ea4db6d10bab1703ce76fb0a17601b2f09a96bafb51516f8dc74eba4754a2586,desarrollo
1329,fdc0493bdc43a131aec0237f3107eea54a6662007db973ff2de9b6c7a35067a5,desarrollo
1330,fdc0493bdc43a131aec0237f3107eea54a6662007db973ff2de9b6c7a35067a5,desarrollo
1331,fdc0493bdc43a131aec0237f3107eea54a6662007db973ff2de9b6c7a35067a5,desarrollo
1332,e3eba5dd476dff0a606b6cadbcf9b31fac806797aecec5d26b0d780beb4273b0,desarrollo
1333,f9b5f3bcbbecaa53b98853934dd648cfe5e13d6300b432a72719534d4da99009,desarrollo
1334,fdc0493bdc43a131aec0237f3107eea54a6662007db973ff2de9b6c7a35067a5,desarrollo
1335,fdc0493bdc43a131aec0237f3107eea54a6662007db973ff2de9b6c7a35067a5,desarrollo
1336,fdc0493bdc43a131aec0237f3107eea54a6662007db973ff2de9b6c7a35067a5,desarrollo
1337,fdc0493bdc43a131aec0237f3107eea54a6662007db973ff2de9b6c7a35067a5,desarrollo
1338,fdc0493bdc43a131aec0237f3107eea54a6662007db973ff2de9b6c7a35067a5,desarrollo
1339,fdc0493bdc43a131aec0237f3107eea54a6662007db973ff2de9b6c7a35067a5,desarrollo
1340,d4d152c91b66f19facf6fefd783b1f94cc36412bfcc208b694167cd1029893e3,desarrollo
1341,d4d152c91b66f19facf6fefd783b1f94cc36412bfcc208b694167cd1029893e3,desarrollo
1342,d4d152c91b66f19facf6fefd783b1f94cc36412bfcc208b694167cd1029893e3,desarrollo
1343,d4d152c91b66f19facf6fefd783b1f94cc36412bfcc208b694167cd1029893e3,desarrollo
1344,ff0eca41b1cd2c7d0e04e89656053dabd07a274ae0560fbbaffaa408b2064ebf,desarrollo
1345,d4d152c91b66f19facf6fefd783b1f94cc36412bfcc208b694167cd1029893e3,desarrollo
1346,d4d152c91b66f19facf6fefd783b1f94cc36412bfcc208b694167cd1029893e3,desarrollo
1347,ef6f76575f56cc7953ba9c3c57674f622e6ff8d1c027aaa24551ae574ea6f82c,desarrollo
1348,d4d152c91b66f19facf6fefd783b1f94cc36412bfcc208b694167cd1029893e3,desarrollo
1349,d4d152c91b66f19facf6fefd783b1f94cc36412bfcc208b694167cd1029893e3,desarrollo
1350,d4d152c91b66f19facf6fefd783b1f94cc36412bfcc208b694167cd1029893e3,desarrollo
1351,6683383f063852b7f45c24fbffb942489d7ad7981d8cec99da87054c4ac8049a,desarrollo
1352,6683383f063852b7f45c24fbffb942489d7ad7981d8cec99da87054c4ac8049a,desarrollo
1353,548bbbd4e10174a914e0ebd3060fbb31c7b27098757697c82cd62a378077d989,desarrollo
1354,6683383f063852b7f45c24fbffb942489d7ad7981d8cec99da87054c4ac8049a,desarrollo
1355,00ddf39a5438f51726f9523835c7abc847baa1e358ebd68332b7350c3da73f91,desarrollo
1356,6683383f063852b7f45c24fbffb942489d7ad7981d8cec99da87054c4ac8049a,desarrollo
1357,6683383f063852b7f45c24fbffb942489d7ad7981d8cec99da87054c4ac8049a,desarrollo
1358,6683383f063852b7f45c24fbffb942489d7ad7981d8cec99da87054c4ac8049a,desarrollo
1359,6683383f063852b7f45c24fbffb942489d7ad7981d8cec99da87054c4ac8049a,desarrollo
1360,6683383f063852b7f45c24fbffb942489d7ad7981d8cec99da87054c4ac8049a,desarrollo
1361,6683383f063852b7f45c24fbffb942489d7ad7981d8cec99da87054c4ac8049a,desarrollo
1362,0668828c57d11c0425ab6906cc674cdfb8896ecd1f9b266798face757248df52,desarrollo
1363,0668828c57d11c0425ab6906cc674cdfb8896ecd1f9b266798face757248df52,desarrollo
1364,0668828c57d11c0425ab6906cc674cdfb8896ecd1f9b266798face757248df52,desarrollo
1365,0790b9c85a96407adcb43fb801f8a1d3d05303608fbff7ae8545e3beb28f97e7,desarrollo
1366,0668828c57d11c0425ab6906cc674cdfb8896ecd1f9b266798face757248df52,desarrollo
1367,0668828c57d11c0425ab6906cc674cdfb8896ecd1f9b266798face757248df52,desarrollo
1368,0668828c57d11c0425ab6906cc674cdfb8896ecd1f9b266798face757248df52,desarrollo
1369,0668828c57d11c0425ab6906cc674cdfb8896ecd1f9b266798face757248df52,desarrollo
1370,6f27d48a990d4bc613d3e9b193bb51c610edf1d89dbe013f6755ac9eb11bdeff,desarrollo
1371,0668828c57d11c0425ab6906cc674cdfb8896ecd1f9b266798face757248df52,desarrollo
1372,0668828c57d11c0425ab6906cc674cdfb8896ecd1f9b266798face757248df52,desarrollo
1373,0bc04de9cb5d128ea61948351bc6c5a9aa73814edd7d8bc00945cbe2934f3806,desarrollo
1374,c6d3c1cf48792443b069b1f35f58526ffcab93172f5e3761c7abe8277c10958e,holdout
1375,0bc04de9cb5d128ea61948351bc6c5a9aa73814edd7d8bc00945cbe2934f3806,desarrollo
1376,0bc04de9cb5d128ea61948351bc6c5a9aa73814edd7d8bc00945cbe2934f3806,desarrollo
1377,0bc04de9cb5d128ea61948351bc6c5a9aa73814edd7d8bc00945cbe2934f3806,desarrollo
1378,0bc04de9cb5d128ea61948351bc6c5a9aa73814edd7d8bc00945cbe2934f3806,desarrollo
1379,0bc04de9cb5d128ea61948351bc6c5a9aa73814edd7d8bc00945cbe2934f3806,desarrollo
1380,08bcdf2decf88d4589eee29e555e99c935d3ab773b256d2c2c6bfdfb3cf71549,holdout
1381,0bc04de9cb5d128ea61948351bc6c5a9aa73814edd7d8bc00945cbe2934f3806,desarrollo
1382,0bc04de9cb5d128ea61948351bc6c5a9aa73814edd7d8bc00945cbe2934f3806,desarrollo
1383,d51658873a05baddedb70ac81c684bfd9929aedf1f4c06c3515bb22a23476e78,holdout
1384,d51658873a05baddedb70ac81c684bfd9929aedf1f4c06c3515bb22a23476e78,holdout
1385,5e4cb3908d19a6b6308f85f573e346316cef52ff7892bb257ee96759b810a242,desarrollo
1386,d51658873a05baddedb70ac81c684bfd9929aedf1f4c06c3515bb22a23476e78,holdout
1387,9e1d76389c0dcae7885b8da9739d1a30c8c348b7eee0796c33bc810280492cfa,desarrollo
1388,d51658873a05baddedb70ac81c684bfd9929aedf1f4c06c3515bb22a23476e78,holdout
1389,d51658873a05baddedb70ac81c684bfd9929aedf1f4c06c3515bb22a23476e78,holdout
1390,d51658873a05baddedb70ac81c684bfd9929aedf1f4c06c3515bb22a23476e78,holdout
1391,d51658873a05baddedb70ac81c684bfd9929aedf1f4c06c3515bb22a23476e78,holdout
1392,d51658873a05baddedb70ac81c684bfd9929aedf1f4c06c3515bb22a23476e78,holdout
1393,d51658873a05baddedb70ac81c684bfd9929aedf1f4c06c3515bb22a23476e78,holdout
1394,2fe37ea725f24b0543e07c881cb64b91cdf58736f79efc21de438273c69363b9,desarrollo
1395,2fe37ea725f24b0543e07c881cb64b91cdf58736f79efc21de438273c69363b9,desarrollo
1396,2fe37ea725f24b0543e07c881cb64b91cdf58736f79efc21de438273c69363b9,desarrollo
1397,5a22579ad451e652fd7f7712fcb9a7347e4ac292deb847a6765005dc942fd323,holdout
1398,2fe37ea725f24b0543e07c881cb64b91cdf58736f79efc21de438273c69363b9,desarrollo
1399,2fe37ea725f24b0543e07c881cb64b91cdf58736f79efc21de438273c69363b9,desarrollo
1400,2fe37ea725f24b0543e07c881cb64b91cdf58736f79efc21de438273c69363b9,desarrollo
1401,93a2e8bec1dcf73f3d21d609fdcc2a0c75ed211987d66b4704dca9b1040acd14,holdout
1402,2fe37ea725f24b0543e07c881cb64b91cdf58736f79efc21de438273c69363b9,desarrollo
1403,2fe37ea725f24b0543e07c881cb64b91cdf58736f79efc21de438273c69363b9,desarrollo
1404,2fe37ea725f24b0543e07c881cb64b91cdf58736f79efc21de438273c69363b9,desarrollo
1405,d7b8e09d8b58188ebef5cc42d339dd6728a5868752b878af026bae7876e38afe,desarrollo
1406,2a815a7d3e39a6a96b82063d9ca5a3141f129f250f29561e1710962749519cb8,desarrollo
1407,2a815a7d3e39a6a96b82063d9ca5a3141f129f250f29561e1710962749519cb8,desarrollo
1408,2a815a7d3e39a6a96b82063d9ca5a3141f129f250f29561e1710962749519cb8,desarrollo
1409,befbdd3f6084b671efa48d62206788900c302d5857cb12adad7b231c49033e03,desarrollo
1410,2a815a7d3e39a6a96b82063d9ca5a3141f129f250f29561e1710962749519cb8,desarrollo
1411,2a815a7d3e39a6a96b82063d9ca5a3141f129f250f29561e1710962749519cb8,desarrollo
1412,2a815a7d3e39a6a96b82063d9ca5a3141f129f250f29561e1710962749519cb8,desarrollo
1413,2a815a7d3e39a6a96b82063d9ca5a3141f129f250f29561e1710962749519cb8,desarrollo
1414,2a815a7d3e39a6a96b82063d9ca5a3141f129f250f29561e1710962749519cb8,desarrollo
1415,45083ec0108d14a087095eaf91213040cbcf04c746863bda1f24b0166152159d,desarrollo
1416,45083ec0108d14a087095eaf91213040cbcf04c746863bda1f24b0166152159d,desarrollo
1417,45083ec0108d14a087095eaf91213040cbcf04c746863bda1f24b0166152159d,desarrollo
1418,45083ec0108d14a087095eaf91213040cbcf04c746863bda1f24b0166152159d,desarrollo
1419,45083ec0108d14a087095eaf91213040cbcf04c746863bda1f24b0166152159d,desarrollo
1420,45083ec0108d14a087095eaf91213040cbcf04c746863bda1f24b0166152159d,desarrollo
1421,fb725a117b41a5bf329579f8319d557cba095e1cb4a900c4eb0485497aca56de,desarrollo
1422,fb725a117b41a5bf329579f8319d557cba095e1cb4a900c4eb0485497aca56de,desarrollo
1423,fb725a117b41a5bf329579f8319d557cba095e1cb4a900c4eb0485497aca56de,desarrollo
1424,fb725a117b41a5bf329579f8319d557cba095e1cb4a900c4eb0485497aca56de,desarrollo
1425,fb725a117b41a5bf329579f8319d557cba095e1cb4a900c4eb0485497aca56de,desarrollo
1426,fb725a117b41a5bf329579f8319d557cba095e1cb4a900c4eb0485497aca56de,desarrollo
1427,fb725a117b41a5bf329579f8319d557cba095e1cb4a900c4eb0485497aca56de,desarrollo
1428,5beae22264189c7fedda4f20a6e5455ff3cdc9f921712f2097408888e8d94aee,desarrollo
1429,d70dccd475881d58680e7f9e0702be78b41a7e70663c699a314b6f9a91153bfc,desarrollo
1430,fb725a117b41a5bf329579f8319d557cba095e1cb4a900c4eb0485497aca56de,desarrollo
1431,fb725a117b41a5bf329579f8319d557cba095e1cb4a900c4eb0485497aca56de,desarrollo
1432,ae3dd47f1f912aa3815812748078589087efbc8e5157733264bdf130e9843e24,holdout
1433,ae3dd47f1f912aa3815812748078589087efbc8e5157733264bdf130e9843e24,holdout
1434,ae3dd47f1f912aa3815812748078589087efbc8e5157733264bdf130e9843e24,holdout
1435,ae3dd47f1f912aa3815812748078589087efbc8e5157733264bdf130e9843e24,holdout
1436,ae3dd47f1f912aa3815812748078589087efbc8e5157733264bdf130e9843e24,holdout
1437,ae3dd47f1f912aa3815812748078589087efbc8e5157733264bdf130e9843e24,holdout
1438,ae3dd47f1f912aa3815812748078589087efbc8e5157733264bdf130e9843e24,holdout
1439,99d28902fc44edc68cd6fe9da2a7d77502d846f3a91b2ee83ec0e9ff3aa195a8,desarrollo
1440,65a6c8e49a88317a4f2c5d2459621bdf97fdd881d24b0ee5cabf5b7a36d1defe,desarrollo
1441,99d28902fc44edc68cd6fe9da2a7d77502d846f3a91b2ee83ec0e9ff3aa195a8,desarrollo
1442,99d28902fc44edc68cd6fe9da2a7d77502d846f3a91b2ee83ec0e9ff3aa195a8,desarrollo
1443,99d28902fc44edc68cd6fe9da2a7d77502d846f3a91b2ee83ec0e9ff3aa195a8,desarrollo
1444,99d28902fc44edc68cd6fe9da2a7d77502d846f3a91b2ee83ec0e9ff3aa195a8,desarrollo
1445,2a376c37eef1c8b40023df487daecc4452fb51eabf963a57f44d4a78a9514cb0,desarrollo
1446,99d28902fc44edc68cd6fe9da2a7d77502d846f3a91b2ee83ec0e9ff3aa195a8,desarrollo
1447,99d28902fc44edc68cd6fe9da2a7d77502d846f3a91b2ee83ec0e9ff3aa195a8,desarrollo
1448,99d28902fc44edc68cd6fe9da2a7d77502d846f3a91b2ee83ec0e9ff3aa195a8,desarrollo
1449,99d28902fc44edc68cd6fe9da2a7d77502d846f3a91b2ee83ec0e9ff3aa195a8,desarrollo
1450,6638f6ebae4c33929e3b8843f0bac3882c6e965f18c05be60cb36184fb4d3050,desarrollo
1451,13dac2bd65fe8b37534918d8373771c432e9f3b599b055138b89b45863ca9161,desarrollo
1452,6638f6ebae4c33929e3b8843f0bac3882c6e965f18c05be60cb36184fb4d3050,desarrollo
1453,6638f6ebae4c33929e3b8843f0bac3882c6e965f18c05be60cb36184fb4d3050,desarrollo
1454,6638f6ebae4c33929e3b8843f0bac3882c6e965f18c05be60cb36184fb4d3050,desarrollo
1455,aacdd9cc7d7b3025bab1e3e103eb0202dc9c00b6f3a96bd7ec0c19894ccb4ef8,desarrollo
1456,6638f6ebae4c33929e3b8843f0bac3882c6e965f18c05be60cb36184fb4d3050,desarrollo
1457,6638f6ebae4c33929e3b8843f0bac3882c6e965f18c05be60cb36184fb4d3050,desarrollo
1458,6638f6ebae4c33929e3b8843f0bac3882c6e965f18c05be60cb36184fb4d3050,desarrollo
1459,6638f6ebae4c33929e3b8843f0bac3882c6e965f18c05be60cb36184fb4d3050,desarrollo
1460,6638f6ebae4c33929e3b8843f0bac3882c6e965f18c05be60cb36184fb4d3050,desarrollo
1461,21dccecfc38150b3f23f4330a2f2e53a5a522e61d6a10379cd2d5fe488ec7e0a,desarrollo
1462,77f09eba7c0169c46ec8d1b10c38e9cb3d7234f9a493ba5eaf6d08c1952319a7,desarrollo
1463,21dccecfc38150b3f23f4330a2f2e53a5a522e61d6a10379cd2d5fe488ec7e0a,desarrollo
1464,21dccecfc38150b3f23f4330a2f2e53a5a522e61d6a10379cd2d5fe488ec7e0a,desarrollo
1465,e7c6089887c42974d5ad21944f2f7bba6266d83658a61207500cbeeef2ab598d,desarrollo
1466,21dccecfc38150b3f23f4330a2f2e53a5a522e61d6a10379cd2d5fe488ec7e0a,desarrollo
1467,21dccecfc38150b3f23f4330a2f2e53a5a522e61d6a10379cd2d5fe488ec7e0a,desarrollo
1468,21dccecfc38150b3f23f4330a2f2e53a5a522e61d6a10379cd2d5fe488ec7e0a,desarrollo
1469,21dccecfc38150b3f23f4330a2f2e53a5a522e61d6a10379cd2d5fe488ec7e0a,desarrollo
1470,21dccecfc38150b3f23f4330a2f2e53a5a522e61d6a10379cd2d5fe488ec7e0a,desarrollo
1471,04e35470a37f743ffb69517930413c85380fa5388b35210fc91cae522494e2c0,desarrollo
1472,04e35470a37f743ffb69517930413c85380fa5388b35210fc91cae522494e2c0,desarrollo
1473,2bd2331b20d43b611625f4adbc7cfa4860c740fe97da805c0f12fcd3802f3888,holdout
1474,04e35470a37f743ffb69517930413c85380fa5388b35210fc91cae522494e2c0,desarrollo
1475,04e35470a37f743ffb69517930413c85380fa5388b35210fc91cae522494e2c0,desarrollo
1476,04e35470a37f743ffb69517930413c85380fa5388b35210fc91cae522494e2c0,desarrollo
1477,04e35470a37f743ffb69517930413c85380fa5388b35210fc91cae522494e2c0,desarrollo
1478,04e35470a37f743ffb69517930413c85380fa5388b35210fc91cae522494e2c0,desarrollo
1479,b86cae852fb4e5e469c1d0d2901feac27472f4fc87ddff546c8f443542e0e2b2,desarrollo
1480,04e35470a37f743ffb69517930413c85380fa5388b35210fc91cae522494e2c0,desarrollo
1481,04e35470a37f743ffb69517930413c85380fa5388b35210fc91cae522494e2c0,desarrollo
1482,57653f1fcd4659bd5b909af35d64bc7c5e091dad9b4cf36fe1a713840570aeca,desarrollo
1483,57653f1fcd4659bd5b909af35d64bc7c5e091dad9b4cf36fe1a713840570aeca,desarrollo
1484,57653f1fcd4659bd5b909af35d64bc7c5e091dad9b4cf36fe1a713840570aeca,desarrollo
1485,57653f1fcd4659bd5b909af35d64bc7c5e091dad9b4cf36fe1a713840570aeca,desarrollo
1486,57653f1fcd4659bd5b909af35d64bc7c5e091dad9b4cf36fe1a713840570aeca,desarrollo
1487,57653f1fcd4659bd5b909af35d64bc7c5e091dad9b4cf36fe1a713840570aeca,desarrollo
1488,b53b2358c6570cdb027303de7fb12982f99c1e52719b32450a40d3d66132ed4c,desarrollo
1489,b53b2358c6570cdb027303de7fb12982f99c1e52719b32450a40d3d66132ed4c,desarrollo
1490,b53b2358c6570cdb027303de7fb12982f99c1e52719b32450a40d3d66132ed4c,desarrollo
1491,b53b2358c6570cdb027303de7fb12982f99c1e52719b32450a40d3d66132ed4c,desarrollo
1492,b53b2358c6570cdb027303de7fb12982f99c1e52719b32450a40d3d66132ed4c,desarrollo
1493,4cd7257554f0efcf52265d999e77701039f0110f5b08030b84665a192e015040,desarrollo
1494,651b35578b1721369616821237b40053ad80bc4b91ac50cce43ecd8413256ecd,desarrollo
1495,b53b2358c6570cdb027303de7fb12982f99c1e52719b32450a40d3d66132ed4c,desarrollo
1496,b53b2358c6570cdb027303de7fb12982f99c1e52719b32450a40d3d66132ed4c,desarrollo
1497,b53b2358c6570cdb027303de7fb12982f99c1e52719b32450a40d3d66132ed4c,desarrollo
1498,b53b2358c6570cdb027303de7fb12982f99c1e52719b32450a40d3d66132ed4c,desarrollo
1499,9f1a4bc4e7b7a22493286aadef47f4cd5f9797d29a9c62a83dfce0b44e1c65c6,holdout
1500,9f1a4bc4e7b7a22493286aadef47f4cd5f9797d29a9c62a83dfce0b44e1c65c6,holdout
1501,9f1a4bc4e7b7a22493286aadef47f4cd5f9797d29a9c62a83dfce0b44e1c65c6,holdout
1502,9f1a4bc4e7b7a22493286aadef47f4cd5f9797d29a9c62a83dfce0b44e1c65c6,holdout
1503,9f1a4bc4e7b7a22493286aadef47f4cd5f9797d29a9c62a83dfce0b44e1c65c6,holdout
1504,9f1a4bc4e7b7a22493286aadef47f4cd5f9797d29a9c62a83dfce0b44e1c65c6,holdout
1505,9f1a4bc4e7b7a22493286aadef47f4cd5f9797d29a9c62a83dfce0b44e1c65c6,holdout
1506,ac4ee0a63380edf15e78f7ecd74c62ba284fe2ffa031f7448bdf5139acaf695a,desarrollo
1507,9f1a4bc4e7b7a22493286aadef47f4cd5f9797d29a9c62a83dfce0b44e1c65c6,holdout
1508,d4ebbf3f815737130e416ca479df04f08bcac24bdc5dca9cb70640bf3703c152,desarrollo
1509,999dc3498f062d7e5faf5a49fafc4c1064f002212be24222e641ecd35a5ff63f,desarrollo
1510,770011883da62f77b5c889871bfdd749cfd35f6e62d1467ce2a53c648975441c,desarrollo
1511,999dc3498f062d7e5faf5a49fafc4c1064f002212be24222e641ecd35a5ff63f,desarrollo
1512,999dc3498f062d7e5faf5a49fafc4c1064f002212be24222e641ecd35a5ff63f,desarrollo
1513,999dc3498f062d7e5faf5a49fafc4c1064f002212be24222e641ecd35a5ff63f,desarrollo
1514,ce5685820f7627f5f5cdfeb888f94542d90b9365be7f7c6f98a5eaf3dfee6249,desarrollo
1515,999dc3498f062d7e5faf5a49fafc4c1064f002212be24222e641ecd35a5ff63f,desarrollo
1516,999dc3498f062d7e5faf5a49fafc4c1064f002212be24222e641ecd35a5ff63f,desarrollo
1517,999dc3498f062d7e5faf5a49fafc4c1064f002212be24222e641ecd35a5ff63f,desarrollo
1518,999dc3498f062d7e5faf5a49fafc4c1064f002212be24222e641ecd35a5ff63f,desarrollo
1519,999dc3498f062d7e5faf5a49fafc4c1064f002212be24222e641ecd35a5ff63f,desarrollo
1520,9c4d4021670f811ea85377bc8498a27e204d7ef4818cf14e871ff25d3328891c,desarrollo
1521,9c4d4021670f811ea85377bc8498a27e204d7ef4818cf14e871ff25d3328891c,desarrollo
1522,f10fc96c6bc05564791211797d19b12140acd4bfee52222b468a3a20b09a891f,desarrollo
1523,9c4d4021670f811ea85377bc8498a27e204d7ef4818cf14e871ff25d3328891c,desarrollo
1524,9c4d4021670f811ea85377bc8498a27e204d7ef4818cf14e871ff25d3328891c,desarrollo
1525,9378777ff7b39701cfb5e2cab213e4b150e7b2a63758a4628288fe8e940d04a9,desarrollo
1526,9c4d4021670f811ea85377bc8498a27e204d7ef4818cf14e871ff25d3328891c,desarrollo
1527,9c4d4021670f811ea85377bc8498a27e204d7ef4818cf14e871ff25d3328891c,desarrollo
1528,9c4d4021670f811ea85377bc8498a27e204d7ef4818cf14e871ff25d3328891c,desarrollo
1529,9c4d4021670f811ea85377bc8498a27e204d7ef4818cf14e871ff25d3328891c,desarrollo
1530,95f83f1df00617f75cb45d8fb7c637bd68f821fd05f7c412c6ceed7df365970c,desarrollo
1531,16f36293a9a03626636d11080d2e8bfbf8df3d4b5cb7d92b5a4c67a86acd1147,holdout
1532,95f83f1df00617f75cb45d8fb7c637bd68f821fd05f7c412c6ceed7df365970c,desarrollo
1533,95f83f1df00617f75cb45d8fb7c637bd68f821fd05f7c412c6ceed7df365970c,desarrollo
1534,95f83f1df00617f75cb45d8fb7c637bd68f821fd05f7c412c6ceed7df365970c,desarrollo
1535,95f83f1df00617f75cb45d8fb7c637bd68f821fd05f7c412c6ceed7df365970c,desarrollo
1536,cacc699706d0e2fe76ff5a14e8d62a0d2a26516f38e4a2613780d1a8d1e3b06e,desarrollo
1537,95f83f1df00617f75cb45d8fb7c637bd68f821fd05f7c412c6ceed7df365970c,desarrollo
1538,95f83f1df00617f75cb45d8fb7c637bd68f821fd05f7c412c6ceed7df365970c,desarrollo
1539,95f83f1df00617f75cb45d8fb7c637bd68f821fd05f7c412c6ceed7df365970c,desarrollo
1540,be1346586e79a9712b311fb008e14a944f2ce13828df4fb13a473cda14ebf266,desarrollo
1541,be1346586e79a9712b311fb008e14a944f2ce13828df4fb13a473cda14ebf266,desarrollo
1542,be1346586e79a9712b311fb008e14a944f2ce13828df4fb13a473cda14ebf266,desarrollo
1543,be1346586e79a9712b311fb008e14a944f2ce13828df4fb13a473cda14ebf266,desarrollo
1544,be1346586e79a9712b311fb008e14a944f2ce13828df4fb13a473cda14ebf266,desarrollo
1545,be1346586e79a9712b311fb008e14a944f2ce13828df4fb13a473cda14ebf266,desarrollo
1546,5eb58199bab7d9ed3fe0b25c5adc04cd5a04826bf459a1e6d9113695a61e0ff2,holdout
1547,0f0cd742d321303e9450b34f88fb1afcb609eceb4583f2c87868d7f2dc9f6136,desarrollo
1548,be1346586e79a9712b311fb008e14a944f2ce13828df4fb13a473cda14ebf266,desarrollo
1549,be1346586e79a9712b311fb008e14a944f2ce13828df4fb13a473cda14ebf266,desarrollo
1550,853c9bfcd1e1b6ad802232b251ae52b299751477e91a65a93913ac4927b716fb,desarrollo
1551,4af9d7e764c62adf5be78a9806bdc9a9746876d99e42f330cdf4dc51d4c2a2bc,holdout
1552,853c9bfcd1e1b6ad802232b251ae52b299751477e91a65a93913ac4927b716fb,desarrollo
1553,853c9bfcd1e1b6ad802232b251ae52b299751477e91a65a93913ac4927b716fb,desarrollo
1554,853c9bfcd1e1b6ad802232b251ae52b299751477e91a65a93913ac4927b716fb,desarrollo
1555,853c9bfcd1e1b6ad802232b251ae52b299751477e91a65a93913ac4927b716fb,desarrollo
1556,853c9bfcd1e1b6ad802232b251ae52b299751477e91a65a93913ac4927b716fb,desarrollo
1557,9b12126045a3490c5c354f307e16471a56743d1666a0b9356a4348065724b5c5,desarrollo
1558,853c9bfcd1e1b6ad802232b251ae52b299751477e91a65a93913ac4927b716fb,desarrollo
1559,853c9bfcd1e1b6ad802232b251ae52b299751477e91a65a93913ac4927b716fb,desarrollo
1560,853c9bfcd1e1b6ad802232b251ae52b299751477e91a65a93913ac4927b716fb,desarrollo
1561,0331b3033ee081c44fab941bb3722612734f0d77aedb91d3a8ca4d879f06431e,desarrollo
1562,0331b3033ee081c44fab941bb3722612734f0d77aedb91d3a8ca4d879f06431e,desarrollo
1563,0331b3033ee081c44fab941bb3722612734f0d77aedb91d3a8ca4d879f06431e,desarrollo
1564,0331b3033ee081c44fab941bb3722612734f0d77aedb91d3a8ca4d879f06431e,desarrollo
1565,8b4644acfb3587b77f9b2484e79c15a9f4abaddec60bf4cb423067d2ad4d2b43,desarrollo
1566,0331b3033ee081c44fab941bb3722612734f0d77aedb91d3a8ca4d879f06431e,desarrollo
1567,0331b3033ee081c44fab941bb3722612734f0d77aedb91d3a8ca4d879f06431e,desarrollo
1568,0331b3033ee081c44fab941bb3722612734f0d77aedb91d3a8ca4d879f06431e,desarrollo
1569,8463d0fe97bdadea434b67a9537961f5476d6024007ed348ec81645c30def06f,desarrollo
1570,0331b3033ee081c44fab941bb3722612734f0d77aedb91d3a8ca4d879f06431e,desarrollo
1571,975e1e2709e29579791dda1d28391a58051c81c4205dc6ef88a0252c8f82a6d1,desarrollo
1572,975e1e2709e29579791dda1d28391a58051c81c4205dc6ef88a0252c8f82a6d1,desarrollo
1573,83af852d6e964b87c50f1ecc251daec5ff2f68a2ea9d069147990f41c58c574f,desarrollo
1574,975e1e2709e29579791dda1d28391a58051c81c4205dc6ef88a0252c8f82a6d1,desarrollo
1575,614a7b593cc6ce12f36add11bc8e53b39cb3f3fdf4c3abf4b0478bde2d4dc88f,holdout
1576,975e1e2709e29579791dda1d28391a58051c81c4205dc6ef88a0252c8f82a6d1,desarrollo
1577,975e1e2709e29579791dda1d28391a58051c81c4205dc6ef88a0252c8f82a6d1,desarrollo
1578,975e1e2709e29579791dda1d28391a58051c81c4205dc6ef88a0252c8f82a6d1,desarrollo
1579,975e1e2709e29579791dda1d28391a58051c81c4205dc6ef88a0252c8f82a6d1,desarrollo
1580,975e1e2709e29579791dda1d28391a58051c81c4205dc6ef88a0252c8f82a6d1,desarrollo
1581,975e1e2709e29579791dda1d28391a58051c81c4205dc6ef88a0252c8f82a6d1,desarrollo
1582,2cb71ff74f2182e2cea954c31d6356ec2e5bc27ec38c2593df76e4c674554ab5,desarrollo
1583,fa4bdc536537a4abc3ca2563f56fe9ed6b581ee75a82d7ae929b8ae1b0fc8ca8,desarrollo
1584,fa4bdc536537a4abc3ca2563f56fe9ed6b581ee75a82d7ae929b8ae1b0fc8ca8,desarrollo
1585,fa4bdc536537a4abc3ca2563f56fe9ed6b581ee75a82d7ae929b8ae1b0fc8ca8,desarrollo
1586,fa4bdc536537a4abc3ca2563f56fe9ed6b581ee75a82d7ae929b8ae1b0fc8ca8,desarrollo
1587,fa4bdc536537a4abc3ca2563f56fe9ed6b581ee75a82d7ae929b8ae1b0fc8ca8,desarrollo
1588,fa4bdc536537a4abc3ca2563f56fe9ed6b581ee75a82d7ae929b8ae1b0fc8ca8,desarrollo
1589,22ad848b421d9aafac4c34ecd46578738d64ba8f974dbcb27d48f17bdfd6d474,desarrollo
1590,fa4bdc536537a4abc3ca2563f56fe9ed6b581ee75a82d7ae929b8ae1b0fc8ca8,desarrollo
1591,fa4bdc536537a4abc3ca2563f56fe9ed6b581ee75a82d7ae929b8ae1b0fc8ca8,desarrollo
1592,9e83f0805a50fc8861623b1f5fbf4a0f78508193bad8ec10988f9f23d493f7fe,desarrollo
1593,9e83f0805a50fc8861623b1f5fbf4a0f78508193bad8ec10988f9f23d493f7fe,desarrollo
1594,9e83f0805a50fc8861623b1f5fbf4a0f78508193bad8ec10988f9f23d493f7fe,desarrollo
1595,9e83f0805a50fc8861623b1f5fbf4a0f78508193bad8ec10988f9f23d493f7fe,desarrollo
1596,9e83f0805a50fc8861623b1f5fbf4a0f78508193bad8ec10988f9f23d493f7fe,desarrollo
1597,cc08449e0cb2a79fb0ee87d51a8366292f84f3e013a9e90686dd80e662a944fe,holdout
1598,9e83f0805a50fc8861623b1f5fbf4a0f78508193bad8ec10988f9f23d493f7fe,desarrollo
1599,9e83f0805a50fc8861623b1f5fbf4a0f78508193bad8ec10988f9f23d493f7fe,desarrollo
1600,9e83f0805a50fc8861623b1f5fbf4a0f78508193bad8ec10988f9f23d493f7fe,desarrollo
1601,821736366af688e2330709f74c91bafaf1fcb6a9a3e7af8cdde34c17f16d6b83,desarrollo
1602,45399aa327fa737ccf3f7a609acd18d72b4f6d1b850560220cfaecdcb20828c1,desarrollo
1603,45399aa327fa737ccf3f7a609acd18d72b4f6d1b850560220cfaecdcb20828c1,desarrollo
1604,56e3cab4cc3767d8480096d744630ce04c7b8383b7ac643e912fd6987df76af2,desarrollo
1605,45399aa327fa737ccf3f7a609acd18d72b4f6d1b850560220cfaecdcb20828c1,desarrollo
1606,45399aa327fa737ccf3f7a609acd18d72b4f6d1b850560220cfaecdcb20828c1,desarrollo
1607,45399aa327fa737ccf3f7a609acd18d72b4f6d1b850560220cfaecdcb20828c1,desarrollo
1608,45399aa327fa737ccf3f7a609acd18d72b4f6d1b850560220cfaecdcb20828c1,desarrollo
1609,45399aa327fa737ccf3f7a609acd18d72b4f6d1b850560220cfaecdcb20828c1,desarrollo
1610,45399aa327fa737ccf3f7a609acd18d72b4f6d1b850560220cfaecdcb20828c1,desarrollo
1611,5c7d4ee866d6e1f6f2d6d4fe6ef82d48c16c6d803484254d4b4c9cd791880858,desarrollo
1612,45399aa327fa737ccf3f7a609acd18d72b4f6d1b850560220cfaecdcb20828c1,desarrollo
1613,9b0f8c1b5e2585bf1ec0329925e9f7f1a313ab6a02e186ccd443a8b4d26d6a55,desarrollo
1614,08444441ac6dc5a300bfba35999ef91e5ff082a8b338be3cd6d0567bf97d73ed,desarrollo
1615,9b0f8c1b5e2585bf1ec0329925e9f7f1a313ab6a02e186ccd443a8b4d26d6a55,desarrollo
1616,9b0f8c1b5e2585bf1ec0329925e9f7f1a313ab6a02e186ccd443a8b4d26d6a55,desarrollo
1617,9b0f8c1b5e2585bf1ec0329925e9f7f1a313ab6a02e186ccd443a8b4d26d6a55,desarrollo
1618,9b0f8c1b5e2585bf1ec0329925e9f7f1a313ab6a02e186ccd443a8b4d26d6a55,desarrollo
1619,2c964089a4e85961f796ac7ff85992b7abc9237c0c4b6530e18b5299279cdddf,desarrollo
1620,9b0f8c1b5e2585bf1ec0329925e9f7f1a313ab6a02e186ccd443a8b4d26d6a55,desarrollo
1621,9b0f8c1b5e2585bf1ec0329925e9f7f1a313ab6a02e186ccd443a8b4d26d6a55,desarrollo
1622,9b0f8c1b5e2585bf1ec0329925e9f7f1a313ab6a02e186ccd443a8b4d26d6a55,desarrollo
1623,9b0f8c1b5e2585bf1ec0329925e9f7f1a313ab6a02e186ccd443a8b4d26d6a55,desarrollo
1624,4c91a2b0081ed706273157e01666bae8f98ee644aedf5253f58803d81996f3b2,desarrollo
1625,915deb5672d430a5733af16e3b610fc48f39cd20ecf3c6c215671aa8fdd016e6,desarrollo
1626,4c91a2b0081ed706273157e01666bae8f98ee644aedf5253f58803d81996f3b2,desarrollo
1627,4c91a2b0081ed706273157e01666bae8f98ee644aedf5253f58803d81996f3b2,desarrollo
1628,47de66e8ff0edbfad8cfdb659376b2f4168eefaae623421f86f43e9029620117,desarrollo
1629,4c91a2b0081ed706273157e01666bae8f98ee644aedf5253f58803d81996f3b2,desarrollo
1630,4c91a2b0081ed706273157e01666bae8f98ee644aedf5253f58803d81996f3b2,desarrollo
1631,4c91a2b0081ed706273157e01666bae8f98ee644aedf5253f58803d81996f3b2,desarrollo
1632,4c91a2b0081ed706273157e01666bae8f98ee644aedf5253f58803d81996f3b2,desarrollo
1633,4c91a2b0081ed706273157e01666bae8f98ee644aedf5253f58803d81996f3b2,desarrollo
1634,9e1935a0586d4ac845283f61cb6b7fcca7ef63ad96b96474007e8d7d3b5d05e1,desarrollo
1635,9e1935a0586d4ac845283f61cb6b7fcca7ef63ad96b96474007e8d7d3b5d05e1,desarrollo
1636,d604e0c5ca0709e1317dec8e4a0ce02fe69011c92157b158a14ddb37fe0b80b7,desarrollo
1637,9e1935a0586d4ac845283f61cb6b7fcca7ef63ad96b96474007e8d7d3b5d05e1,desarrollo
1638,9e1935a0586d4ac845283f61cb6b7fcca7ef63ad96b96474007e8d7d3b5d05e1,desarrollo
1639,0425959b9b53b07597b6dcc3870bf49367f821092295b381d0aff3a4a4addb8b,desarrollo
1640,9e1935a0586d4ac845283f61cb6b7fcca7ef63ad96b96474007e8d7d3b5d05e1,desarrollo
1641,9e1935a0586d4ac845283f61cb6b7fcca7ef63ad96b96474007e8d7d3b5d05e1,desarrollo
1642,9e1935a0586d4ac845283f61cb6b7fcca7ef63ad96b96474007e8d7d3b5d05e1,desarrollo
1643,9e1935a0586d4ac845283f61cb6b7fcca7ef63ad96b96474007e8d7d3b5d05e1,desarrollo
1644,9e1935a0586d4ac845283f61cb6b7fcca7ef63ad96b96474007e8d7d3b5d05e1,desarrollo
1645,5883525255aff6dc0d4dba7e202ed09a90a8c4ca1a3b75d7cb72f1e85dc906d5,desarrollo
1646,f49ab4d5d7820cc5b079005f3dc2d74196c5460be1e61a460faffc162cffc792,desarrollo
1647,5883525255aff6dc0d4dba7e202ed09a90a8c4ca1a3b75d7cb72f1e85dc906d5,desarrollo
1648,7f0b92a08b3ed364d7920280e05802d729152471d92b6bc7a3bd79aee921c438,desarrollo
1649,5883525255aff6dc0d4dba7e202ed09a90a8c4ca1a3b75d7cb72f1e85dc906d5,desarrollo
1650,5883525255aff6dc0d4dba7e202ed09a90a8c4ca1a3b75d7cb72f1e85dc906d5,desarrollo
1651,5883525255aff6dc0d4dba7e202ed09a90a8c4ca1a3b75d7cb72f1e85dc906d5,desarrollo
1652,5883525255aff6dc0d4dba7e202ed09a90a8c4ca1a3b75d7cb72f1e85dc906d5,desarrollo
1653,5883525255aff6dc0d4dba7e202ed09a90a8c4ca1a3b75d7cb72f1e85dc906d5,desarrollo
1654,5883525255aff6dc0d4dba7e202ed09a90a8c4ca1a3b75d7cb72f1e85dc906d5,desarrollo
1655,31281aaf640818d1a3c3b6360870ee2994eb1bc0fbf30ecd1b89b01995232f75,desarrollo
1656,39d1c1858ca0dff03ad9d558fde3a7731451234ad4f8ee59a478eae9cdeed579,desarrollo
1657,39d1c1858ca0dff03ad9d558fde3a7731451234ad4f8ee59a478eae9cdeed579,desarrollo
1658,39d1c1858ca0dff03ad9d558fde3a7731451234ad4f8ee59a478eae9cdeed579,desarrollo
1659,39d1c1858ca0dff03ad9d558fde3a7731451234ad4f8ee59a478eae9cdeed579,desarrollo
1660,39d1c1858ca0dff03ad9d558fde3a7731451234ad4f8ee59a478eae9cdeed579,desarrollo
1661,39d1c1858ca0dff03ad9d558fde3a7731451234ad4f8ee59a478eae9cdeed579,desarrollo
1662,39d1c1858ca0dff03ad9d558fde3a7731451234ad4f8ee59a478eae9cdeed579,desarrollo
1663,c7222121d1ba921b5841daf3817484417b59ef54b58b87c1c717ce0b7cd2e6fb,desarrollo
1664,39d1c1858ca0dff03ad9d558fde3a7731451234ad4f8ee59a478eae9cdeed579,desarrollo
1665,0bf0449d76c8e4fc7acbb0d763ed15ef327bfe8a0bb182de4da1f10ac10446d0,holdout
1666,0bf0449d76c8e4fc7acbb0d763ed15ef327bfe8a0bb182de4da1f10ac10446d0,holdout
1667,def70cd6e251a0d1dc5bacd773724077663ef5280dd2849e20eb52de99aa9e4d,desarrollo
1668,0bf0449d76c8e4fc7acbb0d763ed15ef327bfe8a0bb182de4da1f10ac10446d0,holdout
1669,0bf0449d76c8e4fc7acbb0d763ed15ef327bfe8a0bb182de4da1f10ac10446d0,holdout
1670,0bf0449d76c8e4fc7acbb0d763ed15ef327bfe8a0bb182de4da1f10ac10446d0,holdout
1671,0bf0449d76c8e4fc7acbb0d763ed15ef327bfe8a0bb182de4da1f10ac10446d0,holdout
1672,0bf0449d76c8e4fc7acbb0d763ed15ef327bfe8a0bb182de4da1f10ac10446d0,holdout
1673,089eb109243b2e7e9f6bb5de2525914cfea391a0937de093798dbab1dc1ff62a,desarrollo
1674,0bf0449d76c8e4fc7acbb0d763ed15ef327bfe8a0bb182de4da1f10ac10446d0,holdout
1675,73e93fe4ec42e294641fec83a099ccd48f5811a36f6efa5dca4f805fa6af8d4c,desarrollo
1676,376ce0370ba225e7915b89ba30b666bb0abbf2fb6c3a7c6be05cc77a21005828,desarrollo
1677,73e93fe4ec42e294641fec83a099ccd48f5811a36f6efa5dca4f805fa6af8d4c,desarrollo
1678,60853a4a81b572147fa3b15d3c805d1065d37236d754c9d35cf331a462a4522b,holdout
1679,73e93fe4ec42e294641fec83a099ccd48f5811a36f6efa5dca4f805fa6af8d4c,desarrollo
1680,73e93fe4ec42e294641fec83a099ccd48f5811a36f6efa5dca4f805fa6af8d4c,desarrollo
1681,73e93fe4ec42e294641fec83a099ccd48f5811a36f6efa5dca4f805fa6af8d4c,desarrollo
1682,73e93fe4ec42e294641fec83a099ccd48f5811a36f6efa5dca4f805fa6af8d4c,desarrollo
1683,73e93fe4ec42e294641fec83a099ccd48f5811a36f6efa5dca4f805fa6af8d4c,desarrollo
1684,73e93fe4ec42e294641fec83a099ccd48f5811a36f6efa5dca4f805fa6af8d4c,desarrollo
1685,f00dbae0d3d2ee38b04becd65df26ea358e6a0bfac9de7e6ec4bb14277acdc1e,desarrollo
1686,9dbe1f8c3d7a04f5aeda5e78d9feeb95e562e021b2047dc8e9034de3f11c00fd,desarrollo
1687,9dbe1f8c3d7a04f5aeda5e78d9feeb95e562e021b2047dc8e9034de3f11c00fd,desarrollo
1688,00e77276a7cc1852dd0d26f7108ee9a7ee63823b1333d94634935370bf105b13,desarrollo
1689,9dbe1f8c3d7a04f5aeda5e78d9feeb95e562e021b2047dc8e9034de3f11c00fd,desarrollo
1690,9dbe1f8c3d7a04f5aeda5e78d9feeb95e562e021b2047dc8e9034de3f11c00fd,desarrollo
1691,9dbe1f8c3d7a04f5aeda5e78d9feeb95e562e021b2047dc8e9034de3f11c00fd,desarrollo
1692,9dbe1f8c3d7a04f5aeda5e78d9feeb95e562e021b2047dc8e9034de3f11c00fd,desarrollo
1693,9dbe1f8c3d7a04f5aeda5e78d9feeb95e562e021b2047dc8e9034de3f11c00fd,desarrollo
1694,9dbe1f8c3d7a04f5aeda5e78d9feeb95e562e021b2047dc8e9034de3f11c00fd,desarrollo
1695,00fa48a855cda085eb01f0dfb6d08df38aaae67ac266e54e93f9de4c00b0c0ef,desarrollo
1696,00fa48a855cda085eb01f0dfb6d08df38aaae67ac266e54e93f9de4c00b0c0ef,desarrollo
1697,00fa48a855cda085eb01f0dfb6d08df38aaae67ac266e54e93f9de4c00b0c0ef,desarrollo
1698,aeff6701deae1b69f3bc4bd0cb71be3013f1f59fdbee9ddddf8e014429816dae,desarrollo
1699,61917c568a91ccfd4b34ca98322303c8a321aed242a52912f45dff0e4989c0a8,desarrollo
1700,00fa48a855cda085eb01f0dfb6d08df38aaae67ac266e54e93f9de4c00b0c0ef,desarrollo
1701,00fa48a855cda085eb01f0dfb6d08df38aaae67ac266e54e93f9de4c00b0c0ef,desarrollo
1702,00fa48a855cda085eb01f0dfb6d08df38aaae67ac266e54e93f9de4c00b0c0ef,desarrollo
1703,00fa48a855cda085eb01f0dfb6d08df38aaae67ac266e54e93f9de4c00b0c0ef,desarrollo
1704,00fa48a855cda085eb01f0dfb6d08df38aaae67ac266e54e93f9de4c00b0c0ef,desarrollo
1705,db4b26f8f46171ad33ec97d1620f48cbdce21a507f5fecec153fad8d2451addd,holdout
1706,db4b26f8f46171ad33ec97d1620f48cbdce21a507f5fecec153fad8d2451addd,holdout
1707,db4b26f8f46171ad33ec97d1620f48cbdce21a507f5fecec153fad8d2451addd,holdout
1708,db4b26f8f46171ad33ec97d1620f48cbdce21a507f5fecec153fad8d2451addd,holdout
1709,db4b26f8f46171ad33ec97d1620f48cbdce21a507f5fecec153fad8d2451addd,holdout
1710,db4b26f8f46171ad33ec97d1620f48cbdce21a507f5fecec153fad8d2451addd,holdout
1711,5142aceeb0687a4771e64d95c128e4761dc7c80108fc41390ac41f3f6be5992a,holdout
1712,eec311fd020bae9f63f643e6de98461bfb3cef72c3a13e5f0f79125fa36608b9,desarrollo
1713,db4b26f8f46171ad33ec97d1620f48cbdce21a507f5fecec153fad8d2451addd,holdout
1714,db4b26f8f46171ad33ec97d1620f48cbdce21a507f5fecec153fad8d2451addd,holdout
1715,db4b26f8f46171ad33ec97d1620f48cbdce21a507f5fecec153fad8d2451addd,holdout
1716,9444c214eb14c6e1c76bfd5139c3ba3adda3af3d70007f58f5b438d76b091a5c,desarrollo
1717,9444c214eb14c6e1c76bfd5139c3ba3adda3af3d70007f58f5b438d76b091a5c,desarrollo
1718,9444c214eb14c6e1c76bfd5139c3ba3adda3af3d70007f58f5b438d76b091a5c,desarrollo
1719,91afae027f628f463448dbc4a2de5602d601f8924835f73199ea175703091940,desarrollo
1720,9444c214eb14c6e1c76bfd5139c3ba3adda3af3d70007f58f5b438d76b091a5c,desarrollo
1721,9444c214eb14c6e1c76bfd5139c3ba3adda3af3d70007f58f5b438d76b091a5c,desarrollo
1722,661deb063fa768fef9cb728435d41eb19ad97d1d971423560fe9daab87e42c79,desarrollo
1723,9444c214eb14c6e1c76bfd5139c3ba3adda3af3d70007f58f5b438d76b091a5c,desarrollo
1724,9444c214eb14c6e1c76bfd5139c3ba3adda3af3d70007f58f5b438d76b091a5c,desarrollo
1725,9444c214eb14c6e1c76bfd5139c3ba3adda3af3d70007f58f5b438d76b091a5c,desarrollo
1726,9444c214eb14c6e1c76bfd5139c3ba3adda3af3d70007f58f5b438d76b091a5c,desarrollo
1727,f72a527a7a0e546ae599e2af57819db9dbdcd188abe847de4aa3738b10cb3a3d,desarrollo
1728,138168fba0217239bbc39838485e523c2d1ca5e410d844cd0ae21acef236ba21,desarrollo
1729,f72a527a7a0e546ae599e2af57819db9dbdcd188abe847de4aa3738b10cb3a3d,desarrollo
1730,f72a527a7a0e546ae599e2af57819db9dbdcd188abe847de4aa3738b10cb3a3d,desarrollo
1731,f72a527a7a0e546ae599e2af57819db9dbdcd188abe847de4aa3738b10cb3a3d,desarrollo
1732,f72a527a7a0e546ae599e2af57819db9dbdcd188abe847de4aa3738b10cb3a3d,desarrollo
1733,f72a527a7a0e546ae599e2af57819db9dbdcd188abe847de4aa3738b10cb3a3d,desarrollo
1734,f72a527a7a0e546ae599e2af57819db9dbdcd188abe847de4aa3738b10cb3a3d,desarrollo
1735,1703fa675935a805dd637fc91f58690271010f71c0729f36c536b480c0f536d3,desarrollo
1736,f72a527a7a0e546ae599e2af57819db9dbdcd188abe847de4aa3738b10cb3a3d,desarrollo
1737,f72a527a7a0e546ae599e2af57819db9dbdcd188abe847de4aa3738b10cb3a3d,desarrollo
1738,8088aa42ce4543cbb1e6ee9548f3fc617033e5e64a6d5eae10f9db8673fa4c2f,holdout
1739,4d9f7c8dbc766e249c7ac0e27729137c636d16239f0398ed56210dd3133678fd,desarrollo
1740,8088aa42ce4543cbb1e6ee9548f3fc617033e5e64a6d5eae10f9db8673fa4c2f,holdout
1741,8088aa42ce4543cbb1e6ee9548f3fc617033e5e64a6d5eae10f9db8673fa4c2f,holdout
1742,8088aa42ce4543cbb1e6ee9548f3fc617033e5e64a6d5eae10f9db8673fa4c2f,holdout
1743,8088aa42ce4543cbb1e6ee9548f3fc617033e5e64a6d5eae10f9db8673fa4c2f,holdout
1744,0d74359808a8daacf3e0f796f14ef4e9893c8c56e286058389a1f63520fe6549,desarrollo
1745,8088aa42ce4543cbb1e6ee9548f3fc617033e5e64a6d5eae10f9db8673fa4c2f,holdout
1746,8088aa42ce4543cbb1e6ee9548f3fc617033e5e64a6d5eae10f9db8673fa4c2f,holdout
1747,8088aa42ce4543cbb1e6ee9548f3fc617033e5e64a6d5eae10f9db8673fa4c2f,holdout
1748,8088aa42ce4543cbb1e6ee9548f3fc617033e5e64a6d5eae10f9db8673fa4c2f,holdout
1749,f8f51ebd0563baf9d3e4301c8c93b63f60412825420adee981538d1f7c28400a,desarrollo
1750,f8f51ebd0563baf9d3e4301c8c93b63f60412825420adee981538d1f7c28400a,desarrollo
1751,f8f51ebd0563baf9d3e4301c8c93b63f60412825420adee981538d1f7c28400a,desarrollo
1752,f8f51ebd0563baf9d3e4301c8c93b63f60412825420adee981538d1f7c28400a,desarrollo
1753,84262995b8dc2fe87f89c899a27386b8805a7505432c0e165c205c27c14ea3c6,desarrollo
1754,f8f51ebd0563baf9d3e4301c8c93b63f60412825420adee981538d1f7c28400a,desarrollo
1755,f8f51ebd0563baf9d3e4301c8c93b63f60412825420adee981538d1f7c28400a,desarrollo
1756,f8f51ebd0563baf9d3e4301c8c93b63f60412825420adee981538d1f7c28400a,desarrollo
1757,f8f51ebd0563baf9d3e4301c8c93b63f60412825420adee981538d1f7c28400a,desarrollo
1758,f8f51ebd0563baf9d3e4301c8c93b63f60412825420adee981538d1f7c28400a,desarrollo
1759,b35d0caf338e3f9bb223cca6359974f3566f249130ac8bfb95554d7a9299abc2,desarrollo
1760,7c2ec8aa8bd2bf507fc2068605fae3e7607bdfd12f333779a4ab3871a414d46a,desarrollo
1761,7c2ec8aa8bd2bf507fc2068605fae3e7607bdfd12f333779a4ab3871a414d46a,desarrollo
1762,5a2dafd1203d09e1136ac2f516794c937f3987dd0b4253d5bbd38f0c957804ab,desarrollo
1763,7c2ec8aa8bd2bf507fc2068605fae3e7607bdfd12f333779a4ab3871a414d46a,desarrollo
1764,7c2ec8aa8bd2bf507fc2068605fae3e7607bdfd12f333779a4ab3871a414d46a,desarrollo
1765,7c2ec8aa8bd2bf507fc2068605fae3e7607bdfd12f333779a4ab3871a414d46a,desarrollo
1766,7c2ec8aa8bd2bf507fc2068605fae3e7607bdfd12f333779a4ab3871a414d46a,desarrollo
1767,ef142931cb5e51f74279fa4a5893dc86ff1b5459182b377845d7773c44bf2549,desarrollo
1768,7c2ec8aa8bd2bf507fc2068605fae3e7607bdfd12f333779a4ab3871a414d46a,desarrollo
1769,7c2ec8aa8bd2bf507fc2068605fae3e7607bdfd12f333779a4ab3871a414d46a,desarrollo
1770,7c2ec8aa8bd2bf507fc2068605fae3e7607bdfd12f333779a4ab3871a414d46a,desarrollo
1771,7d6682d7dfe39f2a0d4fd7678670bb5beb8b6fd14b534dba7267c280b5243c84,desarrollo
1772,7d6682d7dfe39f2a0d4fd7678670bb5beb8b6fd14b534dba7267c280b5243c84,desarrollo
1773,7d6682d7dfe39f2a0d4fd7678670bb5beb8b6fd14b534dba7267c280b5243c84,desarrollo
1774,7d6682d7dfe39f2a0d4fd7678670bb5beb8b6fd14b534dba7267c280b5243c84,desarrollo
1775,fcf1faefe48b5d8b8ae97fb61f95139ad3aad859deec62813f867b842b5ab610,desarrollo
1776,7d6682d7dfe39f2a0d4fd7678670bb5beb8b6fd14b534dba7267c280b5243c84,desarrollo
1777,7d6682d7dfe39f2a0d4fd7678670bb5beb8b6fd14b534dba7267c280b5243c84,desarrollo
1778,7d6682d7dfe39f2a0d4fd7678670bb5beb8b6fd14b534dba7267c280b5243c84,desarrollo
1779,7d6682d7dfe39f2a0d4fd7678670bb5beb8b6fd14b534dba7267c280b5243c84,desarrollo
1780,7d6682d7dfe39f2a0d4fd7678670bb5beb8b6fd14b534dba7267c280b5243c84,desarrollo
1781,53e0dcb719d598ea7cac31c19a7a276e95676d61bb19edf30983da39f1f5efa5,desarrollo
1782,8eefa2b2d726f88e2ec73bc94d8d76791c63b946ab879d37bc1155ac91ac7e87,desarrollo
1783,13c728bc826c8157f20eaaa45d24c6f3b77915f04d7e1b0eef93edfbaefe0132,holdout
1784,216b3ba559b9d0d76d6c3642ee7233db110d2493cef806c637f824a8bac5deb0,desarrollo
1785,13c728bc826c8157f20eaaa45d24c6f3b77915f04d7e1b0eef93edfbaefe0132,holdout
1786,13c728bc826c8157f20eaaa45d24c6f3b77915f04d7e1b0eef93edfbaefe0132,holdout
1787,13c728bc826c8157f20eaaa45d24c6f3b77915f04d7e1b0eef93edfbaefe0132,holdout
1788,13c728bc826c8157f20eaaa45d24c6f3b77915f04d7e1b0eef93edfbaefe0132,holdout
1789,13c728bc826c8157f20eaaa45d24c6f3b77915f04d7e1b0eef93edfbaefe0132,holdout
1790,13c728bc826c8157f20eaaa45d24c6f3b77915f04d7e1b0eef93edfbaefe0132,holdout
1791,13c728bc826c8157f20eaaa45d24c6f3b77915f04d7e1b0eef93edfbaefe0132,holdout
1792,6eee24d498bc6ab1beeee08967d2316a15414db8f265bf0e016223011657d4f0,desarrollo
1793,6eee24d498bc6ab1beeee08967d2316a15414db8f265bf0e016223011657d4f0,desarrollo
1794,6eee24d498bc6ab1beeee08967d2316a15414db8f265bf0e016223011657d4f0,desarrollo
1795,6eee24d498bc6ab1beeee08967d2316a15414db8f265bf0e016223011657d4f0,desarrollo
1796,6eee24d498bc6ab1beeee08967d2316a15414db8f265bf0e016223011657d4f0,desarrollo
1797,7580a6bb52542eb1e44f1caf32590c30e349543629db860376a2210e1a9750ef,desarrollo
1798,6eee24d498bc6ab1beeee08967d2316a15414db8f265bf0e016223011657d4f0,desarrollo
1799,92ba83cebe3db10ddc3b48c1842c7cab477d9fcd794b18339024b028f809ec1f,desarrollo
1800,6eee24d498bc6ab1beeee08967d2316a15414db8f265bf0e016223011657d4f0,desarrollo
1801,6eee24d498bc6ab1beeee08967d2316a15414db8f265bf0e016223011657d4f0,desarrollo
1802,6eee24d498bc6ab1beeee08967d2316a15414db8f265bf0e016223011657d4f0,desarrollo
1803,174a2f10d475221c1b00c339dc7b393b08f4b233a33ed226421229e0552280be,holdout
1804,174a2f10d475221c1b00c339dc7b393b08f4b233a33ed226421229e0552280be,holdout
1805,bf43d8c8fd809c6750c645146417a993429dc2c574985823505bed3f2efd33d0,desarrollo
1806,25cde513f0f9f7a79371bf2dcb82719ba459ad51d0a3262b0f266f4ed93549c8,desarrollo
1807,174a2f10d475221c1b00c339dc7b393b08f4b233a33ed226421229e0552280be,holdout
1808,174a2f10d475221c1b00c339dc7b393b08f4b233a33ed226421229e0552280be,holdout
1809,174a2f10d475221c1b00c339dc7b393b08f4b233a33ed226421229e0552280be,holdout
1810,174a2f10d475221c1b00c339dc7b393b08f4b233a33ed226421229e0552280be,holdout
1811,174a2f10d475221c1b00c339dc7b393b08f4b233a33ed226421229e0552280be,holdout
1812,174a2f10d475221c1b00c339dc7b393b08f4b233a33ed226421229e0552280be,holdout
1813,1529bf3465b887939d7a01ad3ac862d4d9be1728bd08ded78cfad1e8c2bdc752,desarrollo
1814,1529bf3465b887939d7a01ad3ac862d4d9be1728bd08ded78cfad1e8c2bdc752,desarrollo
1815,1529bf3465b887939d7a01ad3ac862d4d9be1728bd08ded78cfad1e8c2bdc752,desarrollo
1816,1529bf3465b887939d7a01ad3ac862d4d9be1728bd08ded78cfad1e8c2bdc752,desarrollo
1817,955655fe1510d0b62b880e41d2f1a4442334a3e1f5ee9388185e5844f6ca9483,desarrollo
1818,1529bf3465b887939d7a01ad3ac862d4d9be1728bd08ded78cfad1e8c2bdc752,desarrollo
1819,1529bf3465b887939d7a01ad3ac862d4d9be1728bd08ded78cfad1e8c2bdc752,desarrollo
1820,1529bf3465b887939d7a01ad3ac862d4d9be1728bd08ded78cfad1e8c2bdc752,desarrollo
1821,1529bf3465b887939d7a01ad3ac862d4d9be1728bd08ded78cfad1e8c2bdc752,desarrollo
1822,1529bf3465b887939d7a01ad3ac862d4d9be1728bd08ded78cfad1e8c2bdc752,desarrollo
1823,f03be1b00eba7c4d14a99014fb41be251064714638d9e68bd98873869a74b98e,desarrollo
1824,e356b6f0b509b8a442761bfc63099411b8e596de70d536d6e8210854c848a0f7,holdout
1825,0e69594169dac99a9a92746430cc29ad1ffb1859b4207ece63589a6334f141a8,desarrollo
1826,e356b6f0b509b8a442761bfc63099411b8e596de70d536d6e8210854c848a0f7,holdout
1827,e356b6f0b509b8a442761bfc63099411b8e596de70d536d6e8210854c848a0f7,holdout
1828,e356b6f0b509b8a442761bfc63099411b8e596de70d536d6e8210854c848a0f7,holdout
1829,e356b6f0b509b8a442761bfc63099411b8e596de70d536d6e8210854c848a0f7,holdout
1830,e356b6f0b509b8a442761bfc63099411b8e596de70d536d6e8210854c848a0f7,holdout
1831,d8e286881ce575e6851e534b313042257fbef3c5a48ae4379f80eb83cb45a2ff,desarrollo
1832,e356b6f0b509b8a442761bfc63099411b8e596de70d536d6e8210854c848a0f7,holdout
1833,e356b6f0b509b8a442761bfc63099411b8e596de70d536d6e8210854c848a0f7,holdout
1834,e356b6f0b509b8a442761bfc63099411b8e596de70d536d6e8210854c848a0f7,holdout
1835,8ab6b929f5d5fccd61b1b3db3ef3e1e736bc7a477befb0318cff8dd092279f8b,holdout
1836,8ab6b929f5d5fccd61b1b3db3ef3e1e736bc7a477befb0318cff8dd092279f8b,holdout
1837,8ab6b929f5d5fccd61b1b3db3ef3e1e736bc7a477befb0318cff8dd092279f8b,holdout
1838,8ab6b929f5d5fccd61b1b3db3ef3e1e736bc7a477befb0318cff8dd092279f8b,holdout
1839,db15c2009369f0db7dc3a57074dab1321e9d167570b9322707ae90d43889d39a,desarrollo
1840,8ab6b929f5d5fccd61b1b3db3ef3e1e736bc7a477befb0318cff8dd092279f8b,holdout
1841,26c0528155c29eaee6be47e8bc1b012478703cea1e07de728f7430822d609fcc,desarrollo
1842,8ab6b929f5d5fccd61b1b3db3ef3e1e736bc7a477befb0318cff8dd092279f8b,holdout
1843,8ab6b929f5d5fccd61b1b3db3ef3e1e736bc7a477befb0318cff8dd092279f8b,holdout
1844,8ab6b929f5d5fccd61b1b3db3ef3e1e736bc7a477befb0318cff8dd092279f8b,holdout
1845,8ab6b929f5d5fccd61b1b3db3ef3e1e736bc7a477befb0318cff8dd092279f8b,holdout
1846,faf0170ee661c4c39a23758dc171b9de86ef8a8e46d8aefc1fd903e084716c31,desarrollo
1847,faf0170ee661c4c39a23758dc171b9de86ef8a8e46d8aefc1fd903e084716c31,desarrollo
1848,faf0170ee661c4c39a23758dc171b9de86ef8a8e46d8aefc1fd903e084716c31,desarrollo
1849,faf0170ee661c4c39a23758dc171b9de86ef8a8e46d8aefc1fd903e084716c31,desarrollo
1850,faf0170ee661c4c39a23758dc171b9de86ef8a8e46d8aefc1fd903e084716c31,desarrollo
1851,faf0170ee661c4c39a23758dc171b9de86ef8a8e46d8aefc1fd903e084716c31,desarrollo
1852,faf0170ee661c4c39a23758dc171b9de86ef8a8e46d8aefc1fd903e084716c31,desarrollo
1853,faf0170ee661c4c39a23758dc171b9de86ef8a8e46d8aefc1fd903e084716c31,desarrollo
1854,faf0170ee661c4c39a23758dc171b9de86ef8a8e46d8aefc1fd903e084716c31,desarrollo
1855,8c414cc5e70eeb70c705805054c48a4a35928deea98dcd9325fa3d34dcfa60c5,desarrollo
1856,00f197b6e9c736973833553bac87329a1057774de6883e8891fef3d2a0e89787,desarrollo
1857,c37a5504be6da0cc104d89ede87d736c8c5ebb8bdfd2e8f6af465fa5e7abc8dd,desarrollo
1858,c37a5504be6da0cc104d89ede87d736c8c5ebb8bdfd2e8f6af465fa5e7abc8dd,desarrollo
1859,1f6e1711106cf9270f96aef1303ac8665290b4ef91f45cd64dcb0d319f7cbdf9,holdout
1860,c37a5504be6da0cc104d89ede87d736c8c5ebb8bdfd2e8f6af465fa5e7abc8dd,desarrollo
1861,c37a5504be6da0cc104d89ede87d736c8c5ebb8bdfd2e8f6af465fa5e7abc8dd,desarrollo
1862,c37a5504be6da0cc104d89ede87d736c8c5ebb8bdfd2e8f6af465fa5e7abc8dd,desarrollo
1863,c37a5504be6da0cc104d89ede87d736c8c5ebb8bdfd2e8f6af465fa5e7abc8dd,desarrollo
1864,c37a5504be6da0cc104d89ede87d736c8c5ebb8bdfd2e8f6af465fa5e7abc8dd,desarrollo
1865,c37a5504be6da0cc104d89ede87d736c8c5ebb8bdfd2e8f6af465fa5e7abc8dd,desarrollo
1866,94f91a62ec17aaa15d301d7fc4e54aad91c4973d60136408971f633df1a17b3d,desarrollo
1867,a38556941a5bc668b3c652c5074e9990478d6b64a8429f609c0176c2e31545d2,desarrollo
1868,a38556941a5bc668b3c652c5074e9990478d6b64a8429f609c0176c2e31545d2,desarrollo
1869,a38556941a5bc668b3c652c5074e9990478d6b64a8429f609c0176c2e31545d2,desarrollo
1870,a38556941a5bc668b3c652c5074e9990478d6b64a8429f609c0176c2e31545d2,desarrollo
1871,a38556941a5bc668b3c652c5074e9990478d6b64a8429f609c0176c2e31545d2,desarrollo
1872,a38556941a5bc668b3c652c5074e9990478d6b64a8429f609c0176c2e31545d2,desarrollo
1873,a38556941a5bc668b3c652c5074e9990478d6b64a8429f609c0176c2e31545d2,desarrollo
1874,b14688db5358a72cd3fccda0a45516fa3f02a45ad098e624921f756664e2cee3,desarrollo
1875,a38556941a5bc668b3c652c5074e9990478d6b64a8429f609c0176c2e31545d2,desarrollo
1876,a38556941a5bc668b3c652c5074e9990478d6b64a8429f609c0176c2e31545d2,desarrollo
1877,6d69e8b4ee9ab190b14a78d6ca68bceb9c6f8920e2f062d8898d0ff6a71849a8,desarrollo
1878,6b508c8611c6f8d9acd8963975c2779f04b67bdf956324c1e73053724d9238c3,desarrollo
1879,f60b20d7c7d491162db62bcceede19f5c28a7f56780481ef6b5ec4346077a905,desarrollo
1880,8e6acf8e4c41a69db753c28ec38d1341e1e35b3c19325f6a5570138c2f90555d,desarrollo
1881,3e6426547f19255241614343ab3c7abba1606802c678df0c0fa8afd648d9fba4,desarrollo
1882,6b508c8611c6f8d9acd8963975c2779f04b67bdf956324c1e73053724d9238c3,desarrollo
1883,6b508c8611c6f8d9acd8963975c2779f04b67bdf956324c1e73053724d9238c3,desarrollo
1884,d5fa1371404050ca3fdb7b0da95c7d9d3b0d15b8ddaf673736bf9df690dce04f,desarrollo
1885,dd8cd59fd80d0bfd56ea61dab4f1b9f257caaed45ccafd844b942ab319942bb8,desarrollo
1886,300476d57f43f3f0b613d4d9769d7494e4cbec3da2004fb0bce9895037370116,desarrollo
1887,e67e608ac1fc8e46a9214f0416c1fea758f1ad47c3e886820bfa162bab5bd7d6,holdout
1888,93be77871bbf392f1ba8642474b545cbd5245c16b567807836c14c146ef8957d,desarrollo
1889,93be77871bbf392f1ba8642474b545cbd5245c16b567807836c14c146ef8957d,desarrollo
1890,93be77871bbf392f1ba8642474b545cbd5245c16b567807836c14c146ef8957d,desarrollo
1891,a630c454f50d9348446ff574777fa5906536e1a84204d870f779105f7b2a4be3,desarrollo
1892,a3063a0628eed8336d1beb3401997e17e461a448025cbc142e2fec08c7d415d5,desarrollo
1893,834b5771106d02ed450e046c8f643f59cd747d02350a6122593e2a1c8443f47c,desarrollo
1894,c670583fed9723ae820d6c884ce140f090ef28f0f3f2ccf4e654ff518beeb09f,desarrollo
1895,9f3a69fb5050476ec0c6057ff7ac041d741930e94b7e42436ee979ef2ed1d9a0,desarrollo
1896,c3e52522f6fbeb1ee3e332b3c7dd1ae3330f23d6d0090457c6379eda880520d8,holdout
1897,cc75fb356af081ee86458a849d9909afaf51df18b970576a989de851d57f8c13,desarrollo
1898,6f1a2f5a5a3c1a5d973b0ebf51a47104045884bec8abfedc2839c60ad7e267c6,desarrollo
1899,ce343663c44a29af3d42c91bcddb1e72abca077113e1b3ece7ee39f101b81c21,desarrollo
1900,fcca2aa6d2f1c0ada51e5bff86a24d3f46e9d1cc47ed698f953eea9d49cb9411,desarrollo
1901,9365a24e4d3998d14ca43e620861e95b0e51312ac3fb696b1db56fa0bd180f47,desarrollo
1902,8a83b7147822e7298d7500e888d411c242316fb9a27f8bb2edbdb397379b8d45,holdout
1903,5ef92966b1073e8d5f8a800fe3b6adfed85d8b7b5eefe0f28dd0c9779bc1d676,desarrollo
1904,526f1201e04e783266363094f7f32f7ef974dfc0f5c0bc3a97a0f132b5987db5,desarrollo
1905,41118692ed497f675e405729be8c30964a0cd799ea80a77520ca56c61743774d,desarrollo
1906,6f1a2f5a5a3c1a5d973b0ebf51a47104045884bec8abfedc2839c60ad7e267c6,desarrollo
1907,6f1a2f5a5a3c1a5d973b0ebf51a47104045884bec8abfedc2839c60ad7e267c6,desarrollo
1908,c8a2e2c94e48393d9f9f8de1e7a1b390fbd1984c8816489b1f5dfd6c76bed748,desarrollo
1909,50f8eb11b5cf41b03efd76708e3990bc07a1754d3c7147ac23719ad0e97fbde0,desarrollo
1910,c4985f8c2149364921ca140a5f75b2ed310c887d0dc960121ac0057a0348348b,desarrollo
1911,d0dbca81d6ccb6a2533ecc7ca8b25b904baad400e0718510dc6ac2c2960cb621,holdout
1912,c8a2e2c94e48393d9f9f8de1e7a1b390fbd1984c8816489b1f5dfd6c76bed748,desarrollo
1913,c921946d1e23e88df64e0b5a671c8d5ca7b1793814871df82378c289ca7c4dd1,desarrollo
1914,5edeccd486782507763fe2a4b2314f7cb4859cab868ccedfe68d874889a4f825,desarrollo
1915,c8a2e2c94e48393d9f9f8de1e7a1b390fbd1984c8816489b1f5dfd6c76bed748,desarrollo
1916,8be06c048064835233320cb788ce29b30d65620224c10a2e4f09fc50d7884f09,desarrollo
1917,9e959331bb340adb21a11abef5b8d57b2dd2df478cc9f55bfa4ac955ed6afe68,desarrollo
1918,7c4e08c6d617f2fcdef4474d7eba369fccb308630540466d6e2564559be51e2e,desarrollo
1919,fecefd73e195be27f1f09baefda3ec29e1ab499933f8badcb5f637f5931ac0a7,desarrollo
1920,ad8a6f0711ce49417944a16adbe8fbb1c94beaf8d82bbeb8d4255fa2ab970614,desarrollo
1921,90403f49555a299aca0ee547dad90c40a303c13017f366f536bb2a3179ba5fd2,desarrollo
1922,94888d02438d29961dac74c3b827213c55ad0d8f217c5f5ed7c5bf61b5281f22,desarrollo
1923,b8edfe19e29df1e0d2304b32f7dedaadf4c76af6d54ec8bb91a329a8faa64f68,desarrollo
1924,55177968288acfaff2562ec7742968894c797fc0602fb251fc4e7e8923e4dec1,desarrollo
1925,7c4e08c6d617f2fcdef4474d7eba369fccb308630540466d6e2564559be51e2e,desarrollo
1926,7c4e08c6d617f2fcdef4474d7eba369fccb308630540466d6e2564559be51e2e,desarrollo
1927,0ad837160945f399a5fe69bd8b3000a055836a4e210a19d10e670b3402c2702d,desarrollo
1928,3a8e0bbb2b2cc868f449b9a4c3d972447dc400e0714c6914a25da8341354b49b,holdout
1929,7c01aaf802d259a151f8c9f9a8c041ed7f4e912737792fecc079d8ad16eb592f,desarrollo
1930,f03d30af7fc8482d84afefad92cd48a1a61eddc7cb869e3f77cfb3783626f055,desarrollo
1931,32eb8a4587f1d2a2de705739373364ac5a898ec5f31300cfd7ad022f8ab388c4,desarrollo
1932,e06ca92cfd6ac3de2289f4f1f43f06808c48a2bdaef1f8d2d32a8468b32549c5,desarrollo
1933,c2a3b887b3c0b5fe001645f6e57865e4759417654649d2e3571feba050f0a011,holdout
1934,0876f43e3e203f51919c8a9f828d9da39a994dbd1fedd37c75e68756bae006e3,holdout
1935,3a8e0bbb2b2cc868f449b9a4c3d972447dc400e0714c6914a25da8341354b49b,holdout
1936,3a8e0bbb2b2cc868f449b9a4c3d972447dc400e0714c6914a25da8341354b49b,holdout
1937,c16e695ce1e49bd57172bfa14b8e361ca6ff3d3cfdc3b97400c3964fdf0c2b8c,desarrollo
1938,21df93bac227ff0998c51df805c05b06aac234b84e22e66f94bc0f048503547b,desarrollo
1939,c308f02c0108ae677e69129fb664ba9cc872d735fdd8f0e73934b080cb05a816,desarrollo
1940,fd58cfca449a99d8d384340045b38974491661da638e6cfd657c73c383a46e9e,holdout
1941,75511d169a6646391f05ea5a8a92448398e37d35856b7ee25d0133cb060adb0b,desarrollo
1942,fa93fc9594b0cdec6c087a4cebf76118879398ad4f8066c46c618c2029c203ee,desarrollo
1943,21df93bac227ff0998c51df805c05b06aac234b84e22e66f94bc0f048503547b,desarrollo
1944,32e022323b85f2e032503753e4398dbcee44bdec262917fca1ee3c7bf6a6a020,desarrollo
1945,21df93bac227ff0998c51df805c05b06aac234b84e22e66f94bc0f048503547b,desarrollo
1946,ffeeb50f6b5ada81e4072ee0e443ba14088d0e8024a894a52140da97817ce5fe,holdout
1947,1f487a9b42c90de650408b85799ebc99bece08afc17131ee29181a6ce27dbf80,holdout
1948,afab7065625572778e7075d1e2eb70ae0cc2a8e4ad5767f2cf81f7c70802da2a,desarrollo
1949,2482c9b80e88c9739099ff263efff46dc76e90047346f1fbdf3f078106514f38,desarrollo
1950,37ba978c5e05fdf13f39beb9a57d936f29f986a716eb50bb14e55da34b147a2e,holdout
1951,d402e171c275617932205ff057a904bffede5fa8d3a27958aa95620d11553967,desarrollo
1952,e542d5df97da0cca6f910cbeb01385ff3ee728a7112ef441709af246246ce224,holdout
1953,afab7065625572778e7075d1e2eb70ae0cc2a8e4ad5767f2cf81f7c70802da2a,desarrollo
1954,a69ce2a8038bc89da9a731fd685897b165e997dbe4076610ce5da4d264794fcf,desarrollo
1955,586712c93dffc7bd37abe1890b85e698141ade13297f5aa07366bf006406aa14,desarrollo
1956,ca3e20fdfaacb3b0e8837f7d76d9dbc9a72b62785e2847a28a67c7679d2f7378,desarrollo
1957,afab7065625572778e7075d1e2eb70ae0cc2a8e4ad5767f2cf81f7c70802da2a,desarrollo
1958,382261c9079fefd6bd6f8e233d49c93b17b732be78d6946adacaaac79477b95f,desarrollo
1959,630da66621c38c1ef89a12e0fe3eafffd5bbd93629757b07fa00f9b06c510142,holdout
1960,31c286abce8410e7de19082ac1d944eec6343b31eca81a27fb016168053a900c,desarrollo
1961,382261c9079fefd6bd6f8e233d49c93b17b732be78d6946adacaaac79477b95f,desarrollo
1962,2ebba5f3dfbe46ba44efd3999b2a05c246e7e8507d492381abe5264d6e86178a,desarrollo
1963,382261c9079fefd6bd6f8e233d49c93b17b732be78d6946adacaaac79477b95f,desarrollo
1964,50b3e4884c0e36c245fab3a3d2e05fe090fb1446313ed0005421b8880f34438c,desarrollo
1965,166351f937c3ad7b3d38ae37939c06a62c5f203e0ce6d310650fe09838307ed4,desarrollo
1966,1547fc0940e97f6b27fe6aad356894c7353e65417785a0bd27c4796b11484fc0,desarrollo
1967,fc73cfac40131fd45c99c02ba7c9715d3bb7694584b54e747f42994eef3d9d07,desarrollo
1968,e82698ade0440c4a737893b7452f674cd03dfb44640c56e5c80259eb580e2533,desarrollo
1969,e82698ade0440c4a737893b7452f674cd03dfb44640c56e5c80259eb580e2533,desarrollo
1970,3785b76f01b1e21ce03faa0ad6587356cca7b6342b0a7a071961418664199d15,desarrollo
1971,9044da29b70465299866efd0118c365ba8f122e17544dcc6658f0da77bf837ac,desarrollo
1972,abbbc1d7318fe3237fcc37a2bd032587555ae140b7877aa6d13e719e839573d5,desarrollo
1973,5a3335ac39dc49e9cc8f5c53dcbb1defc85584f040faf94c95bd06fbf1a2d225,desarrollo
1974,e82698ade0440c4a737893b7452f674cd03dfb44640c56e5c80259eb580e2533,desarrollo
1975,4c0bd1957f26655a7eeca24ef3beae6157b9fdd4c51e80ca1d0c96d06ee60431,desarrollo
1976,0cbede967ca6b776c28f0c20d7f4447cbd0f29bfddcbc52279fe2ffbaaa07a96,desarrollo
1977,08cbb1cdb0174ed4cc626c4f6f4b86203290d627288d1629b9b036830bed7404,holdout
1978,0bfd9a8e673a0a2d8a7419ee8daf0a4f69958f81243d9ec4c6225ec00f183d07,desarrollo
1979,07d004cf91decd81365be151fda4f0079c4e0215515ba42b85e2330c39b85317,desarrollo
1980,c23353f8b714f87f4b4d9d6131115a05a26f5eb46905f0ccffbe74c88cf010c8,desarrollo
1981,0bfd9a8e673a0a2d8a7419ee8daf0a4f69958f81243d9ec4c6225ec00f183d07,desarrollo
1982,02593538471f4ad9c6b5806a18049ef17b6d61922dc0a69aea236f3b8043d990,desarrollo
1983,525f0eec820bbaa2209a75ac0c6c68531007fbead90ae3091af7b7796d955644,holdout
1984,4da52fb0ec27d2fc75723c8b1d2662fb3118d58ab02857497d42bc77f055b766,desarrollo
1985,68f99429a45e769336ea31a98e56885fb5c4ed2a856ad0d0db176af30376e794,desarrollo
1986,1b1b4bcc6de0bdab29fb360c000aa330466a6ae62c2fcdf0f59bc787f2bdcc86,desarrollo
1987,0bfd9a8e673a0a2d8a7419ee8daf0a4f69958f81243d9ec4c6225ec00f183d07,desarrollo
1988,ede07b5c4a46de134889d5f08a380d38b1abb0c1658abc5c0fce19ab3ed09b39,desarrollo
1989,ede07b5c4a46de134889d5f08a380d38b1abb0c1658abc5c0fce19ab3ed09b39,desarrollo
1990,35603aed8c9c5d232cf91312d2492f9117307a07d55282f7c0901161f4940d9f,desarrollo
1991,90d9746095d094f5ff1025c6d4acb9beae798eff39a222ed28ed837de5bbcf31,desarrollo
1992,bb2e21247c1a32ed85ca0c835eda3b87d76af09f3bee32a2b0afc863fe9e19de,desarrollo
1993,0dac198a15296f5e1b79ed1b688aec5d0ce6a03526e26409d058e443081e9bc8,desarrollo
1994,3b9db0dc0a1ebd117917a9f10615765cb2fdaaf2cb6a050616bdf002a324e8f7,holdout
1995,fff8be2cef27e973ef29b5e968381babe7bb5ce7eda43e757961ce0e18824712,holdout
1996,9f48c0aee164feb77cb7cb0f60ddd4011e0941e76051a7d590677d86fbc792ef,desarrollo
1997,ede07b5c4a46de134889d5f08a380d38b1abb0c1658abc5c0fce19ab3ed09b39,desarrollo
1998,a8fd0913d581cc1772b6acb81b8e7921fc537b9baa36230c3bfdcb6873896c8f,desarrollo
1999,f34bfe10d11bcb04c8b40bfe059a19a2c7787025714206a07de3ea16af268c80,desarrollo
2000,0321eccac24cbf9be2b667f0dda7c1fcbebbe1ce7603b960524400d162f3d664,desarrollo
2001,23c9df30874fe795365f9f801920374ea865451a0ad1922f83db8907e9998a7b,holdout
2002,3e01b7203cb849d7a9e817c6e3de4592442de85b99429fe22fb86a7d204e37e9,desarrollo
2003,8d7ba3ecce547876c5cb64f70c2d92793ef2c20cdf34a7786c5357eb1879417c,desarrollo
2004,a8fd0913d581cc1772b6acb81b8e7921fc537b9baa36230c3bfdcb6873896c8f,desarrollo
2005,a8fd0913d581cc1772b6acb81b8e7921fc537b9baa36230c3bfdcb6873896c8f,desarrollo
2006,15510c3dd0c16bc075265b2fe568ed3565d79a4345fc9410943d300cd197efb9,holdout
2007,e9246db097006068fbd4949dd109c06718ae79f6b6349e7c3638fb0b869ffaee,desarrollo
2008,e40a80bce9e69b911bcbdf48e128301212833cb01772651a4bb9f52845f6d574,holdout
2009,7bdade0614c1ced4e46dcb7d968afcea7d34403979b8fd4b78e646e63bfe6278,desarrollo
2010,e40a80bce9e69b911bcbdf48e128301212833cb01772651a4bb9f52845f6d574,holdout
2011,f4942e6f1951cae6b4c3918510ad999f5361fdf0d9d6a46a329efa722f5c99f3,desarrollo
2012,58186215a98a519c21d8e65dad3605efb1ce0b362accfe0c3e23a8c2b4b0c25f,holdout
2013,c77b4ee8053392b06a4d048b9d8c3638b5ff438382298ba3b16c851f777323a9,desarrollo
2014,e40a80bce9e69b911bcbdf48e128301212833cb01772651a4bb9f52845f6d574,holdout
2015,e3bf156ac34276e2364a40cf3314b0db6bea77053e29c5db01218e784f9e7ad6,desarrollo
2016,b5081c287cd1642d3249fb283f05117849e0ff72a9db6b8febfda0336189d0d4,desarrollo
2017,b718c75542b56ea1fecea0d2a973f46215751d2d3ddcdd613823e56d06a4282b,desarrollo
2018,eebc0cb50b252c21abfd36312573fb1384e3ed1b2ce1dc96c2a28b6d528904b9,desarrollo
2019,441fe0a071e6653663d24362587e1f299c5b91c0d2c294058e19cfff42aee7a2,desarrollo
2020,eebc0cb50b252c21abfd36312573fb1384e3ed1b2ce1dc96c2a28b6d528904b9,desarrollo
2021,bb8f7f37f8ba88a83ea36b8801bf8b1a817da77b8b6373b7dc24c41e71c86bdc,desarrollo
2022,eebc0cb50b252c21abfd36312573fb1384e3ed1b2ce1dc96c2a28b6d528904b9,desarrollo
2023,6c2e14d2f43f93e8558fe2f1d703feedfb56a30b96c157e8afdb5bb182cf6970,desarrollo
2024,6248b8df5b4232d87ff706446b968aa8aaa41f8ecd080578f60f95785090ab38,desarrollo
2025,ec44d050bbe50e07b7bf6550d0343181dff02d80757d4c261ca48a328a92d29f,desarrollo
2026,d99b3fe254938f58e6a0d8cbaf70c7bde324f7b6bd4b6bae1c05d2796c4950ac,desarrollo
2027,df0b79f24b80e6f71cf7015f39f62f2db80859c71b0014e310d1168fbb6e1817,desarrollo
2028,e55e9577ef83e11466ea5c0c0a8323ee8dae754fba7b3d296cc582d91a9867b9,desarrollo
2029,e10e58486bee42684fdec2d93f687eaba967a953d9909d75083241cefd1337bc,desarrollo
2030,186b227ee9e385bed190675adbfd0d1e104889c64170eaf2e14f2bee7e77c25d,holdout
2031,e55e9577ef83e11466ea5c0c0a8323ee8dae754fba7b3d296cc582d91a9867b9,desarrollo
2032,a5c50c1f4c017942ea4c80b061383f9b22126bf661906ffc5538b3cf96150ff8,desarrollo
2033,b71d4fd7fcb0477d187ec5bb7c88b5f93fa8c95f6c6a587f005148b62ed7eba1,desarrollo
2034,e55e9577ef83e11466ea5c0c0a8323ee8dae754fba7b3d296cc582d91a9867b9,desarrollo
2035,17496ee8d6c47fa32173fc3751e52597bc94353d077421b6603f131ceeec8ecd,desarrollo
2036,49ed183a2829603f6892d011adc5a790368ba42eef25a3d03cee5910913ddf6c,holdout
2037,6973d9b9aaf5f528f316e604fcae83ddbfada5460a76148c4405e306658ac4be,desarrollo
2038,19fc2ab30d5d36e47d271bff19bcc843cc13c9aa3dae43414a111588913cc81f,desarrollo
2039,5c53faa2460bba7d2f87b22f27d1134a748cb455081c5678f2e37a01ddee9630,holdout
2040,19fc2ab30d5d36e47d271bff19bcc843cc13c9aa3dae43414a111588913cc81f,desarrollo
2041,fc75c9313cf151a68174eb4f1ba6e60f880ec74677713c4e63d8b3f5f226f0c9,holdout
2042,f2b772dc9df8f253c28d1a43e248d57a22a1238258672d89bb5491ae66fe503e,desarrollo
2043,e598a3c1f99d3f074416ed3f91ea480c734e1c9e1300f480e8cf59fed056f47b,desarrollo
2044,d223da62602a184e8876b8cf0b91fa74a461b4d0a0c8008d59c083b85faedff4,holdout
2045,5dc1baad07933e2229c43c243a81b68ebe240b66bd33c6bfa3f364667742f40e,desarrollo
2046,19fc2ab30d5d36e47d271bff19bcc843cc13c9aa3dae43414a111588913cc81f,desarrollo
2047,2c41627c15cd8ca1eebe5bb39f8309170d7ed7dabb7b7adb8deb54d8b3a2f064,desarrollo
2048,040a6d8c14b1dd4fcd6c154eb72f702de1d3abe90dc933d7809f10d0a724436a,desarrollo
2049,d5325999386f657fc82daa453bdea013762183b258d4dccd628ee69fb7cdc13e,desarrollo
2050,040a6d8c14b1dd4fcd6c154eb72f702de1d3abe90dc933d7809f10d0a724436a,desarrollo
2051,003485f2341500d16e263d007de5da1b6d9ded73dab3ee7f84f8a540070c0e5a,desarrollo
2052,808040d6f3ed16ae33348d83f6a824e43da5514bd374ad4d467a23d0d41d532a,desarrollo
2053,0a02e862459495cd903cd13661eee6239524a8190b6bb5f1bac733518f2a26f6,desarrollo
2054,064aa7e61cf55050df27bb90380c2ca40305552ea45e8afd9f947904b2463427,holdout
2055,040a6d8c14b1dd4fcd6c154eb72f702de1d3abe90dc933d7809f10d0a724436a,desarrollo
2056,9717d8aca040e22a8fe07edd6e89a5ba4974063df1aeeaf3cc256b87d739f223,desarrollo
2057,ef5119d6543cde0a27e97c514bcb815bf38cb32a36ceb4bebd295f43ce67b712,desarrollo
2058,701eb3e7ea53078c3bca598885fa9867322a9d9b5f01c85e6a64689cf43a5b3d,desarrollo
2059,701eb3e7ea53078c3bca598885fa9867322a9d9b5f01c85e6a64689cf43a5b3d,desarrollo
2060,baa9ab51c4db59840de897a998cde08b0ab37a0dbf2c967a8892131df70c76d3,desarrollo
2061,30e22e184d520f23ef506b73b3d3f43d443b650ac765ab7f3db8cf2c93369fd5,desarrollo
2062,bd84daf2c4c99f8e9589decd03e47596ad2f02c50d0c37a0da224ff3962be2b6,holdout
2063,12bf425803bd8f0f34652f87fd667afb7bc9583c938186ac7e7325bb01443082,desarrollo
2064,14920d8b12a2c41cd2bec79fb64dcbd27d8f8cb1ab003f10bc94895d148e8a96,desarrollo
2065,dd8bb1f0ea94d2e4a51e1b32cb5720dc08376516c881b679a26f6aae0ec055b8,desarrollo
2066,701eb3e7ea53078c3bca598885fa9867322a9d9b5f01c85e6a64689cf43a5b3d,desarrollo
2067,d68dcd4708ca7f0cc3fc8518202813c3ffbc1eafa819dc2637ae8a413493c84b,desarrollo
2068,9ace6277926ae91db8e8833e2c52a2384f0b87936c86b9af6c7f091eaafcc5a1,holdout
2069,dfcd7b49db3adb23ce1e17edb31d49aec30061d38424cddb1c68f6d21713d0b4,desarrollo
2070,cc565df4f38f152da66f6b61cfa1a1fb29ae917c7b78e3523a2e3673ec901d03,holdout
2071,6f9f19e4920b71214a8ff115f11c6409ce89c26e303b87a0fe0901e9b3e81aeb,desarrollo
2072,3ba4c8707b4ce503d69b58803d24197a53246eb29eb549e2e5324b93d8e53a11,holdout
2073,78df90367973eb3a671c5346d498792abf77e7f757fdc0a2e4906fe09e844cae,holdout
2074,9ace6277926ae91db8e8833e2c52a2384f0b87936c86b9af6c7f091eaafcc5a1,holdout
2075,639ca9d4bb34da87a0fa75dbf57355e0c37784a97d5e8f38a7b1b62e468d1427,desarrollo
2076,b6a349212bceb1332ebfe9f7e8c48805a139038b85a408d6c8da9bf8ed786893,desarrollo
2077,9ace6277926ae91db8e8833e2c52a2384f0b87936c86b9af6c7f091eaafcc5a1,holdout
2078,bf96856d15492edb47a5f98c9fadbf4c871e88500567d87c1366621604062304,desarrollo
2079,bf96856d15492edb47a5f98c9fadbf4c871e88500567d87c1366621604062304,desarrollo
2080,cbd9fc1177bef1af8bfd12d3e2ebd1ae7dbca53a7a75a3df0ac6a0f4780d0221,desarrollo
2081,cdb884888a9284daaf060527c8925f7c56831b11e10e7f866d266d16e4929552,desarrollo
2082,ad1ae81b022304774892f2ddb4f7ecf722245e8ec6c773a3bf668fcc1725dded,desarrollo
2083,bc4de0459134964a28ba152a511937a1fef0a4457808a0cd45ddf04833c8bca2,desarrollo
2084,bf96856d15492edb47a5f98c9fadbf4c871e88500567d87c1366621604062304,desarrollo
2085,059801e429c0066034c848b290d8cdc4bb6328385ae7914b0ac16a30ff494712,desarrollo
2086,e2b884b0bd16584494640c161f5103bde7621ce60a37fb3c8d977c87f9841b51,desarrollo
2087,86bf601b9f24b701ab7db19cc8f2b6e1e8a03bbc34b1136be157080a05b65394,desarrollo
2088,6e3dfcc7b12ede97565c6e61f84d3f5da57ec82731e77e0c66d14d2ef94564e8,desarrollo
2089,5073d2712772b4e7a98e0cf6af9f4baaa7b7d2989598bf29d23cc1c609f9d1cb,desarrollo
2090,6b35d4a782bd964b9115a6d7c31cd954d3e1b72e5376b3b7c4cd9755c0fc80c9,desarrollo
2091,d122d2f7f4c2252f1283052b28344c0bbd18b0c2c8f4d96cca464b403430c2b3,desarrollo
2092,1452a411eecd4e3bdfad4ee29e537c401586317227d4932232d7ced053d3ebca,desarrollo
2093,6e3dfcc7b12ede97565c6e61f84d3f5da57ec82731e77e0c66d14d2ef94564e8,desarrollo
2094,6e3dfcc7b12ede97565c6e61f84d3f5da57ec82731e77e0c66d14d2ef94564e8,desarrollo
2095,a73f0a189a883350c0921062ec622e1f6bad66d8f1c86b561aac267dc29eeb3b,holdout
2096,1d152956342833a364dffdeefd32b9bfb7273e7096363c4b0a5d2af53ddddcc2,desarrollo
2097,d944a0e787281715aae2cd5f5de07b52f78a93114f70183c8daca5d5c3a00875,desarrollo
2098,ba9fb835b1ef320293aea605c9357fdd23ec9b7bba4eb48253b5f45b4fa75f6b,desarrollo
2099,b0509481c1ddf45a46a9600fea8bf69bf5a75d20aa345f383b3fd99f6ae4c6b5,desarrollo
2100,874b360df333ae3a523aae272810acee2a8135924c894f5ce714ef77d1d9e082,desarrollo
2101,65decb38080a9d8156295812e1bb18dfe5577fa3ba1e555006b7164ffef353f3,desarrollo
2102,ba9fb835b1ef320293aea605c9357fdd23ec9b7bba4eb48253b5f45b4fa75f6b,desarrollo
2103,ba9fb835b1ef320293aea605c9357fdd23ec9b7bba4eb48253b5f45b4fa75f6b,desarrollo
2104,dfb325894a9a6b2231e1705ea24fa3f7b5a921e8418a19cba41fd4c03b1ccaa0,holdout
2105,835d723609e84fb0446761ac6248a73c454f9c8e37f946dc0f99567a3fe2d3e1,desarrollo
2106,b897686925bd15802c74a156ebf77054a48d27ec4777dbbdc8039f34a91004ee,desarrollo
2107,22816eb6003506aced73507ea020dddb18efe750f1cbfa6da9d525b181370d5b,desarrollo
2108,4958b5b31330b96af22c5461289f9b6c2bf9a6f587ff5944c2eb4fd74d9e10ea,desarrollo
2109,79d29938841fec9bd36c222748eee35c2dcfe148bb6761ce82075f014b630bd6,desarrollo
2110,9f4c2e94bef4b4fc5ba60ac7d4b2837c45588cb8a91ce5d6ff172ce9011e48c9,desarrollo
2111,4958b5b31330b96af22c5461289f9b6c2bf9a6f587ff5944c2eb4fd74d9e10ea,desarrollo
2112,f76af90122ec382d28782b8ac9b147a09fe8a77761c7a427ddc9d9a7c0fbc81b,desarrollo
2113,c14dc5df08d565489a1e2c4c68e2a608c82f80434fba89d60d6b75d90a3768f3,holdout
2114,38953203be827a34dddc4b5ec91b350b04e2d6d7479e7c3a8d48d62ae1317431,desarrollo
2115,be00056827aad658d23887f3b5589d15dad6887619208db2feeb63299d1fa067,holdout
2116,10f7e3c666d48d151503e70d58a54bdf457210f31a7b6b7175444f9ac65988eb,desarrollo
2117,4958b5b31330b96af22c5461289f9b6c2bf9a6f587ff5944c2eb4fd74d9e10ea,desarrollo
2118,61745f4ae9903f1aa85f8fb8f4562ec8a22ea6f7c602ccc4b6ba287333652785,desarrollo
2119,61745f4ae9903f1aa85f8fb8f4562ec8a22ea6f7c602ccc4b6ba287333652785,desarrollo
2120,6e4960dec719306a25eeba4789f34ac0e8a30f165b10c20a455747787ec8f34d,desarrollo
2121,6c3fd6f68eeaa8141c8f6b1775a00b27455dea0baf59c14f9282b7b587f4d540,desarrollo
2122,8fec73684b34af7c9358932d3a7c266ac213e3558b7363d136a814344990a04a,desarrollo
2123,3b14207f0837fd4c1799ada40f3c2202e245961b8035d747c35cf9b1fc9ac2fd,desarrollo
2124,0d293cb15c264079d266960b8263177e94d5b7d339178f9b7f9de727cb022574,desarrollo
2125,c42219315ed372295bdda7d9fdc5c3b5e2a5ed5b0a5754b34cde7e3caf6f3b42,desarrollo
2126,62907ed6e12a816579f4ed4f1c654de907b7435be9fa3bed88519c570094dd31,desarrollo
2127,61745f4ae9903f1aa85f8fb8f4562ec8a22ea6f7c602ccc4b6ba287333652785,desarrollo
2128,00420ba7fa9b76a4adeddf2e32aad3896d1fd210c220ba4f11fcded75792d59f,holdout
2129,eca65e89008ffb1d23674f016502d74042269c9b208b75d8389248fcd9ec5b33,desarrollo
2130,00420ba7fa9b76a4adeddf2e32aad3896d1fd210c220ba4f11fcded75792d59f,holdout
2131,5774083c0e22c17f4148906d5868525b9d9a034f2c2624db92a5ede69c615364,desarrollo
2132,7699d75f0e55553815d3be9014b5fe40b4008eeb6978ad167b2002b5edcf67ac,holdout
2133,00420ba7fa9b76a4adeddf2e32aad3896d1fd210c220ba4f11fcded75792d59f,holdout
2134,cef48a81a71e10acc2006312cdbd3bc10d8f3df88ac390e205ccb29b70243b4d,desarrollo
2135,d4a9f2666238b9cea21d4d11c03f629b3fd35b93fb3d9a7b4c6333477e058d57,desarrollo
2136,0964e65a45f6253657f43e9053306c7e24afc1164ebac986a6141eb3799b1819,desarrollo
2137,bafd1f1b5d637181b3156b1d474547719e8f35a22fb86595b6e7a91ab19b1f4b,desarrollo
2138,e96b0c04e40520cbd90fdb57c404f75e4ae5e687fbfb2cd04211f1f6bc7b7b73,desarrollo
2139,591156eb5734e19e409543643c557f29a109cb88dee893533d937633e81e6c5d,desarrollo
2140,7f59425b2bd667a857a3dba0826eb86a0e24f6d6a28d196bc1dab9b6ac4ec99f,holdout
2141,1411dc6615092ca2f484b28d97d87e89a61cb85b5e61f358dcff6eaf419c3c92,holdout
2142,7e69d88b7c65c8e901c036435c4c855521acf12826fd103157f9efe323d30d5b,desarrollo
2143,b4f7355e2a1e8d42b16b28772a81f1f962032c36f0fc4c779a2190e4cc81304c,desarrollo
2144,e96b0c04e40520cbd90fdb57c404f75e4ae5e687fbfb2cd04211f1f6bc7b7b73,desarrollo
2145,e96b0c04e40520cbd90fdb57c404f75e4ae5e687fbfb2cd04211f1f6bc7b7b73,desarrollo
2146,418407fd51adf417a4601bde13c6d76c9e01b7bebbd61a4ee29e377f01880fcf,desarrollo
2147,e1c4d28dfb502f7665987aaefc0fc5a2a13abe51c075aa5d357f29b80b56d2c4,desarrollo
2148,c7c625d339e8e626a5aa050175b4921ded53c86d9bd0f0d57298e3a6ae9d4bb6,holdout
2149,5e19362a3a747b2aeaf598a54d33a914982ea31375668f759f6467ba201b9ceb,desarrollo
2150,c7c625d339e8e626a5aa050175b4921ded53c86d9bd0f0d57298e3a6ae9d4bb6,holdout
2151,687121cab834f7a5df84267a8e596600df3022965498014ea21ac063eaf383a0,desarrollo
2152,dd23b53ae7f516e7242fae75e19b36930eb0c55e2b516ceebbeb2cd85b8370e5,desarrollo
2153,505bf95aa492d493d2531d3aa31f4c381e6ee7299631128b252634cf830959dc,desarrollo
2154,d0fab69bd6f0a9c5e15bece0c99a2fe0d21b82190fcbe3446306f0da6afc024b,holdout
2155,9ec8dd37f03b6afcd500a3bf84e7d6a1434c6f10c46ef16700bd6d916f602df6,holdout
2156,c7c625d339e8e626a5aa050175b4921ded53c86d9bd0f0d57298e3a6ae9d4bb6,holdout
2157,58ba554567f317eb5eff48eb9459fba76fe6202d1b582b7f5b8c2948811b2b49,desarrollo
2158,abb4dc0430f6b9e945b29f586499821e2686597cf1e2b40ef758158fb536eb2b,desarrollo
2159,ab8b0e8cb12cfb3f7e8727fd1b461f259ac22dcd525b7fc344176d5dfb7548e6,desarrollo
2160,abb4dc0430f6b9e945b29f586499821e2686597cf1e2b40ef758158fb536eb2b,desarrollo
2161,88399ddf9633bb5bb877c91f06dc896ef3c6c291d0b5a2385d266c990705abd1,desarrollo
2162,6e6257f4039a0fec6c196451bec27fc2f4a8da440e780c5db0683cb2aa62867d,desarrollo
2163,cf6779ded0d9e7f7f1f24d5b8b234fb8e397d09a4cc00b49a73d3945eba9e513,holdout
2164,c8c15ac947df2b9853875fcf3e91b6f677be075ccd7684b31ef69eabc373696e,desarrollo
2165,a72134c1cd2bef163358abc4fe66439ba7c03ed7ffcb081af4e9961a3343239d,desarrollo
2166,19549992b58f82693aaa7b4051b0deabd411be5bdcbc0eb21b434a6c8c8d6d36,desarrollo
2167,abb4dc0430f6b9e945b29f586499821e2686597cf1e2b40ef758158fb536eb2b,desarrollo
2168,7e6ae1d7f1d5bd5cbd713cc0d06337d918842c99d3b7f05be3de00fa315a713c,holdout
2169,b934a15f32b15f20f9a3202e44e74242777cb0095bd9e075973e33f1bafe6f6d,desarrollo
2170,4cee39587a28352dbf6c3a10305848a6085d123fe726d769aa2a056f44f78273,desarrollo
2171,1ff7d68469ab951312a5158a3fcc91334599c6cff43e7153d6f15c4a304a6227,holdout
2172,c0d0725a0e6d4a7f583c472fbb6c9beefce95dd9f62517df68e3f81b5c46faec,desarrollo
2173,7e6ae1d7f1d5bd5cbd713cc0d06337d918842c99d3b7f05be3de00fa315a713c,holdout
2174,38800d98af1e4073c220dde41cb8b0015717b4fa554399de7a6193e1ff04d879,desarrollo
2175,88b559ef410e645b39965035ffc14e774c7b966c4353e6610c0a3dca124b41bf,holdout
2176,69b3e7b3bbed9c97498ae7faa12220866ea1e8318caaf77619a5e5c730f318e3,desarrollo
2177,7e6ae1d7f1d5bd5cbd713cc0d06337d918842c99d3b7f05be3de00fa315a713c,holdout
2178,6924b66649a918276ab22cd3f3ad9ba77de146d45f66bc6198a4ead19a48a385,desarrollo
2179,f86bdfc24eac4a3adf6f0860d6a09a2165ed0733c7ba487e7bfc49b5d3757089,desarrollo
2180,bbcded3cff21bc2fb886c9132cdd0a93495d1aa713e498d2ebb8064696d15ca0,desarrollo
2181,cf9d1a09eadcad5b6b1940c31430df2823105e373aaafd577ffa212b0d2c780b,desarrollo
2182,6924b66649a918276ab22cd3f3ad9ba77de146d45f66bc6198a4ead19a48a385,desarrollo
2183,aed5c23056b24829168a9e6b8d750540fc4bc50e42161f635ddaa4bf8a623fa4,desarrollo
2184,5b7f7a62544a52179d0b6f06076d5d5d0e55b1eef8a63e674248a6ca62f54efa,desarrollo
2185,4ef6164011541d662cb55267542a064b3d36de4077e52d43e9a3c37b4554b8b6,desarrollo
2186,6924b66649a918276ab22cd3f3ad9ba77de146d45f66bc6198a4ead19a48a385,desarrollo
2187,838c0138751c596dc897266d3cc52fe4e0bd256a75ad150fdc1d50bae2002ed3,desarrollo
2188,c0c62147c2dbbabe11c51fcb7df8d3e1f174bcafdc719932e8753770ceae44e9,desarrollo
2189,3dfb059743890fe0c4142e331d9e5e99aa186a213680f968c1d98afe0f27be46,desarrollo
2190,c0c62147c2dbbabe11c51fcb7df8d3e1f174bcafdc719932e8753770ceae44e9,desarrollo
2191,b8a14e5da1de310fa322e9fa690e396cdfd0f967d7cf7984de8bb831bdeaea18,desarrollo
2192,001ae150c950edd4a3b86bb16040cc1ab9c9609b87eaf15a7f37bafd55ebdce8,desarrollo
2193,c0c62147c2dbbabe11c51fcb7df8d3e1f174bcafdc719932e8753770ceae44e9,desarrollo
2194,4ec57395ba6c491e3ef67e7ecde356594534d21cd1fff7aef10b72e774ce2607,holdout
2195,89b5fd6eaec42cc05aad19361abbda9bacb4b531747886db38b7acc8754fa23b,desarrollo
2196,7fb0ffbf2ae3ac2c06acbc44a5c1e5a2119640200e467d6b5f9a416fe96e550d,desarrollo
2197,9a1686f8b7635b360bd7d1aef5796a902f90ab4635d93a531731143e49939a67,desarrollo
2198,8ac357e28a691e4cdf27ef6bea1b47cad2805850424e40dd7375fde62dec2c0f,holdout
2199,700936b8f9daa4e3111b6466ce99569789d2332f536b8c0c12891dbf315b45b2,desarrollo
2200,a02aca2e1cda971f19e4987702016a3bdb9e6d9a83777dea10f10f0271e8eace,holdout
2201,8ac357e28a691e4cdf27ef6bea1b47cad2805850424e40dd7375fde62dec2c0f,holdout
2202,910c41523c0ce42fdc0af1cd31feb82640f4b7fad717168b89eb9f62135710ca,holdout
2203,f69adf8cab37514abc889bd5b6673ffca6c72da4c44584600da3b16dd92ad70b,desarrollo
2204,8ac357e28a691e4cdf27ef6bea1b47cad2805850424e40dd7375fde62dec2c0f,holdout
2205,7e66dbb28b293290af3a9fb0bf05d79c9b578377bcdd8f5b260c9c325d20d729,desarrollo
2206,77b01674de5e5ce04a44c5f827950adea912cb0113c690f9ea1799f73065a752,holdout
2207,2fab35efe46bd27668914806c65603073fd5304311739fa08e15efcfdad78616,desarrollo
2208,61c6188a529e538bf23c2081bc4e72472ca66482193d0eefd7fad660139eaac8,holdout
2209,34628d493fec3c4ea9677801c36d16eb5a8f81e71f78c31cf3c47f7b130469ed,desarrollo
2210,ad09af37f9c991d82f92f24a782aeb2cf8662e98aff55899d2ca7170b7f278ea,desarrollo
2211,61c6188a529e538bf23c2081bc4e72472ca66482193d0eefd7fad660139eaac8,holdout
2212,7eba8a4a9694a19489d78c8e08a5ac06eaade7675ce5d2e9c8a5fc01ff40f0bf,desarrollo
2213,ea974eb327aae99ea52e3101f60d22cb2eb89d6681d7b8b1803a9d6bac535190,desarrollo
2214,77f54059b32e241d7c5bc8f09f23423a576bdf43bc3f00c9a77027d1f9ad67ae,holdout
2215,61c6188a529e538bf23c2081bc4e72472ca66482193d0eefd7fad660139eaac8,holdout
2216,67262fe2189fc392acb1db92665b6cc22659c18f3e9c536bd64e6105cab5ec69,desarrollo
2217,612769f245dd92e63d34cd08822154724593a865066669be138bd816420a76d8,desarrollo
2218,320ce6876f508b46ba8b80a200395fc3b2b35ee5b45501dabfed6a414e9c36c1,holdout
2219,12711bc5e554c51dd564dfdac0cd05a127f32be035f06a4078f134d32180e53a,desarrollo
2220,c814c65c39adb680414da60d09370ae5fee93ffcb6c1ad578df622502dee555e,desarrollo
2221,2e81c25839ce63375e1a61f9dc32e0641c1415d529710678bb496d2ff7dd977b,desarrollo
2222,27609f9329f48670e798bff4e6e58ee46ca0f6fb99f1e7b335f4f12e7e8b52ce,desarrollo
2223,320ce6876f508b46ba8b80a200395fc3b2b35ee5b45501dabfed6a414e9c36c1,holdout
2224,04f2519f3f055c45162dcf14932a15695436dc172403797e4578db7e7dd26663,desarrollo
2225,320ce6876f508b46ba8b80a200395fc3b2b35ee5b45501dabfed6a414e9c36c1,holdout
2226,a18c04538ba7013081600ca3be02930c14fa83698a83db87548b7cee93bad646,desarrollo
2227,f4abe6414cc3149298c5b3835922062c87b3a7b1ea92b53d329e94241e690fdd,holdout
2228,653b7f3d78fd2ad881d7ff8fa7a741bc3b44e37b1ebcc12d3f3de5e5b765d13c,desarrollo
2229,8c176262fd1f37706d3c9ff85d2b82d7fbb4ebda2769dd68b08575558952a47b,desarrollo
2230,0268be65e808c38961babb28da1437436bafa5afd5381d2e8d497e5b83184896,desarrollo
2231,f5eb69a9cbcb87e1183dc858564a9f2b2e0c0bdeb3f6cd548cc86f1c51638a9b,desarrollo
2232,653b7f3d78fd2ad881d7ff8fa7a741bc3b44e37b1ebcc12d3f3de5e5b765d13c,desarrollo
2233,45a330dae8c77da67db5cd47a8a6bf088d7923be5e2c60875ac365b74336b45c,desarrollo
2234,4b2f91a3bd0105eb7dcb1e8aa6b2890337fe8e7d991ab2a8671be9b2b9453e04,desarrollo
2235,1cc82a769401f9ce733c8b517b44be6e88782872724df8f6b5e3d08bc4397664,desarrollo
2236,653b7f3d78fd2ad881d7ff8fa7a741bc3b44e37b1ebcc12d3f3de5e5b765d13c,desarrollo
2237,810d85e19b56d5620754234d4c2dc4ceaf4c71ed6971a67019e8c51d7cb06603,desarrollo
2238,8f3f64394cf13fed0e2a2fc461ea4b4be793bc519172ffac3f9e64796614a7df,holdout
2239,8f3f64394cf13fed0e2a2fc461ea4b4be793bc519172ffac3f9e64796614a7df,holdout
2240,ba269eaf5b34d1c386d5e4e6dc6a51fed7215fcdff1c4e13e215d401833cc006,desarrollo
2241,8f3f64394cf13fed0e2a2fc461ea4b4be793bc519172ffac3f9e64796614a7df,holdout
2242,a9b47fccf8ae0903f547e8c03908ac7945a9ee68712bbc77be8921d4cb8e1aa5,holdout
2243,b80b83b0d47de56b7815262570dfb61046e5db5eb012cba80e5d010855ff1fe2,desarrollo
2244,6b3469a69566b3a5cd9665da225615160a5d6c83b21cd3963c4eef16ba1152ad,desarrollo
2245,a96be627a728bbf01fdfe14af49a9259609a49d321125181051050b2dca8bd98,holdout
2246,caa20f85f4b99efa28a113867f0ca6abdcead356456695da6648cbb7e62e3811,desarrollo
2247,6e9e760b9f205ca9d81211bc1f17db8248c0b973e21f9aa029107943f556f874,desarrollo
2248,e98335fbef7ee939702c6627a7d485baf087da968e16b6098a08a6a6e7e7adae,desarrollo
2249,ae13196864c4bfedd5619d37d34651e70baba624ef1775989dc71c61bcceaff9,desarrollo
2250,e98335fbef7ee939702c6627a7d485baf087da968e16b6098a08a6a6e7e7adae,desarrollo
2251,4bcaae698bef08617ccdeb2104c76085824d06244a37f614328e486c505d084c,desarrollo
2252,7cb18d7538a58e1b77e1a3eae6367bb1e9058f3ffa912a3ad9c755497a8b6700,desarrollo
2253,f8b2a30780d0061dda5565e4856dd4cc1c5ef27599cf0f912b14b396d5f39b88,desarrollo
2254,67e9f6b008dea57e4239d1d3bc2b62aaa0d7ecd7abdbb42cb0008b47a52984d8,desarrollo
2255,e98335fbef7ee939702c6627a7d485baf087da968e16b6098a08a6a6e7e7adae,desarrollo
2256,78dc01f15a0c3d7a92e30516ed82c19ee71e31ca290474f42120f87c4bd52fe4,desarrollo
2257,8fc6dbac4fc042c681b73b0f45c584533964e986ac51068623ae504e128a6d63,desarrollo
2258,91910b4ee316941f9b8c598403f2a7cd0196b2a961a0355f606f19e121ff431b,holdout
2259,aac388a1866aef5f01bcbca7e3693412575839f3fd0df1505680323e0741d1ec,holdout
2260,ab9f520e7c391293ac0549d749614f55c367dc686b07ed4d83e4b330334f5e46,desarrollo
2261,91910b4ee316941f9b8c598403f2a7cd0196b2a961a0355f606f19e121ff431b,holdout
2262,7a8846ebf27f0f0ae313517dc29e902602729359b558615b413058910ad827e1,holdout
2263,cf5962c11f55385e4384241a30429219061ff6ee071f59418d608f698a4c9101,holdout
2264,91910b4ee316941f9b8c598403f2a7cd0196b2a961a0355f606f19e121ff431b,holdout
2265,f13d5ca26f0824804f3d6a2e553041aacb9e5c5ae2d8d5ddfc09e401a6b436bc,desarrollo
2266,235cdb7a2e283f4e4ae62a4b2ea854de1a144870a2e09f17f149d510e6bc31d5,desarrollo
2267,c9698c2586e0fa5d9c626904b8c2896f131366e60c21ee8e1f9d617078fd99c8,desarrollo
2268,0a70b670566336425dce926be346a92d5d6f1272458ba62274399a1c91fb2f12,desarrollo
2269,390419342d10b6c187ec30cd1c7bd6d2ade63b98ca1447f1a51ae87bcf0fdaed,desarrollo
2270,0a70b670566336425dce926be346a92d5d6f1272458ba62274399a1c91fb2f12,desarrollo
2271,7397245c7e868558df04e113b8d15c39e933428d91e35d0df1a8f7a016bddbfd,desarrollo
2272,b504208f72555866e7a74b8a51d2dc3d485238b3c602d41a6f69a4bff2246c2f,holdout
2273,d1be69a61b9959fddfc500acc5a13dc46ceeb8f7746c726d6446419e52469226,desarrollo
2274,0a70b670566336425dce926be346a92d5d6f1272458ba62274399a1c91fb2f12,desarrollo
2275,74f2c3c53192d8777a61e95f4afc6887d57ed6dd1f5fe0b0466cef11cf723753,desarrollo
2276,524bdd17ae585f8a4cc31dccd1246c34258687d42b4fa6fc83d90ebedafd1b0c,desarrollo
2277,11ad9eee56f4950fe53986da10c8ff93d27d6c255569914e080526a79c9259f5,holdout
2278,df1f82352fdafbbd09eefb167c4df01eb88a7273f32ce71fee76cea53db89244,desarrollo
2279,472f738b4c7fe89e29758a0abdf861561c6bf56fde5cd2b15d34dae01fbcdab6,holdout
2280,303d7f80d615582218e05538901973f8b9b33f56c4a77e68be421584ad450c03,holdout
2281,df1f82352fdafbbd09eefb167c4df01eb88a7273f32ce71fee76cea53db89244,desarrollo
2282,223ebbe8c1d2652e14eba0a1029ffcf0d4e256c37b30d5c511677f301c095f2d,desarrollo
2283,df1f82352fdafbbd09eefb167c4df01eb88a7273f32ce71fee76cea53db89244,desarrollo
2284,9ba86e724264ad2ac05e12dd2405a6fdd30f7c5bc6922d670e70013793675a81,desarrollo
2285,d7fcda25af4defd017c0ef6b19ba1c349045d652f81111e61209e8d455fbcffc,desarrollo
2286,fa2b73e3a1a2886302f71014cf6828edfd6977795994491347cad40a7dd9a06a,desarrollo
2287,3f776a64c3494319e1514f3ba5518f9e1895a99f8acbc6393a103d1f4b64be11,desarrollo
2288,f67c8c6292f808f8ce3f62f664ea6fd73857d9abc5f4db9908770b4a3af24b1a,desarrollo
2289,a81cf8018d304ffbc4ac8618bf016785625d0457b0824aa4ad38f1e63db30d39,desarrollo
2290,f67c8c6292f808f8ce3f62f664ea6fd73857d9abc5f4db9908770b4a3af24b1a,desarrollo
2291,f04589c721f3c83f1be43590d4c48ce63ec114705717d81e9f356bbc7dcfba65,holdout
2292,f67c8c6292f808f8ce3f62f664ea6fd73857d9abc5f4db9908770b4a3af24b1a,desarrollo
2293,63e8153f80b6f55d3d4ae59fa451edd856bff51390a7fcb80c764ad560013005,desarrollo
2294,93448216f77e099f3a46fb77fe69476bd1f9f4a9348fc098b898ae415366bb14,desarrollo
2295,ea143e9b59e190e60932449776ccee62e8e3465a525a59a35e77795818286042,desarrollo
2296,764cf1ddb547c5ba9961c7e585b292b1beec6c99ab9dc5ea1033fa8b1e2db22c,holdout
2297,454764fef8cea3e495422010cc06b20f8da9e890097b54d2ec68a2909d1e0ba2,desarrollo
2298,fe5103b81bd4204789c85647df0985450cbf78d199e3837e1ce848fb649a9ed0,desarrollo
2299,15b71086b0d621ee1664db0c89f23f730d5bb109b28883217fb23c279af7ea54,holdout
2300,4738fe11a5dc7552459b7181178ad2ae86d493a320c588646769755695564787,desarrollo
2301,2fb4c800cb8cf73fea36e95c34401e48fe25366af8bd0136785308765cb481fa,desarrollo
2302,19ba73de9ceef1078d2e5e3ce940dcdd9e88f21981843d1afbe295398089c157,desarrollo
2303,4f4daa3e991c188d4fb12aba8e6ed27007334adf80baefe269c8a3a1c0bd4e87,desarrollo
2304,0288b060e3ce5e5fe9ebb0674af11b41c4ef6c0fbb219b5a7f650517aa17deb2,holdout
2305,fe5103b81bd4204789c85647df0985450cbf78d199e3837e1ce848fb649a9ed0,desarrollo
2306,fe5103b81bd4204789c85647df0985450cbf78d199e3837e1ce848fb649a9ed0,desarrollo
2307,bcdafb95ef9127fd3ceff0860d50636c2fa02ceae2b623a8fb27d205cf4f8185,holdout
2308,578966a3a399ca7e64ab9d47b8b71871bf0bdad94e3aa331d4e76bbcd92739bf,holdout
2309,578966a3a399ca7e64ab9d47b8b71871bf0bdad94e3aa331d4e76bbcd92739bf,holdout
2310,578966a3a399ca7e64ab9d47b8b71871bf0bdad94e3aa331d4e76bbcd92739bf,holdout
2311,8533bd70a5403e4329bcb802ff1c637bb4191198b8e6f58f9fe3110d3612f2a9,holdout
2312,0870b4614780062e54eb7762d4f30565a49c0d05b6f117e8421f5e3ff97bc8e4,desarrollo
2313,27c82fece3155787951bf7c8a33b5fcd48a368d96171f052805a0deddb11d6c4,desarrollo
2314,25c683aec96af6900567e4f3df2f8497d6c534b1da39c7a002e4b2c9b6e54de9,holdout
2315,fd8e6709482db584f4fcee2bad4d9ae58818d8159f9fff5790ff9d75e44dc28f,desarrollo
2316,1513b311e38fc01af8f22ea0b626422774865ecd7c31d2c463499320e1734b0f,desarrollo
2317,6de90575e8065f44085966112f468b5a0187c58bac40b6915bd3d4a153c191ee,desarrollo
2318,c1044bba50bf1f6f481451573d8168e2dcbe0d8a044436f75d9f1eeaf8fd74bd,desarrollo
2319,87593b954fb2bd0facc7c0812c17c7864a906a8fab6017421008608aa0e943b0,desarrollo
2320,c1044bba50bf1f6f481451573d8168e2dcbe0d8a044436f75d9f1eeaf8fd74bd,desarrollo
2321,b144a06609541404f26c66cc1692958f647c919549eae58a0c689eec61af6d7d,desarrollo
2322,fad9a003a0f6005b3d8d9bff5aaa2871bd3f04d7c962cb08b2312e79d5f097e3,holdout
2323,5ac75d905dd7ab30e0a2f89c2313b855ef2f3ccad5dc9159a5a63faae7043f22,desarrollo
2324,5e57ffcfdce7ddb829c1bb10043a5bc77c650d4867398f37dc970848f3e25a9d,desarrollo
2325,eb6b764002280f23a18dd3c21663b7b842d64061f317924824fdb5aab706d29e,desarrollo
2326,f600700dc937648aa906347021917d28d976fbc3fa0e4823ddbb2295f6980cc7,desarrollo
2327,c1044bba50bf1f6f481451573d8168e2dcbe0d8a044436f75d9f1eeaf8fd74bd,desarrollo
2328,d7e1cb7dc2161570e33eb6a83c8ffe4a316d0033166a6dca1e31935f96ff32ca,desarrollo
2329,6078e34487cd2dbd5f47d19e2db7dc2aff763c5dd25939447eefc659137dfbf9,desarrollo
2330,d7e1cb7dc2161570e33eb6a83c8ffe4a316d0033166a6dca1e31935f96ff32ca,desarrollo
2331,2f746ce2f491d4f1c75aea0c6096c5454c7146c603d6f136dd374a5f165ffbb3,holdout
2332,6f2ead43356135f174b446e3aeb28b2ab92c758bf738a3396568eb243faa44fe,holdout
2333,2d0aa6f58b08aa29b1869b04293b0ae4c93290278f0621b3266b17f937fbc950,desarrollo
2334,16738040471c81c769c0ed31b228e1ca2f186c20acd5f8aad22a0b1dd0db317f,desarrollo
2335,259939db760a37af0db5ea14b988733b96f858f5eb0bd728d6f091ff2adbf0b5,desarrollo
2336,d7e1cb7dc2161570e33eb6a83c8ffe4a316d0033166a6dca1e31935f96ff32ca,desarrollo
2337,a87110b6d6d89d7511919f2c70224b11d5631b19f78de91ce12c794fe07e7dff,desarrollo
2338,43078a88cd8c0595fa3a2afcc0946bd3bc4e8696f1cf03288f00d7423a99686f,holdout
2339,e633b917434b411d3affe66a3095027c31f7570c16750cdc188fdd0c339aea67,desarrollo
2340,43078a88cd8c0595fa3a2afcc0946bd3bc4e8696f1cf03288f00d7423a99686f,holdout
2341,26366c127ce7b610fdd94a56d32ac9da84737746378e7d345eaa57369eab9db4,desarrollo
2342,f53a83bd848e34f114d14d72c3f3f94aa98c811fe67fb160b3542f66efeed9ef,holdout
2343,2b6530dd007e3899bf1fac329b2c5304f37c6482c96e5abd06ab8d8527dfde97,desarrollo
2344,93fb2b900b4f163e33bdf0666f0c2f93450076e009be54c008df06d9ef01f129,desarrollo
2345,1a92cbd680dd8f0c213cd972f87258ba2d3a4e2dc784dc3b3f9349b12ab7c739,holdout
2346,43078a88cd8c0595fa3a2afcc0946bd3bc4e8696f1cf03288f00d7423a99686f,holdout
2347,ad875fa8054b02a33a94af9e104cb2493489051ed48652c5f702b1ba0767381c,desarrollo
2348,6fdddf22c8d5c92bd4e822697e8dabcdd648ae5ebc9fd34a61361e9f471f4af1,desarrollo
2349,af3c96300845b63acda3fde1d3e8283be3b97e63c84ead659fe367fee7d51d77,desarrollo
2350,09037258f8b432ec4381c8b07480ba3014842e149489408fef8f42b9669ed5a6,desarrollo
2351,d6c9363a0a6ed8764ef392a2965439810f7f8e71e8364a61fb1faca0d7d2c2d3,desarrollo
2352,716421ee1b19dd2a2cd53f0dca559b6c65701628217b2dd9559e5015c80200ae,desarrollo
2353,6fdddf22c8d5c92bd4e822697e8dabcdd648ae5ebc9fd34a61361e9f471f4af1,desarrollo
2354,812262793d4f58e609a405af6ea5e272c85b6461996a0840d5e084892e18abed,desarrollo
2355,d527a2cce7d71cd0605705f8a7a85cb9deff8708a41b4e66be92c1c8b4aa9daf,holdout
2356,6fdddf22c8d5c92bd4e822697e8dabcdd648ae5ebc9fd34a61361e9f471f4af1,desarrollo
2357,823d7f22ce4fa692a823a5052ed74d4af5b09d8df253a877ead2435ccb867788,desarrollo
2358,31c88ad62ff05fbfdbdfbc1db32e718bc30207afcb62e2e0d08e82f27f2378b7,desarrollo
2359,ab5ef94132b17317a024408b69a2aec92ee48f01298c133a5e93e4ccbdcb91d2,desarrollo
2360,a46bc727671c8eb683c77ea8c95389d973dab45f269e3ea72d342a639bdc6367,desarrollo
2361,5112d9c74d3d42f48fa654f958c458a5c2d523a9b5d427ea1b6478611982457b,desarrollo
2362,5925fb60abd916a97ac52af67bee400c0f1d010503cba0bc7ef2ed90ce785781,desarrollo
2363,2e8643cfb144aac578492d5bf175ac7ed44b8ece7d539b5b8f04322206495759,desarrollo
2364,31c88ad62ff05fbfdbdfbc1db32e718bc30207afcb62e2e0d08e82f27f2378b7,desarrollo
2365,1c75f14e06f6b76d7dba35376808bf707dfe6701196a3be0b8622cd08e3eff94,desarrollo
2366,31c88ad62ff05fbfdbdfbc1db32e718bc30207afcb62e2e0d08e82f27f2378b7,desarrollo
2367,be087c7eb8486745e233e7573095d5fdd9dfe3e358dfa49f128d168716370548,desarrollo
2368,860f85009eb890faeeb57e41c631c616f2dc2175290d6e8ed83af218e74f702b,desarrollo
2369,13cebadb0159a28111c25090b685918df2da73d6f2674d9c42716da22acc0759,desarrollo
2370,904d6ff3e499149b6b60616a4b6e717b38a16be277db05d8e93571985025fc64,desarrollo
2371,2bf77bd886da3f07f890a6e96e3cec80a695dec9ab81aa3a7b106fc733f3b6da,desarrollo
2372,a77ed5eae47c516cc207c2273beefa4430b74ca24c7b8fbfd554f635136e8dc4,desarrollo
2373,860f85009eb890faeeb57e41c631c616f2dc2175290d6e8ed83af218e74f702b,desarrollo
2374,53052a02059cb87c27006b0c3d88778580b9917a9ea98a5351c0c25c8ec5033b,desarrollo
2375,860f85009eb890faeeb57e41c631c616f2dc2175290d6e8ed83af218e74f702b,desarrollo
2376,250f8c8e31a9ad51a8356478d52e1463811ba51c4aec1a351e75036f3c83d024,desarrollo
2377,a6a3296896eaa9a2256d604b840ff54fe7d76ba84f5f517c836692c4e69c8699,desarrollo
2378,198b338221eb2fe04ddc5cccfe18ad03e67de6b7b59fd1af598145a3a0f63038,desarrollo
2379,198b338221eb2fe04ddc5cccfe18ad03e67de6b7b59fd1af598145a3a0f63038,desarrollo
2380,198b338221eb2fe04ddc5cccfe18ad03e67de6b7b59fd1af598145a3a0f63038,desarrollo
2381,dc6041b92612372a32426726a18ae7471da68246b5016961488af3d6b9c566db,desarrollo
2382,00c37441aa674a593d1f79e5dfa3b3177537629c2382cf384b16a6f64ec07cd1,desarrollo
2383,ccd52ef54d6e9028e1a7f5ac2776b7e190f9cc9ce641846a16564b848ea59ac8,desarrollo
2384,6db6aae979fdf7cf301fe86d1988fdfd24ac2be710ae19dcb04aeafa0d7c546a,desarrollo
2385,4cd1a2d1ff89c0ae6f11956ec9c9231dae6dea06cf46b2f1b5c20b37842969ac,desarrollo
2386,daefb759760debf1a98c663a75ceb0885d66f750184b46dcfb5490a3a9ef6124,desarrollo
2387,dff88e48f93a982a19e912e64346854f74c69aa6caf0542ed7d2e10152c2d914,desarrollo
2388,eeed8bb80c1dfeaf8a71515ea3d22d3570b45351f9f5266c75fe48adf57ec48a,desarrollo
2389,d84e3e679d6986a082222c39fab0bc3554615e5fe11ef4af292b8a0a7ce1a0df,holdout
2390,b0d6b49c9e9a854e10f5875e0fdb230e5b6efb16d0daa26feaf72714d31c3e6b,holdout
2391,eeed8bb80c1dfeaf8a71515ea3d22d3570b45351f9f5266c75fe48adf57ec48a,desarrollo
2392,80f034ca2e7ade32e04e26ef4c7435065bb71b7c4bc583248890bf7e944d3bb5,desarrollo
2393,9df83c2616995af0176d366ea77311b2aa622bedf3bd10910716a8b79836c982,desarrollo
2394,b5a6bd80bf29806175e679313075185bdd0b3b4639950d8730dcefa07d8af8c4,holdout
2395,6c799a63a346bf78e17050895c6ee56cda100030215947aeb750f63102d7c0b1,desarrollo
2396,478015e465579ed0ad50960992f5dd617483d220001c88e1a7dc9daf871acc62,desarrollo
2397,eeed8bb80c1dfeaf8a71515ea3d22d3570b45351f9f5266c75fe48adf57ec48a,desarrollo
2398,e3de0a8b13ce4c977ec7ab2e0f8a313782f3388de319f527e4d2c45bd136438e,desarrollo
2399,65d586a1edbf44e76e977f72effc1e43a73d27135617c8b60146d24b0482c3e1,desarrollo
2400,709d3773aade43785d5e169251f795250224d8054cd4bda140fb92442454aa7c,desarrollo
2401,e3de0a8b13ce4c977ec7ab2e0f8a313782f3388de319f527e4d2c45bd136438e,desarrollo
2402,06b52749a0b46cddc628e28ddd4ef72be62e9bb3309fb47ca603bb67784f7542,desarrollo
2403,867a6d8d7042d707ad4f4553f41d47beb2f74a916ab7d9b0dd673b5845d15a1d,desarrollo
2404,e63759f99062e56d161338f9c5a24dd9171ff348c36f08c6d12c5cdc8c6050a2,desarrollo
2405,e3de0a8b13ce4c977ec7ab2e0f8a313782f3388de319f527e4d2c45bd136438e,desarrollo
2406,07f8390c30b470884f12ae8dee1be349719a5a35992ddae85d858f2a4787edf5,holdout
2407,568323c29855aeedbea07ae6b1f373467d7d15efe85805d57dc28c5983fef5b5,desarrollo
2408,83a5d1d558f81c7e0ab757b2d4e1295a9ee21ccbbfe8d61146303e8eef41fc42,desarrollo
2409,83a5d1d558f81c7e0ab757b2d4e1295a9ee21ccbbfe8d61146303e8eef41fc42,desarrollo
2410,23cb7b60a2268d589f4568c9db24034cf5251bc3592847766ccc4d12e72146a7,desarrollo
2411,83a5d1d558f81c7e0ab757b2d4e1295a9ee21ccbbfe8d61146303e8eef41fc42,desarrollo
2412,32d5f94bd3f3e1d3be62848916decf9098d8c2bfbc6415f03b16c1544199e89b,holdout
2413,f29db1c460c895fd23af2248fb8f4128ed3548ca78c929d93f25452cb70ca9a7,desarrollo
2414,73b96e41b290c690c0347a7bf70f11b272da7196f43c0247ef0f52b54b3e7f22,desarrollo
2415,f6b863f602a5e0cd76f63fb84b0ab1c62b47a863a8093be229d87add5bf36091,desarrollo
2416,b8463f2cb085a6d6e47f454cee5f4b31529ea3c094d3620cb18331ec2f28839a,holdout
2417,bbc6a108a5959fea94666fb57f7f7e8aaab1a9a7532bd376a6a16f43ccb8011b,desarrollo
2418,5dac6d951322d64522367cbd325be3adacb500126e41cbfad4524e79ef59f687,holdout
2419,5dac6d951322d64522367cbd325be3adacb500126e41cbfad4524e79ef59f687,holdout
2420,0ac6043f79d93cc94e580bc7b7da2d15049b908276dc1cdaa3c5fc7f59b97c8c,desarrollo
2421,72c826e162443ac905d187cb4b5eb18499bcd5cc6692e54b106c5d0eab478355,desarrollo
2422,2d864915d3d8150cd4e3707987c1f01a09e41a1aa07a9220ac9317f7816ff9f9,desarrollo
2423,968a0e07129d80cb51d720463286d19681907fb060202d0f0233c8c687a70b66,desarrollo
2424,5dac6d951322d64522367cbd325be3adacb500126e41cbfad4524e79ef59f687,holdout
2425,43a642bd74356bf87e0660c32f6938a759d56568e04da7b1e054bf800a582e63,holdout
2426,20684ccbcfa9778167061c199e45c751d10c02124688dc47d0261b2851bd9497,holdout
2427,e295255995a9fb9a1225c77807b525828df7e98320c8e94a0dd1eae03625555a,holdout
2428,30f49d371a4a5a1efaa02f97c6c968e3c7d3d5244ad020271f55a4becc8f0567,desarrollo
2429,dfad3e51bb0164daed799e5373746fb2b1dfcd5b87b0b85eea41bbb18dda7c4b,desarrollo
2430,fb3642a4b30e1a8cbac26d2925fa4a5d62c41efc43dcedf93ce822bed3ac857c,holdout
2431,70884608d2f3a2ff6d70ca41333db31a7d6f1ea2e459b43d40716878ed3df42b,holdout
2432,e9b9c4035adf3fd324ac7a3b1caf4096243a4e78afedfb2b217481940897242c,desarrollo
2433,374c7a41ce6940746f2aaa12d3d74d4aebc32a8e2c1ce1e67a596943b854a83d,desarrollo
2434,30f49d371a4a5a1efaa02f97c6c968e3c7d3d5244ad020271f55a4becc8f0567,desarrollo
2435,1ecc221d989a44ab87e99f9584c3076d026818cfdcf2eaefa154ed46b2d3e99a,desarrollo
2436,30f49d371a4a5a1efaa02f97c6c968e3c7d3d5244ad020271f55a4becc8f0567,desarrollo
2437,3c13c9d9d7189d0548276d63bd2ff4505e8a8b8250f787b73cb2c4543879505b,desarrollo
2438,0d2aaf393a5f3cd0729d7f937a62d206c3440597cd94bfb38c70a3bf10cb83cc,desarrollo
2439,adbedc70ff327b613920fdaa6a8fb85b5b28a7af918d22dc68a186fbcbe289c0,desarrollo
2440,011d3a1a7ef3d94d29109fbfff26f82e1f3b12f1c04b414114e14e91278e25e9,desarrollo
2441,0d2aaf393a5f3cd0729d7f937a62d206c3440597cd94bfb38c70a3bf10cb83cc,desarrollo
2442,e11f84476fc9fea83d2a1509f477d755d5459fdf7c03dbd832fff47456b2a52c,desarrollo
2443,c23514019d318ef60b6ba2b583e74d4f5cd224a2d49529111c9a8542e0a5785c,holdout
2444,a50caae05cfd8c0ca855fbbd4b68d40d5fe3dc657e38d92d28de024f59a883e7,desarrollo
2445,583392818b37b7684e05b25d64360bec1ff3b254a5da2be9deaa23db670fac09,desarrollo
2446,0d2aaf393a5f3cd0729d7f937a62d206c3440597cd94bfb38c70a3bf10cb83cc,desarrollo
2447,6a0870ae8ef610ad2e7c95eb15fbdb23325181adfe9afd73aa4a033b7c7cdbfd,desarrollo
2448,e6ff6af02bdd8b631c7787cb20080afb267e18ccfb3b0d53373360930f63ab1b,desarrollo
2449,705f54754abec7b7bd525e2778851e017b7b2e9a5de29dea91672da5ea2dbce9,desarrollo
2450,b37ef1ec9000a8cb18d9be5c18816cc17f952b43c546a81d30a4634f9f2a1415,desarrollo
2451,4dbe94322ef515d07064f146942321e2cc6980dd493bf89369b6faecf7325441,desarrollo
2452,bc0a5b1e79663d768602ec7cd74a0dd84695869580d4af8af51f875d26928cf6,desarrollo
2453,6571a04fc3ea578dadad337f0feb833d72221115dde460a0d90da1dd119fb02f,holdout
2454,df48d462a9ca448977423b0e709330c71a3395bad6f3315461eb78ab52a0dd53,desarrollo
2455,e6ff6af02bdd8b631c7787cb20080afb267e18ccfb3b0d53373360930f63ab1b,desarrollo
2456,00a8618854e4b05b5a265d1b4be0c171ce0b6ea9cbf4ccb3964ce6d0a996856f,desarrollo
2457,e6ff6af02bdd8b631c7787cb20080afb267e18ccfb3b0d53373360930f63ab1b,desarrollo
2458,024d356066c4d758bb8c05a18936eeaa89653cae6482a22a1593108d875b41a2,desarrollo
2459,024d356066c4d758bb8c05a18936eeaa89653cae6482a22a1593108d875b41a2,desarrollo
2460,024d356066c4d758bb8c05a18936eeaa89653cae6482a22a1593108d875b41a2,desarrollo
2461,a771399a83c7ab58899514388ea4e00d495199d99b8393e58f99fbf5d429d290,desarrollo
2462,c888cf17d2713c1655af1c6fe5bfc62aef575b3d55c569104a29580a56bd5e7e,desarrollo
2463,329d02f168ce22846ac248a4ac53825c34ccbb44fe8981ea3997805d0322cc44,desarrollo
2464,55a38a7319e51bf5a5a1e12c117d88b0684809c412d605138892e013ba9284f4,desarrollo
2465,c86b2f537f89ad1d7dd3b88e71aa7520577e9c7d6e5e3162998f5092e7de5667,desarrollo
2466,e894abe634dd9a450d47a5a01eec15eb9e252658eefb1b65569f0a57db24a802,desarrollo
2467,daf50a899ea73ae29208abf38e83bdf001fb0a7631d9c5a9ef2072c076ec3503,desarrollo
2468,94fe0b81bdf88ccb6cba7dc15a16966edc9bc3c10f5dae60c5ba0bdcbd0fbbdd,desarrollo
2469,6e8578d046ad05b3b625a7c340fa969336fc46305d9db30ac91ffa65012153e4,desarrollo
2470,f446c9b7acdb7f7ea1f4034dbd7be5061c2bf7a6c49226ab3ca89dcb60d9c29e,desarrollo
2471,08a4edd4fdf000bd11bd7687e500414fb4b72528e19f4cea7fda205a2486dae9,holdout
2472,94fe0b81bdf88ccb6cba7dc15a16966edc9bc3c10f5dae60c5ba0bdcbd0fbbdd,desarrollo
2473,0dbf84dee341e44e97afaf5f3667b0172373a55b2e82882f3c09acf199c4719c,desarrollo
2474,06ee321005e1e267eb95cf015078b55e226c700cbb31f7dd13173003c5963e78,desarrollo
2475,f5a7cb3bdf337f70882a0c468622ec37e81e069a633cfad7f5a423bea139edc3,desarrollo
2476,94fe0b81bdf88ccb6cba7dc15a16966edc9bc3c10f5dae60c5ba0bdcbd0fbbdd,desarrollo
2477,1617b59835449262554def4d39d39ac374c620ac68457deb9e291002fa0f92aa,holdout
2478,bc0c1b9da9c434902d663e50be037a09ecd97d8a985f014999e05f8bcc1581d5,desarrollo
2479,edfd57045fe9e172ce6c5c1b2cab65daaec88049ede0dcf9a28a342d74b96132,desarrollo
2480,bc0c1b9da9c434902d663e50be037a09ecd97d8a985f014999e05f8bcc1581d5,desarrollo
2481,58be5cb95502c392b9719f737008d0776093f99b5167fd756d18d5b3085cc883,holdout
2482,f9bc3983b87ce8c911ac411f7852a2bbd07111432ee14b3c34df5495367dd896,desarrollo
2483,bc0c1b9da9c434902d663e50be037a09ecd97d8a985f014999e05f8bcc1581d5,desarrollo
2484,e2882e77aebffd8ce2261bc1c49947171aff2b65d7a6f8b3af1ce5762fed07c9,desarrollo
2485,6516685bbe0de553e4a9fbeb9f6c75cee01a8f2141eea0b8b1510b423f4e08a5,desarrollo
2486,aaf1e0dab2fdda8746371d5e517b5ba7769d4055a5e5e86fc11426a1718a4a05,desarrollo
2487,44dc3b4a028d56670cf6f9db22adbd0dbffa1e7365fe910789b8a8c14fd31f33,desarrollo
2488,55c8bc6e644638fefb4dec6b43725f0b5099e3c91872fb5afe962575be03c22c,desarrollo
2489,8b0e9361c097328430becdac7360e0a92ddf5609319cfb5a4685b1fa0fedcfd4,desarrollo
2490,9f1b99208e08cf40a338f0154e55244bfc6c009da5ab64fd9e16c8ac526c578a,desarrollo
2491,55c8bc6e644638fefb4dec6b43725f0b5099e3c91872fb5afe962575be03c22c,desarrollo
2492,9759a06a4bf67ed2021f628a4f834444726096234e01bd37f9653640ac4b04b9,desarrollo
2493,94452a1081a6994b83477db6818ca7a88839053f495c3ae111bdf0b14896c872,desarrollo
2494,d4267f1d99e9ce70101e4b2becd257b3efe82f31c840b7c1ffb8873cf73aabb9,desarrollo
2495,597ad27947842840ef981ebcd9d19d7c2a08e33abdb56ca4de10bc26afd5f443,desarrollo
2496,2025aa7d7922e61acea0a57ca23b4919a754bae377de7cd20b60d754f13caa95,desarrollo
2497,55c8bc6e644638fefb4dec6b43725f0b5099e3c91872fb5afe962575be03c22c,desarrollo
2498,eb3a61ec62674d5f30be3c7568ffa1afde48a305ccf9aadab36892ac960bf4a5,desarrollo
2499,75718306ae4a782ef159e4da4f41094a7699506e7d6c01709cf6ad441262a552,desarrollo
2500,98d540e9797093987975d84cfb481ff97a5fd415de3233bda5586caaffc98307,desarrollo
2501,ebc5ea68bf15e1cb4282d7eb87723db9ae3043ad3d6b8b5cec55e92bd62062d7,desarrollo
2502,ddee51d4a4a082a29f960897bb3f0ebd8b7d9375453cef62b1fdef0b1aeca054,desarrollo
2503,eb3a61ec62674d5f30be3c7568ffa1afde48a305ccf9aadab36892ac960bf4a5,desarrollo
2504,693a2a3b0f8f0bccd42ab13664427ba123a160d7406fdf5c0a963429770f4466,desarrollo
2505,246fe6e885d703065201fe75f702f60f1013a0701b79fa931d17b28f37823361,desarrollo
2506,7008f2d49599b2a69fb01ebd0cf2ebb83096d8a1844b70783ccdc8921d3adb13,holdout
2507,eb3a61ec62674d5f30be3c7568ffa1afde48a305ccf9aadab36892ac960bf4a5,desarrollo
2508,f1d757adf2fc717b969d1352400df4edfcb05b2748600dae6effc8187467e253,desarrollo
2509,b0338bc943dcc4b98922a8ea39e0bec76e4d2589201d5feffa37c90ee50494ec,desarrollo
2510,6e1b4ee28b1742c964a36bb594357ebe66fd25feede26ebb9dab4dc69098cb35,holdout
2511,ba0ab3ba3b849a8b910bd4f8f4a7914f1ca5e667a52e6ab46e585d9d5e3f380f,desarrollo
2512,8743dc1959740449c8795d142ea98e6220d1c651309ef3cdcab432a0abb72d82,holdout
2513,c90fcbb3661cba342b961e87749c4d208fda4df168adcca34a4a5851a502b8bb,desarrollo
2514,f1d757adf2fc717b969d1352400df4edfcb05b2748600dae6effc8187467e253,desarrollo
2515,a268641481c04b50177cee22825d26145e473457f059c50bd6d90871c4e2b1de,desarrollo
2516,af5e6d1ac0d52715dd9843d4e06ff27bdb0d2a5843d0888bba066b3670cb0cc0,desarrollo
2517,8a0f8cb7f6cae6e0132e73ecdbca300129acc2a43d8b086b2c6e6c6cb608553b,desarrollo
2518,e555a725ded00f3ef0e9da954b14a0b98342e8cf69784ca4360e055e143b3aa0,desarrollo
2519,48478a144dc28d50eb87e2ae927271b621d54ab0f5e3e80c6e182c26a85247f8,desarrollo
2520,5fa9c27f4340d764bf3865c2d316a983fb6a4ffa690d245776d68ffe60fb241f,desarrollo
2521,530ee7cc4a9ea17eb88954f4ea325e79373551ea0eea48570db5d3211963b881,holdout
2522,83c8af8089daf5aa3a4f7d96ff858e4cad0a6c71d57de18f9308c46dc57c2271,holdout
2523,8a0f8cb7f6cae6e0132e73ecdbca300129acc2a43d8b086b2c6e6c6cb608553b,desarrollo
2524,0e854e1e719dbe59c383f0334d46aa355bbcfec40f36437634f6c8ec903ac3ed,desarrollo
2525,9cda803dd0657b406c54fe0a8c67e95e03e38fc8c09300642c8017e845dd5971,desarrollo
2526,30134aae2e45188a850d7a09aa936da79422ec6d9c17856f14527b51ec6d7c82,desarrollo
2527,3e385eb6308920520e284df6d21cfc447132010751558d72b07ee1644fe546e5,holdout
2528,ddc2579799d681af7399453a047a800cdf55b1dc7ab81918449c8db441fa24ce,desarrollo
2529,906b3717e2bf1f45e26ea9f9fe8149ea3d04d8f2477ed61c41c4e575c0deef4b,desarrollo
2530,628d8c1ca1958d079beffc83de45057890a918ea718fb3180378c279437a0c00,desarrollo
2531,30134aae2e45188a850d7a09aa936da79422ec6d9c17856f14527b51ec6d7c82,desarrollo
2532,b61fa26a8cb4ae358fe4728061ca51d75feb0d06765b2309b9fa93af853af1e4,desarrollo
2533,f2fe0cd82e6a687676fa7a7b27cee6956369a1ceb329608e0d8dfb096bd405d1,desarrollo
2534,8744312fca52cb92cea7ecf00f76f4750a89f425a6f33a9b69a8fad9f770fa4d,desarrollo
2535,053be43855fd60fd3855682d115950e43e796dd2ef5e95961501152af737bca6,desarrollo
2536,053be43855fd60fd3855682d115950e43e796dd2ef5e95961501152af737bca6,desarrollo
2537,d95676f465ee9825606754c24471a2a215164fc5d2980f92340e1298c36dd96e,desarrollo
2538,ba4b5f75450210e9fa3fb80a66ed88af3ac85f6446553bdc819599991dc91eee,desarrollo
2539,4d0a4c59ea78dec8b50077db98e579bd9ebfab8cb50202ab1ae8890edc78c207,holdout
2540,7f4626d4abd0146117abf8b194d4516c8d1b36563cb34245a6235355d51536fc,desarrollo
2541,8fe86c4ba5954a6a31d522f80743c1f428b37675327bfd1a15246c72d041308f,desarrollo
2542,3353c3be5210fe510e748ff1f4886b31c0326a07118060f39bfdfcfc8d2259b3,holdout
2543,ce6baa21322be58e9419875baf942272290f475cabdb9df5e510a5c940556330,desarrollo
2544,da7ac218548ad2fbd19269606def04191b40230928b9bcb76a033518f62d9162,holdout
2545,f3c572e91873df4b34fba795fbba767912affc988178543062a119ad072a07c9,desarrollo
2546,d22a098f235825ac9e5c10705f11af4cc4c28d22fc1b0cbd8622678d989d46d2,desarrollo
2547,da7ac218548ad2fbd19269606def04191b40230928b9bcb76a033518f62d9162,holdout
2548,3b1e6b485a8a56d996b1a6ad00f202262e8eb77f7574fcb856f01b8460de4db8,desarrollo
2549,68937bd75ea0d2f9a700d0723a5ae6f557e6913c9f8e175bc490e27cf13a2cfa,holdout
2550,db555937922459345109fa1c1f83dd077de07c3734498bf4b28a0ebba67f0f90,desarrollo
2551,070d6c643cd9a415070e3030c4416520666e6d46e181765079eb565d08c68b4c,desarrollo
2552,86099cbc1afc9d3572840b699a22ef7461305c28838bae802d0ab41361c5fff3,desarrollo
2553,ce572fda18fce62299a19af01ce5555cd13e5a6cfe3596b8d5e2425315fad297,desarrollo
2554,496682d7e0a502d3129690c227377f6d9eec443269507cfa574c1537b515728e,desarrollo
2555,f63a59e0f0bff04d5ba7f36bdf0efb872ebcf3b202e65eee83be1afb944f6284,desarrollo
2556,ce572fda18fce62299a19af01ce5555cd13e5a6cfe3596b8d5e2425315fad297,desarrollo
2557,249037aa40b020414ba9da4181100882f59f4637083fce8b318d2947ace34707,desarrollo
2558,c9b42f5d0ceedb23ee59fe1fdcb7513698fea1cb138134b96ac10983bb22f2ac,desarrollo
2559,d51562c551fbc54b0e7e15a49c9ad69b17d4794732651c3ae614f7f64437dd86,desarrollo
2560,147c3cae2dd36e7fa16aa04158c4456e85825ba31af234391ffeb6caf5bf6c5c,desarrollo
2561,dc46f26917be707bad14715a9ee95046fe892aad15f2887856f5ce7acdc27a56,desarrollo
2562,57224c0f56020106feff6afe7ddced6e28ac54cc13f6d451adf88134a962db2d,holdout
2563,3eb8c58298672538c0d36b4d8ce062f5d499a58692adf750230475d8d0835033,holdout
2564,ac4e4b4a02b8db594012dd96f2e868e16279ab285789a53010225f1e04232df8,desarrollo
2565,4a8f5ccd1cf99c0b8eabd6e6a653e1f3b9fff12765fd51cee9294045b78397f9,desarrollo
2566,52e7dee6cd48dae0cdc2283529c22e74dce21b9c54113d4a70b25bb27e6b854d,desarrollo
2567,57224c0f56020106feff6afe7ddced6e28ac54cc13f6d451adf88134a962db2d,holdout
2568,a4ea63d31a4d535ab5e787fda8dfa025331498180625696dcf8be49becc2c276,desarrollo
2569,31d5c8221f428c4ca35eb3a9367bcd847066a3ed8fdf19e1b7fe6240afc3b05c,desarrollo
2570,21e2a6ca7f0de3e848fcec956b7bba7363ee5dcd34c714a91e2fa9ac4479b502,desarrollo
2571,333bac4c008e81fd8f551b5fac0c150033a688e1c302b5f3eac417490124db0c,desarrollo
2572,b3753a845cc215a8d24352ae65d51547861011244d8b3ea3e83f0aafe9bd9dfd,desarrollo
2573,333bac4c008e81fd8f551b5fac0c150033a688e1c302b5f3eac417490124db0c,desarrollo
2574,b8e5c2634e2642fb10e21a1bf62159bec3390c2735208e72af9cbe84c2b46314,holdout
2575,c2b56cd29014b7b88cbffb09f453fb74161bc4c72faca7987946a6e17f0bdf7c,desarrollo
2576,70dbea1f01353d298429fc4bc39677cd18551f7a1e4b35431e54552de6917cb2,desarrollo
2577,5970e3582abb83f3d86a2b1fa63fa9ddf03d262e32938fc813660b0f139a1fec,desarrollo
2578,cc7c9eed6a81af64a2fa0eb348d9dbdab1db7debfd6eb2801066a7fb4a1db0df,desarrollo
2579,c5b2946ff010faa64d687a1269a278b9eae884ab9799364adbd7ce5b5b05d214,desarrollo
2580,42797164d63a1fd8e71129e435810b1bfe980859c376d959a47a12de4672428d,desarrollo
2581,cfdac5700131189b87cd32f7a80c3be939530437dd31560cd06825cabdef9c00,holdout
2582,cb8b5e06f39a9284f727d173d77373f88eb10a9f8438682e01a9549e652cf2ed,desarrollo
2583,880cf15e407527b8d869fee252941317933ad989b13d7b46414d12ddeb86fe19,desarrollo
2584,3b1810f2b35b7b8d675ea08f31f51a1aeda5f1cd59652891ff67f44d3c2c1721,desarrollo
2585,75069922079298038188d280fe693eb061a143cf1eb7f8ce81ec3b2a2fc61abf,desarrollo
2586,f9e7e3f0505e5dec471b88a42693f94fbe5979f8ff0b576f08516cde94fefe3b,desarrollo
2587,42797164d63a1fd8e71129e435810b1bfe980859c376d959a47a12de4672428d,desarrollo
2588,2527122f6d8bc48afc92f09ea4a517701cf1521c1c436045caa1c37494f83724,desarrollo
2589,65373ae82313f59271b13474df63f1cc1404af7ab48640034caeb0bacc6d733a,desarrollo
2590,ba36745bbe1192dac903713a1655e4148905a1578a469d3b81e35763114957c0,desarrollo
2591,9f5df90a8550928c8ab719eb08984e93cbcf8a35fa5b1920484f61827c9d3801,holdout
2592,d69dc92c6233ee77ecdf737da42dce0973d5db4e922a6a5088ccf895c666acc9,desarrollo
2593,9855bf255293d6bfc3ef85f9a2c8e2d46af90c6a567f73f0a84cfb7553eb2d71,desarrollo
2594,c0ed32fb86067fae325bff41f65de9c2a6fd32f6cfcf10c1ba8eb16274d83d4c,holdout
2595,65373ae82313f59271b13474df63f1cc1404af7ab48640034caeb0bacc6d733a,desarrollo
2596,c53b3d68b91b46389eef4d4595f3fca06a461875fe0c123b7c71b5b87e107161,desarrollo
2597,5b6dbb69d0803bf3eb499afd63449eb2d17f646160bc9b38a32b323ce1394c49,holdout
2598,a5abe49eef1c0f4de9020a11820b75acbc3cec3dc4c7279d3be16f2839f26230,desarrollo
2599,8d2076a4c33e215ca09ff5622a2fe5d2985f0e490b0ca3e01cdcc4bbd8d1f22f,desarrollo
2600,1a119d19b41038cb088d8692a48dc1ef03ef857b876598f6121260dd0de7bb9d,desarrollo
2601,a5abe49eef1c0f4de9020a11820b75acbc3cec3dc4c7279d3be16f2839f26230,desarrollo
2602,ee79d886fa6964f9c55f6ac765494135e23f54f5dcbb1481154bf97ed6ca4e81,desarrollo
2603,968ac6d79fa4f2e75bb3be31fa06122eb49fad2f295342dc999e6fb51c2166cd,desarrollo
2604,267e1272179e50f80f81c36fab6dae9048257c5149c88107e8473ca7bb5e7f0b,desarrollo
2605,dfe175e70649016da1d241bd9aba39bc82893527fd0323b87b8393bd1e91c8cf,desarrollo
2606,2312b1de3a786c87f329b6144d6bca150d5c7e9f887f0861776d4ad12b66f3ca,desarrollo
2607,afe8a4ef5650f526897329aa4b1e501ed1bf03bf2a68a2a9646e194578cc6b93,desarrollo
2608,268c172d2e082021b118c526db3afd7352ff6304df64feb25cf77ee49a439222,desarrollo
2609,214dced69c4c5d46374924e0dc748c03ab34ac3644b76d63383d07985368baf4,desarrollo
2610,afe8a4ef5650f526897329aa4b1e501ed1bf03bf2a68a2a9646e194578cc6b93,desarrollo
2611,4b46bb757ae4f91dd7e8a627df4c6408166b704618538636c68bf5c7ce2ac9eb,desarrollo
2612,a2e09a73befe536755b36e16e23b74e3e5d16941de0e06c3670f884b5b230dd7,desarrollo
2613,e574fc3f5573e408fa8022a132d91f8233d9db81d18a26a6e830e6736502968a,holdout
2614,cc444ae049035830a8eec56f64777a75f3a8343c56c7fbfec08402d4f6ae05e7,holdout
2615,2a39d2bd7279ea698969108b4c537fbd112bce0dec61e772c7066136fc257fb5,holdout
2616,2c1b16ed08ec0dade47366f8263bb2cb99c01eeb71f3a29e65fc3739be6c2515,desarrollo
2617,01ff519603f3174e45cdfcbb442ff57bdf8c45e8cbedd5bbe317322632d327d2,desarrollo
2618,99b7fc965e907c2b1b78e55a643b47ca9e25aa7ef2cba455879abe9970f5ca87,desarrollo
2619,9d5543db34bc95c06cdcfe75e14dae8347dcafeb2707076ba1f94fabea6a6992,desarrollo
2620,6bf0ba7af28270287880ebe8b0ec779485d2808d6e61511bfa9e18c928a801f7,desarrollo
2621,08cbc2615105595110d6fb6f1c4e808b982e03a7d42679931354dc671ed16aae,desarrollo
2622,bf81685ce5adc3834e6e85068feedd8b3e3681d062f9c9c33dfefebb75ab5540,desarrollo
2623,f76ce87f15f909f8646d9a9c06b50cafb1cb60f131408c6c47722d72907e09f9,holdout
2624,2c1b16ed08ec0dade47366f8263bb2cb99c01eeb71f3a29e65fc3739be6c2515,desarrollo
2625,e07cec78b3ad1dc9dacb1bf43d6063471e7f0fe4fe91edf27205bf2e9c2f6dea,desarrollo
2626,e95283dda95f1e23c71a2c3bf2c9e1d4441f88d28cbed0fabe204bb2009374d3,desarrollo
2627,7fd50ea38ab8a85c7db8096060a3f5f8f53e513dc71507915a5bda10b5c47d2c,holdout
2628,51f8b1bd88fe0eb1fba6ba5f35e96ccfeed9e3814289bc2daa2d192cdb3d9913,desarrollo
2629,e07cec78b3ad1dc9dacb1bf43d6063471e7f0fe4fe91edf27205bf2e9c2f6dea,desarrollo
2630,ecf239a80ddb81527718133f38553751db2d9063897761955fabbdb640f30490,desarrollo
2631,f40d97668d4b0d2f724987cbad93b52d5472b925c169fe300c09b2ff65215e53,desarrollo
2632,65b3a997ca2ab044ee3656d0528142d2d2a86b2e15c5e6e4e29d9d3f008eeafd,desarrollo
2633,489c4e265a3b9e39d43cd814286452c2662041c8eeb36d7d1bada367c179a094,desarrollo
2634,aef70e2e271402ae0b45d86e9f5254149bb3184c4e5a05877c89b684a506618c,desarrollo
2635,1399fe785c468a868aa5643b404a3f6f362f551985e0778f23fbd881266f4dd0,holdout
2636,c169fa99d32715b59b4c6c7d2dced29c768e12fa764508052b0a60b4863b6edc,holdout
2637,6ac105533955367ac55932e00d88f34b0d7bfff38516dc8815c52a024944887b,holdout
2638,bb82305f68a493c4698fd3a8264a26a2c9eb7d7eddee97264efe460111156d32,holdout
2639,aef70e2e271402ae0b45d86e9f5254149bb3184c4e5a05877c89b684a506618c,desarrollo
2640,c50d99162f4297dbb1d160e68f82c7ebd86fcabde255d2af96c0d8944eacb5dd,desarrollo
2641,01e6f51faa01233fe57397572ee461d888f3570a3bbcf24845226f166af0b4b4,desarrollo
2642,35ced97fccc9bf1a3b32550667ca4070f490321003d367705a48d60bb13ab992,desarrollo
2643,d80ef0489c68e6c363aeb06551a8701e812d06cfdc29e7c56e6309254c2c948e,desarrollo
2644,8c317178b900c7e1ba5513eba1b86ea97c59ebc87e65100ec688d807cc8c98c3,desarrollo
2645,4e760afdc4cf9af1196b7ac0e12d48babf10b62cfe02bae1105b1cfb8ff12b60,desarrollo
2646,d80ef0489c68e6c363aeb06551a8701e812d06cfdc29e7c56e6309254c2c948e,desarrollo
2647,e23933314f5de3c6883b4d274e792476bb4429dd7d787b0b054893b7126cb520,desarrollo
2648,e625241630fc0c6cc1dd71c161fbdb4b741cc9769d76e8ade00dc2c07b11ac8b,desarrollo
2649,50ec35c6f5fd2bf03399406e795996b22aef839096574445bfac122a78ce8125,holdout
2650,6046bc02b6ae35389334495eb720a771b7bc383e696cecc3101657db75439f6c,holdout
2651,aa4ed066fa79ded242d4593cf38d7c25b36335ab7d6a974b379726e646a8c26d,desarrollo
2652,5d22a7d2de93037b4d8b1eb7f5447e2b17682f6c1696176949a4518fdc402147,desarrollo
2653,44d169f6ff3b63307015cdccb3f3d13935f4da3e71834add7759b328c1acd834,desarrollo
2654,78fdc120d35afe8d36533c0bac0acd9f4d5872d76832518e456de135f45a3adf,desarrollo
2655,806cc72871acfd4337c8725c1fc30536a95fffdfc80a0fc3f5bdcf295cf10370,desarrollo
2656,5043ca7f40905348d3a04280637b3e6b1b712786beec2f2cfdded9920797b5c1,holdout
2657,6c5b22e7cf1e03a6a1742793558dab87d649d654ff2f775a9d00a813cb7a2c54,desarrollo
2658,678466790b9661933eeda8601cd0fd91fa7f34df2d89d11f99aa3872dbf1bacb,holdout
2659,5d22a7d2de93037b4d8b1eb7f5447e2b17682f6c1696176949a4518fdc402147,desarrollo
2660,3ee2e2946bf97e477c41f302c99720ef49e87359acfba89025fa63a99c1e1df6,desarrollo
2661,7b55bd04a68d439e79f1f26c456bc33d542c2a017c069b683b8be593f9189eee,holdout
2662,c819f74dd33b29fb4c839a5f138e10b27c0b3103863fede7a17712dc22a62e17,desarrollo
2663,7b55bd04a68d439e79f1f26c456bc33d542c2a017c069b683b8be593f9189eee,holdout
2664,365ef7dc4d4134c3a37d75368742ae259a9b4237ad3d9ac0d7e48407b90451a1,desarrollo
2665,58edfe68ddce5d1c83dca1d1fb59451d65e83b3e34a7ee828117bbd12d3848ff,desarrollo
2666,bcd975845eb27e8ba8cd1a9b95185a7daf57fc2cd7dc71ae5033ed9c9f7dadc9,desarrollo
2667,99c97ca9380626a8c60a008895c4c0e2311f79273417d11a08a79c61f2083d0a,desarrollo
2668,0d9519209fa5b449da21cc59131c51ad621f3dc356c235ad1d9298573f9100a3,desarrollo
2669,320c0be7b89d87a51b902b1fbee04a90e57a7285858318b052af8cce5da11853,desarrollo
2670,860c1a174abd7eb5f593d6a5c4908b3acab7cc8d82c069d77a5879ff9822d1f0,desarrollo
2671,56ff6c90147b8cd8d9085fb06603bc85448e2c1c029dbbe1a3b43e33fb84c8e5,desarrollo
2672,860c1a174abd7eb5f593d6a5c4908b3acab7cc8d82c069d77a5879ff9822d1f0,desarrollo
2673,4a7ccdd00eae8d27107b5d5f37376c244b3f485e6bfa3b7c402b2d01707d0bbd,desarrollo
2674,e8c84092a5b08607c5f9fb7b107df39e6043d0fd0ca01ac159e585c0bee162b9,desarrollo
2675,6763878c1a77fe2faf99b8c68eac493bc8d4a7498c3eaf751fa9c211cc0383b3,desarrollo
2676,d243e893767623b3b994f894b41af0212dcd5c043eca20eb69ee0064409a9d85,desarrollo
2677,8c252bbdb814a2adaa88c2844ec81db6b26328844f4af384db5d60b6e9e14121,desarrollo
2678,e80be499b502c23f810a8d8e79f1d3e61bdf5cc4734148a9ea95172295ba46dd,desarrollo
2679,a9515037790d8a6d6506adc645464a663b4d2e17e59fab807148ccc28da3e353,desarrollo
2680,9a51cd01da06708e9299508042f91b6d85c8e52a7f1f034642ef596e0689817d,desarrollo
2681,0ed106aa822d3ffb8aa539495ac9ca8705b2ae47253dc01433d8bcd17e33d112,holdout
2682,1fdcd9ed87035c53b4b2f9e71a5aafd9e04ea9d9118ae84e5d97d6b07e885dc0,desarrollo
2683,f637c788e3ea03046079b5d0d8ee30a28bb9898509162c83196c8a41fc1a8b93,desarrollo
2684,2648e491be8f6eaa82d227753f12860e4df6c7db8ca945eef513822830b7b469,desarrollo
2685,ab2fd00099c598f5d69c502f8d0ddbb7b72ac5ec84900ef8c1bcd05b859dd94e,desarrollo
2686,a9515037790d8a6d6506adc645464a663b4d2e17e59fab807148ccc28da3e353,desarrollo
2687,0e7c749bedb5597fbdfb70951518d344c6e49c4205a711c93ce664ac092a75c4,desarrollo
2688,fa715fbd9a78c5c8b6755bab81185341aa9792619cc3b425f222c8f5138503e3,desarrollo
2689,3eabffe47f3c1c114c7ec2780eaf525c1183c14b9fdd9e0ceb728325e788516a,desarrollo
2690,b2f825271424db6945effe4414df2fdaee7506d04e38c91121ee8ffa28188d1b,desarrollo
2691,42781faa771797f558e1505aa46dd0b3083f01520999a96f6d6e7b526a81b191,desarrollo
2692,7acf6beafcad58faf0017926117c6018a23ee6d3f5340dd33fd3d7582f0fca96,holdout
2693,628c37e71bb5bb3279e6e37171eb16246165266d4e1dc0e34583476829fd8998,holdout
2694,5655f11604f2ce37dea35ab0a2dc4f4aa5975955ca767acc298fc6a319029c7f,holdout
2695,fa715fbd9a78c5c8b6755bab81185341aa9792619cc3b425f222c8f5138503e3,desarrollo
2696,209c8682daa96e8501d1541ecdf550579b5767a352c0f2faeddaa21eb15ffe17,holdout
2697,b411bf6bbbda7ef12fb808fa9f2e325c0f03c2aa1109a5cd77f5e360b3ef67f2,desarrollo
2698,bad6d214e04ae118e67a586be30149d735d88205dd18811d4e8737619aacb07a,desarrollo
2699,b411bf6bbbda7ef12fb808fa9f2e325c0f03c2aa1109a5cd77f5e360b3ef67f2,desarrollo
2700,7c6ee27ac735d6fdfa51b143a30cd0f05bdd57241738a8faf39f547a001dd4b0,holdout
2701,74de38a5b16fee6eee4418c2d99406ad8cf516c5e24d959b10e64e4243570235,desarrollo
2702,0e3deee2aebd8245ab8fde38c9e0653ab2d9fab06f6ed6bbc88ac609994c3361,desarrollo
2703,89e656972377d8ea03f03db978a9df1137329096201145807a5a35df2667bd36,desarrollo
2704,ea9d93dd681e4734b4e9b4d8667821c41825185d7ef6a746ee294fc78446e0f2,desarrollo
2705,bbbb9816124d7b0a28ff637f62fbbd9a079dd001d888024696be3c555ece906a,holdout
2706,5d9f29b21356410745b54144b4d9575e4a5448acc3eed91b42d708c3f0558adf,desarrollo
2707,56b39727a69b333afbfbe8112f9eaf89c31d10cf03f7c3e403606390277fd54d,desarrollo
2708,eedafe38b8339ff5f09888fba1766020cb20dd7f4bc1afbf45ac9f99b7d54f68,holdout
2709,240b1a172150e9b32fa5dd49bdb518b92ac7f00ea6d09010b872816a9520fda3,desarrollo
2710,6403a0d1754cb767ae6a6de245a0bd423338839a4a19381cf127a0068510e5cc,desarrollo
2711,f19bde0bb3ea3186647606abb2ab0988b9ecd604e4e449db0879b9bd422554f6,desarrollo
2712,5d9f29b21356410745b54144b4d9575e4a5448acc3eed91b42d708c3f0558adf,desarrollo
2713,eb67d53f56defa80954c121c82b3f8907cb0aacb71b04892c3e01fd58760ae14,desarrollo
2714,151d51c30582cf69520b7ad1856ed133791cceaff8ea29afe0d31e1d7f35911d,desarrollo
2715,c0256b86a7235a06e8a6d25aef009a68528e924175f2022f27e0e6a80fbad5bd,desarrollo
2716,a9fa6311776fc848f4547327d68f2adb1cd193e15e1d29be8ae014300a0e5b03,desarrollo
2717,6782fc9084367bda514bea57d0127d6fd5afe7044ce969105c5e249678a2b7fa,desarrollo
2718,db566bd1db7a9cd3a148f3f7bd18ffc73981e47519d26a2b0868c79b3b9cf142,holdout
2719,c0256b86a7235a06e8a6d25aef009a68528e924175f2022f27e0e6a80fbad5bd,desarrollo
2720,50eff17f662ac594915a6b0f47a78b4deff693e6a6ceedab17b0ab79b07aa691,holdout
2721,3e3044ec769ab241812cf990970baf5c894cedd02983a79cfb113e94a229eb65,desarrollo
2722,e828fcedd25e4a385cf84b26d51c8be5d2ee13fd3177209293d459c7f76a333f,desarrollo
2723,c0278b1ff9ad4b291be27e6778c27bf101c9fa14199955f4d1768238a06e5596,desarrollo
2724,66defbcbdd3ed8a7a1af14af9205a2d1fa0eb93f58f801746a4963c1ad286237,desarrollo
2725,c8f812b01d524489c1e1d2a3ecc95fc297bc931c9f2a90a6de91603c98c6a35b,desarrollo
2726,933d8981af9de9f5623d708910d0a1d76ec0260483ca47f13da067f808deeca4,desarrollo
2727,ea8ed165454a4d8bfe49408cdc5f75c376f74e1cd7049118759664d387b7ad79,desarrollo
2728,66defbcbdd3ed8a7a1af14af9205a2d1fa0eb93f58f801746a4963c1ad286237,desarrollo
2729,10ff5f22998d913832687d553234eb64dae5b3d5e798ced16f4dd4b23e6e5db9,desarrollo
2730,3169d86f4fbd46b51bb6023199e58551e566fb3cae0fbdb20baebbf4d783b21e,desarrollo
2731,ceeb8126adc35dd6a14870f0539f6e6207edd32f43b705e016cb044321bb73ae,desarrollo
2732,498a52b76443403a31fd7957dce1326c8172e2050a4181b49bb8dee74ff3f92c,desarrollo
2733,1ff5fd025af07dad200f394588def714344ec7896db89755dc2819debdbf7b12,holdout
2734,1ff5fd025af07dad200f394588def714344ec7896db89755dc2819debdbf7b12,holdout
2735,8f29225bfe238588c506fcace82397ee34dbd37c270a9cd2c8fc482f2bb2b2c7,desarrollo
2736,8ecb9a32cddde82ec5727abaeafc723cf08ca5b6e196481172ad7582c99966eb,holdout
2737,51239b26d72410e8b8a15825795c48da18cc77a71ec914f2824cc9b7eafce9ab,desarrollo
2738,1f973d315fc57d3f1cb80e4fe12d612a6668a15db33a22b07536721b2cc096bd,desarrollo
2739,062b6a0f5e919c0abcc10e5504800076d5822530e2deb202364bfe417d652bb6,holdout
2740,a0681d99dd011516d417c77e1e05e9bc0d849a145ebf1edd6b7d8db5a6651937,desarrollo
2741,b905dd73cc6a52aad64e4667408537ed183d800f8e5e8ae7a935cf5fe7770a75,desarrollo
2742,dded4bc167c69f2c4996ec0f7399f319217c9b84cf52a2f55bfdf5e6e51005ed,desarrollo
2743,ebcf0644ad1e9d66dfed2dee8f0f457c9e3f8fab57167cd354d535572e137088,holdout
2744,dded4bc167c69f2c4996ec0f7399f319217c9b84cf52a2f55bfdf5e6e51005ed,desarrollo
2745,937d12481d7a71f37cffc1c0c86bcfe506bd7eff7d1ce5bbb55b46d9dde20fa9,desarrollo
2746,aa07b8e4104cc25e186a904aa5a73317eefa5e2797480bb307febf17f20d771a,desarrollo
2747,cf093a1f3f1a59ec403f52e18f191b4a0eaa7497fd2bdb5e436af23391e42ee7,desarrollo
2748,fb19f57c1d24ca683c2d422fa7e5e6879fb28c54e1628026bbcd74c846e2161a,desarrollo
2749,5f3be17060a471780c27087ed4fc16287c3b5f95bffb24d972850adbf5838921,desarrollo
2750,0636113e4b199e55bcca917a87daadd7eff163efb211d3db8cb6e334bb0475dc,desarrollo
2751,4d2a8e47dde60ef039bb2b14d37dd5a3809718fa9be846fd235adf0b7db3cfa4,desarrollo
2752,67d9dde3d9e6e5d0ef08d9cdd8a20d45983dd477e81a1d08bd3525fb46c40d4c,desarrollo
2753,8850b42ffd3f10a9b8bee67912db56513298faa5ad4c6af9ede975bf2f4d247b,desarrollo
2754,58053b2f53df8a2297f9cf7ee7759835fd2599b17ab0865999844ed70fc5ecbb,holdout
2755,9c6631746f44b28557308a4bf8654c4422f02ead41f2cdf7f5dd5e30399c22cf,desarrollo
2756,76e864f9a32659e3e93f7241fd430d752983d54ae0c56ae69f368e3cc3f4aaca,desarrollo
2757,b4e610f90434b547aa07544228d5bd319ab4aa98f9b81104f7f5ff020e64715b,desarrollo
2758,da7af40d4b9e9a2dd3be6eafd3d02d8463c8ab99dde8c58c8d506093e85a59c5,desarrollo
2759,94fe7abacc5441d03284eb4e13d9fa30a44063971c88125686178c8a78eed0d5,desarrollo
2760,5aedd6f57c5912e7ebda3156d9b4169cbc8ba544212a8873674f4960a9c09c13,desarrollo
2761,ca969cfbdda1fa9c345738d40946abf2c49a697c376da1d74d1b74522c2185ac,desarrollo
2762,efa7b4c11d0e8ebf193583efd3f05317055372cdaf76e92a7d066c10bb96881f,holdout
2763,6ef60414397528caa57cd76d46fdc8ab6c65c83e2fdefef5935f79dc709d9e48,desarrollo
2764,8568dc0ed878dcd1d65c97fe1b4d91d1088cf0192e049b509481104f663e7ac8,holdout
2765,44d4a8ddb2f98950e55400e8395d206cb6d0c9e3359d069da0e27c1b82b1d7ce,desarrollo
2766,67b0851b0a4e38e7c19624fd50b252572a236aa94b6fec8c323b418064cb1904,desarrollo
2767,ed05e46f0a475a4c2bce0c150aa91f71c3da05b8b07c559fbae4fe94d5d142fc,desarrollo
2768,1e55088ce8ed274cee8eb28025a59d04c13dfd6dac43ee7d4a8254ad49ca6437,holdout
2769,cce4f1a5b82b90cbab1b7f50970e07a00cc8967767d8809d4c7f0cfb14548084,holdout
2770,12f5118a24e8a06496c162f7166373faae03eda4a2886fe28196d9ea99c1b191,desarrollo
2771,3b15c1118edf577166d14c1f6eb6fcc68f0d3697f9115755b68b7adeabc90c87,holdout
2772,4d099e5e1e3018e034bc3b2cbd583b2937e12c94ae6276ae5c189aa7724e372a,holdout
2773,25dd92d30b6257a76b789475d7d5a57dba87e999368bdfc39c152ce2b40413c5,desarrollo
2774,e6c659fce6a043c3c39d210b59fd91b7343cbe6f27b3e69d949e1cba3bade376,holdout
2775,9f0ddf640b6f41b254dce99e7f9b7f56dc8d953f7e18d7b80720397b0935e8cc,desarrollo
2776,e81a45c4e91e39688e73b55dd14441c8a3e06edfef8e3aba762da4e0488120de,desarrollo
2777,a450a605857d4332edb193a5e970a210b53c06b8f9a3161fec5d41d675af1d7f,desarrollo
2778,2df58b31745330042627762f1024c566a8c62dda42cec884010c8fe39c72a043,desarrollo
2779,e7553b3ee59060966d13c883426b66900c41c89de90c3ade79413f4d52b04d16,desarrollo
2780,a6411e95b6ab212dbf3611e2a816528ca2bb55dbef13f3e6d598ed2cfff9efb4,desarrollo
2781,e5dbf472745ebf5aecbb28eb213c112703e09a65c653be2e589a762716f5b24a,holdout
2782,78b0e358b5864acd49cd3ed653339ccfee22390297180a8c01420be6a4225897,holdout
2783,e5a7a352a694318f2d892f0c825873ae7f407de3124bab5e38d137a9d2e44f50,desarrollo
2784,3a7547e5283fd4fb1ce1d5f6aef810bd67d736087c3df8ca71eeb7e848156975,desarrollo
2785,2fd4fecb6073261ab29032d1994c57d8148250569949ed5631ae5e51f290fba8,holdout
2786,f9a8b37ad8d9557b409a3ec60efa02e8b7bb57da9148f7dc1dffb7ea5ef39b60,desarrollo
2787,4bf9d3ede82337107b0766c745efb097bef3c83c9b1a58609241a90418b19cd2,desarrollo
2788,0e6c4a23049249851cb6197d2ca745c3b46f80ed374c583877f473304289a7eb,desarrollo
2789,ced296a089c16ff4b0cb9cc835519fb9109cda8142882095c37d37219682bb90,desarrollo
2790,db1f87b7ade9631fa4425c287f815a78c65054ddab82bd7b2000a93ae86694e6,holdout
2791,cf3c9d4e3e8c7d525820519790be37c797379c25542534198cc2c597de2cb012,desarrollo
2792,c8a3efd8c8b39e380309315bc910af2ce3e71dc279acfe7bfe56bdf16512e22d,desarrollo
2793,1f47475665cb1331743c18820c87d8d9aeae3eed0fdc10b636811453987fdd3e,desarrollo
2794,122d14eb14c73ee164aba941598ff09384115178acf00b15cc0668b764098c08,desarrollo
2795,e2442c3072452cbd0adaed1ed79ffd8d46630e2d342ba57ea28756bc6e675af0,desarrollo
2796,00ea4cf8659c3837a40042d67fbf86693d325ad1423091594fd09eb9848d2384,desarrollo
2797,1f916bbf8852d2b9099930ddb042b77814ef29a81b248200325e46caf96342bc,desarrollo
2798,67a96080c917f862df75c265abb943c34d48f77b885eb1b2ddff95adcc140ff5,holdout
2799,59b98fb7f1ae5054788be123b544441f9d784028cc031ad5c5538d59a2ebdd8c,holdout
2800,ced1d9df732a0e04693aa6aeee303d3b2e623c74eee01935ad3175e2cd782b0c,desarrollo
2801,53b10cf58e83ecaa01ea22adadc9658985b4c2a45cb703fdab38623d1c357381,desarrollo
2802,fed27d012708cc9ad0eb7ba7d87d12125ffee8b017e1ca0d26d1c38384c3014e,holdout
2803,a3d2536641dc1d94c15e7bf45dbb6f8948a052bcede5f5884b1a05bb4cb57c3e,desarrollo
2804,63d7eea12611383fedc09f349bb14400618aeaf3f9bd7338870939c8c68b306b,desarrollo
2805,0e117dcadc93f88daa61bb1307e2764ce4897f1cccb8d1755a8ebffbd5bb0250,holdout
2806,01c72eb0c310b204d232aa7f6133fc4053712b53ce49b85fea77104053ae0362,desarrollo
2807,96589cff0e92cbf476e16a6de07de1000664f58c6b08d57676fe16f518b1e196,desarrollo
2808,cb58ceb8d04a5508a136c74a56171254a389d968833877c3010d2f8d37378ad9,holdout
2809,46ce8554d0d83ddd673c55bbc88748e09203501f4ebeccd91adf18fe8e8597a8,desarrollo
2810,e557c397451c9ec47ae46c6a09ebb9d99ac387e866383979211d78e4101b5195,desarrollo
2811,29818d09f387fe6ae03a8c00a22f663242f2a8abfc29d1c038d333d406c38db7,desarrollo
2812,77a9ae0ec86d59a3bdf6275c4b28cfb23743a01e67d19182176998a8e5b0ab3c,desarrollo
2813,cc686a5067cf2628b6da202a6d83244e136f812b6f4f7b58f692a40bb722c1e4,desarrollo
2814,e1ffa4682ac08661b76c4786dd9004459dc689c5c9aa8186e8f2e7a03086d76e,desarrollo
2815,2c0a01a5e9fc2d01a9e3cc83fa0483d0edf69a25bdc5c0be5f83221e6721830d,holdout
2816,e3e2fc385afda716817059eabe0da1f6ae7675f80a7935d1a33300665cabae37,holdout
2817,9b628875540811f04993b8ac728fa173dc27b517f49161ef590fa9a01ac44018,desarrollo
2818,ca7322d8a0a26d61fd6a7dfc2e1c20fe16f36efbe72dd975c4900259482fd6cd,holdout
2819,494e94f66d0eb299def38152f36aa4a7d5469d622b2f0bea9de917cbc67694c2,desarrollo
2820,5fb118ee9d6b041fc5b09d7e5ec589827e1e15d7b72b60325f7299e4c4c5e8cc,holdout
2821,a3985d968de52d1c5dfdfd3225032c3c53f5f9807bad0f367d32125926cfef07,desarrollo
2822,00d604f5d283cc39541c8e60992c984017a018bfa6f14f17bc0dbe4726d7ecd5,holdout
2823,661b7eb7f323d5dd229d6852e5ac80fc40e99fe97e6e6ddf6dd789eb85133834,desarrollo
2824,8b99abd009f8134a77c4ff4e45d37ba9af7fe4afd8f48c6e3c561085650a7889,desarrollo
2825,aec433e75056be80dc926593aabcfe6410d751674533c9fd4346bce9774d8f39,desarrollo
2826,8008e61042b6072072d19a51ca3fda6bb219e41633635df93060b2cd9ae05fd0,holdout
2827,b99233187a0f96a103e508b6399e21a92b77c03eba17cc3d4fc3f505bf0073fb,desarrollo
2828,d5b8c956472fa18050df23730f2e9cdc5500c35ee744ec0a5aff5b353aa20a9c,desarrollo
2829,4c291c5072b35d2b00d9fde4eeaeb0cb9c95e46d6b52947bc1b362d48cf0e916,holdout
2830,94b4884322cb5f3f85ab7750ecf0f1dfee187a995d63d37dd95853222ff9a06e,desarrollo
2831,c519a36c4d5a833054e0a74c3d1791b63056b1d71d723b28dd2a6c044409095d,desarrollo
2832,5b4da0cc6dbd6bfc038ffa3913606d691497715d96d90a68ec9f5f8a88424f09,holdout
2833,c7b9a6c5cdb73966c15770c0928e82dd470159505286978878857b7a9bc6ed79,desarrollo
2834,9ca028ad5927a16b6ac3ad7357e95c66b1ffdbe87594f9661a843486530f7243,desarrollo
2835,dc07f755f4ea5e25cf68c6577b2d0643c8bd36091ced87f9b50fcee720c53a43,desarrollo
2836,4822f2481bfda34dd03d35bec05e39ed3626d34efc18edaab4785d50719c8e06,desarrollo
2837,0657435631a9c266b5001061ecb90b0b2d9dfe32c0096e45b0ebbf36f05d65cf,desarrollo
2838,5d57f8f807d34f628bd3ffd98a0b6f22cd6eb6e0d4b4d89e768ff461d3baa63f,desarrollo
2839,75001eabf74e669cd64b1f76f7c489ad224a49089a83fa2738ba49381eabdd96,desarrollo
2840,0bdecc90af8eefc1b4f6c13598781f815bde36f84e13479b15dca33cb28bc542,desarrollo
2841,9bf55ac055f7171340581d77724e63c1e76b9342e9b58c9403a62286aa03f941,holdout
2842,eb282857bdf0f8ee48ac95e20a7382fc9a4ca496a9f71a933d2b2b0d150aa402,desarrollo
2843,76588c0569cc47173ad98726338f2aaf9e4f849c976785c2adf0f20760eee356,holdout
2844,3a6fd56dbd93b0edfd445badcfc28e560eac98461ca0a261c82db946f7cdc318,holdout
2845,4f9fa5be69398ebe5471101f1ed3e41973d74f83cb7a91010a68cc8d3d43d20d,desarrollo
2846,ac3551ed0ba3d9577ef1ba62099ceac99d761bcb159056c38d2f902f9de06737,desarrollo
2847,7a60f245ccf63256840e07f8c7d15fa3544cadd37888cbaa80b5c0625f4ba64f,holdout
2848,fd228e5c64d1de785eba7261eab777a88b0e9eaddec00bd5f47a61fc3b13913e,holdout
2849,726b8a77c1984fa87837838796ada0dfae266eae6a5e19937d59bdf890121011,desarrollo
2850,d95a2caeba00a551261d14f0e29aaee4d3837697d62613a096e976a13214b74b,holdout
2851,6d49a572aa79b8264561a75831e1781697ed2c4dc004ee8f24624773579902cb,holdout
2852,a9770b4ded9fc2c4575f0971e36ca38af56f4b6811a356455d5c11d54e8ab68a,desarrollo
2853,128c768db9c429908673b904fdc9dae1e85ecabb52743db8fe7a4b8db6484a82,desarrollo
2854,7a461c3c0e67453efe99eee0d3ab73ac0cb907e9d18c21c518a644b9a5d424be,desarrollo
2855,3893872cee155ff2685cf7aab7576c46f7138d70962777e218243edfafd73c1d,desarrollo
2856,8a50fd436da450b64adb0baa0086a77e4250e05b33b6666438c88c5de59bd259,desarrollo
2857,55703e572bae33af10332a712d88c5d1c93127278eb192f7b8e1d6357b1c95ad,holdout
2858,99b37fd82f647aedb842c7702c8afc73b344275b56f09f34262d574cbc8a1053,desarrollo
2859,19455b066a03432b05a7b299b11814a45b9aa3eac09291a61a4fc99a78a29f1d,desarrollo
2860,e85fd1fd40246fd6da6a974d3c796b0d5f95cabdca8898b74597d43823367db0,desarrollo
